code;nameja;kana
123500;石狩市花川;いしかりしはなかわ
123501;石狩市聚富;いしかりししっぷ
123520;石狩市厚田;いしかりしあつた
123521;石狩市浜益;いしかりしはまます
123522;石狩市花畔;いしかりしばんなぐろ
130320;当別町白樺;とうべつちょうしらかば
130431;新篠津村第４７線;しんしのつむらだいよんじゅうななせん
110100;札幌中央区北２条;さっぽろちゅうおうくきたにじょう
110140;札幌中央区南４条;さっぽろちゅうおうくみなみよじょう
110220;札幌北区太平;さっぽろきたくたいへい
110240;札幌北区篠路;さっぽろきたくしのろ
110241;札幌北区新琴似;さっぽろきたくしんことに
110341;札幌東区元町;さっぽろひがしくもとまち
110441;札幌白石区北郷;さっぽろしろいしくきたごう
110540;札幌豊平区月寒東;さっぽろとよひらくつきさむひがし
110621;札幌南区定山渓温泉;さっぽろみなみくじょうざんけいおんせん
110642;札幌南区川沿;さっぽろみなみくかわぞえ
110643;札幌南区石山;さっぽろみなみくいしやま
110740;札幌西区琴似;さっぽろにしくことに
110840;札幌厚別区もみじ台;さっぽろあつべつくもみじだい
110940;札幌手稲区前田;さっぽろていねくまえだ
121700;江別市高砂町;えべつしたかさごちょう
121720;江別市緑町;えべつしみどりまち
111040;札幌清田区平岡;さっぽろきよたくひらおか
122400;千歳市北栄;ちとせしほくえい
122401;新千歳空港;しんちとせくうこう
122420;千歳市若草;ちとせしわかくさ
122421;千歳市支笏湖温泉;ちとせししこつこおんせん
123100;恵庭市漁平;えにわしいざりだいら
123130;恵庭市京町;えにわしきょうまち
123421;北広島市中の沢;きたひろしましなかのさわ
134601;八雲町上の湯;やくもちょうかみのゆ
134620;八雲町住初町;やくもちょうすみぞめちょう
134621;八雲町熊石雲石町;やくもちょうくまいしうんせきちょう
134720;長万部町平里;おしゃまんべちょうひらさと
120201;函館市尾札部町;はこだてしおさつべちょう
120202;函館市美原;はこだてしみはら
120220;函館市大森町;はこだてしおおもりちょう
120221;函館市泊町;はこだてしとまりまち
120222;函館市新浜町;はこだてししんはまちょう
120223;函館市川汲町;はこだてしかっくみちょう
120231;函館市日ノ浜町;はこだてしひのはまちょう
133701;七飯町桜町;ななえちょうさくらまち
133720;七飯町本町;ななえちょうほんちょう
134320;鹿部町宮浜;しかべちょうみやはま
134503;渡島森町御幸町;おしまもりまちみゆきちょう
134520;渡島森町上台町;おしまもりまちうわだいちょう
134531;渡島森町砂原;おしまもりまちさわら
123632;渡島北斗市中央;おしまほくとしちゅうおう
123633;渡島北斗市本町;おしまほくとしほんちょう
133100;渡島松前町福山;おしままつまえちょうふくやま
133101;渡島松前町清部;おしままつまえちょうきよべ
133220;福島町福島;ふくしまちょうふくしま
133300;知内町小谷石;しりうちちょうこたにいし
133331;知内町重内;しりうちちょうおもない
133421;木古内町木古内;きこないちょうきこない
136101;檜山江差町姥神;ひやまえさしちょううばがみ
136120;檜山江差町中歌町;ひやまえさしちょうなかうたちょう
136220;上ノ国町湯ノ岱;かみのくにちょうゆのたい
136221;上ノ国町小砂子;かみのくにちょうちいさご
136231;上ノ国町大留;かみのくにちょうおおどめ
136320;厚沢部町木間内;あっさぶちょうきまない
136331;厚沢部町新町;あっさぶちょうしんまち
136431;乙部町緑町;おとべちょうみどりまち
137020;今金町今金;いまかねちょういまかね
137100;せたな町北檜山区豊岡;せたなちょうきたひやまくとよおか
137120;せたな町大成区都;せたなちょうたいせいくみやこ
137121;せたな町瀬棚区本町;せたなちょうせたなくほんちょう
137122;せたな町瀬棚区北島歌;せたなちょうせたなくきたしまうた
137131;せたな町北檜山区徳島;せたなちょうきたひやまくとくしま
120300;小樽市勝納町;おたるしかつないちょう
120320;小樽市花園町;おたるしはなぞのちょう
140500;積丹町日司町;しゃこたんちょうひづかちょう
140520;積丹町美国町;しゃこたんちょうびくにちょう
140521;積丹町余別町;しゃこたんちょうよべつちょう
140632;古平町浜町;ふるびらちょうはまちょう
140731;仁木町西町;にきちょうにしまち
140800;余市町朝日町;よいちちょうあさひちょう
140820;余市町浜中町;よいちちょうはまなかちょう
140920;赤井川村赤井川;あかいがわむらあかいがわ
139520;ニセコ町中央通;にせこちょうちゅうおうどおり
139632;真狩村真狩;まっかりむらまっかり
139731;留寿都村留寿都;るすつむらるすつ
139820;喜茂別町喜茂別;きもべつちょうきもべつ
139931;京極町京極;きょうごくちょうきょうごく
140000;倶知安町南１条;くっちゃんちょうみなみいちじょう
140020;倶知安町北４条;くっちゃんちょうきたよじょう
139100;島牧村江ノ島;しままきむらえのしま
139120;島牧村泊;しままきむらとまり
139201;寿都町新栄;すっつちょうしんえい
139220;寿都町渡島;すっつちょうとしま
139321;黒松内町黒松内;くろまつないちょうくろまつない
139420;蘭越町蘭越;らんこしちょうらんこし
140131;共和町南幌似;きょうわちょうみなみほろに
140201;岩内町高台;いわないちょうたかだい
140220;岩内町清住;いわないちょうきよずみ
140331;泊村茅沼村;とまりむらかやぬまむら
140420;神恵内村神恵内;かもえないむらかもえない
136701;奥尻町松江;おくしりちょうまつえ
136732;奥尻町奥尻;おくしりちょうおくしり
122820;深川市１条;ふかがわしいちじょう
143331;妹背牛町妹背牛;もせうしちょうもせうし
143431;秩父別町役場;ちっぷべつちょうやくば
143700;北竜町竜西;ほくりゅうちょうりゅうさい
143731;北竜町和;ほくりゅうちょうやわら
143820;沼田町沼田;ぬまたちょうぬまた
121600;芦別市旭町;あしべつしあさひちょう
121620;芦別市北２条;あしべつしきたにじょう
121831;赤平市泉町;あかびらしいずみまち
122500;滝川市大町;たきかわしおおまち
122520;滝川市新町;たきかわししんまち
122632;砂川市西７条;すながわしにしななじょう
122731;歌志内市本町;うたしないしほんちょう
142432;奈井江町奈井江;ないえちょうないえ
142532;上砂川町上砂川;かみすながわちょうかみすながわ
143130;浦臼町ウラウスナイ;うらうすちょううらうすない
143232;新十津川町中央;しんとつかわちょうちゅうおう
143632;雨竜町フシコウリウ;うりゅうちょうふしこうりう
120900;夕張市若菜;ゆうばりしわかな
121000;岩見沢市５条;いわみざわしごじょう
121021;岩見沢市鳩が丘;いわみざわしはとがおか
121032;岩見沢市北村赤川;いわみざわしきたむらあかがわ
121034;岩見沢市栗沢町東本町;いわみざわしくりさわちょうひがしほんちょう
121501;美唄市西５条;びばいしにしごじょう
121520;美唄市西３条;びばいしにしさんじょう
122231;三笠市幸町;みかさしさいわいちょう
142331;南幌町栄町;なんぽろちょうさかえまち
142720;由仁町新光;ゆにちょうしんこう
142831;長沼町中央;ながぬまちょうちゅうおう
142931;栗山町松風;くりやまちょうまつかぜ
143020;月形町円山公園;つきがたちょうまるやまこうえん
122001;士別市朝日町;しべつしあさひちょう
122002;士別市東６条;しべつしひがしろくじょう
122021;士別市東３条;しべつしひがしさんじょう
122100;名寄市大通;なよろしおおどおり
122120;名寄市西５条;なよろしにしごじょう
122131;名寄市風連町;なよろしふうれんちょう
146420;和寒町西町;わっさむちょうにしまち
146531;剣淵町仲町;けんぶちちょうなかまち
146820;下川町北町;しもかわちょうきたまち
146920;美深町西町;びふかちょうにしまち
146921;美深町仁宇布;びふかちょうにうぷ
147020;音威子府村音威子府;おといねっぷむらおといねっぷ
147120;上川中川町中川;かみかわなかがわちょうなかがわ
147220;幌加内町平和;ほろかないちょうへいわ
147221;幌加内町朱鞠内;ほろかないちょうしゅまりない
120401;旭川市宮前１条;あさひかわしみやまえいちじょう
120420;旭川市７条;あさひかわしななじょう
145231;鷹栖町南１条;たかすちょうみなみいちじょう
145332;東神楽町南１条;ひがしかぐらちょうみなみいちじょう
145431;当麻町３条;とうまちょうさんじょう
145531;比布町北町;ぴっぷちょうきたまち
145620;愛別町南町;あいべつちょうみなみまち
145701;上川地方上川町越路;かみかわちほうかみかわちょうこしじ
145720;上川地方上川町花園町;かみかわちほうかみかわちょうはなぞのちょう
145721;上川地方上川町清川;かみかわちほうかみかわちょうきよかわ
145830;東川町東町;ひがしかわちょうひがしまち
145920;美瑛町本町;びえいちょうもとまち
145921;美瑛町忠別;びえいちょうちゅうべつ
122900;富良野市若松町;ふらのしわかまつちょう
122920;富良野市末広町;ふらのしすえひろちょう
146000;上富良野町大町;かみふらのちょうおおまち
146131;中富良野町本町;なかふらのちょうもとまち
146200;南富良野町幾寅;みなみふらのちょういくとら
146220;南富良野町役場;みなみふらのちょうやくば
146320;占冠村中央;しむかっぷむらちゅうおう
148331;苫前町旭;とままえちょうあさひ
148400;羽幌町南３条;はぼろちょうみなみさんじょう
148401;羽幌町焼尻;はぼろちょうやぎしり
148420;羽幌町南町;はぼろちょうみなみまち
148500;初山別村有明;しょさんべつむらありあけ
148520;初山別村初山別;しょさんべつむらしょさんべつ
148620;遠別町本町;えんべつちょうほんちょう
148720;天塩町川口;てしおちょうかわぐち
121201;留萌市大町;るもいしおおまち
121220;留萌市幸町;るもいしさいわいちょう
148120;増毛町見晴町;ましけちょうみはらしちょう
148121;増毛町岩尾;ましけちょういわお
148220;小平町鬼鹿;おびらちょうおにしか
148221;小平町達布;おびらちょうたっぷ
121401;稚内市恵北;わっかないしけいほく
121402;稚内市開運;わっかないしかいうん
121420;稚内市中央;わっかないしちゅうおう
121421;稚内市宗谷岬;わっかないしそうやみさき
121423;稚内市沼川;わっかないしぬまかわ
151121;猿払村浅茅野;さるふつむらあさじの
151122;猿払村浜鬼志別;さるふつむらはまおにしべつ
151620;豊富町西６条;とよとみちょうにしろくじょう
152031;幌延町宮園町;ほろのべちょうみやぞのまち
151220;浜頓別町クッチャロ;はまとんべつちょうくっちゃろ
151320;中頓別町中頓別;なかとんべつちょうなかとんべつ
151401;宗谷枝幸町岬町;そうやえさしちょうみさきちょう
151403;宗谷枝幸町本町;そうやえさしちょうほんちょう
151420;宗谷枝幸町栄町;そうやえさしちょうさかえちょう
151421;宗谷枝幸町歌登東町;そうやえさしちょううたのぼりひがしまち
151422;宗谷枝幸町風烈布;そうやえさしちょうふうれっぷ
151700;礼文町上泊埼;れぶんちょううえどまりさき
151720;礼文町香深;れぶんちょうかふか
151721;礼文町船泊;れぶんちょうふなどまり
151831;利尻町沓形;りしりちょうくつがた
151900;利尻富士町鬼脇;りしりふじちょうおにわき
151920;利尻富士町鴛泊;りしりふじちょうおしどまり
121100;網走市台町;あばしりしだいまち
121121;網走市北２条;あばしりしきたにじょう
154301;美幌町東３条;びほろちょうひがしさんじょう
154420;津別町幸町;つべつちょうさいわいまち
154500;斜里町本町;しゃりちょうほんまち
154521;斜里町ウトロ香川;しゃりちょううとろかがわ
154631;清里町羽衣町;きよさとちょうはごろもまち
154721;小清水町小清水;こしみずちょうこしみず
156432;大空町東藻琴;おおぞらちょうひがしもこと
156433;大空町女満別西３条;おおぞらちょうめまんべつにしさんじょう
120800;北見市公園町;きたみしこうえんちょう
120803;北見市常呂町東浜;きたみしところちょうひがしはま
120804;北見市留辺蘂町温根湯温泉;きたみしるべしべちょうおんねゆおんせん
120820;北見市南仲町;きたみしみなみなかまち
120821;北見市常呂町常呂;きたみしところちょうところ
120822;北見市留辺蘂町栄町;きたみしるべしべちょうさかえまち
120823;北見市留辺蘂町富士見;きたみしるべしべちょうふじみ
120831;北見市端野町二区;きたみしたんのちょうにく
154931;訓子府町東町;くんねっぷちょうひがしまち
155020;置戸町拓殖;おけとちょうたくしょく
;佐呂間町西冨;
121901;紋別市南が丘町;もんべつしみなみがおかちょう
121921;紋別市北浜町;もんべつしきたはまちょう
155500;遠軽町丸瀬布金湧山;えんがるちょうまるせっぷきんゆうざん
155520;遠軽町学田;えんがるちょうがくでん
155521;遠軽町白滝;えんがるちょうしらたき
155531;遠軽町生田原;えんがるちょういくたはら
155920;湧別町栄町;ゆうべつちょうさかえまち
155931;湧別町上湧別;ゆうべつちょうかみゆうべつ
156020;滝上町旭町;たきのうえちょうあさひまち
156120;興部町興部;おこっぺちょうおこっぺ
156220;西興部村西興部;にしおこっぺむらにしおこっぺ
156301;雄武町雄武;おうむちょうおうむ
123300;胆振伊達市梅本;いぶりだてしうめもと
123320;胆振伊達市末永町;いぶりだてしすえながちょう
123321;胆振伊達市大滝区本町;いぶりだてしおおたきくほんちょう
157120;豊浦町大岸;とようらちょうおおきし
157520;壮瞥町滝之町;そうべつちょうたきのまち
158432;洞爺湖町栄町;とうやこちょうさかえちょう
158433;洞爺湖町洞爺町;とうやこちょうとうやまち
120501;室蘭市山手町;むろらんしやまてちょう
120520;室蘭市寿町;むろらんしことぶきちょう
121301;苫小牧市末広町;とまこまいしすえひろちょう
121320;苫小牧市旭町;とまこまいしあさひまち
123000;登別市鉱山;のぼりべつしこうざん
123020;登別市桜木町;のぼりべつしさくらぎちょう
157801;白老町竹浦;しらおいちょうたけうら
157820;白老町緑丘;しらおいちょうみどりがおか
158100;厚真町鹿沼;あつまちょうしかぬま
158131;厚真町京町;あつまちょうきょうまち
158520;安平町早来北進;あびらちょうはやきたほくしん
158521;安平町追分柏が丘;あびらちょうおいわけかしわがおか
158620;むかわ町松風;むかわちょうまつかぜ
158621;むかわ町穂別;むかわちょうほべつ
160120;日高地方日高町日高;ひだかちほうひだかちょうひだか
160121;日高地方日高町門別;ひだかちほうひだかちょうもんべつ
160200;平取町仁世宇;びらとりちょうにせう
160220;平取町本町;びらとりちょうほんちょう
160221;平取町振内;びらとりちょうふれない
160431;新冠町北星町;にいかっぷちょうほくせいちょう
161001;新ひだか町静内山手町;しんひだかちょうしずないやまてちょう
161002;新ひだか町静内御園;しんひだかちょうしずないみその
161020;新ひだか町静内御幸町;しんひだかちょうしずないみゆきちょう
161021;新ひだか町三石旭町;しんひだかちょうみついしあさひまち
161022;新ひだか町静内農屋;しんひだかちょうしずないのや
160701;浦河町野深;うらかわちょうのぶか
160702;浦河町潮見;うらかわちょうしおみ
160720;浦河町築地;うらかわちょうつきじ
160820;様似町栄町;さまにちょうさかえまち
160900;えりも町本町;えりもちょうほんちょう
160921;えりも町目黒;えりもちょうめぐろ
160922;えりも町えりも岬;えりもちょうえりもみさき
163320;上士幌町清水谷;かみしほろちょうしみずだに
163331;上士幌町上士幌;かみしほろちょうかみしほろ
163431;鹿追町東町;しかおいちょうひがしまち
163520;新得町２条;しんとくちょうにじょう
163521;新得町トムラウシ;しんとくちょうとむらうし
164700;足寄町上螺湾;あしょろちょうかみらわん
164720;足寄町南１条;あしょろちょうみなみいちじょう
164820;陸別町陸別;りくべつちょうりくべつ
120700;帯広市東４条;おびひろしひがしよじょう
120720;帯広市東６条;おびひろしひがしろくじょう
163131;音更町元町;おとふけちょうもとまち
163220;士幌町士幌;しほろちょうしほろ
163600;十勝清水町南４条;とかちしみずちょうみなみよじょう
163732;芽室町東２条;めむろちょうひがしにじょう
164300;幕別町忠類明和;まくべつちょうちゅうるいめいわ
164333;幕別町忠類錦町;まくべつちょうちゅうるいにしきまち
164334;幕別町本町;まくべつちょうもとまち
164420;十勝池田町西１条;とかちいけだちょうにしいちじょう
164531;豊頃町茂岩本町;とよころちょうもいわほんまち
164600;本別町北２丁目;ほんべつちょうきたにちょうめ
164620;本別町向陽町;ほんべつちょうこうようちょう
164920;浦幌町桜町;うらほろちょうさくらまち
163820;中札内村東２条;なかさつないむらひがしにじょう
163931;更別村更別;さらべつむらさらべつ
164120;十勝大樹町東本通;とかちたいきちょうひがしほんどおり
164121;十勝大樹町生花;とかちたいきちょうせいか
164200;広尾町並木通;ひろおちょうなみきどおり
164201;広尾町白樺通;ひろおちょうしらかばどおり
166501;弟子屈町美里;てしかがちょうみさと
166520;弟子屈町弟子屈;てしかがちょうてしかが
166521;弟子屈町サワンチサップ;てしかがちょうさわんちさっぷ
120601;釧路市幸町;くしろしさいわいちょう
120602;釧路市音別町尺別;くしろしおんべつちょうしゃくべつ
120620;釧路市黒金町;くしろしくろがねちょう
120621;釧路市阿寒町中央;くしろしあかんちょうちゅうおう
120623;釧路市阿寒町阿寒湖温泉;くしろしあかんちょうあかんこおんせん
120641;釧路市音別町中園;くしろしおんべつちょうなかぞの
166131;釧路町別保;くしろちょうべっぽ
166200;厚岸町尾幌;あっけしちょうおぼろ
166220;厚岸町真栄;あっけしちょうしんえい
166300;浜中町湯沸;はまなかちょうとうふつ
166321;浜中町茶内;はまなかちょうちゃない
166420;標茶町川上;しべちゃちょうかわかみ
166421;標茶町塘路;しべちゃちょうとうろ
166720;鶴居村鶴居東;つるいむらつるいひがし
166820;白糠町西１条;しらぬかちょうにしいちじょう
169200;中標津町養老牛;なかしべつちょうようろううし
169220;中標津町丸山;なかしべつちょうまるやま
169300;標津町古多糠;しべつちょうこたぬか
169320;標津町北２条;しべつちょうきたにじょう
169321;標津町薫別;しべつちょうくんべつ
169400;羅臼町春日;らうすちょうかすが
169420;羅臼町緑町;らうすちょうみどりちょう
169421;羅臼町岬町;らうすちょうみさきちょう
169100;別海町常盤;べつかいちょうときわ
169120;別海町西春別;べつかいちょうにししゅんべつ
169122;別海町本別海;べつかいちょうほんべつかい
122300;根室市弥栄;ねむろしやさかえ
122301;根室市豊里;ねむろしとよさと
122320;根室市牧の内;ねむろしまきのうち
122321;根室市厚床;ねむろしあっとこ
122322;根室市落石東;ねむろしおちいしひがし
122323;根室市珸瑤瑁;ねむろしごようまい
220100;青森市花園;あおもりしはなぞの
220120;青森市中央;あおもりしちゅうおう
220130;青森市浪岡;あおもりしなみおか
220500;五所川原市栄町;ごしょがわらしさかえまち
220501;五所川原市太田;ごしょがわらしおおた
220520;五所川原市敷島町;ごしょがわらししきしまちょう
220533;五所川原市相内;ごしょがわらしあいうち
220534;五所川原市金木町;ごしょがわらしかなぎちょう
230100;平内町小湊;ひらないまちこみなと
230120;平内町東田沢;ひらないまちひがしたざわ
230330;今別町今別;いまべつまちいまべつ
230431;蓬田村阿弥陀川;よもぎたむらあみだがわ
238132;板柳町板柳;いたやなぎまちいたやなぎ
238430;鶴田町鶴田;つるたまちつるた
220932;つがる市柏;つがるしかしわ
220936;つがる市森田町;つがるしもりたちょう
220938;つがる市稲垣町;つがるしいながきちょう
220939;つがる市車力町;つがるししゃりきちょう
220940;つがる市木造;つがるしきづくり
230733;外ヶ浜町平舘;そとがはままちたいらだて
230734;外ヶ浜町三厩;そとがはままちみんまや
230735;外ヶ浜町蟹田;そとがはままちかにた
238733;中泊町小泊;なかどまりまちこどまり
238734;中泊町中里;なかどまりまちなかさと
220200;弘前市和田町;ひろさきしわだちょう
220201;弘前市弥生;ひろさきしやよい
220220;弘前市城東中央;ひろさきしじょうとうちゅうおう
220230;弘前市賀田;ひろさきしよした
220232;弘前市五所;ひろさきしごしょ
220430;黒石市市ノ町;くろいししいちのまち
232101;鰺ヶ沢町舞戸町鳴戸;あじがさわまちまいとまちなると
232120;鰺ヶ沢町舞戸町小夜;あじがさわまちまいとまちさよ
232301;深浦町長慶平;ふかうらまちちょうけいだいら
232302;深浦町深浦岡町;ふかうらまちふかうらおかまち
232320;深浦町深浦中沢;ふかうらまちふかうらなかざわ
232332;深浦町岩崎;ふかうらまちいわさき
234331;西目屋村田代;にしめやむらたしろ
236130;藤崎町西豊田;ふじさきまちにしとよだ
236132;藤崎町水木;ふじさきまちみずき
236230;大鰐町大鰐;おおわにまちおおわに
236731;田舎館村田舎館;いなかだてむらいなかだて
221030;平川市猿賀;ひらかわしさるか
221033;平川市碇ヶ関;ひらかわしいかりがせき
221034;平川市柏木町;ひらかわしかしわぎまち
220301;八戸市島守;はちのへししまもり
220302;八戸市湊町;はちのへしみなとまち
220320;八戸市内丸;はちのへしうちまる
220331;八戸市南郷;はちのへしなんごう
220621;十和田市西二番町;とわだしにしにばんちょう
220630;十和田市西十二番町;とわだしにしじゅうにばんちょう
220632;十和田市奥瀬;とわだしおくせ
220731;三沢市桜町;みさわしさくらちょう
240120;野辺地町田狭沢;のへじまちたばさみざわ
240131;野辺地町野辺地;のへじまちのへじ
240200;七戸町北天間舘;しちのへまちきたてんまだて
240231;七戸町森ノ上;しちのへまちもりのかみ
240232;七戸町七戸;しちのへまちしちのへ
240531;六戸町犬落瀬;ろくのへまちいぬおとせ
240620;横浜町林ノ脇;よこはままちはやしのわき
240630;横浜町寺下;よこはままちてらした
240831;東北町上北南;とうほくまちかみきたみなみ
240832;東北町塔ノ沢山;とうほくまちとうのさわやま
241100;六ヶ所村尾駮;ろっかしょむらおぶち
241101;六ヶ所村出戸;ろっかしょむらでと
244131;三戸町在府小路町;さんのへまちざいふこうじまち
244200;五戸町古舘;ごのへまちふるだて
244231;五戸町倉石中市;ごのへまちくらいしなかいち
244331;田子町田子;たっこまちたっこ
244530;青森南部町沖田面;あおもりなんぶちょうおきたおもて
244534;青森南部町苫米地;あおもりなんぶちょうとまべち
244536;青森南部町平;あおもりなんぶちょうたいら
244632;階上町道仏;はしかみちょうどうぶつ
245031;新郷村戸来;しんごうむらへらい
241231;おいらせ町中下田;おいらせちょうなかしもだ
241232;おいらせ町上明堂;おいらせちょうかみあけどう
220800;むつ市金曲;むつしかなまがり
220801;むつ市大畑町奥薬研;むつしおおはたまちおくやげん
220820;むつ市金谷;むつしかなや
220824;むつ市大畑町中島;むつしおおはたまちなかじま
220830;むつ市川内町;むつしかわうちまち
220832;むつ市脇野沢;むつしわきのさわ
242331;大間町大間;おおままちおおま
242400;東通村砂子又蒲谷地;ひがしどおりむらすなごまたがまやち
242420;東通村尻屋;ひがしどおりむらしりや
242422;東通村白糠;ひがしどおりむらしらぬか
242431;東通村砂子又沢内;ひがしどおりむらすなごまたさわうち
242530;風間浦村易国間;かざまうらむらいこくま
242620;佐井村長後;さいむらちょうご
242631;佐井村佐井;さいむらさい
320200;宮古市鍬ヶ崎;みやこしくわがさき
320201;宮古市長沢;みやこしながさわ
320220;宮古市五月町;みやこしさつきちょう
320222;宮古市川井;みやこしかわい
320223;宮古市区界;みやこしくざかい
320224;宮古市田老;みやこしたろう
320230;宮古市茂市;みやこしもいち
320700;久慈市川崎町;くじしかわさきちょう
320701;久慈市枝成沢;くじしえだなりさわ
320720;久慈市長内町;くじしおさないちょう
320731;久慈市山形町;くじしやまがたちょう
348201;山田町八幡町;やまだまちはちまんちょう
348221;山田町大沢;やまだまちおおさわ
348320;岩泉町大川;いわいずみちょうおおかわ
348330;岩泉町岩泉;いわいずみちょういわいずみ
348400;田野畑村田野畑;たのはたむらたのはた
348430;田野畑村役場;たのはたむらやくば
348532;普代村銅屋;ふだいむらどうや
350330;野田村野田;のだむらのだ
350700;岩手洋野町種市;いわてひろのちょうたねいち
350731;岩手洋野町大野;いわてひろのちょうおおの
320300;大船渡市大船渡町;おおふなとしおおふなとちょう
320301;大船渡市猪川町;おおふなとしいかわちょう
320320;大船渡市盛町;おおふなとしさかりちょう
321033;陸前高田市高田町;りくぜんたかたしたかたちょう
321100;釜石市只越町;かまいししただこえちょう
321120;釜石市中妻町;かまいししなかつまちょう
344131;住田町世田米;すみたちょうせたまい
346133;大槌町上町;おおつちちょうかみちょう
320100;盛岡市山王町;もりおかしさんのうちょう
320120;盛岡市馬場町;もりおかしばばちょう
320121;盛岡市薮川;もりおかしやぶかわ
320130;盛岡市渋民;もりおかししぶたみ
321301;二戸市福岡;にのへしふくおか
321321;二戸市石切所;にのへしいしきりどころ
321330;二戸市浄法寺町;にのへしじょうぼうじまち
330101;雫石町千刈田;しずくいしちょうせんがりた
330102;雫石町西根上駒木野;しずくいしちょうにしねかみこまきの
330200;葛巻町葛巻元木;くずまきまちくずまきもとき
330220;葛巻町消防分署;くずまきまちしょうぼうぶんしょ
330231;葛巻町役場;くずまきまちやくば
330330;岩手町五日市;いわてまちいつかいち
352430;一戸町高善寺;いちのへまちこうぜんじ
321400;八幡平市大更;はちまんたいしおおぶけ
321420;八幡平市田頭;はちまんたいしでんどう
321431;八幡平市叺田;はちまんたいしかますだ
321433;八幡平市野駄;はちまんたいしのだ
350131;軽米町軽米;かるまいまちかるまい
350631;九戸村伊保内;くのへむらいぼない
332232;矢巾町南矢幅;やはばちょうみなみやはば
332132;紫波町紫波中央駅前;しわちょうしわちゅうおうえきまえ
321630;滝沢市鵜飼;たきざわしうかい
320500;花巻市大迫町;はなまきしおおはさままち
320520;花巻市石鳥谷町;はなまきしいしどりやちょう
320531;花巻市大迫総合支所;はなまきしおおはさまそうごうししょ
320535;花巻市材木町;はなまきしざいもくちょう
320537;花巻市東和町;はなまきしとうわちょう
320600;北上市柳原町;きたかみしやなぎはらちょう
320621;北上市相去町;きたかみしあいさりちょう
320821;遠野市青笹町;とおのしあおざさちょう
320831;遠野市宮守町;とおのしみやもりちょう
320902;一関市大東町;いちのせきしだいとうちょう
320921;一関市竹山町;いちのせきしたけやまちょう
320935;一関市花泉町;いちのせきしはないずみちょう
320936;一関市千厩町;いちのせきしせんまやちょう
320937;一関市東山町;いちのせきしひがしやまちょう
320938;一関市室根町;いちのせきしむろねちょう
320939;一関市藤沢町;いちのせきしふじさわちょう
320940;一関市川崎町;いちのせきしかわさきちょう
338131;金ケ崎町西根;かねがさきちょうにしね
340231;平泉町平泉;ひらいずみちょうひらいずみ
336620;西和賀町川尻;にしわがまちかわしり
336621;西和賀町沢内川舟;にしわがまちさわうちかわふね
336631;西和賀町沢内太田;にしわがまちさわうちおおた
321500;奥州市水沢大鐘町;おうしゅうしみずさわおおがねちょう
321520;奥州市水沢佐倉河;おうしゅうしみずさわさくらかわ
321530;奥州市江刺;おうしゅうしえさし
321531;奥州市前沢;おうしゅうしまえさわ
321535;奥州市胆沢;おうしゅうしいさわ
321536;奥州市衣川;おうしゅうしころもがわ
420500;気仙沼市赤岩;けせんぬましあかいわ
420501;気仙沼市本吉町西川内;けせんぬましもとよしちょうにしかわうち
420520;気仙沼市笹が陣;けせんぬましささがじん
420530;気仙沼市唐桑町;けせんぬましからくわちょう
420531;気仙沼市本吉町津谷;けせんぬましもとよしちょうつや
444530;宮城加美町中新田;みやぎかみまちなかにいだ
444531;宮城加美町小野田;みやぎかみまちおのだ
444532;宮城加美町宮崎;みやぎかみまちみやざき
444431;色麻町四竈;しかまちょうしかま
450100;涌谷町新町裏;わくやちょうしんまちうら
421300;栗原市栗駒;くりはらしくりこま
421321;栗原市築館;くりはらしつきだて
421334;栗原市鶯沢;くりはらしうぐいすざわ
421337;栗原市花山;くりはらしはなやま
421339;栗原市瀬峰;くりはらしせみね
421340;栗原市志波姫;くりはらししわひめ
421341;栗原市高清水;くりはらしたかしみず
421342;栗原市金成;くりはらしかんなり
421343;栗原市若柳;くりはらしわかやなぎ
421344;栗原市一迫;くりはらしいちはさま
421200;登米市中田町;とめしなかだちょう
421220;登米市東和町;とめしとうわちょう
421222;登米市豊里町;とめしとよさとちょう
421231;登米市登米町;とめしとよままち
421234;登米市南方町;とめしみなみかたまち
421236;登米市迫町;とめしはさまちょう
421237;登米市石越町;とめしいしこしまち
421238;登米市津山町;とめしつやまちょう
421239;登米市米山町;とめしよねやまちょう
460602;南三陸町志津川;みなみさんりくちょうしづがわ
460621;南三陸町歌津;みなみさんりくちょううたつ
450530;宮城美里町北浦;みやぎみさとまちきたうら
450531;宮城美里町木間塚;みやぎみさとまちきまつか
421500;大崎市古川三日町;おおさきしふるかわみっかまち
421501;大崎市古川大崎;おおさきしふるかわおおさき
421523;大崎市鳴子;おおさきしなるこ
421524;大崎市古川旭;おおさきしふるかわあさひ
421530;大崎市松山;おおさきしまつやま
421531;大崎市三本木;おおさきしさんぼんぎ
421532;大崎市鹿島台;おおさきしかしまだい
421533;大崎市岩出山;おおさきしいわでやま
421535;大崎市田尻;おおさきしたじり
420620;白石市亘理町;しろいししわたりまち
420700;仙台空港;せんだいくうこう
420730;名取市増田;なとりしますだ
420820;角田市角田;かくだしかくだ
421120;岩沼市桜;いわぬましさくら
430130;蔵王町円田;ざおうまちえんだ
430230;七ヶ宿町関;しちかしゅくまちせき
432131;大河原町新南;おおがわらまちしんみなみ
432230;村田町村田;むらたまちむらた
432300;柴田町船岡;しばたまちふなおか
432430;宮城川崎町前川;みやぎかわさきまちまえかわ
434100;丸森町上滝;まるもりまちかみだき
434130;丸森町鳥屋;まるもりまちとりや
436131;亘理町悠里;わたりちょうゆうり
436231;山元町浅生原;やまもとちょうあそうはら
410101;仙台青葉区大倉;せんだいあおばくおおくら
410121;仙台青葉区作並;せんだいあおばくさくなみ
410142;仙台青葉区雨宮;せんだいあおばくあまみや
410143;仙台青葉区落合;せんだいあおばくおちあい
410201;仙台宮城野区五輪;せんだいみやぎのくごりん
410221;仙台宮城野区苦竹;せんだいみやぎのくにがたけ
410341;仙台若林区遠見塚;せんだいわかばやしくとおみづか
410441;仙台太白区山田;せんだいたいはくくやまだ
410541;仙台泉区将監;せんだいいずみくしょうげん
420202;石巻市泉町;いしのまきしいずみちょう
420203;石巻市大瓜;いしのまきしおうり
420225;石巻市鮎川浜;いしのまきしあゆかわはま
420226;石巻市大街道南;いしのまきしおおかいどうみなみ
420227;石巻市北上町;いしのまきしきたかみちょう
420235;石巻市相野谷;いしのまきしあいのや
420237;石巻市前谷地;いしのまきしまえやち
420239;石巻市桃生町;いしのまきしものうちょう
420241;石巻市雄勝町;いしのまきしおがつちょう
420322;塩竈市今宮町;しおがましいまみやちょう
420931;多賀城市中央;たがじょうしちゅうおう
421433;東松島市小野;ひがしまつしましおの
421434;東松島市矢本;ひがしまつしましやもと
440101;松島町高城;まつしままちたかぎ
440431;七ヶ浜町東宮浜;しちがはままちとうぐうはま
440632;利府町利府;りふちょうりふ
442121;大和町吉岡;たいわちょうよしおか
442231;大郷町粕川;おおさとちょうかすかわ
442431;大衡村大衡;おおひらむらおおひら
458134;女川町女川;おながわちょうおながわ
421630;富谷市富谷;とみやしとみや
520200;能代市緑町;のしろしみどりまち
520201;能代市常盤山谷;のしろしときわやまや
520220;能代市追分町;のしろしおいわけまち
520232;能代市上町;のしろしかみまち
520233;能代市二ツ井町上台;のしろしふたついまちうわだい
520601;男鹿市男鹿中;おがしおがなか
520632;男鹿市船川;おがしふながわ
520633;男鹿市角間崎;おがしかくまざき
534631;藤里町藤琴;ふじさとまちふじこと
536100;五城目町西磯ノ目;ごじょうめまちにしいそのめ
536332;八郎潟町大道;はちろうがたまちおおみち
536631;井川町北川尻;いかわまちきたかわしり
536831;大潟村中央;おおがたむらちゅうおう
521130;潟上市昭和大久保;かたがみししょうわおおくぼ
521131;潟上市飯田川下虻川;かたがみしいいたがわしもあぶかわ
521133;潟上市天王;かたがみしてんのう
534820;三種町ことおか中央公園;みたねちょうことおかちゅうおうこうえん
534832;三種町鵜川;みたねちょううかわ
534834;三種町鹿渡;みたねちょうかど
534835;三種町森岳;みたねちょうもりたけ
534920;八峰町八森木戸の沢;はっぽうちょうはちもりきどのさわ
534932;八峰町峰浜目名潟;はっぽうちょうみねはまめながた
520100;秋田市山王;あきたしさんのう
520101;秋田市雄和女米木;あきたしゆうわめめき
520120;秋田市八橋運動公園;あきたしやばせうんどうこうえん
520131;秋田市河辺和田;あきたしかわべわだ
520134;秋田市雄和新波;あきたしゆうわあらわ
521000;由利本荘市石脇;ゆりほんじょうしいしわき
521020;由利本荘市桜小路;ゆりほんじょうしさくらこうじ
521021;由利本荘市鳥海町伏見;ゆりほんじょうしちょうかいまちふしみ
521032;由利本荘市岩城内道川;ゆりほんじょうしいわきうちみちかわ
521034;由利本荘市西目町沼田;ゆりほんじょうしにしめまちぬまた
521035;由利本荘市東由利老方;ゆりほんじょうしひがしゆりおいかた
521038;由利本荘市矢島町矢島町;ゆりほんじょうしやしままちやしままち
521039;由利本荘市岩谷町;ゆりほんじょうしいわやまち
521040;由利本荘市前郷;ゆりほんじょうしまえごう
521430;にかほ市平沢;にかほしひらさわ
521431;にかほ市金浦;にかほしこのうら
521432;にかほ市象潟町浜ノ田;にかほしきさかたまちはまのた
520400;大館市比内町味噌内;おおだてしひないまちみそない
520420;大館市桜町;おおだてしさくらちょう
520431;大館市比内町扇田;おおだてしひないまちおうぎた
520433;大館市早口;おおだてしはやぐち
520931;鹿角市花輪;かづのしはなわ
530320;小坂町小坂砂森;こさかまちこさかすなもり
532730;上小阿仁村小沢田;かみこあにむらこさわだ
521300;北秋田市花園町;きたあきたしはなぞのちょう
521320;北秋田市阿仁水無;きたあきたしあにみずなし
521333;北秋田市米内沢;きたあきたしよないざわ
521334;北秋田市新田目;きたあきたしにいだめ
520301;横手市雄物川町今宿;よこてしおものがわまちいましゅく
520320;横手市安田柳堤地内;よこてしやすだやなぎつつみちない
520330;横手市中央町;よこてしちゅうおうまち
520331;横手市増田町増田;よこてしますだまちますだ
520333;横手市大森町;よこてしおおもりまち
520337;横手市大雄;よこてしたいゆう
520338;横手市山内土渕;よこてしさんないつちぶち
520339;横手市平鹿町浅舞;よこてしひらかまちあさまい
520340;横手市十文字町;よこてしじゅうもんじまち
520700;湯沢市沖鶴;ゆざわしおきつる
520720;湯沢市寺沢;ゆざわしてらさわ
520731;湯沢市川連町;ゆざわしかわつらちょう
520734;湯沢市佐竹町;ゆざわしさたけちょう
520735;湯沢市横堀;ゆざわしよこぼり
520736;湯沢市皆瀬;ゆざわしみなせ
546331;羽後町西馬音内;うごまちにしもない
546420;東成瀬村椿川;ひがしなるせむらつばきかわ
546430;東成瀬村田子内;ひがしなるせむらたごない
543400;秋田美郷町六郷東根;あきたみさとちょうろくごうひがしね
543430;秋田美郷町土崎;あきたみさとちょうつちざき
521220;大仙市協和境唐松岳;だいせんしきょうわさかいからまつだけ
521232;大仙市刈和野;だいせんしかりわの
521233;大仙市北長野;だいせんしきたながの
521235;大仙市南外;だいせんしなんがい
521237;大仙市太田町太田;だいせんしおおたちょうおおた
521238;大仙市大曲花園町;だいせんしおおまがりはなぞのちょう
521239;大仙市高梨;だいせんしたかなし
521240;大仙市神宮寺;だいせんしじんぐうじ
521501;仙北市角館町中菅沢;せんぼくしかくのだてまちなかすがざわ
521520;仙北市西木町上桧木内;せんぼくしにしきちょうかみひのきない
521521;仙北市田沢湖生保内上清水;せんぼくしたざわこおぼないかみしみず
521522;仙北市角館町小勝田;せんぼくしかくのだてまちおがた
521523;仙北市田沢湖田沢;せんぼくしたざわこたざわ
521530;仙北市田沢湖生保内宮ノ後;せんぼくしたざわこおぼないみやのうしろ
521531;仙北市西木町上荒井;せんぼくしにしきちょうかみあらい
620300;鶴岡市馬場町;つるおかしばばちょう
620301;鶴岡市温海川;つるおかしあつみがわ
620320;鶴岡市温海;つるおかしあつみ
620321;鶴岡市道田町;つるおかしみちたまち
620330;鶴岡市藤島;つるおかしふじしま
620332;鶴岡市上山添;つるおかしかみやまぞえ
620334;鶴岡市羽黒町;つるおかしはぐろまち
620335;鶴岡市下名川;つるおかししもながわ
620401;酒田市飛島;さかたしとびしま
620402;酒田市亀ケ崎;さかたしかめがさき
620420;酒田市宮野浦;さかたしみやのうら
620433;酒田市飛鳥;さかたしあすか
620434;酒田市山田;さかたしやまだ
620435;酒田市観音寺;さかたしかんのんじ
620436;酒田市本町;さかたしほんちょう
642631;三川町横山;みかわまちよこやま
646100;遊佐町遊佐;ゆざまちゆざ
646101;遊佐町小原田;ゆざまちおはらだ
646131;遊佐町舞鶴;ゆざまちまいづる
642820;庄内町清川;しょうないまちきよかわ
642830;庄内町狩川;しょうないまちかりかわ
642832;庄内町余目;しょうないまちあまるめ
620500;新庄市東谷地田町;しんじょうしひがしやちたまち
620520;新庄市堀端町;しんじょうしほりばたまち
620531;新庄市住吉町;しんじょうしすみよしまち
636100;山形金山町中田;やまがたかねやままちなかだ
636131;山形金山町金山;やまがたかねやままちかねやま
636231;最上町向町;もがみまちむかいまち
636331;舟形町舟形;ふながたまちふながた
636432;真室川町新町;まむろがわまちあらまち
636520;大蔵村肘折;おおくらむらひじおり
636531;大蔵村清水;おおくらむらしみず
636630;鮭川村佐渡;さけがわむらさど
636730;戸沢村古口;とざわむらふるくち
620100;山形市緑町;やまがたしみどりちょう
620120;山形市薬師町;やまがたしやくしまち
620130;山形市旅篭町;やまがたしはたごまち
620620;寒河江市西根;さがえしにしね
620630;寒河江市中央;さがえしちゅうおう
620730;上山市河崎;かみのやましかわさき
620830;村山市中央;むらやましちゅうおう
621030;天童市老野森;てんどうしおいのもり
621120;東根市中央;ひがしねしちゅうおう
630132;山辺町緑ケ丘;やまのべまちみどりがおか
630231;中山町長崎;なかやままちながさき
632101;河北町西里;かほくちょうにしざと
632132;河北町役場;かほくちょうやくば
632220;西川町大井沢;にしかわまちおおいさわ
632230;西川町海味;にしかわまちかいしゅう
632330;山形朝日町宮宿;やまがたあさひまちみやじゅく
632430;大江町左沢;おおえまちあてらざわ
621220;尾花沢市若葉町;おばなざわしわかばちょう
634131;大石田町緑町;おおいしだまちみどりちょう
620200;米沢市駅前;よねざわしえきまえ
620201;米沢市アルカディア;よねざわしあるかでぃあ
620220;米沢市林泉寺;よねざわしりんせんじ
620231;米沢市金池;よねざわしかないけ
620932;長井市本町;ながいしもとまち
621330;南陽市三間通;なんようしみつまどおり
638131;高畠町高畠;たかはたまちたかはた
638231;山形川西町上小松;やまがたかわにしまちかみこまつ
;山形小国町あけぼの;
640130;山形小国町小国小坂町;やまがたおぐにまちおぐにこさかまち
640200;白鷹町黒鴨;しらたかまちくろがも
640232;白鷹町荒砥;しらたかまちあらと
640320;飯豊町上原;いいでまちうわばら
640330;飯豊町椿;いいでまちつばき
720101;福島市花園町;ふくしましはなぞのちょう
720120;福島市桜木町;ふくしましさくらぎちょう
720131;福島市飯野町;ふくしましいいのまち
720132;福島市五老内町;ふくしましごろううちまち
720300;郡山市朝日;こおりやましあさひ
720320;郡山市開成;こおりやましかいせい
720321;郡山市湖南町;こおりやましこなんまち
720500;白河市郭内;しらかわしかくない
720520;白河市新白河;しらかわししんしらかわ
720532;白河市東;しらかわしひがし
720534;白河市表郷;しらかわしおもてごう
720535;白河市大信;しらかわしたいしん
720536;白河市八幡小路;しらかわしはちまんこうじ
720720;須賀川市八幡山;すかがわしはちまんやま
720731;須賀川市長沼支所;すかがわしながぬまししょ
720735;須賀川市岩瀬支所;すかがわしいわせししょ
720737;須賀川市八幡町;すかがわしはちまんまち
721030;二本松市金色;にほんまつしかないろ
721031;二本松市油井;にほんまつしゆい
721032;二本松市小浜;にほんまつしおばま
721034;二本松市針道;にほんまつしはりみち
730131;桑折町谷地;こおりまちやち
730334;国見町藤田;くにみまちふじた
730832;川俣町五百田;かわまたまちごひゃくだ
732201;大玉村南小屋;おおたまむらみなみごや
732232;大玉村玉井;おおたまむらたまのい
734230;鏡石町不時沼;かがみいしまちふじぬま
734431;天栄村下松本;てんえいむらしもまつもと
734432;天栄村湯本支所;てんえいむらゆもとししょ
746130;西郷村熊倉;にしごうむらくまくら
746431;泉崎村泉崎;いずみざきむらいずみざき
746532;中島村滑津;なかじまむらなめつ
746630;矢吹町一本木;やぶきまちいっぽんぎ
748101;棚倉町棚倉中居野;たなぐらまちたなぐらなかいの
748120;棚倉町棚倉舘ヶ丘;たなぐらまちたなぐらたてがおか
748221;矢祭町戸塚;やまつりまちとつか
748230;矢祭町東舘;やまつりまちひがしたて
748331;塙町塙;はなわまちはなわ
748430;鮫川村赤坂中野;さめがわむらあかさかなかの
750131;石川町長久保;いしかわまちながくぼ
750230;玉川村小高;たまかわむらおたか
750331;平田村永田;ひらたむらながた
750430;浅川町浅川;あさかわまちあさかわ
750500;古殿町松川横川;ふるどのまちまつかわよこかわ
750530;古殿町松川新桑原;ふるどのまちまつかわしんくわばら
752131;三春町大町;みはるまちおおまち
752220;小野町中通;おのまちなかどおり
752230;小野町小野新町;おのまちおのにいまち
721101;田村市船引町;たむらしふねひきまち
721131;田村市大越町;たむらしおおごえまち
721133;田村市常葉町;たむらしときわまち
721134;田村市都路町;たむらしみやこじまち
721135;田村市滝根町;たむらしたきねまち
721331;福島伊達市梁川町;ふくしまだてしやながわまち
721332;福島伊達市保原町;ふくしまだてしほばらまち
721335;福島伊達市月舘町;ふくしまだてしつきだてまち
721336;福島伊達市前川原;ふくしまだてしまえかわら
721333;福島伊達市霊山町;ふくしまだてしりょうぜんまち
721430;本宮市本宮;もとみやしもとみや
721432;本宮市白岩;もとみやししらいわ
720400;いわき市小名浜;いわきしおなはま
720401;いわき市三和町;いわきしみわまち
720420;いわき市平四ツ波;いわきしたいらよつなみ
720421;いわき市錦町;いわきしにしきまち
720433;いわき市平梅本;いわきしたいらうめもと
720932;相馬市中村;そうましなかむら
754120;福島広野町下北迫大谷地原;ふくしまひろのまちしもきたばおおやちはら
754130;福島広野町下北迫苗代替;ふくしまひろのまちしもきたばなわしろがえ
754230;楢葉町北田;ならはまちきただ
754330;富岡町本岡;とみおかまちもとおか
754400;川内村下川内;かわうちむらしもかわうち
754420;川内村上川内小山平;かわうちむらかみかわうちこやまだいら
754430;川内村上川内早渡;かわうちむらかみかわうちはやわた
754520;大熊町野上;おおくままちのがみ
754531;大熊町大川原;おおくままちおおがわら
754633;双葉町長塚;ふたばまちながつか
754700;浪江町幾世橋;なみえまちきよはし
754830;葛尾村落合落合;かつらおむらおちあいおちあい
756132;新地町谷地小屋;しんちまちやちごや
756431;飯舘村伊丹沢;いいたてむらいたみざわ
721200;南相馬市原町区三島町;みなみそうましはらまちくみしまちょう
721201;南相馬市鹿島区栃窪;みなみそうましかしまくとちくぼ
721220;南相馬市原町区高見町;みなみそうましはらまちくたかみちょう
721230;南相馬市原町区本町;みなみそうましはらまちくもとまち
721233;南相馬市鹿島区西町;みなみそうましかしまくにしまち
721235;南相馬市小高区;みなみそうましおだかく
720201;会津若松市材木町;あいづわかまつしざいもくまち
720231;会津若松市北会津町;あいづわかまつしきたあいづまち
720232;会津若松市河東町;あいづわかまつしかわひがしまち
720234;会津若松市東栄町;あいづわかまつしひがしさかえまち
720820;喜多方市松山町;きたかたしまつやままち
720831;喜多方市熱塩加納町;きたかたしあつしおかのうまち
720834;喜多方市高郷町;きたかたしたかさとまち
720835;喜多方市御清水;きたかたしおしみず
720836;喜多方市塩川町;きたかたししおかわまち
720837;喜多方市山都町;きたかたしやまとまち
736220;下郷町高陦;しもごうまちたかしま
736230;下郷町塩生;しもごうまちしおのう
736420;檜枝岐村上河原;ひのえまたむらかみがわら
736432;檜枝岐村下ノ原;ひのえまたむらしものはら
736720;只見町黒谷;ただみまちくろたに
736730;只見町只見;ただみまちただみ
740231;北塩原村北山;きたしおばらむらきたやま
740501;西会津町野沢;にしあいづまちのざわ
740520;西会津町登世島;にしあいづまちとせじま
740731;磐梯町磐梯;ばんだいまちばんだい
740800;猪苗代町城南;いなわしろまちしろみなみ
740821;猪苗代町下園;いなわしろまちしもぞの
742130;会津坂下町市中三番甲;あいづばんげまちいちなかさんばんこう
742232;湯川村清水田;ゆがわむらしみずだ
742300;柳津町大成沢;やないづまちおおなりさわ
742331;柳津町柳津;やないづまちやないづ
744430;三島町宮下;みしままちみやした
744530;福島金山町川口;ふくしまかねやままちかわぐち
744631;福島昭和村下中津川;ふくしましょうわむらしもなかつがわ
744733;会津美里町本郷庁舎;あいづみさとまちほんごうちょうしゃ
744734;会津美里町新鶴庁舎;あいづみさとまちにいつるちょうしゃ
744735;会津美里町高田庁舎;あいづみさとまちたかだちょうしゃ
736801;南会津町田島;みなみあいづまちたじま
736820;南会津町界;みなみあいづまちさかい
736821;南会津町滝原;みなみあいづまちたきはら
736831;南会津町古町;みなみあいづまちふるまち
736832;南会津町山口;みなみあいづまちやまぐち
736833;南会津町松戸原;みなみあいづまちまっとのはら
820101;水戸市金町;みとしかねまち
820121;水戸市千波町;みとしせんばちょう
820132;水戸市内原町;みとしうちはらちょう
820133;水戸市栗崎町;みとしくりさきちょう
820220;日立市助川小学校;ひたちしすけがわしょうがっこう
820232;日立市役所;ひたちしやくしょ
820233;日立市十王町友部;ひたちしじゅうおうちょうともべ
821200;常陸太田市町屋町;ひたちおおたしまちやちょう
821232;常陸太田市町田町;ひたちおおたしまちだちょう
821235;常陸太田市高柿町;ひたちおおたしたかがきちょう
821236;常陸太田市金井町;ひたちおおたしかないちょう
821237;常陸太田市大中町;ひたちおおたしおおなかちょう
821420;高萩市安良川;たかはぎしあらかわ
821432;高萩市本町;たかはぎしほんちょう
821530;北茨城市磯原町;きたいばらきしいそはらちょう
821540;北茨城市中郷町;きたいばらきしなかごうちょう
821620;笠間市石井;かさましいしい
821631;笠間市中央;かさましちゅうおう
821632;笠間市下郷;かさまししもごう
821634;笠間市笠間;かさましかさま
822100;ひたちなか市山ノ上町;ひたちなかしやまのうえちょう
822120;ひたちなか市南神敷台;ひたちなかしみなみかみしきだい
822131;ひたちなか市東石川;ひたちなかしひがしいしかわ
830231;茨城町小堤;いばらきまちおづつみ
830931;大洗町磯浜町;おおあらいまちいそはまちょう
834132;東海村東海;とうかいむらとうかい
836430;大子町池田;だいごまちいけだ
822500;常陸大宮市中富町;ひたちおおみやしなかとみちょう
822521;常陸大宮市北町;ひたちおおみやしきたちょう
822535;常陸大宮市高部;ひたちおおみやしたかぶ
822536;常陸大宮市上小瀬;ひたちおおみやしかみおせ
822537;常陸大宮市山方;ひたちおおみやしやまがた
822538;常陸大宮市野口;ひたちおおみやしのぐち
822630;那珂市福田;なかしふくだ
822631;那珂市瓜連;なかしうりづら
831034;城里町石塚;しろさとまちいしつか
831035;城里町阿波山;しろさとまちあわやま
831037;城里町徳蔵;しろさとまちとくら
823633;小美玉市小川;おみたましおがわ
823634;小美玉市堅倉;おみたましかたくら
823635;小美玉市上玉里;おみたましかみたまり
820301;土浦市常名;つちうらしひたな
820332;土浦市田中;つちうらしたなか
820333;土浦市藤沢;つちうらしふじさわ
820432;茨城古河市仁連;いばらきこがしにれい
820433;茨城古河市長谷町;いばらきこがしはせまち
820434;茨城古河市下大野;いばらきこがししもおおの
820500;石岡市柿岡;いしおかしかきおか
820520;石岡市若宮;いしおかしわかみや
820532;石岡市八郷;いしおかしやさと
820533;石岡市石岡;いしおかしいしおか
820731;結城市中央町;ゆうきしちゅうおうちょう
820831;龍ケ崎市役所;りゅうがさきしやくしょ
821033;下妻市本城町;しもつましもとしろちょう
821034;下妻市鬼怒;しもつましきぬ
821720;取手市寺田;とりでしてらだ
821730;取手市井野;とりでしいの
821731;取手市藤代;とりでしふじしろ
821931;牛久市中央;うしくしちゅうおう
822020;つくば市天王台;つくばしてんのうだい
822032;つくば市研究学園;つくばしけんきゅうがくえん
822033;つくば市小茎;つくばしおぐき
822201;茨城鹿嶋市鉢形;いばらきかしましはちがた
822220;茨城鹿嶋市宮中;いばらきかしましきゅうちゅう
822300;潮来市堀之内;いたこしほりのうち
822331;潮来市辻;いたこしつじ
844230;美浦村受領;みほむらうけりょう
844331;阿見町中央;あみまちちゅうおう
844730;河内町源清田;かわちまちげんせいだ
852131;八千代町菅谷;やちよまちすがや
854230;五霞町小福田;ごかまちこふくだ
854631;境町旭町;さかいまちあさひちょう
822431;守谷市大柏;もりやしおおがしわ
856400;利根町布川;とねまちふかわ
822800;坂東市岩井;ばんどうしいわい
822820;坂東市馬立;ばんどうしまたて
822834;坂東市役所;ばんどうしやくしょ
822835;坂東市山;ばんどうしやま
822920;稲敷市江戸崎甲;いなしきしえどさきこう
822934;稲敷市役所;いなしきしやくしょ
822935;稲敷市伊佐津;いなしきしいさつ
822936;稲敷市結佐;いなしきしけっさ
822937;稲敷市須賀津;いなしきしすかつ
822700;筑西市舟生;ちくせいしふにゅう
822733;筑西市門井;ちくせいしかどい
822734;筑西市海老ヶ島;ちくせいしえびがしま
822735;筑西市二木成;ちくせいしにぎなり
823032;かすみがうら市大和田;かすみがうらしおおわだ
823033;かすみがうら市上土田;かすみがうらしかみつちだ
823230;神栖市溝口;かみすしみぞぐち
823232;神栖市波崎;かみすしはさき
823332;行方市玉造;なめがたしたまつくり
823333;行方市麻生;なめがたしあそう
823334;行方市山田;なめがたしやまだ
823133;桜川市岩瀬;さくらがわしいわせ
823134;桜川市真壁;さくらがわしまかべ
823135;桜川市羽田;さくらがわしはねだ
823400;鉾田市鉾田;ほこたしほこた
823432;鉾田市汲上;ほこたしくみあげ
823433;鉾田市造谷;ほこたしつくりや
821133;常総市新石下;じょうそうししんいしげ
821134;常総市水海道諏訪町;じょうそうしみつかいどうすわまち
823531;つくばみらい市加藤;つくばみらいしかとう
823533;つくばみらい市福田;つくばみらいしふくだ
920601;日光市瀬川;にっこうしせがわ
920602;日光市中宮祠;にっこうしちゅうぐうし
920620;日光市鬼怒川温泉大原;にっこうしきぬがわおんせんおおはら
920621;日光市湯元;にっこうしゆもと
920623;日光市足尾町中才;にっこうしあしおまちなかさい
920624;日光市芹沼;にっこうしせりぬま
920635;日光市足尾町通洞;にっこうしあしおまちつうどう
920636;日光市藤原庁舎;にっこうしふじはらちょうしゃ
920637;日光市御幸町;につこうしごこうまち
920638;日光市黒部;にっこうしくろべ
920639;日光市今市本町;にっこうしいまいちほんちょう
921000;大田原市黒羽田町;おおたわらしくろばねたまち
921033;大田原市本町;おおたわらしほんちょう
921034;大田原市湯津上;おおたわらしゆづかみ
921130;矢板市本町;やいたしほんちょう
938431;塩谷町玉生;しおやまちたまにゅう
940730;那須町寺子;なすまちてらこ
921300;那須塩原市蟇沼;なすしおばらしひきぬま
921320;那須塩原市鍋掛;なすしおばらしなべかけ
921321;那須塩原市中塩原;なすしおばらしなかしおばら
921330;那須塩原市共墾社;なすしおばらしきょうこんしゃ
921331;那須塩原市あたご町;なすしおばらしあたごちょう
921333;那須塩原市塩原庁舎;なすしおばらししおばらちょうしゃ
920100;宇都宮市明保野町;うつのみやしあけぼのちょう
920120;宇都宮市塙田;うつのみやしはなわだ
920130;宇都宮市旭;うつのみやしあさひ
920131;宇都宮市中里町;うつのみやしなかざとちょう
920133;宇都宮市中岡本町;うつのみやしなかおかもとちょう
920231;足利市大正町;あしかがしたいしょうちょう
920300;栃木市旭町;とちぎしあさひちょう
920331;栃木市大平町富田;とちぎしおおひらまちとみだ
920332;栃木市藤岡町藤岡;とちぎしふじおかまちふじおか
920334;栃木市西方町本城;とちぎしにしかたまちほんじょう
920335;栃木市万町;とちぎしよろずちょう
920336;栃木市岩舟町静;とちぎしいわふねまちしずか
920337;栃木市都賀町原宿;とちぎしつがまちはらじゅく
920420;佐野市中町;さのしなかちょう
920434;佐野市葛生東;さのしくずうひがし
920435;佐野市高砂町;さのしたかさごちょう
920436;佐野市田沼町;さのしたぬまちょう
920520;鹿沼市晃望台;かぬましこうぼうだい
920531;鹿沼市口粟野;かぬましくちあわの
920532;鹿沼市今宮町;かぬましいまみやちょう
920820;小山市神鳥谷;おやましひととのや
920831;小山市中央町;おやましちゅうおうちょう
920920;真岡市田町;もおかしたまち
920932;真岡市荒町;もおかしあらまち
920933;真岡市石島;もおかしいしじま
930130;上三川町しらさぎ;かみのかわまちしらさぎ
934200;益子町益子;ましこまちましこ
934321;茂木町北高岡天矢場;もてぎまちきたたかおかてんやば
934330;茂木町茂木;もてぎまちもてぎ
934430;市貝町市塙;いちかいまちいちはな
934531;芳賀町祖母井;はがまちうばがい
936131;壬生町壬生甲;みぶまちみぶこう
936430;野木町丸林;のぎまちまるばやし
938630;高根沢町石末;たかねざわまちいしずえ
921430;栃木さくら市氏家;とちぎさくらしうじいえ
921432;栃木さくら市喜連川;とちぎさくらしきつれがわ
921501;那須烏山市神長;なすからすやましかなが
921530;那須烏山市大金;なすからすやましおおがね
921531;那須烏山市役所;なすからすやましやくしょ
941132;栃木那珂川町馬頭;とちぎなかがわまちばとう
941133;栃木那珂川町小川;とちぎなかがわまちおがわ
921633;下野市田中;しもつけしたなか
921634;下野市笹原;しもつけしささはら
921635;下野市大松山;しもつけしおおまつやま
1020601;沼田市西倉内町;ぬまたしにしくらうちまち
1020602;沼田市尾瀬高等学校;ぬまたしおぜこうとうがっこう
1020620;沼田市下久屋町;ぬまたししもくやまち
1020631;沼田市白沢町;ぬまたししらさわまち
1020634;沼田市利根町;ぬまたしとねまち
1042100;中之条町日影;なかのじょうまちひかげ
1042130;中之条町中之条町;なかのじょうまちなかのじょうまち
1042132;中之条町入山;なかのじょうまちいりやま
1042431;長野原町長野原;ながのはらまちながのはら
1042530;嬬恋村大前;つまごいむらおおまえ
1042620;草津町草津;くさつまちくさつ
1042832;群馬高山村中山;ぐんまたかやまむらなかやま
1044320;片品村鎌田;かたしなむらかまだ
1044432;川場村谷地;かわばむらやち
1044920;みなかみ町鹿野沢;みなかみまちかのさわ
1044930;みなかみ町後閑;みなかみまちごかん
1044931;みなかみ町布施;みなかみまちふせ
1042901;東吾妻町原町;ひがしあがつままちはらまち
1042920;東吾妻町本宿;ひがしあがつままちもとじゅく
1042931;東吾妻町奥田;ひがしあがつままちおくだ
1044832;群馬昭和村糸井;ぐんましょうわむらいとい
1020101;前橋市昭和町;まえばしししょうわまち
1020120;前橋市駒形町;まえばししこまがたまち
1020130;前橋市大手町;まえばししおおてまち
1020131;前橋市堀越町;まえばししほりこしまち
1020133;前橋市粕川町;まえばししかすかわまち
1020134;前橋市富士見町;まえばししふじみまち
1020135;前橋市鼻毛石町;まえばししはなげいしまち
1020230;高崎市高松町;たかさきしたかまつちょう
1020231;高崎市倉渕町;たかさきしくらぶちまち
1020232;高崎市箕郷町;たかさきしみさとまち
1020233;高崎市足門町;たかさきしあしかどまち
1020234;高崎市新町;たかさきししんまち
1020235;高崎市下室田;たかさきししもむろだ
1020236;高崎市吉井町吉井川;たかさきしよしいまちよしいかわ
1020301;桐生市錦町;きりゅうしにしきちょう
1020320;桐生市元宿町;きりゅうしもとじゅくちょう
1020331;桐生市黒保根町;きりゅうしくろほねちょう
1020332;桐生市新里町;きりゅうしにいさとちょう
1020431;伊勢崎市今泉町;いせさきしいまいずみちょう
1020432;伊勢崎市西久保町;いせさきしにしくぼちょう
1020434;伊勢崎市境;いせさきしさかい
1020435;伊勢崎市東町;いせさきしあずまちょう
1020520;太田市西本町;おおたしにしほんちょう
1020530;太田市浜町;おおたしはまちょう
1020531;太田市粕川町;おおたしかすかわちょう
1020532;太田市新田金井町;おおたしにったかないちょう
1020534;太田市大原町;おおたしおおばらちょう
1020721;館林市上三林町;たてばやししかみみばやしちょう
1020730;館林市城町;たてばやしししろまち
1020821;渋川市有馬;しぶかわしありま
1020830;渋川市石原;しぶかわしいしはら
1020831;渋川市北橘町;しぶかわしほっきつまち
1020833;渋川市吹屋;しぶかわしふきや
1020834;渋川市村上;しぶかわしむらかみ
1020836;渋川市赤城町;しぶかわしあかぎまち
1020837;渋川市伊香保町;しぶかわしいかほまち
1020930;藤岡市中栗須;ふじおかしなかくりす
1020932;藤岡市鬼石;ふじおかしおにし
1021000;富岡市七日市;とみおかしなのかいち
1021030;富岡市妙義町;とみおかしみょうぎまち
1021121;安中市松井田町;あんなかしまついだまち
1021130;安中市安中;あんなかしあんなか
1034431;榛東村新井;しんとうむらあらい
1034530;吉岡町下野田;よしおかまちしものだ
1036720;神流町生利;かんなまちしょうり
1036731;神流町神ヶ原;かんなまちかがはら
1036631;群馬上野村川和;ぐんまうえのむらかわわ
1038220;下仁田町下小坂;しもにたまちしもおさか
1038330;群馬南牧村大日向;ぐんまなんもくむらおおひなた
1038430;甘楽町小幡;かんらまちおばた
1046430;玉村町下新田;たまむらまちしもしんでん
1052101;板倉町板倉;いたくらまちいたくら
1052231;群馬明和町新里;ぐんまめいわまちにっさと
1052330;千代田町赤岩;ちよだまちあかいわ
1052430;大泉町日の出;おおいずみまちひので
1052531;邑楽町中野;おうらまちなかの
1021230;みどり市東町;みどりしあずまちょう
1021231;みどり市笠懸町;みどりしかさかけちょう
1021232;みどり市大間々町;みどりしおおままちょう
1120200;熊谷市桜町;くまがやしさくらちょう
1120220;熊谷市宮町;くまがやしみやちょう
1120230;熊谷市大里;くまがやしおおさと
1120231;熊谷市妻沼;くまがやしめぬま
1120232;熊谷市江南;くまがやしこうなん
1120630;行田市本丸;ぎょうだしほんまる
1120631;行田市南河原;ぎょうだしみなみかわら
1121030;加須市三俣;かぞしみつまた
1121031;加須市騎西;かぞしきさい
1121032;加須市北川辺;かぞしきたかわべ
1121033;加須市大利根;かぞしおおとね
1121101;本庄市児玉町;ほんじょうしこだまちょう
1121120;本庄市本庄;ほんじょうしほんじょう
1121220;東松山市市ノ川;ひがしまつやましいちのかわ
1121230;東松山市松葉町;ひがしまつやましまつばちょう
1121630;羽生市東;はにゅうしひがし
1121730;鴻巣市中央;こうのすしちゅうおう
1121733;鴻巣市川里;こうのすしかわさと
1121734;鴻巣市吹上富士見;こうのすしふきあげふじみ
1121834;深谷市花園;ふかやしはなぞの
1121835;深谷市普済寺;ふかやしふさいじ
1121836;深谷市仲町;ふかやしなかちょう
1121837;深谷市菅沼;ふかやしすがぬま
1123200;久喜市下早見;くきししもはやみ
1123220;久喜市青葉;くきしあおば
1123230;久喜市菖蒲;くきししょうぶ
1123231;久喜市栗橋;くきしくりはし
1123232;久喜市鷲宮;くきしわしみや
1134130;滑川町福田;なめがわまちふくだ
1134230;嵐山町杉山;らんざんまちすぎやま
1134320;小川町大塚;おがわまちおおつか
1134730;吉見町下細谷;よしみまちしもほそや
1134800;鳩山町大豆戸;はとやままちまめど
1136930;東秩父村御堂;ひがしちちぶむらみどう
1138130;埼玉美里町木部;さいたまみさとまちきべ
1138333;埼玉神川町植竹;さいたまかみかわまちうえたけ
1138334;埼玉神川町下阿久原;さいたまかみかわまちしもあぐはら
1138530;上里町七本木;かみさとまちしちほんぎ
1140830;寄居町寄居;よりいまちよりい
1134930;ときがわ町桃木;ときがわまちもものき
1134931;ときがわ町玉川;ときがわまちたまがわ
1120100;川越市旭町;かわごえしあさひちょう
1120121;川越市新宿町;かわごえしあらじゅくまち
1120320;川口市中青木分室;かわぐちしなかあおきぶんしつ
1120331;川口市三ツ和;かわぐちしみつわ
1120333;川口市安行領家;かわぐちしあんぎょうりょうけ
1120820;所沢市北有楽町;ところざわしきたゆうらくちょう
1120831;所沢市並木;ところざわしなみき
1120901;飯能市下直竹;はんのうししもなおたけ
1120920;飯能市征矢町;はんのうしそやちょう
1120930;飯能市双柳;はんのうしなみやなぎ
1120931;飯能市名栗;はんのうしなぐり
1121421;春日部市粕壁;かすかべしかすかべ
1121430;春日部市金崎;かすかべしかなさき
1121440;春日部市谷原新田;かすかべしやはらしんでん
1121530;狭山市入間川;さやましいるまがわ
1121931;上尾市本町;あげおしほんちょう
1122132;草加市中央;そうかしちゅうおう
1122231;越谷市越ヶ谷;こしがやしこしがや
1122331;蕨市中央;わらびしちゅうおう
1122431;戸田市上戸田;とだしかみとだ
1122530;入間市豊岡;いるましとよおか
1122730;朝霞市本町;あさかしほんちょう
1122832;志木市中宗岡;しきしなかむねおか
1122930;和光市広沢;わこうしひろさわ
1123031;新座市野火止;にいざしのびとめ
1123132;桶川市泉;おけがわしいずみ
1123331;北本市本町;きたもとしほんちょう
1123431;八潮市中央;やしおしちゅうおう
1123530;富士見市鶴馬;ふじみしつるま
1123731;三郷市中央;みさとしちゅうおう
1123830;蓮田市黒浜;はすだしくろはま
1123930;坂戸市千代田;さかどしちよだ
1124030;幸手市東;さってしひがし
1124130;鶴ヶ島市三ツ木;つるがしましみつぎ
1124230;日高市南平沢;ひだかしみなみひらさわ
1124331;吉川市きよみ野;よしかわしきよみの
1130130;伊奈町中央;いなまちちゅうおう
1132430;埼玉三芳町藤久保;さいたまみよしまちふじくぼ
1132630;毛呂山町中央;もろやままちちゅうおう
1132730;越生町越生;おごせまちおごせ
1134631;川島町下八ツ林;かわじままちしもやつばやし
1144231;宮代町笠原;みやしろまちかさはら
1146430;杉戸町清地;すぎとまちせいじ
1146530;松伏町松伏;まつぶしまちまつぶし
;さいたま西区西大宮;
1110230;さいたま北区宮原;さいたまきたくみやはら
1110320;さいたま大宮区天沼町;さいたまおおみやくあまぬまちょう
1110331;さいたま大宮区大門;さいたまおおみやくだいもん
1110430;さいたま見沼区堀崎;さいたまみぬまくほりさき
1110530;さいたま中央区下落合;さいたまちゅうおうくしもおちあい
1110630;さいたま桜区道場;さいたまさくらくどうじょう
1110700;さいたま浦和区高砂;さいたまうらわくたかさご
1110730;さいたま浦和区常盤;さいたまうらわくときわ
1110831;さいたま南区別所;さいたまみなみくべっしょ
1110930;さいたま緑区中尾;さいたまみどりくなかお
1111031;さいたま岩槻区本丸;さいたまいわつきくほんまる
1124530;ふじみ野市福岡;ふじみのしふくおか
1124532;ふじみ野市大井;ふじみのしおおい
1124630;白岡市千駄野;しらおかしせんだの
1120701;秩父市上町;ちちぶしかみまち
1120720;秩父市近戸町;ちちぶしちかとまち
1120721;秩父市中津川;ちちぶしなかつがわ
1120731;秩父市吉田;ちちぶしよしだ
1120733;秩父市荒川;ちちぶしあらかわ
1120734;秩父市熊木町;ちちぶしくまぎまち
1120735;秩父市大滝;ちちぶしおおたき
1136130;横瀬町横瀬;よこぜまちよこぜ
1136230;皆野町皆野;みなのまちみなの
1136320;長瀞町野上下郷;ながとろまちのがみしもごう
1136330;長瀞町本野上;ながとろまちほんのがみ
1136500;小鹿野町両神薄;おがのまちりょうかみすすき
;小鹿野町両神振興会館;
1136532;小鹿野町小鹿野;おがのまちおがの
1220200;銚子市川口町;ちょうししかわぐちちょう
1220202;銚子市小畑新町;ちょうししこばたけしんまち
1220220;銚子市若宮町;ちょうししわかみやちょう
1221030;茂原市道表;もばらしどうびょう
1221300;東金市東新宿;とうがねしひがししんじゅく
1221320;東金市日吉台;とうがねしひよしだい
1221331;東金市東岩崎;とうがねしひがしいわさき
1221531;旭市南堀之内;あさひしみなみほりのうち
1221532;旭市高生;あさひしたかおい
1221533;旭市萩園;あさひしはぎぞの
1221535;旭市ニ;あさひしに
1234230;神崎町神崎本宿;こうざきまちこうざきほんじゅく
1234700;多古町多古;たこまちたこ
1234931;東庄町笹川;とうのしょうまちささがわ
1240330;九十九里町片貝;くじゅうくりまちかたかい
1240931;芝山町小池;しばやままちこいけ
1242101;一宮町一宮;いちのみやまちいちのみや
1242230;睦沢町下之郷;むつざわまちしものごう
1242330;長生村本郷;ちょうせいむらほんごう
1242431;白子町関;しらこまちせき
1242630;長柄町桜谷;ながらまちさくらや
1242700;長南町総合グラウンド;ちょうなんまちそうごうぐらうんど
1242732;長南町長南;ちょうなんまちちょうなん
1223530;匝瑳市八日市場ハ;そうさしようかいちばは
1223532;匝瑳市今泉;そうさしいまいずみ
1223602;香取市佐原平田;かとりしさわらひらた
1223620;香取市佐原諏訪台;かとりしさわらすわだい
1223630;香取市役所;かとりしやくしょ
1223631;香取市羽根川;かとりしはねかわ
1223632;香取市仁良;かとりしにら
1223633;香取市岩部;かとりしいわべ
1241030;横芝光町宮川;よこしばひかりまちみやがわ
1241032;横芝光町栗山;よこしばひかりまちくりやま
1223700;山武市松尾町富士見台;さんむしまつおまちふじみだい
1223721;山武市蓮沼ニ;さんむしはすぬまに
1223734;山武市埴谷;さんむしはにや
1223735;山武市殿台;さんむしとのだい
1223736;山武市蓮沼ハ;さんむしはすぬまは
1223737;山武市松尾町五反田;さんむしまつおまちごたんだ
1223930;大網白里市大網;おおあみしらさとしおおあみ
1210101;千葉中央区中央港;ちばちゅうおうくちゅうおうこう
1210240;千葉花見川区花島町;ちばはなみがわくはなしまちょう
1210340;千葉稲毛区園生町;ちばいなげくそんのうちょう
1210420;千葉若葉区野呂町;ちばわかばくのろちょう
1210440;千葉若葉区小倉台;ちばわかばくおぐらだい
1210540;千葉緑区おゆみ野;ちばみどりくおゆみの
1210600;千葉美浜区ひび野;ちばみはまくひびの
1210620;千葉美浜区稲毛海岸;ちばみはまくいなげかいがん
1220320;市川市大町;いちかわしおおまち
1220321;市川市本行徳;いちかわしほんぎょうとく
1220332;市川市八幡;いちかわしやわた
1220431;船橋市湊町;ふなばししみなとちょう
1220731;松戸市根本;まつどしねもと
1220740;松戸市西馬橋;まつどしにしまばし
1220832;野田市鶴奉;のだしつるほう
1220833;野田市東宝珠花;のだしひがしほうしゅばな
1221101;成田国際空港;なりたこくさいくうこう
1221102;成田市名古屋;なりたしなごや
1221120;成田市中台;なりたしなかだい
1221133;成田市役所;なりたしやくしょ
1221134;成田市猿山;なりたしさるやま
1221135;成田市松子;なりたしまつこ
1221231;千葉佐倉市海隣寺町;ちばさくらしかいりんじまち
1221632;習志野市鷺沼;ならしのしさぎぬま
1221701;柏市旭町;かしわしあさひちょう
1221732;柏市柏;かしわしかしわ
1221733;柏市大島田;かしわしおおしまた
1221920;市原市姉崎;いちはらしあねさき
1221930;市原市国分寺台中央;いちはらしこくぶんじだいちゅうおう
1222030;流山市平和台;ながれやましへいわだい
1222131;八千代市大和田新田;やちよしおおわだしんでん
1222230;我孫子市我孫子;あびこしあびこ
1222431;鎌ケ谷市新鎌ケ谷;かまがやししんかまがや
1222700;浦安市日の出;うらやすしひので
1222732;浦安市猫実;うらやすしねこざね
1222831;四街道市鹿渡;よつかいどうししかわたし
1223031;八街市八街;やちまたしやちまた
1223130;印西市大森;いんざいしおおもり
1223132;印西市笠神;いんざいしかさがみ
1223134;印西市美瀬;いんざいしみせ
1232231;酒々井町中央台;しすいまちちゅうおうだい
1223232;白井市復;しろいしふく
1232931;栄町安食台;さかえまちあじきだい
1223330;富里市七栄;とみさとしななえ
1220501;館山市長須賀;たてやましながすか
1220531;館山市北条;たてやましほうじょう
1220601;木更津市太田;きさらづしおおだ
1220631;木更津市富士見;きさらづしふじみ
1221800;勝浦市墨名;かつうらしとな
1221820;勝浦市新官;かつうらししんかん
1222300;鴨川市八色;かもがわしやいろ
1222301;鴨川市内浦;かもがわしうちうら
1222320;鴨川市横渚;かもがわしよこすか
1222330;鴨川市天津;かもがわしあまつ
1222520;君津市久留里市場;きみつしくるりいちば
1222531;君津市久保;きみつしくぼ
1222631;富津市下飯野;ふっつししもいいの
1222931;袖ケ浦市坂戸市場;そでがうらしさかどいちば
1244130;大多喜町大多喜;おおたきまちおおたき
1244330;御宿町須賀;おんじゅくまちすか
1246330;鋸南町下佐久間;きょなんまちしもさくま
1223831;いすみ市大原;いすみしおおはら
1223834;いすみ市岬町長者;いすみしみさきちょうちょうじゃ
1223835;いすみ市弥正;いすみしやまさ
1223400;南房総市上堀;みなみぼうそうしかみほり
1223430;南房総市富浦町青木;みなみぼうそうしとみうらちょうあおき
1223433;南房総市白浜町白浜;みなみぼうそうししらはまちょうしらはま
1223435;南房総市岩糸;みなみぼうそうしいわいと
1223438;南房総市久枝;みなみぼうそうしくし
1223439;南房総市和田町;みなみぼうそうしわだちょう
1223440;南房総市谷向;みなみぼうそうしやむかい
1223441;南房総市千倉町瀬戸;みなみぼうそうしちくらちょうせと
1310100;東京千代田区大手町;とうきょうちよだくおおてまち
1310134;東京千代田区富士見;とうきょうちよだくふじみ
1310151;東京千代田区麹町;とうきょうちよだくこうじまち
1310230;東京中央区築地;とうきょうちゅうおうくつきじ
1310250;東京中央区日本橋兜町;とうきょうちゅうおうくにほんばしかぶとちょう
1310253;東京中央区勝どき;とうきょうちゅうおうくかちどき
1310300;東京港区海岸;とうきょうみなとくかいがん
1310330;東京港区芝公園;とうきょうみなとくしばこうえん
1310352;東京港区南青山;とうきょうみなとくみなみあおやま
1310353;東京港区白金;とうきょうみなとくしろかね
1310400;東京新宿区西新宿;とうきょうしんじゅくくにししんじゅく
1310420;東京新宿区上落合;とうきょうしんじゅくくかみおちあい
1310432;東京新宿区歌舞伎町;とうきょうしんじゅくくかぶきちょう
1310451;東京新宿区百人町;とうきょうしんじゅくくひゃくにんちょう
1310531;東京文京区スポーツセンタ;とうきょうぶんきょうくすぽーつせんた
1310550;東京文京区本郷;とうきょうぶんきょうくほんごう
1310551;東京文京区大塚;とうきょうぶんきょうくおおつか
1310632;東京台東区東上野;とうきょうたいとうくひがしうえの
1310650;東京台東区千束;とうきょうたいとうくせんぞく
1310700;東京墨田区横川;とうきょうすみだくよこかわ
1310730;東京墨田区吾妻橋;とうきょうすみだくあづまばし
1310750;東京墨田区東向島;とうきょうすみだくひがしむこうじま
1310800;東京江東区青海;とうきょうこうとうくあおみ
1310820;東京江東区越中島;とうきょうこうとうくえっちゅうじま
1310831;東京江東区東陽;とうきょうこうとうくとうよう
1310850;東京江東区森下;とうきょうこうとうくもりした
1310852;東京江東区亀戸;とうきょうこうとうくかめいど
1310854;東京江東区枝川;とうきょうこうとうくえだがわ
1310931;東京品川区広町;とうきょうしながわくひろまち
1310950;東京品川区北品川;とうきょうしながわくきたしながわ
1310951;東京品川区平塚;とうきょうしながわくひらつか
1311030;東京目黒区中央町;とうきょうめぐろくちゅうおうちょう
1311102;東京国際空港;とうきょうこくさいくうこう
1311130;東京大田区蒲田;とうきょうおおたくかまた
1311150;東京大田区大森東;とうきょうおおたくおおもりひがし
1311152;東京大田区本羽田;とうきょうおおたくほんはねだ
1311153;東京大田区多摩川;とうきょうおおたくたまがわ
1311231;東京世田谷区世田谷;とうきょうせたがやくせたがや
1311250;東京世田谷区三軒茶屋;とうきょうせたがやくさんげんぢゃや
1311252;東京世田谷区中町;とうきょうせたがやくなかまち
1311253;東京世田谷区成城;とうきょうせたがやくせいじょう
1311331;東京渋谷区宇田川町;とうきょうしぶやくうだがわちょう
1311350;東京渋谷区本町;とうきょうしぶやくほんまち
1311431;東京中野区中野;とうきょうなかのくなかの
1311451;東京中野区江古田;とうきょうなかのくえこた
1311452;東京中野区中央;とうきょうなかのくちゅうおう
1311501;東京杉並区阿佐谷;とうきょうすぎなみくあさがや
1311550;東京杉並区桃井;とうきょうすぎなみくももい
1311551;東京杉並区高井戸;とうきょうすぎなみくたかいど
1311631;東京豊島区南池袋;とうきょうとしまくみなみいけぶくろ
1311730;東京北区西ヶ原;とうきょうきたくにしがはら
1311753;東京北区赤羽南;とうきょうきたくあかばねみなみ
1311830;東京荒川区荒川;とうきょうあらかわくあらかわ
1311850;東京荒川区東尾久;とうきょうあらかわくひがしおぐ
1311931;東京板橋区高島平;とうきょういたばしくたかしまだいら
1311950;東京板橋区板橋;とうきょういたばしくいたばし
1311951;東京板橋区相生町;とうきょういたばしくあいおいちょう
1312031;東京練馬区豊玉北;とうきょうねりまくとよたまきた
1312051;東京練馬区東大泉;とうきょうねりまくひがしおおいずみ
1312052;東京練馬区光が丘;とうきょうねりまくひかりがおか
1312130;東京足立区中央本町;とうきょうあだちくちゅうおうほんちょう
1312152;東京足立区神明南;とうきょうあだちくしんめいみなみ
1312153;東京足立区千住中居町;とうきょうあだちくせんじゅなかいちょう
1312154;東京足立区伊興;とうきょうあだちくいこう
1312230;東京葛飾区立石;とうきょうかつしかくたていし
1312252;東京葛飾区金町;とうきょうかつしかくかなまち
1312300;東京江戸川区中央;とうきょうえどがわくちゅうおう
1312351;東京江戸川区鹿骨;とうきょうえどがわくししぼね
1312352;東京江戸川区船堀;とうきょうえどがわくふなぼり
1320100;八王子市大横町;はちおうじしおおよこちょう
1320120;八王子市堀之内;はちおうじしほりのうち
1320150;八王子市石川町;はちおうじしいしかわまち
1320231;立川市泉町;たちかわしいずみちょう
1320331;武蔵野市緑町;むさしのしみどりちょう
1320352;武蔵野市吉祥寺東町;むさしのしきちじょうじひがしちょう
1320433;三鷹市新川;みたかししんかわ
1320631;東京府中市寿町;とうきょうふちゅうしことぶきちょう
1320651;東京府中市朝日町;とうきょうふちゅうしあさひちょう
1320730;昭島市田中町;あきしましたなかちょう
1320830;調布市小島町;ちょうふしこじまちょう
1320850;調布市西つつじヶ丘;ちょうふしにしつつじがおか
1320921;町田市忠生;まちだしただお
1320932;町田市森野;まちだしもりの
1320952;町田市本町田;まちだしほんまちだ
1321020;小金井市本町;こがねいしほんちょう
1321131;小平市小川町;こだいらしおがわちょう
1321230;日野市神明;ひのししんめい
1321331;東村山市本町;ひがしむらやましほんちょう
1321351;東村山市美住町;ひがしむらやましみすみちょう
1321402;国分寺市並木町;こくぶんじしなみきちょう
1321451;国分寺市泉町;こくぶんじしいずみちょう
1321530;国立市富士見台;くにたちしふじみだい
1322941;西東京市中町;にしとうきょうしなかまち
1321852;福生市福生;ふっさしふっさ
1321931;狛江市和泉本町;こまえしいずみほんちょう
1322030;東大和市中央;ひがしやまとしちゅうおう
1322141;清瀬市中里;きよせしなかざと
1322152;清瀬市中清戸;きよせしなかきよと
1322231;東久留米市本町;ひがしくるめしほんちょう
1322331;武蔵村山市本町;むさしむらやましほんまち
1322431;多摩市関戸;たましせきど
1322450;多摩市鶴牧;たましつるまき
1322530;稲城市東長沼;いなぎしひがしながぬま
1322730;羽村市緑ヶ丘;はむらしみどりがおか
1330331;瑞穂町箱根ヶ崎;みずほまちはこねがさき
1320501;青梅市東青梅;おうめしひがしおうめ
1320550;青梅市日向和田;おうめしひなたわだ
1322851;あきる野市伊奈;あきるのしいな
1330540;日の出町平井;ひのでまちひらい
1330721;檜原村本宿;ひのはらむらもとしゅく
1330740;檜原村役場;ひのはらむらやくば
1330852;奥多摩町氷川;おくたままちひかわ
1336401;神津島村金長;こうづしまむらきんなが
1336431;神津島村役場;こうづしまむらやくば
1336103;伊豆大島町差木地;いずおおしままちさしきじ
1336104;伊豆大島町元町;いずおおしままちもとまち
1336121;伊豆大島町波浮港;いずおおしままちはぶみなと
1336200;東京利島村東山;とうきょうとしまむらひがしやま
1336300;新島村大原;にいじまむらおおはら
1336301;新島村式根島;にいじまむらしきねじま
1336330;新島村本村;にいじまむらほんそん
1338103;三宅村神着;みやけむらかみつき
1338104;三宅村坪田;みやけむらつぼた
1338120;三宅村阿古;みやけむらあこ
1338200;御蔵島村西川;みくらじまむらにしかわ
1340103;八丈町樫立;はちじょうまちかしたて
1340104;八丈町三根;はちじょうまちみつね
1340121;八丈町富士グランド;はちじょうまちふじぐらんど
1340200;青ヶ島村;あおがしまむら
1342100;小笠原村父島西町;おがさわらむらちちじまにしまち
1342101;小笠原村父島三日月山;おがさわらむらちちじまみかづきやま
1342103;小笠原村母島;おがさわらむらははじま
1410141;横浜鶴見区鶴見;よこはまつるみくつるみ
1410143;横浜鶴見区末広町;よこはまつるみくすえひろちょう
1410240;横浜神奈川区神大寺;よこはまかながわくかんだいじ
1410242;横浜神奈川区広台太田町;よこはまかながわくひろだいおおたまち
1410340;横浜西区みなとみらい;よこはまにしくみなとみらい
1410341;横浜西区浜松町;よこはまにしくはままつちょう
1410400;横浜中区山手町;よこはまなかくやまてちょう
1410440;横浜中区山下町;よこはまなかくやましたちょう
1410441;横浜中区山吹町;よこはまなかくやまぶきちょう
1410442;横浜中区日本大通;よこはまなかくにほんおおどおり
1410541;横浜南区六ツ川;よこはまみなみくむつかわ
1410542;横浜南区大岡;よこはまみなみくおおおか
1410640;横浜保土ケ谷区神戸町;よこはまほどがやくごうどちょう
1410641;横浜保土ケ谷区上菅田町;よこはまほどがやくかみすげだちょう
1410740;横浜磯子区磯子;よこはまいそごくいそご
1410741;横浜磯子区洋光台;よこはまいそごくようこうだい
1410840;横浜金沢区白帆;よこはまかなざわくしらほ
1410841;横浜金沢区寺前;よこはまかなざわくてらまえ
1410842;横浜金沢区釜利谷南;よこはまかなざわくかまりやみなみ
1410940;横浜港北区大倉山;よこはまこうほくくおおくらやま
1410941;横浜港北区日吉本町;よこはまこうほくくひよしほんちょう
1410942;横浜港北区綱島西;よこはまこうほくくつなしまにし
1411040;横浜戸塚区平戸町;よこはまとつかくひらどちょう
1411041;横浜戸塚区戸塚町;よこはまとつかくとつかちょう
1411042;横浜戸塚区鳥が丘;よこはまとつかくとりがおか
1411142;横浜港南区野庭町;よこはまこうなんくのばちょう
1411143;横浜港南区丸山台北部;よこはまこうなんくまるやまだいほくぶ
1411220;横浜旭区大池町;よこはまあさひくおおいけちょう
1411240;横浜旭区今宿東町;よこはまあさひくいまじゅくひがしちょう
1411242;横浜旭区川井宿町;よこはまあさひくかわいしゅくちょう
1411341;横浜緑区十日市場町;よこはまみどりくとおかいちばちょう
1411342;横浜緑区鴨居;よこはまみどりくかもい
1411440;横浜瀬谷区中屋敷;よこはませやくなかやしき
1411441;横浜瀬谷区三ツ境;よこはませやくみつきょう
1411540;横浜栄区桂台南;よこはまさかえくかつらだいみなみ
1411541;横浜栄区小菅ケ谷;よこはまさかえくこすがや
1411640;横浜泉区岡津町;よこはまいずみくおかつちょう
1411641;横浜泉区和泉中央北;よこはまいずみくいずみちゅうおうきた
1411742;横浜青葉区美しが丘;よこはまあおばくうつくしがおか
1411743;横浜青葉区鴨志田町;よこはまあおばくかもしだちょう
1411840;横浜都筑区池辺町;よこはまつづきくいこのべちょう
1411842;横浜都筑区茅ケ崎;よこはまつづきくちがさき
1413120;川崎川崎区宮前町;かわさきかわさきくみやまえちょう
1413141;川崎川崎区千鳥町;かわさきかわさきくちどりちょう
1413142;川崎川崎区中島;かわさきかわさきくなかじま
1413241;川崎幸区戸手本町;かわさきさいわいくとでほんまち
1413300;川崎中原区小杉陣屋町;かわさきなかはらくこすぎじんやちょう
1413340;川崎中原区小杉町;かわさきなかはらくこすぎまち
1413440;川崎高津区下作延;かわさきたかつくしもさくのべ
1413540;川崎多摩区登戸;かわさきたまくのぼりと
1413640;川崎宮前区宮前平;かわさきみやまえくみやまえだいら
1413641;川崎宮前区野川;かわさきみやまえくのがわ
1413740;川崎麻生区万福寺;かわさきあさおくまんぷくじ
1413742;川崎麻生区片平;かわさきあさおくかたひら
1420100;横須賀市光の丘;よこすかしひかりのおか
1420120;横須賀市坂本町;よこすかしさかもとちょう
1420321;平塚市浅間町;ひらつかしせんげんちょう
1420420;鎌倉市御成町;かまくらしおなりまち
1420521;藤沢市朝日町;ふじさわしあさひちょう
1420700;茅ヶ崎市茅ヶ崎;ちがさきしちがさき
1420830;逗子市桜山;ずししさくらやま
1421021;三浦市三崎町;みうらしみさきまち
1421332;大和市下鶴間;やまとししもつるま
1421530;海老名市大谷;えびなしおおや
1421631;座間市相武台;ざましそうぶだい
1421831;綾瀬市深谷中;あやせしふかやなか
1430130;葉山町堀内;はやままちほりうち
1432130;寒川町宮山;さむかわまちみややま
1434131;大磯町月京;おおいそまちがっきょう
1434230;二宮町中里;にのみやまちなかざと
1420600;小田原市久野;おだわらしくの
1420621;小田原市荻窪;おだわらしおぎくぼ
1421100;秦野市曽屋;はだのしそや
1421120;秦野市平沢;はだのしひらさわ
1421220;厚木市中町;あつぎしなかちょう
1421248;厚木市下津古久;あつぎししもつこく
1421432;伊勢原市伊勢原;いせはらしいせはら
1421731;南足柄市関本;みなみあしがらしせきもと
1436131;中井町比奈窪;なかいまちひなくぼ
1436230;神奈川大井町金子;かながわおおいまちかねこ
1436330;松田町松田惣領;まつだまちまつだそうりょう
1436420;山北町山北;やまきたまちやまきた
1436631;開成町延沢;かいせいまちのぶさわ
1438230;箱根町湯本;はこねまちゆもと
1438331;真鶴町岩;まなづるまちいわ
1438401;湯河原町中央;ゆがわらまちちゅうおう
1440131;愛川町角田;あいかわまちすみだ
1440230;清川村煤ヶ谷;きよかわむらすすがや
1415200;相模原中央区中央;さがみはらちゅうおうくちゅうおう
;相模原中央区田名;
1415341;相模原南区磯部;さがみはらみなみくいそべ
;相模原南区相模大野;
1415100;相模原緑区若柳;さがみはらみどりくわかやなぎ
1415120;相模原緑区大島;さがみはらみどりくおおしま
1415121;相模原緑区小渕;さがみはらみどりくおぶち
1415130;相模原緑区中野;さがみはらみどりくなかの
1415131;相模原緑区与瀬;さがみはらみどりくよせ
1415133;相模原緑区久保沢;さがみはらみどりくくぼさわ
;相模原緑区橋本;
1521600;糸魚川市一の宮;いといがわしいちのみや
1521620;糸魚川市大野;いといがわしおおの
1521632;糸魚川市青海;いといがわしおうみ
1521633;糸魚川市能生;いといがわしのう
1522201;上越市中ノ俣;じょうえつしなかのまた
1522202;上越市大手町;じょうえつしおおてまち
1522230;上越市木田;じょうえつしきだ
1522231;上越市安塚区安塚;じょうえつしやすづかくやすづか
1522232;上越市浦川原区釜淵;じょうえつしうらがわらくかまぶち
1522234;上越市牧区柳島;じょうえつしまきくやなぎしま
1522235;上越市柿崎区柿崎;じょうえつしかきざきくかきざき
1522236;上越市大潟区土底浜;じょうえつしおおがたくどそこはま
1522237;上越市頸城区百間町;じょうえつしくびきくひゃくけんまち
1522238;上越市吉川区原之町;じょうえつしよしかわくはらのまち
1522239;上越市中郷区藤沢;じょうえつしなかごうくふじさわ
1522241;上越市清里区荒牧;じょうえつしきよさとくあらまき
1522242;上越市三和区井ノ口;じょうえつしさんわくいのくち
1522244;上越市大島区岡;じょうえつしおおしまくおか
1522245;上越市板倉区針;じょうえつしいたくらくはり
1522246;上越市名立区名立大町;じょうえつしなだちくなだちおおまち
1521720;妙高市田町;みょうこうしたまち
1521733;妙高市栄町;みょうこうしさかえちょう
1521734;妙高市関山;みょうこうしせきやま
1521735;妙高市田口;みょうこうしたぐち
1520200;長岡市幸町;ながおかしさいわいちょう
1520220;長岡市寺泊一里塚;ながおかしてらどまりいちりづか
1520221;長岡市千手;ながおかしせんじゅ
1520231;長岡市浦;ながおかしうら
1520232;長岡市上岩井;ながおかしかみいわい
1520234;長岡市小国町法坂;ながおかしおぐにまちほうざか
1520237;長岡市小島谷;ながおかしおじまや
1520240;長岡市山古志竹沢;ながおかしやまこしたけざわ
1520242;長岡市寺泊敦ケ曽根;ながおかしてらどまりつるがそね
1520243;長岡市寺泊烏帽子平;ながおかしてらどまりえぼしだいら
1520244;長岡市東川口;ながおかしひがしかわぐち
1520245;長岡市中之島;ながおかしなかのしま
1520247;長岡市与板町与板;ながおかしよいたまちよいた
1520248;長岡市中央公園;ながおかしちゅうおうこうえん
1520431;三条市西裏館;さんじょうしにしうらだて
1520432;三条市荻堀;さんじょうしおぎぼり
1520433;三条市新堀;さんじょうしにいぼり
1520534;柏崎市西山町池浦;かしわざきしにしやまちょういけうら
1520536;柏崎市高柳町岡野町;かしわざきしたかやなぎちょうおかのまち
1520537;柏崎市日石町;かしわざきしにっせきちょう
1520800;小千谷市城内;おぢやしじょうない
1520821;小千谷市旭町;おぢやしあさひちょう
1520930;加茂市幸町;かもしさいわいちょう
1521021;十日町市下条;とおかまちしげじょう
1521031;十日町市千歳町;とおかまちしちとせちょう
1521037;十日町市上山;とおかまちしうわやま
1521039;十日町市松代;とおかまちしまつだい
1521040;十日町市水口沢;とおかまちしみなくちさわ
1521041;十日町市松之山;とおかまちしまつのやま
1521131;見附市昭和町;みつけししょうわまち
1536130;田上町原ケ崎新田;たがみまちはらがさきしんでん
1540500;出雲崎町米田;いずもざきまちこめだ
1540530;出雲崎町川西;いずもざきまちかわにし
1546130;湯沢町神立;ゆざわまちかんだつ
1548231;津南町下船渡;つなんまちしもふなと
1550433;刈羽村割町新田;かりわむらわりまちしんでん
1522501;魚沼市下折立;うおぬまししもおりたて
1522533;魚沼市今泉;うおぬましいまいずみ
1522536;魚沼市堀之内;うおぬましほりのうち
1522537;魚沼市須原;うおぬましすはら
1522538;魚沼市穴沢;うおぬましあなざわ
1522539;魚沼市小出島;うおぬましこいでじま
1522540;魚沼市大沢;うおぬましおおさわ
1522600;南魚沼市六日町;みなみうおぬましむいかまち
1522620;南魚沼市塩沢小学校;みなみうおぬまししおざわしょうがっこう
1522630;南魚沼市浦佐;みなみうおぬましうらさ
1522632;南魚沼市塩沢庁舎;みなみうおぬまししおざわちょうしゃ
1520620;新発田市本町;しばたしほんちょう
1520631;新発田市乙次;しばたしおとじ
1520633;新発田市住田;しばたしすみだ
1520635;新発田市中央町;しばたしちゅうおうちょう
1520636;新発田市真野原外;しばたしまのはらそと
1521200;村上市塩町;むらかみししおまち
1521220;村上市片町;むらかみしかたまち
1521221;村上市寒川;むらかみしかんがわ
1521231;村上市三之町;むらかみしさんのちょう
1521232;村上市山口;むらかみしやまぐち
1521236;村上市岩船駅前;むらかみしいわふねえきまえ
1521237;村上市府屋;むらかみしふや
1521238;村上市岩沢;むらかみしいわさわ
1521336;燕市秋葉町;つばめしあきばちょう
1521338;燕市吉田西太田;つばめしよしだにしおおた
1521339;燕市分水桜町;つばめしぶんすいさくらまち
1521801;五泉市村松乙;ごせんしむらまつおつ
1521821;五泉市愛宕甲;ごせんしあたごこう
1521830;五泉市太田;ごせんしおおた
1530731;聖籠町諏訪山;せいろうまちすわやま
1534231;弥彦村矢作;やひこむらやはぎ
1558131;関川村下関;せきかわむらしもせき
1558600;粟島浦村笹畑;あわしまうらむらささばたけ
1558631;粟島浦村日ノ見山;あわしまうらむらひのみやま
1522300;阿賀野市畑江;あがのしはたえ
1522330;阿賀野市岡山町;あがのしおかやまちょう
1522333;阿賀野市山崎;あがのしやまざき
1522335;阿賀野市姥ヶ橋;あがのしうばがはし
1522336;阿賀野市かがやき;あがのしかがやき
1538531;阿賀町鹿瀬;あがまちかのせ
1538532;阿賀町豊川;あがまちとよかわ
1538533;阿賀町白崎;あがまちしろさき
1538534;阿賀町津川;あがまちつがわ
1522700;胎内市新和町;たいないししんわちょう
1522720;胎内市大川町;たいないしおおかわちょう
1522731;胎内市黒川;たいないしくろかわ
1510131;新潟北区東栄町;にいがたきたくとうえいちょう
1510200;新潟空港;にいがたくうこう
1510231;新潟東区下木戸;にいがたひがしくしもきど
1510301;新潟中央区美咲町;にいがたちゅうおうくみさきちょう
1510320;新潟中央区関屋;にいがたちゅうおうくせきや
1510331;新潟中央区新潟市役所;にいがたちゅうおうくにいがたしやくしょ
1510430;新潟江南区泉町;にいがたこうなんくいずみちょう
1510500;新潟秋葉区程島;にいがたあきはくほどじま
1510520;新潟秋葉区新津東町;にいがたあきはくにいつひがしちょう
1510630;新潟南区白根;にいがたみなみくしろね
1510731;新潟西区寺尾東;にいがたにしくてらおひがし
;新潟西蒲区巻仮設庁舎;
1510820;新潟西蒲区巻甲;にいがたにしかんくまきこう
1522401;佐渡市相川金山;さどしあいかわきんざん
1522402;佐渡市相川三町目;さどしあいかわさんちょうめ
1522420;佐渡市岩谷口;さどしいわやぐち
1522421;佐渡市両津湊;さどしりょうつみなと
1522424;佐渡市松ヶ崎;さどしまつがさき
1522430;佐渡市千種;さどしちぐさ
1522433;佐渡市河原田本町;さどしかわはらだほんまち
1522435;佐渡市畑野;さどしはたの
1522438;佐渡市羽茂本郷;さどしはもちほんごう
1522440;佐渡市真野新町;さどしまのしんまち
1522441;佐渡市赤泊;さどしあかどまり
1522443;佐渡市相川栄町;さどしあいかわさかえまち
;佐渡市両津市民センター;
1522446;佐渡市新穂瓜生屋;さどしにいぼうりゅうや
1522447;佐渡市小木町;さどしおぎまち
1620100;富山市石坂;とやましいしさか
1620102;富山市八尾町福島;とやましやつおまちふくじま
1620123;富山市今泉;とやましいまいずみ
1620130;富山市新桜町;とやまししんさくらまち
1620133;富山市婦中町笹倉;とやましふちゅうまちささくら
1620136;富山市花崎;とやましはなさき
1620137;富山市上二杉;とやましかみふたすぎ
1620138;富山市山田湯;とやましやまだゆ
1620139;富山市楡原;とやましにれはら
1620400;魚津市釈迦堂;うおづししゃかどう
1620420;魚津市本江;うおづしほんごう
1620630;滑川市寺家町;なめりかわしじけまち
1620720;黒部市宇奈月町下立;くろべしうなづきまちおりたて
1620732;黒部市植木;くろべしうえき
1632130;舟橋村仏生寺;ふなはしむらぶっしょうじ
1632231;上市町稗田;かみいちまちひえだ
1632300;立山町吉峰;たてやままちよしみね
1632320;立山町芦峅寺;たてやままちあしくらじ
1632330;立山町米沢;たてやままちよねざわ
1634231;入善町入膳;にゅうぜんまちにゅうぜん
1634300;富山朝日町道下;とやまあさひまちどうげ
1634320;富山朝日町境;とやまあさひまちさかい
1620200;高岡市伏木;たかおかしふしき
1620232;高岡市広小路;たかおかしひろこうじ
1620233;高岡市福岡町;たかおかしふくおかまち
1620531;氷見市加納;ひみしかのう
1620830;砺波市栄町;となみしさかえまち
1620832;砺波市庄川町;となみししょうがわまち
1620901;小矢部市泉町;おやべしいずみちょう
1620920;小矢部市水牧;おやべしみずまき
1621001;南砺市天池;なんとしあまいけ
1621020;南砺市荒木;なんとしあらき
1621021;南砺市利賀村上百瀬;なんとしとがむらかみももせ
1621030;南砺市城端;なんとしじょうはな
1621031;南砺市下梨;なんとししもなし
1621032;南砺市上平細島;なんとしかみたいらほそじま
1621034;南砺市井波;なんとしいなみ
1621036;南砺市苗島;なんとしのじま
1621037;南砺市蛇喰;なんとしじゃばみ
1621121;射水市久々湊;いみずしくぐみなと
1621134;射水市小島;いみずしこじま
1621135;射水市本町;いみずしほんまち
1621136;射水市橋下条;いみずしはしげじょう
1621137;射水市二口;いみずしふたくち
1621138;射水市加茂中部;いみずしかもちゅうぶ
1720200;七尾市本府中町;ななおしもとふちゅうまち
1720220;七尾市袖ヶ江町;ななおしそでがえちょう
1720236;七尾市垣吉町;ななおしかきよしまち
1720237;七尾市能登島向田町;ななおしのとじまこうだまち
1720238;七尾市中島町中島;ななおしなかじままちなかじま
1720401;輪島市舳倉島;わじましへぐらじま
1720402;輪島市鳳至町;わじましふげしまち
1720420;輪島市河井町;わじましかわいまち
1720431;輪島市門前町走出;わじましもんぜんまちはしりで
1720500;珠洲市三崎町;すずしみさきまち
1720520;珠洲市正院町;すずししょういんまち
1720521;珠洲市大谷町;すずしおおたにまち
1720700;羽咋市柳田町;はくいしやないだまち
1720721;羽咋市旭町;はくいしあさひまち
1738400;志賀町富来領家町;しかまちとぎりょうけまち
1738420;志賀町香能;しかまちかのう
1738431;志賀町末吉千古;しかまちすえよしせんこ
1746121;穴水町大町;あなみずまちおおまち
1738633;宝達志水町子浦;ほうだつしみずちょうしお
1738634;宝達志水町今浜;ほうだつしみずちょういまはま
1740733;中能登町末坂;なかのとまちすえざか
1740736;中能登町井田;なかのとまちいだ
1740737;中能登町能登部下;なかのとまちのとべしも
1746301;能登町宇出津;のとちょううしつ
1746334;能登町柳田;のとちょうやなぎだ
1746335;能登町松波;のとちょうまつなみ
1720100;金沢市西念;かなざわしさいねん
1720120;金沢市弥生;かなざわしやよい
1720300;小松市小馬出町;こまつしこんまでまち
1720320;小松市向本折町;こまつしむかいもとおりまち
1720600;加賀市直下町;かがしそそりまち
1720620;加賀市大聖寺南町;かがしだいしょうじみなみちょう
1720632;加賀市山中温泉本町;かがしやまなかおんせんほんまち
1732431;川北町壱ツ屋;かわきたまちひとつや
1736101;津幡町加賀爪;つばたまちかがつめ
1736532;内灘町大学;うちなだまちだいがく
1720921;かほく市浜北;かほくしはまきた
1720932;かほく市宇野気;かほくしうのけ
1720933;かほく市高松;かほくしたかまつ
1721020;白山市別宮町;はくさんしべっくまち
1721021;白山市白峰;はくさんししらみね
1721030;白山市倉光;はくさんしくらみつ
1721036;白山市美川浜町;はくさんしみかわはままち
1721037;白山市鶴来本町;はくさんしつるぎほんまち
1721038;白山市河内町口直海;はくさんしかわちまちくちのみ
1721039;白山市市原;はくさんしいちはら
1721040;白山市女原;はくさんしおなばら
1721133;能美市中町;のみしなかまち
1721135;能美市来丸町;のみしらいまるまち
1721136;能美市寺井町;のみしてらいまち
1721230;野々市市三納;ののいちしさんのう
1820100;福井市豊島;ふくいしとよしま
1820121;福井市蒲生町;ふくいしがもうちょう
1820122;福井市原目町;ふくいしはらめちょう
1820131;福井市美山町;ふくいしみやまちょう
1820134;福井市小羽町;ふくいしおばちょう
1820137;福井市茱崎町;ふくいしぐみざきちょう
1820522;大野市貝皿;おおのしかいざら
1820533;大野市天神町;おおのしてんじんちょう
1820600;勝山市旭町;かつやましあさひまち
1820731;鯖江市水落町;さばえしみずおちちょう
1832231;永平寺町松岡春日;えいへいじちょうまつおかかすが
1832233;永平寺町東古市;えいへいじちょうひがしふるいち
1832234;永平寺町山王;えいへいじちょうさんのう
1838230;福井池田町稲荷;ふくいいけだちょういなり
1842330;越前町道口;えちぜんちょうみちぐち
1842334;越前町織田;えちぜんちょうおた
1842335;越前町江波;えちぜんちょうえなみ
1842337;越前町西田中;えちぜんちょうにしたなか
1820832;あわら市市姫;あわらしいちひめ
1820833;あわら市国影;あわらしくにかげ
1840433;南越前町河野;みなみえちぜんちょうこうの
1840434;南越前町東大道;みなみえちぜんちょうひがしだいどう
1840435;南越前町今庄;みなみえちぜんちょういまじょう
1820900;越前市高瀬;えちぜんしたかせ
1820920;越前市村国;えちぜんしむらくに
1820932;越前市粟田部;えちぜんしあわたべ
1821001;福井坂井市三国町陣ケ岡;ふくいさかいしみくにちょうじんがおか
1821022;福井坂井市三国町中央;ふくいさかいしみくにちょうちゅうおう
1821030;福井坂井市丸岡町西里丸岡;ふくいさかいしまるおかちょうにしさとまるおか
1821032;福井坂井市坂井町下新庄;ふくいさかいしさかいちょうしもしんじょう
1821033;福井坂井市春江町随応寺;ふくいさかいしはるえちょうずいおうじ
1820200;敦賀市松栄町;つるがしまつえちょう
1820420;小浜市四谷町;おばましよつやちょう
1844200;福井美浜町新庄;ふくいみはまちょうしんじょう
1844230;福井美浜町郷市;ふくいみはまちょうごいち
1848101;高浜町宮崎;たかはまちょうみやざき
1850131;福井若狭町市場;ふくいわかさちょういちば
1850132;福井若狭町中央;ふくいわかさちょうちゅうおう
1848332;福井おおい町名田庄久坂;ふくいおおいちょうなたしょうひささか
1848333;福井おおい町本郷;ふくいおおいちょうほんごう
1920100;甲府市飯田;こうふしいいだ
1920120;甲府市相生;こうふしあいおい
1920133;甲府市古関町;こうふしふるせきまち
1920134;甲府市下曽根町;こうふししもそねちょう
1920531;山梨市牧丘町窪平;やまなししまきおかちょうくぼだいら
1920533;山梨市小原西;やまなししこばらにし
1920534;山梨市三富川浦;やまなししみとみかわうら
1920730;韮崎市水神;にらさきしすいじん
1936420;早川町保;はやかわちょうほ
1936431;早川町薬袋;はやかわちょうみない
1936500;身延町大磯小磯;みのぶちょうおおいそこいそ
1936530;身延町梅平;みのぶちょううめだいら
1936532;身延町役場;みのぶちょうやくば
1936533;身延町常葉;みのぶちょうときわ
1936620;山梨南部町栄小学校;やまなしなんぶちょうさかえしょうがっこう
1936630;山梨南部町内船;やまなしなんぶちょううつぶな
1936631;山梨南部町福士;やまなしなんぶちょうふくし
1938430;昭和町押越;しょうわちょうおしこし
1920820;南アルプス市芦安芦倉;みなみあるぷすしあしやすあしくら
1920834;南アルプス市鮎沢;みなみあるぷすしあゆざわ
1920835;南アルプス市飯野;みなみあるぷすしいいの
1920836;南アルプス市小笠原;みなみあるぷすしおがさわら
1920837;南アルプス市榎原;みなみあるぷすしえのきはら
1920838;南アルプス市寺部;みなみあるぷすしてらべ
1921030;甲斐市篠原;かいししのはら
1921033;甲斐市下今井;かいししもいまい
1921034;甲斐市島上条;かいししまかみじょう
1921131;笛吹市一宮町末木;ふえふきしいちのみやちょうすえき
1921135;笛吹市境川町藤垈;ふえふきしさかいがわちょうふじぬた
1921136;笛吹市御坂町夏目原;ふえふきしみさかちょうなつめばら
1921137;笛吹市芦川町中芦川;ふえふきしあしがわちょうなかあしがわ
1921139;笛吹市八代町南;ふえふきしやつしろちょうみなみ
1921140;笛吹市役所;ふえふきしやくしょ
1921141;笛吹市春日居町寺本;ふえふきしかすがいちょうてらもと
1920920;山梨北杜市健康ランド須玉;やまなしほくとしけんこうらんどすたま
1920930;山梨北杜市明野町;やまなしほくとしあけのちょう
1920932;山梨北杜市高根町;やまなしほくとしたかねちょう
1920938;山梨北杜市武川町;やまなしほくとしむかわちょう
1920939;山梨北杜市長坂町;やまなしほくとしながさかちょう
1920940;山梨北杜市白州町;やまなしほくとしはくしゅうちょう
1920941;山梨北杜市役所;やまなしほくとしやくしょ
1920942;山梨北杜市大泉町;やまなしほくとしおおいずみちょう
1920943;山梨北杜市小淵沢町;やまなしほくとしこぶちさわちょう
1934630;市川三郷町上野;いちかわみさとちょううえの
1934631;市川三郷町役場;いちかわみさとちょうやくば
1934632;市川三郷町六郷支所;いちかわみさとちょうろくごうししょ
1921300;甲州市塩山下於曽;こうしゅうしえんざんしもおぞ
1921320;甲州市塩山上於曽;こうしゅうしえんざんかみおぞ
1921332;甲州市大和町初鹿野;こうしゅうしやまとちょうはじかの
1921333;甲州市役所;こうしゅうしやくしょ
1921335;甲州市勝沼町勝沼;こうしゅうしかつぬまちょうかつぬま
1921430;中央市大鳥居;ちゅうおうしおおとりい
1921431;中央市成島;ちゅうおうしなるしま
1921432;中央市臼井阿原;ちゅうおうしうすいあはら
1936832;富士川町鰍沢;ふじかわちょうかじかざわ
1936833;富士川町天神中条;ふじかわちょうてんじんなかじょう
1920221;富士吉田市上吉田;ふじよしだしかみよしだ
1920232;富士吉田市下吉田;ふじよしだししもよしだ
1920431;都留市上谷;つるしかみや
1920601;大月市大月;おおつきしおおつき
1920621;大月市御太刀;おおつきしみたち
1920631;大月市役所;おおつきしやくしょ
1921202;上野原市四方津;うえのはらししおつ
1921232;上野原市秋山;うえのはらしあきやま
1921233;上野原市役所;うえのはらしやくしょ
1942232;道志村釜之前;どうしむらかまのまえ
1942332;西桂町小沼;にしかつらちょうおぬま
1942432;忍野村忍草;おしのむらしぼくさ
1942531;山中湖村山中;やまなかこむらやまなか
1942932;鳴沢村役場;なるさわむらやくば
1943002;富士河口湖町船津;ふじかわぐちこまちふなつ
1943021;富士河口湖町本栖;ふじかわぐちこまちもとす
1943034;富士河口湖町勝山;ふじかわぐちこまちかつやま
1943036;富士河口湖町役場;ふじかわぐちこまちやくば
1943037;富士河口湖町長浜;ふじかわぐちこまちながはま
1944233;小菅村小菅小学校;こすげむらこすげしょうがっこう
1944321;丹波山村丹波;たばやまむらたば
2020100;長野市箱清水;ながのしはこしみず
2020102;長野市松代;ながのしまつしろ
2020120;長野市鶴賀緑町;ながのしつるがみどりちょう
2020130;長野市戸隠;ながのしとがくし
2020131;長野市鬼無里;ながのしきなさ
2020134;長野市豊野町豊野;ながのしとよのまちとよの
2020135;長野市大岡;ながのしおおおか
2020137;長野市信州新町新町;ながのししんしゅうしんまちしんまち
2020138;長野市中条;ながのしなかじょう
2020730;須坂市須坂;すざかしすざか
2021131;中野市豊津;なかのしとよつ
2021132;中野市三好町;なかのしみよしちょう
2021200;大町市役所;おおまちしやくしょ
2021220;大町市大町図書館;おおまちしおおまちとしょかん
2021230;大町市八坂;おおまちしやさか
2021240;大町市美麻;おおまちしみあさ
2021320;飯山市飯山福寿町;いいやましいいやまふくじゅまち
2048130;長野池田町池田;ながのいけだまちいけだ
2048230;松川村役場;まつかわむらやくば
2048520;白馬村北城;はくばむらほくじょう
2048630;小谷村中小谷;おたりむらなかおたり
2052130;坂城町坂城;さかきまちさかき
2054130;小布施町小布施;おぶせまちおぶせ
2054331;長野高山村高井;ながのたかやまむらたかい
2056100;山ノ内町平穏;やまのうちまちひらお
2056120;山ノ内町消防署;やまのうちまちしょうぼうしょ
2056231;木島平村往郷;きじまだいらむらおうごう
2056330;野沢温泉村豊郷;のざわおんせんむらとよさと
2058320;信濃町柏原東裏;しなのまちかしわばらひがしうら
2058830;小川村高府;おがわむらたかふ
2060230;栄村北信;さかえむらほくしん
2060240;栄村小赤沢;さかえむらこあかさわ
2021831;千曲市上山田温泉;ちくましかみやまだおんせん
2021832;千曲市戸倉;ちくましとぐら
2021834;千曲市杭瀬下;ちくましくいせけ
2059032;飯綱町芋川;いいづなまちいもがわ
2059033;飯綱町牟礼;いいづなまちむれ
2020201;松本市沢村;まつもとしさわむら
2020220;松本市美須々;まつもとしみすず
2020221;松本市安曇;まつもとしあづみ
2020231;松本市会田;まつもとしあいだ
2020233;松本市梓川梓;まつもとしあずさがわあずさ
2020234;松本市丸の内;まつもとしまるのうち
2020235;松本市波田;まつもとしはた
2020236;松本市奈川;まつもとしながわ
2020240;松本市寿;まつもとしことぶき
2020301;上田市築地;うえだしついじ
2020321;上田市大手;うえだしおおて
2020330;上田市上丸子;うえだしかみまるこ
2020332;上田市真田町長;うえだしさなだまちおさ
2020333;上田市下武石;うえだししもたけし
2020431;岡谷市幸町;おかやしさいわいちょう
2020600;諏訪市湖岸通り;すわしこがんどおり
2020630;諏訪市高島;すわしたかしま
2020820;小諸市小諸消防署;こもろしこもろしょうぼうしょ
2020831;小諸市文化センター;こもろしぶんかせんたー
2021432;茅野市葛井公園;ちのしくずいこうえん
2021520;塩尻市楢川保育園;しおじりしならかわほいくえん
2021530;塩尻市広丘高出;しおじりしひろおかたかいで
2021532;塩尻市木曽平沢;しおじりしきそひらさわ
2021700;佐久市下小田切;さくししもおたぎり
2021733;佐久市中込;さくしなかごみ
2021735;佐久市望月;さくしもちづき
2021736;佐久市臼田;さくしうすだ
2021737;佐久市甲;さくしこう
2030320;小海町豊里;こうみまちとよさと
2030430;長野川上村大深山;ながのかわかみむらおおみやま
2030530;長野南牧村海ノ口;ながのみなみまきむらうみのくち
2030630;南相木村見上;みなみあいきむらみあげ
2030730;北相木村役場;きたあいきむらやくば
2032101;軽井沢町追分;かるいざわまちおいわけ
2032130;軽井沢町長倉;かるいざわまちながくら
2032331;御代田町役場;みよたまちやくば
2032432;立科町芦田;たてしなまちあしだ
2034930;青木村田沢青木;あおきむらたざわあおき
2036130;下諏訪町役場;しもすわまちやくば
2036230;富士見町落合;ふじみまちおちあい
2036330;原村役場;はらむらやくば
2044630;麻績村麻;おみむらお
2044830;生坂村役場;いくさかむらやくば
2045030;山形村役場;やまがたむらやくば
2045131;朝日村役場;あさひむらやくば
2021930;東御市県;とうみしあがた
2021931;東御市大日向;とうみしおおひなた
2030932;佐久穂町高野町;さくほまちたかのまち
2035020;長和町古町;ながわまちふるまち
2035030;長和町和田;ながわまちわだ
2022001;安曇野市穂高支所;あづみのしほたかししょ
2022020;安曇野市穂高福祉センター;あづみのしほたかふくしせんたー
2022033;安曇野市堀金;あづみのしほりがね
2022034;安曇野市明科;あづみのしあかしな
2022035;安曇野市豊科;あづみのしとよしな
2022036;安曇野市三郷;あづみのしみさと
2045201;筑北村坂井;ちくほくむらさかい
2045230;筑北村西条;ちくほくむらにしじょう
2045231;筑北村坂北;ちくほくむらさかきた
2020502;飯田市高羽町;いいだしたかはちょう
2020520;飯田市上郷黒田;いいだしかみさとくろだ
2020533;飯田市大久保町;いいだしおおくぼちょう
2020534;飯田市上村;いいだしかみむら
2020535;飯田市南信濃;いいだしみなみしなの
2020900;伊那市高遠町荊口;いなしたかとおまちばらぐち
2020920;伊那市下新田;いなししもしんでん
2020930;伊那市高遠町西高遠;いなしたかとおまちにしたかとお
2020931;伊那市長谷溝口;いなしはせみぞくち
2021020;駒ヶ根市赤須町;こまがねしあかずまち
2038200;辰野町中央;たつのまちちゅうおう
2038330;箕輪町中箕輪;みのわまちなかみのわ
2038401;飯島町飯島;いいじままちいいじま
2038530;南箕輪村役場;みなみみのわむらやくば
2038630;中川村大草;なかがわむらおおくさ
2038830;宮田村役場;みやだむらやくば
2040230;松川町元大島;まつかわまちもとおおじま
2040330;長野高森町下市田;ながのたかもりまちしもいちだ
2040430;阿南町東條;あなんちょうひがしじょう
2040730;阿智村駒場;あちむらこまば
2040731;阿智村浪合;あちむらなみあい
2040733;阿智村清内路;あちむらせいないじ
2040931;平谷村役場;ひらやむらやくば
2041032;根羽村役場;ねばむらやくば
2041130;下條村睦沢;しもじょうむらむつざわ
2041231;売木村役場;うるぎむらやくば
2041321;天龍村清水;てんりゅうむらしみず
2041330;天龍村平岡;てんりゅうむらひらおか
2041400;泰阜村梨久保;やすおかむらなしくぼ
2041431;泰阜村役場;やすおかむらやくば
2041530;喬木村役場;たかぎむらやくば
2041630;豊丘村神稲;とよおかむらくましろ
2041720;大鹿村大河原;おおしかむらおおかわら
2042231;上松町役場;あげまつまちやくば
2042320;南木曽町読書小学校;なぎそまちよみかきしょうがっこう
2042330;南木曽町役場;なぎそまちやくば
2042531;木祖村薮原;きそむらやぶはら
2042920;王滝村鈴ヶ沢;おうたきむらすずがさわ
2042930;王滝村役場;おうたきむらやくば
2043031;大桑村長野;おおくわむらながの
2043220;木曽町新開;きそまちしんかい
2043232;木曽町開田高原西野;きそまちかいだこうげんにしの
2043233;木曽町三岳;きそまちみたけ
2043235;木曽町日義;きそまちひよし
2043236;木曽町福島;きそまちふくしま
2120301;高山市丹生川町森部;たかやましにゅうかわちょうもりぶ
2120302;高山市桐生町;たかやましきりうまち
2120320;高山市消防署;たかやまししょうぼうしょ
2120321;高山市奥飛騨温泉郷栃尾;たかやましおくひだおんせんごうとちお
2120330;高山市丹生川町坊方;たかやましにゅうかわちょうぼうかた
2120333;高山市一之宮町;たかやましいちのみやまち
2120335;高山市朝日町;たかやましあさひちょう
2120339;高山市荘川町;たかやまししょうかわちょう
2120340;高山市清見町;たかやましきよみちょう
2120342;高山市高根町;たかやましたかねまち
2120343;高山市国府町;たかやましこくふちょう
2120344;高山市上宝町本郷;たかやましかみたからちょうほんごう
2120345;高山市久々野町;たかやましくぐのちょう
2160430;白川村鳩谷;しらかわむらはとがや
2121701;飛騨市神岡町殿;ひだしかみおかちょうとの
2121720;飛騨市河合町元田;ひだしかわいちょうげんだ
2121730;飛騨市古川町;ひだしふるかわちょう
2121731;飛騨市河合町角川;ひだしかわいちょうつのがわ
2121735;飛騨市宮川町;ひだしみやがわちょう
2121736;飛騨市神岡町東町;ひだしかみおかちょうひがしまち
2122000;下呂市森;げろしもり
2122021;下呂市下呂小学校;げろしげろしょうがっこう
2122031;下呂市小坂町;げろしおさかちょう
2122032;下呂市金山町;げろしかなやまちょう
2122033;下呂市馬瀬;げろしまぜ
2122034;下呂市萩原町;げろしはぎわらちょう
2120430;多治見市三笠町;たじみしみかさちょう
2120431;多治見市笠原町;たじみしかさはらちょう
2120600;中津川市かやの木町;なかつがわしかやのきちょう
2120620;中津川市本町;なかつがわしほんまち
2120621;中津川市小栗山;なかつがわしこぐりやま
2120630;中津川市坂下;なかつがわしさかした
2120632;中津川市加子母;なかつがわしかしも
2120634;中津川市福岡;なかつがわしふくおか
2120637;中津川市川上;なかつがわしかわうえ
2120638;中津川市付知町;なかつがわしつけちちょう
2120639;中津川市蛭川;なかつがわしひるかわ
2120640;中津川市山口;なかつがわしやまぐち
2120831;瑞浪市上平町;みずなみしうえだいらちょう
2121020;恵那市長島小学校;えなしおさしましょうがっこう
2121031;恵那市岩村町;えなしいわむらちょう
2121033;恵那市明智町;えなしあけちちょう
2121035;恵那市上矢作町;えなしかみやはぎちょう
2121036;恵那市山岡町;えなしやまおかちょう
2121037;恵那市串原;えなしくしはら
2121038;恵那市長島町;えなしおさしまちょう
2121100;美濃加茂市太田町;みのかもしおおたちょう
2121120;美濃加茂市西町;みのかもしにしまち
2121220;土岐市泉町;ときしいずみちょう
2121230;土岐市肥田;ときしひだ
2121430;可児市広見;かにしひろみ
2121432;可児市兼山;かにしかねやま
2150130;坂祝町取組;さかほぎちょうとりくみ
2150230;富加町滝田;とみかちょうたきだ
2150331;川辺町中川辺;かわべちょうなかかわべ
2150430;七宗町上麻生;ひちそうちょうかみあそう
2150530;八百津町八百津;やおつちょうやおつ
2150600;白川町黒川;しらかわちょうくろかわ
2150630;白川町河岐;しらかわちょうかわまた
2150730;東白川村神土;ひがししらかわむらかんど
2152130;御嵩町御嵩;みたけちょうみたけ
2120100;岐阜市加納二之丸;ぎふしかのうにのまる
2120121;岐阜市京町;ぎふしきょうまち
2120130;岐阜市柳津町;ぎふしやないづちょう
2120231;大垣市上石津町;おおがきしかみいしづちょう
2120233;大垣市墨俣町;おおがきしすのまたちょう
2120234;大垣市丸の内;おおがきしまるのうち
2120530;関市若草通り;せきしわかくさどおり
2120532;関市板取;せきしいたどり
2120533;関市武芸川町;せきしむげがわちょう
2120536;関市中之保;せきしなかのほ
2120537;関市洞戸市場;せきしほらどいちば
2120538;関市上之保;せきしかみのほ
2120730;美濃市役所;みのしやくしょ
2120932;羽島市竹鼻町;はしましたけはなちょう
2121332;各務原市川島河田町;かかみがはらしかわしまこうだまち
2121333;各務原市那加桜町;かかみがはらしなかさくらまち
2130232;岐南町八剣;ぎなんちょうやつるぎ
2130331;笠松町司町;かさまつちょうつかさまち
2134130;養老町高田;ようろうちょうたかだ
2136131;垂井町役場;たるいちょうやくば
2136231;関ケ原町関ケ原;せきがはらちょうせきがはら
2138131;神戸町神戸;ごうどちょうごうど
2138230;輪之内町四郷;わのうちちょうよごう
2138330;安八町氷取;あんぱちちょうこおりとり
2140102;揖斐川町三輪;いびがわちょうみわ
2140120;揖斐川町東杉原;いびがわちょうひがしすぎはら
2140121;揖斐川町中籠橋;いびがわちょうなかかごばし
2140130;揖斐川町谷汲;いびがわちょうたにぐみ
2140133;揖斐川町西横山;いびがわちょうにしよこやま
2140134;揖斐川町坂内;いびがわちょうさかうち
2140135;揖斐川町春日;いびがわちょうかすが
2140136;揖斐川町東津汲;いびがわちょうひがしつくみ
2140330;大野町大野;おおのちょうおおの
2140430;岐阜池田町六之井;ぎふいけだちょうろくのい
2142132;北方町北方;きたがたちょうきたがた
2121630;瑞穂市別府;みずほしべっぷ
2121632;瑞穂市宮田;みずほしみやでん
2121501;岐阜山県市谷合運動場;ぎふやまがたしたにあいうんどうじょう
2121520;岐阜山県市美山支所;ぎふやまがたしみやまししょ
2121531;岐阜山県市大門;ぎふやまがたしだいもん
2121532;岐阜山県市高富;ぎふやまがたしたかとみ
2121830;本巣市文殊;もとすしもんじゅ
2121833;本巣市根尾;もとすしねお
2121834;本巣市下真桑;もとすししもまくわ
2121835;本巣市早野;もとすしはやの
2121900;郡上市八幡町島谷;ぐじょうしはちまんちょうしまだに
2121920;郡上市八幡町旭;ぐじょうしはちまんちょうあさひ
2121922;郡上市白鳥町長滝;ぐじょうししろとりちょうながたき
2121935;郡上市和良町;ぐじょうしわらちょう
2121936;郡上市明宝;ぐじょうしめいほう
2121937;郡上市大和町;ぐじょうしやまとちょう
2121938;郡上市白鳥町白鳥;ぐじょうししろとりちょうしろとり
2121939;郡上市高鷲町;ぐじょうしたかすちょう
2121941;郡上市美並町;ぐじょうしみなみちょう
2122130;海津市海津町;かいづしかいづちょう
2122134;海津市南濃町;かいづしなんのうちょう
2122135;海津市平田町;かいづしひらたちょう
2220501;熱海市網代;あたみしあじろ
2220520;熱海市泉;あたみしいずみ
2220532;熱海市中央町;あたみしちゅうおうちょう
2220800;伊東市大原;いとうしおおはら
2220830;伊東市八幡野;いとうしやわたの
2221900;下田市加増野;しもだしかぞうの
2221930;下田市中;しもだしなか
2221932;下田市敷根;しもだししきね
2230120;東伊豆町奈良本;ひがしいずちょうならもと
2230130;東伊豆町稲取;ひがしいずちょういなとり
2230230;河津町田中;かわづちょうたなか
2230402;南伊豆町石廊崎;みなみいずちょういろうざき
2230420;南伊豆町入間;みなみいずちょういるま
2230431;南伊豆町下賀茂;みなみいずちょうしもがも
2230520;松崎町江奈;まつざきちょうえな
2230531;松崎町宮内;まつざきちょうみやうち
2230620;西伊豆町一色;にしいずちょういしき
2230630;西伊豆町仁科;にしいずちょうにしな
2230632;西伊豆町宇久須;にしいずちょううぐす
2232531;函南町平井;かんなみちょうひらい
2222200;伊豆市中伊豆グラウンド;いずしなかいずぐらうんど
2222230;伊豆市土肥;いずしとい
2222232;伊豆市八幡;いずしはつま
2222234;伊豆市湯ケ島;いずしゆがしま
2222241;伊豆市小立野;いずしこだちの
2222532;伊豆の国市田京;いずのくにしたきょう
2222533;伊豆の国市長岡;いずのくにしながおか
2220321;沼津市西間門;ぬまづしにしまかど
2220331;沼津市御幸町;ぬまづしみゆきちょう
2220333;沼津市高島本町;ぬまづしたかしまほんちょう
2220334;沼津市戸田;ぬまづしへだ
2220335;沼津市原;ぬまづしはら
2220601;三島市東本町;みしましひがしほんちょう
2220630;三島市大社町;みしましたいしゃちょう
2220701;富士宮市弓沢町;ふじのみやしゆみざわちょう
2220721;富士宮市野中;ふじのみやしのなか
2220730;富士宮市猪之頭;ふじのみやしいのかしら
2220731;富士宮市長貫;ふじのみやしながぬき
2221000;富士市富士総合運動公園;ふじしふじそうごううんどうこうえん
2221031;富士市本市場;ふじしもといちば
2221032;富士市永田町;ふじしながたちょう
2221034;富士市岩渕;ふじしいわぶち
2221035;富士市吉永;ふじしよしなが
2221036;富士市大淵;ふじしおおぶち
2221500;御殿場市萩原;ごてんばしはぎわら
2221521;御殿場市茱萸沢;ごてんばしぐみざわ
2221530;御殿場市竈;ごてんばしかまど
2222020;裾野市石脇;すそのしいしわき
2222030;裾野市佐野;すそのしさの
2234131;静岡清水町堂庭;しずおかしみずちょうどうにわ
2234230;長泉町中土狩;ながいずみちょうなかとがり
2234430;小山町藤曲;おやまちょうふじまがり
2234431;小山町須走;おやまちょうすばしり
2220901;島田市川根町家山;しまだしかわねちょういえやま
2220903;島田市元島田;しまだしもとしまだ
2220920;島田市川根町笹間上;しまだしかわねちょうささまかみ
2220931;島田市金谷代官町;しまだしかなやだいかんちょう
2221231;焼津市宗高;やいづしむなだか
2221233;焼津市石津;やいづしいしづ
2221430;藤枝市瀬戸新屋;ふじえだしせとあらや
2221431;藤枝市岡出山;ふじえだしおかでやま
2221432;藤枝市岡部町岡部;ふじえだしおかべちょうおかべ
2242430;吉田町住吉;よしだちょうすみよし
2210201;静岡駿河区曲金;しずおかするがくまがりかね
2210231;静岡駿河区用宗;しずおかするがくもちむね
2210120;静岡葵区駒形通;しずおかあおいくこまがたどおり
2210121;静岡葵区梅ヶ島;しずおかあおいくうめがしま
2210130;静岡葵区追手町県庁;しずおかあおいくおうてまちけんちょう
2210131;静岡葵区追手町市役所;しずおかあおいくおうてまちしやくしょ
2210300;静岡清水区千歳町;しずおかしみずくちとせちょう
2210321;静岡清水区蒲原新栄;しずおかしみずくかんばらしんえい
2210333;静岡清水区由比北田;しずおかしみずくゆいきただ
2210334;静岡清水区谷津;しずおかしみずくやつ
2242920;川根本町東藤川;かわねほんちょうひがしふじかわ
2242930;川根本町上長尾;かわねほんちょうかみながお
2222600;牧之原市鬼女新田;まきのはらしきじょしんでん
2222620;牧之原市静波;まきのはらししずなみ
2221130;磐田市見付;いわたしみつけ
2221131;磐田市国府台;いわたしこうのだい
2221132;磐田市福田;いわたしふくで
2221133;磐田市岡;いわたしおか
2221135;磐田市下野部;いわたししものべ
2221300;掛川市篠場;かけがわししのんば
2221330;掛川市西大渕;かけがわしにしおおぶち
2221331;掛川市三俣;かけがわしみつまた
2221340;掛川市長谷;かけがわしながや
2221600;袋井市新屋;ふくろいしあらや
2221630;袋井市浅名;ふくろいしあさな
2222131;湖西市新居町浜名;こさいしあらいちょうはまな
2222140;湖西市吉美;こさいしきび
2246131;静岡森町森;しずおかもりまちもり
2222301;御前崎市御前崎;おまえざきしおまえざき
2222330;御前崎市池新田;おまえざきしいけしんでん
2222430;静岡菊川市赤土;しずおかきくがわしあかつち
2222431;静岡菊川市堀之内;しずおかきくがわしほりのうち
2213801;浜松中央区高丘東;はままつちゅうおうくたかおかひがし
2213820;浜松中央区三組町;はままつちゅうおうくみくみちょう
2213831;浜松中央区元城町;はままつちゅうおうくもとしろちょう
2213832;浜松中央区流通元町;はままつちゅうおうくりゅうつうもとまち
2213833;浜松中央区舞阪町;はままつちゅうおうくまいさかちょう
2213834;浜松中央区雄踏;はままつちゅうおうくゆうとう
2213835;浜松中央区江之島町;はままつちゅうおうくえのしまちょう
2213900;浜松浜名区三ヶ日町;はままつはまなくみっかびちょう
2213901;浜松浜名区滝沢町;はままつはまなくたきさわちょう
2213930;浜松浜名区細江町;はままつはまなくほそえちょう
2213932;浜松浜名区西美薗;はままつはまなくにしみその
2214020;浜松天竜区春野町;はままつてんりゅうくはるのちょう
2214022;浜松天竜区佐久間町;はままつてんりゅうくさくまちょう
2214030;浜松天竜区二俣町鹿島;はままつてんりゅうくふたまたちょうかじま
2214034;浜松天竜区水窪町;はままつてんりゅうくみさくぼちょう
2214036;浜松天竜区龍山町;はままつてんりゅうくたつやまちょう
2320100;豊橋市向山;とよはししむかいやま
2320130;豊橋市東松山町;とよはししひがしまつやまちょう
2320732;豊川市赤坂町;とよかわしあかさかちょう
2320735;豊川市小坂井町;とよかわしこざかいちょう
2320736;豊川市諏訪;とよかわしすわ
2320737;豊川市一宮町;とよかわしいちのみやちょう
2320738;豊川市御津町;とよかわしみとちょう
2321420;蒲郡市御幸町;がまごおりしみゆきちょう
2321431;蒲郡市水竹町;がまごおりしみずたけちょう
2322100;新城市乗本;しんしろしのりもと
2322102;新城市作手清岳;しんしろしつくできよおか
2322121;新城市作手高里松風呂;しんしろしつくでたかさとまつふろ
2322122;新城市大野;しんしろしおおの
2322133;新城市作手高里縄手上;しんしろしつくでたかさとなわてかみ
2322134;新城市長篠;しんしろしながしの
2322135;新城市東入船;しんしろしひがしいりふね
2356131;設楽町津具;したらちょうつぐ
2356132;設楽町田口;したらちょうたぐち
2356231;東栄町本郷;とうえいちょうほんごう
2356332;豊根村下黒川;とよねむらしもくろがわ
2356333;豊根村富山;とよねむらとみやま
2323101;田原市石神町;たはらしいしがみちょう
2323102;田原市福江町;たはらしふくえちょう
2323120;田原市古田町;たはらしこだちょう
2323132;田原市田原町;たはらしたはらちょう
2323133;田原市赤羽根町;たはらしあかばねちょう
2310100;名古屋千種区日和町;なごやちくさくひよりちょう
2310240;名古屋東区筒井;なごやひがしくつつい
2310340;名古屋北区萩野通;なごやきたくはぎのどおり
2310440;名古屋西区八筋町;なごやにしくやすじちょう
2310540;名古屋中村区大宮町;なごやなかむらくおおみやちょう
2310630;名古屋中区市役所;なごやなかくしやくしょ
2310632;名古屋中区県庁;なごやなかくけんちょう
2310740;名古屋昭和区阿由知通;なごやしょうわくあゆちどおり
2310840;名古屋瑞穂区塩入町;なごやみずほくしおいりちょう
2310940;名古屋熱田区一番;なごやあつたくいちばん
2311040;名古屋中川区東春田;なごやなかがわくひがしはるた
2311140;名古屋港区金城ふ頭;なごやみなとくきんじょうふとう
2311240;名古屋南区鳴尾;なごやみなみくなるお
2311340;名古屋守山区下志段味;なごやもりやまくしもしだみ
2311420;名古屋緑区有松町;なごやみどりくありまつちょう
2311540;名古屋名東区名東本町;なごやめいとうくめいとうほんまち
2311640;名古屋天白区島田;なごやてんぱくくしまだ
2320201;岡崎市若宮町;おかざきしわかみやちょう
2320231;岡崎市樫山町;おかざきしかしやまちょう
2320300;一宮市千秋;いちのみやしちあき
2320334;一宮市西五城;いちのみやしにしいつしろ
2320335;一宮市木曽川町;いちのみやしきそがわちょう
2320336;一宮市緑;いちのみやしみどり
2320431;瀬戸市追分町;せとしおいわけちょう
2320531;半田市東洋町;はんだしとうようちょう
2320631;春日井市鳥居松町;かすがいしとりいまつちょう
2320831;愛知津島市埋田町;あいちつしましうめだちょう
2320932;碧南市松本町;へきなんしまつもとまち
2321031;刈谷市寿町;かりやしことぶきちょう
2321100;豊田市小坂本町;とよたしこざかほんまち
2321101;豊田市大洞町;とよたしおおぼらちょう
2321120;豊田市小坂町;とよたしこざかちょう
2321121;豊田市藤岡飯野町;とよたしふじおかいいのちょう
2321137;豊田市大沼町;とよたしおおぬまちょう
2321140;豊田市駒場町;とよたしこまばちょう
2321141;豊田市坂上町;とよたしさかうえちょう
2321142;豊田市畝部西町;とよたしうねべにしまち
2321143;豊田市百々町;とよたしどうどちょう
2321144;豊田市保見町;とよたしほみちょう
2321145;豊田市長興寺;とよたしちょうこうじ
2321146;豊田市足助町;とよたしあすけちょう
2321147;豊田市稲武町;とよたしいなぶちょう
2321148;豊田市小原町;とよたしおばらちょう
2321149;豊田市小渡町;とよたしおどちょう
2321220;安城市和泉町;あんじょうしいずみちょう
2321231;安城市横山町;あんじょうしよこやまちょう
2321302;西尾市一色町;にしおしいっしきちょう
2321334;西尾市西幡豆町;にしおしにしはずちょう
2321335;西尾市吉良町;にしおしきらちょう
2321336;西尾市矢曽根町;にしおしやぞねちょう
2321531;犬山市五郎丸;いぬやましごろうまる
2321601;中部国際空港;ちゅうぶこくさいくうこう
2321602;常滑市飛香台;とこなめしあすかだい
2321731;愛知江南市赤童子町;あいちこうなんしあかどうじちょう
2321931;小牧市安田町;こまきしやすだちょう
2322034;稲沢市平和町;いなざわしへいわちょう
2322035;稲沢市稲府町;いなざわしいなぶちょう
2322036;稲沢市祖父江町;いなざわしそぶえちょう
2322231;東海市加木屋町;とうかいしかぎやまち
2322331;大府市中央町;おおぶしちゅうおうちょう
2322420;知多市緑町;ちたしみどりちょう
2322530;知立市弘法;ちりゅうしこうぼう
2322631;尾張旭市東大道町;おわりあさひしひがしだいどうちょう
2322731;高浜市稗田町;たかはましひえだちょう
2322831;岩倉市川井町;いわくらしかわいちょう
2322931;豊明市沓掛町;とよあけしくつかけちょう
2323031;日進市蟹甲町;にっしんしかにこうちょう
2330231;東郷町春木;とうごうちょうはるき
2334231;豊山町豊場;とよやまちょうとよば
2336131;大口町下小口;おおぐちちょうしもおぐち
2336231;扶桑町高雄;ふそうちょうたかお
2342431;大治町馬島;おおはるちょうまじま
2342531;蟹江町蟹江本町;かにえちょうかにえほんまち
2342730;飛島村竹之郷;とびしまむらたけのごう
2344131;阿久比町卯坂;あぐいちょううさか
2344231;東浦町緒川;ひがしうらちょうおがわ
2344500;南知多町豊浜;みなみちたちょうとよはま
2344620;愛知美浜町河和;あいちみはまちょうこうわ
2344731;武豊町長尾山;たけとよちょうながおやま
2350132;幸田町菱池;こうたちょうひしいけ
2323201;愛西市稲葉町;あいさいしいなばちょう
2323233;愛西市石田町;あいさいしいしだちょう
2323234;愛西市江西町;あいさいしえにしちょう
2323235;愛西市諏訪町;あいさいしすわちょう
2323334;清須市須ケ口;きよすしすかぐち
2323336;清須市春日振形;きよすしはるひふりかた
2323337;清須市西枇杷島町住吉;きよすしにしびわじまちょうすみよし
2323338;清須市清洲;きよすしきよす
2323432;北名古屋市西之保;きたなごやしにしのほう
2323433;北名古屋市井瀬木;きたなごやしいせぎ
2323533;弥富市神戸;やとみしかんど
2323534;弥富市前ヶ須町;やとみしまえがすちょう
2323632;愛知みよし市三好町;あいちみよししみよしちょう
2323733;あま市七宝町;あまししっぽうちょう
2323734;あま市木田;あましきだ
2323735;あま市甚目寺;あましじもくじ
2323831;長久手市岩作城の内;ながくてしやざこしろのうち
2420201;四日市市日永;よっかいちしひなが
2420220;四日市市新浜町;よっかいちししんはまちょう
2420230;四日市市諏訪町;よっかいちしすわちょう
2420232;四日市市楠町北五味塚;よっかいちしくすちょうきたごみづか
2420533;桑名市多度町多度;くわなしたどちょうたど
2420534;桑名市長島町松ケ島;くわなしながしまちょうまつがしま
2420535;桑名市中央町;くわなしちゅうおうちょう
2420700;鈴鹿市西条;すずかしにしじょう
2420731;鈴鹿市神戸;すずかしかんべ
2430331;木曽岬町西対海地;きそさきちょうにしたいがんじ
2432430;東員町山田;とういんちょうやまだ
2434131;菰野町潤田;こものちょううるだ
2434330;三重朝日町小向;みえあさひちょうおぶけ
2434431;川越町豊田一色;かわごえちょうとよたいっしき
2421435;いなべ市員弁町笠田新田;いなべしいなべちょうかさだしんでん
2421436;いなべ市大安町丹生川久下;いなべしだいあんちょうにゅうがわひさか
2421437;いなべ市藤原町市場;いなべしふじわらちょういちば
2421438;いなべ市北勢町阿下喜;いなべしほくせいちょうあげき
2421022;亀山市椿世町;かめやましつばいそちょう
2421032;亀山市本丸町;かめやましほんまるちょう
2421033;亀山市関町木崎;かめやましせきちょうこざき
2420100;津市島崎町;つししまざきちょう
2420101;津市片田薬王寺町;つしかただやくおうじちょう
2420130;津市西丸之内;つしにしまるのうち
2420132;津市河芸町浜田;つしかわげちょうはまだ
2420133;津市芸濃町椋本;つしげいのうちょうむくもと
2420134;津市美里町三郷;つしみさとちょうみさと
2420136;津市香良洲町;つしからすちょう
2420140;津市安濃町東観音寺;つしあのうちょうとうかんおんじ
2420142;津市白山町川口;つしはくさんちょうかわぐち
2420143;津市一志町田尻;つしいちしちょうたじり
2420144;津市美杉町八知;つしみすぎちょうやち
2420145;津市久居明神町;つしひさいみょうじんちょう
2420401;松阪市上川町;まつさかしうえがわちょう
2420422;松阪市魚町;まつさかしうおまち
2420432;松阪市曽原町;まつさかしそはらちょう
2420434;松阪市飯高町宮前;まつさかしいいたかちょうみやまえ
2420435;松阪市殿町;まつさかしとのまち
2420436;松阪市飯南町粥見;まつさかしいいなんちょうかゆみ
2420437;松阪市嬉野町;まつさかしうれしのちょう
2420830;名張市鴻之台;なばりしこうのだい
2444133;多気町相可;たきちょうおうか
2444134;多気町朝柄;たきちょうあさがら
2444230;三重明和町馬之上;みえめいわちょううまのうえ
2421601;伊賀市緑ケ丘本町;いがしみどりがおかほんまち
2421620;伊賀市小田町;いがしおたちょう
2421631;伊賀市下柘植;いがししもつげ
2421632;伊賀市島ヶ原;いがししまがはら
2421637;伊賀市四十九町;いがししじゅうくまち
2421638;伊賀市平田;いがしひらた
2421639;伊賀市馬場;いがしばば
2421640;伊賀市阿保;いがしあお
2420901;尾鷲市南陽町;おわせしなんようちょう
2420920;尾鷲市南浦;おわせしみなみうら
2420930;尾鷲市中央町;おわせしちゅうおうちょう
2421220;熊野市有馬町;くまのしありまちょう
2421230;熊野市井戸町;くまのしいどちょう
2421232;熊野市紀和町板屋;くまのしきわちょういたや
2456100;三重御浜町寺谷総合公園;みえみはまちょうてらだにそうごうこうえん
2456131;三重御浜町阿田和;みえみはまちょうあたわ
2456231;紀宝町鵜殿;きほうちょううどの
2456232;紀宝町神内;きほうちょうこうのうち
2447130;三重大紀町滝原;みえたいきちょうたきはら
2447131;三重大紀町錦;みえたいきちょうにしき
2447133;三重大紀町大内山;みえたいきちょうおおうちやま
2447230;南伊勢町五ヶ所浦;みなみいせちょうごかしょうら
2447231;南伊勢町神前浦;みなみいせちょうかみさきうら
2454300;三重紀北町十須;みえきほくちょうじゅうす
2454331;三重紀北町相賀;みえきほくちょうあいが
2454333;三重紀北町東長島;みえきほくちょうひがしながしま
2420301;伊勢市矢持町;いせしやもちちょう
2420321;伊勢市楠部町;いせしくすべちょう
2420334;伊勢市岩淵;いせしいわぶち
2420335;伊勢市二見町茶屋;いせしふたみちょうちゃや
2420336;伊勢市小俣町元町;いせしおばたちょうもとまち
2420337;伊勢市御薗町長屋;いせしみそのちょうながや
2421132;鳥羽市鳥羽;とばしとば
2421502;志摩市志摩町越賀;しまししまちょうこしか
2421521;志摩市志摩町布施田;しまししまちょうふせだ
2421536;志摩市大王町波切;しましだいおうちょうなきり
2421539;志摩市磯部町迫間;しましいそべちょうはさま
2421538;志摩市阿児町鵜方;しましあごちょううがた
2421540;志摩市浜島町浜島;しましはまじまちょうはまじま
2444333;大台町佐原;おおだいちょうさわら
2444334;大台町江馬;おおだいちょうえま
2446131;玉城町田丸;たまきちょうたまる
2447032;度会町棚橋;わたらいちょうたなはし
2520201;彦根市城町;ひこねししろまち
2520220;彦根市西今町;ひこねしにしいまちょう
2520230;彦根市元町;ひこねしもとまち
2520320;長浜市公園町;ながはましこうえんちょう
2520331;長浜市内保町;ながはましうちぼちょう
2520334;長浜市湖北町速水;ながはましこほくちょうはやみ
2520335;長浜市高月町渡岸寺;ながはましたかつきちょうどうがんじ
2520336;長浜市木之本町木之本;ながはましきのもとちょうきのもと
2520337;長浜市余呉町中之郷;ながはましよごちょうなかのごう
2520339;長浜市西浅井町大浦;ながはましにしあざいちょうおおうら
2520340;長浜市八幡東町;ながはましやわたひがしちょう
2520341;長浜市宮部町;ながはましみやべちょう
2520342;長浜市難波町;ながはましなんばちょう
2544130;豊郷町石畑;とよさとちょういしばたけ
2544230;甲良町在士;こうらちょうざいじ
2544330;多賀町多賀;たがちょうたが
2521220;高島市今津町日置前;たかしましいまづちょうひおきまえ
2521221;高島市朽木柏;たかしましくつきかせ
2521230;高島市マキノ町;たかしましまきのちょう
2521232;高島市朽木市場;たかしましくつきいちば
2521235;高島市新旭町;たかしまししんあさひちょう
2521236;高島市勝野;たかしましかつの
2521237;高島市安曇川町;たかしましあどがわちょう
2521238;高島市今津町弘川;たかしましいまづちょうひろかわ
2521434;米原市長岡;まいばらしながおか
2521435;米原市米原;まいばらしまいばら
2542530;愛荘町安孫子;あいしょうちょうあびこ
2542531;愛荘町愛知川;あいしょうちょうえちがわ
2520100;大津市御陵町;おおつしごりょうちょう
2520103;大津市南小松;おおつしみなみこまつ
2520120;大津市国分;おおつしこくぶ
2520121;大津市木戸消防分団;おおつしきどしょうぼうぶんだん
2520131;大津市南郷;おおつしなんごう
2520132;大津市真野;おおつしまの
2520401;近江八幡市桜宮町;おうみはちまんしさくらみやちょう
2520420;近江八幡市出町;おうみはちまんしでまち
2520431;近江八幡市安土町下豊浦;おうみはちまんしあづちちょうしもといら
2520631;草津市草津;くさつしくさつ
2520731;守山市石田町;もりやましいしだちょう
2520830;栗東市安養寺;りっとうしあんようじ
2538331;滋賀日野町河原;しがひのちょうかわら
2538431;竜王町小口;りゅうおうちょうおぐち
2521030;野洲市西河原;やすしにしがわら
2521032;野洲市小篠原;やすしこしのはら
2521120;湖南市中央森北公園;こなんしちゅうおうもりきたこうえん
2521130;湖南市石部中央西庁舎;こなんしいしべちゅうおうにしちょうしゃ
2521131;湖南市中央東庁舎;こなんしちゅうおうひがしちょうしゃ
2520901;甲賀市水口町;こうかしみなくちちょう
2520920;甲賀市甲賀町大久保;こうかしこうかちょうおおくぼ
2520930;甲賀市土山町;こうかしつちやまちょう
2520932;甲賀市甲南町;こうかしこうなんちょう
2520933;甲賀市信楽町;こうかししがらきちょう
2520934;甲賀市甲賀町相模;こうかしこうかちょうさがみ
2521300;東近江市君ヶ畑町;ひがしおうみしきみがはたちょう
2521320;東近江市上二俣町;ひがしおうみしかみふたまたちょう
2521334;東近江市池庄町;ひがしおうみしいけしょうちょう
2521335;東近江市市子川原町;ひがしおうみしいちこかわらちょう
2521337;東近江市山上町;ひがしおうみしやまかみちょう
2521338;東近江市妹町;ひがしおうみしいもとちょう
2521340;東近江市五個荘小幡町;ひがしおうみしごかしょうおばたちょう
2521341;東近江市躰光寺町;ひがしおうみしたいこうじちょう
2521342;東近江市八日市緑町;ひがしおうみしようかいちみどりまち
2620100;福知山市内記;ふくちやましないき
2620120;福知山市長田野町;ふくちやましおさだのちょう
2620130;福知山市三和町千束;ふくちやましみわちょうせんぞく
2620131;福知山市夜久野町額田;ふくちやましやくのちょうぬかた
2620132;福知山市大江町河守;ふくちやましおおえちょうこうもり
2620200;舞鶴市下福井;まいづるししもふくい
2620220;舞鶴市浜;まいづるしはま
2620231;舞鶴市北吸;まいづるしきたすい
2620331;綾部市若竹町;あやべしわかたけちょう
2620530;宮津市柳縄手;みやづしやなぎなわて
2646320;伊根町亀島;いねちょうかめしま
2646331;伊根町日出;いねちょうひで
2621200;京丹後市弥栄町吉沢;きょうたんごしやさかちょうよしさわ
2621221;京丹後市久美浜町広瀬;きょうたんごしくみはまちょうひろせ
2621230;京丹後市峰山町;きょうたんごしみねやまちょう
2621231;京丹後市大宮町;きょうたんごしおおみやちょう
2621233;京丹後市丹後町;きょうたんごしたんごちょう
2621235;京丹後市久美浜市民局;きょうたんごしくみはましみんきょく
2621236;京丹後市網野町;きょうたんごしあみのちょう
2621237;京丹後市弥栄町溝谷;きょうたんごしやさかちょうみぞたに
2646530;与謝野町加悦;よさのちょうかや
2646531;与謝野町岩滝;よさのちょういわたき
2646532;与謝野町四辻;よさのちょうよつつじ
2610142;京都北区大宮西脇台町;きょうときたくおおみやにしわきだいちょう
2610230;京都上京区薮ノ内町;きょうとかみぎょうくやぶのうちちょう
2610321;京都左京区広河原能見町;きょうとさきょうくひろがわらのうみちょう
2610340;京都左京区田中;きょうとさきょうくたなか
2610400;京都中京区西ノ京;きょうとなかぎょうくにしのきょう
2610440;京都中京区河原町御池;きょうとなかぎょうくかわらまちおいけ
2610540;京都東山区清水;きょうとひがしやまくきよみず
2610640;京都下京区河原町塩小路;きょうとしもぎょうくかわらまちしおこうじ
2610740;京都南区西九条;きょうとみなみくにしくじょう
2610830;京都右京区京北周山町;きょうとうきょうくけいほくしゅうざんちょう
2610841;京都右京区太秦;きょうとうきょうくうずまさ
2610940;京都伏見区竹田;きょうとふしみくたけだ
2610941;京都伏見区醍醐;きょうとふしみくだいご
2611020;京都山科区安朱川向町;きょうとやましなくあんしゅかわむかいちょう
2611040;京都山科区西野;きょうとやましなくにしの
2611140;京都西京区樫原;きょうとにしきょうくかたぎはら
2611141;京都西京区大枝;きょうとにしきょうくおおえ
2620400;宇治市宇治琵琶;うじしうじびわ
2620420;宇治市折居台;うじしおりいだい
2620600;亀岡市安町;かめおかしやすまち
2620620;亀岡市余部町;かめおかしあまるべちょう
2620731;城陽市寺田;じょうようしてらだ
2620830;向日市寺戸町;むこうしてらどちょう
2620931;長岡京市開田;ながおかきょうしかいでん
2621030;八幡市八幡;やわたしやわた
2630331;大山崎町円明寺;おおやまざきちょうえんみょうじ
2632230;久御山町田井;くみやまちょうたい
2621130;京田辺市田辺;きょうたなべしたなべ
2634331;井手町井手;いでちょういで
2634431;宇治田原町立川;うじたわらちょうたちかわ
2636430;笠置町笠置;かさぎちょうかさぎ
2636530;和束町釜塚;わづかちょうかまつか
2636631;精華町南稲八妻;せいかちょうみなみいなやづま
2636730;南山城村北大河原;みなみやましろむらきたおおがわら
2640700;京丹波町坂原;きょうたんばちょうさかばら
2640731;京丹波町橋爪;きょうたんばちょうはしづめ
2640732;京丹波町本庄;きょうたんばちょうほんじょう
2640733;京丹波町蒲生;きょうたんばちょうこも
2621330;南丹市美山町島;なんたんしみやまちょうしま
2621333;南丹市日吉町保野田;なんたんしひよしちょうほのだ
2621334;南丹市八木町八木;なんたんしやぎちょうやぎ
2621336;南丹市園部町小桜町;なんたんしそのべちょうこざくらまち
2621432;木津川市加茂町里;きづがわしかもちょうさと
2621433;木津川市木津;きづがわしきづ
2621434;木津川市山城町上狛;きづがわしやましろちょうかみこま
2710231;大阪都島区都島本通;おおさかみやこじまくみやこじまほんどおり
2710330;大阪福島区福島;おおさかふくしまくふくしま
2710431;大阪此花区春日出北;おおさかこのはなくかすができた
2710630;大阪西区九条南;おおさかにしくくじょうみなみ
2710730;大阪港区築港;おおさかみなとくちっこう
2710831;大阪大正区泉尾;おおさかたいしょうくいずお
2710930;大阪天王寺区上本町;おおさかてんのうじくうえほんまち
2711131;大阪浪速区元町;おおさかなにわくもとまち
2711331;大阪西淀川区千舟;おおさかにしよどがわくちぶね
2711420;大阪東淀川区柴島;おおさかひがしよどがわくくにじま
2711430;大阪東淀川区北江口;おおさかひがしよどがわくきたえぐち
2711530;大阪東成区東中本;おおさかひがしなりくひがしなかもと
2711630;大阪生野区舎利寺;おおさかいくのくしゃりじ
2711731;大阪旭区大宮;おおさかあさひくおおみや
2711831;大阪城東区放出西;おおさかじょうとうくはなてんにし
2711930;大阪阿倍野区松崎町;おおさかあべのくまつざきちょう
2712030;大阪住吉区遠里小野;おおさかすみよしくおりおの
2712130;大阪東住吉区杭全;おおさかひがしすみよしくくまた
2712230;大阪西成区岸里;おおさかにしなりくきしのさと
2712330;大阪淀川区木川東;おおさかよどがわくきかわひがし
2712430;大阪鶴見区横堤;おおさかつるみくよこづつみ
2712531;大阪住之江区御崎;おおさかすみのえくみさき
2712630;大阪平野区平野南;おおさかひらのくひらのみなみ
2712730;大阪北区茶屋町;おおさかきたくちゃやまち
2712800;大阪中央区大手前;おおさかちゅうおうくおおてまえ
2712831;大阪中央区大阪府庁;おおさかちゅうおうくおおさかふちょう
2720300;大阪国際空港;おおさかこくさいくうこう
2720320;豊中市曽根南町;とよなかしそねみなみまち
2720330;豊中市中桜塚;とよなかしなかさくらづか
2720430;池田市城南;いけだしじょうなん
2720530;吹田市内本町;すいたしうちほんまち
2720700;高槻市桃園町;たかつきしとうえんちょう
2720720;高槻市立第２中学校;たかつきしりつだいにちゅうがっこう
2720732;高槻市消防本部;たかつきししょうぼうほんぶ
2720931;守口市京阪本通;もりぐちしけいはんほんどおり
2721031;枚方市大垣内;ひらかたしおおがいと
2721130;茨木市東中条町;いばらきしひがしちゅうじょうちょう
2721230;八尾市本町;やおしほんまち
2721530;寝屋川市本町;ねやがわしほんまち
2721831;大東市新町;だいとうししんまち
2722000;箕面市箕面;みのおしみのお
;箕面市今宮;
2722131;柏原市安堂町;かしわらしあんどうちょう
2722330;門真市中町;かどましなかまち
2722430;摂津市三島;せっつしみしま
2722731;東大阪市荒本北;ひがしおおさかしあらもときた
2722930;四條畷市西中野;しじょうなわてしにしなかの
2723030;交野市私部;かたのしきさべ
2730130;島本町若山台;しまもとちょうわかやまだい
2732130;豊能町余野;とよのちょうよの
2732221;能勢町森上;のせちょうもりがみ
2732231;能勢町宿野;のせちょうしゅくの
2720200;岸和田市岸城町;きしわだしきしきちょう
2720221;岸和田市畑町;きしわだしはたまち
2720230;岸和田市役所;きしわだしやくしょ
2720631;泉大津市東雲町;いずみおおつししののめちょう
2720831;貝塚市畠中;かいづかしはたけなか
2721332;泉佐野市りんくう往来;いずみさのしりんくうおうらい
2721333;泉佐野市市場;いずみさのしいちば
2721400;富田林市本町;とんだばやししほんまち
2721430;富田林市高辺台;とんだばやししたかべだい
2721620;河内長野市清見台;かわちながのしきよみだい
2721630;河内長野市原町;かわちながのしはらちょう
2721730;松原市阿保;まつばらしあお
2721932;大阪和泉市府中町;おおさかいずみしふちゅうちょう
2722231;羽曳野市誉田;はびきのしこんだ
2722530;高石市加茂;たかいししかも
2722630;藤井寺市岡;ふじいでらしおか
2722820;泉南市男里;せんなんしおのさと
2722830;泉南市信達市場;せんなんししんだちいちば
2723130;大阪狭山市狭山;おおさかさやましさやま
2723230;阪南市尾崎町;はんなんしおざきちょう
2734132;忠岡町忠岡東;ただおかちょうただおかひがし
2736130;熊取町野田;くまとりちょうのだ
2736200;関西国際空港;かんさいこくさいくうこう
2736230;田尻町嘉祥寺;たじりちょうかしょうじ
2736630;大阪岬町深日;おおさかみさきちょうふけ
2738130;大阪太子町山田;おおさかたいしちょうやまだ
2738230;河南町白木;かなんちょうしらき
2738333;千早赤阪村水分;ちはやあかさかむらすいぶん
2714200;大阪堺市中区深井清水町;おおさかさかいしなかくふかいしみずちょう
2714120;大阪堺市堺区山本町;おおさかさかいしさかいくやまもとちょう
2714131;大阪堺市堺区市役所;おおさかさかいしさかいくしやくしょ
2714132;大阪堺市堺区大浜南町;おおさかさかいしさかいくおおはまみなみまち
2714730;大阪堺市美原区黒山;おおさかさかいしみはらくくろやま
2714330;大阪堺市東区日置荘原寺町;おおさかさかいしひがしくひきしょうはらでらまち
2714431;大阪堺市西区鳳東町;おおさかさかいしにしくおおとりひがしまち
2714531;大阪堺市南区桃山台;おおさかさかいしみなみくももやまだい
2714631;大阪堺市北区新金岡町;おおさかさかいしきたくしんかなおかちょう
2820901;豊岡市桜町;とよおかしさくらまち
2820920;豊岡市出石町;とよおかしいずしちょう
2820933;豊岡市日高町;とよおかしひだかちょう
2820934;豊岡市但東町;とよおかしたんとうちょう
2820935;豊岡市城崎町;とよおかしきのさきちょう
2820937;豊岡市竹野町;とよおかしたけのちょう
2820938;豊岡市中央町;とよおかしちゅうおうちょう
2822220;養父市大屋町;やぶしおおやちょう
2822230;養父市八鹿町;やぶしようかちょう
2822231;養父市広谷;やぶしひろたに
2822233;養父市関宮;やぶしせきのみや
2858500;兵庫香美町香住区三川;ひょうごかみちょうかすみくみかわ
2858520;兵庫香美町香住区香住;ひょうごかみちょうかすみくかすみ
2858521;兵庫香美町村岡区神坂;ひょうごかみちょうむらおかくかんざか
2858532;兵庫香美町小代区;ひょうごかみちょうおじろく
2822500;朝来市和田山町枚田;あさごしわだやまちょうひらた
2822520;朝来市生野町;あさごしいくのちょう
2822521;朝来市和田山町柳原;あさごしわだやまちょうやなぎはら
2822530;朝来市山東町;あさごしさんとうちょう
2822531;朝来市新井;あさごしにい
2858620;新温泉町浜坂;しんおんせんちょうはまさか
2858631;新温泉町湯;しんおんせんちょうゆ
2810130;神戸東灘区住吉東町;こうべひがしなだくすみよしひがしまち
2810230;神戸灘区八幡町;こうべなだくやはたちょう
2810520;神戸兵庫区烏原町;こうべひょうごくからすはらちょう
2810530;神戸兵庫区上沢通;こうべひょうごくかみさわどおり
2810630;神戸長田区神楽町;こうべながたくかぐらちょう
2810730;神戸須磨区若草町;こうべすまくわかくさちょう
2810831;神戸垂水区王居殿;こうべたるみくおういでん
2810930;神戸北区南五葉;こうべきたくみなみごよう
2810931;神戸北区藤原台南町;こうべきたくふじわらだいみなみまち
2811001;神戸中央区脇浜;こうべちゅうおうくわきのはま
2811130;神戸西区竹の台;こうべにしくたけのだい
2820230;尼崎市昭和通;あまがさきししょうわどおり
2820300;明石市中崎;あかししなかさき
2820321;明石市二見;あかししふたみ
2820400;西宮市宮前町;にしのみやしみやまえちょう
2820420;西宮市平木;にしのみやしひらき
2820440;西宮市名塩;にしのみやしなじお
2820631;芦屋市精道町;あしやしせいどうちょう
2820731;伊丹市千僧;いたみしせんぞ
2821000;加古川市加古川町;かこがわしかこがわちょう
2821020;加古川市志方町;かこがわししかたまち
2821320;西脇市上比延町;にしわきしかみひえちょう
2821331;西脇市黒田庄町前坂;にしわきしくろだしょうちょうまえさか
2821431;宝塚市東洋町;たからづかしとうようちょう
2821500;三木市細川町;みきしほそかわちょう
2821520;三木市福井;みきしふくい
2821531;三木市吉川町;みきしよかわちょう
2821633;高砂市荒井町;たかさごしあらいちょう
2821730;川西市中央町;かわにししちゅうおうちょう
2821832;小野市王子町;おのしおうじちょう
2821900;三田市下深田;さんだししもふかた
2821920;三田市下里;さんだししもざと
2822000;加西市下万願寺町;かさいししもまんがんじちょう
2822030;加西市北条町;かさいしほうじょうちょう
2830130;猪名川町紫合;いながわちょうゆうだ
2838130;兵庫稲美町国岡;ひょうごいなみちょうくにおか
2838230;播磨町東本荘;はりまちょうひがしほんじょう
2822100;丹波篠山市北新町;たんばささやましきたしんまち
2822120;丹波篠山市杉;たんばささやましすぎ
2822130;丹波篠山市宮田;たんばささやましみやだ
2822132;丹波篠山市今田町;たんばささやましこんだちょう
2822320;丹波市春日町;たんばしかすがちょう
2822330;丹波市柏原町;たんばしかいばらちょう
2822332;丹波市青垣町;たんばしあおがきちょう
2822334;丹波市市島町;たんばしいちじまちょう
2822335;丹波市氷上町;たんばしひかみちょう
2822336;丹波市山南町;たんばしさんなんちょう
2836533;多可町加美区;たかちょうかみく
2836534;多可町八千代区;たかちょうやちよく
2836535;多可町中区;たかちょうなかく
2822801;加東市社;かとうしやしろ
2822832;加東市河高;かとうしこうたか
2822833;加東市天神;かとうしてんじん
2820100;姫路市神子岡前;ひめじしみこおかまえ
2820120;姫路市安田;ひめじしやすだ
2820131;姫路市夢前町前之庄;ひめじしゆめさきちょうまえのしょう
2820135;姫路市安富町安志;ひめじしやすとみちょうあんじ
2820136;姫路市香寺町中屋;ひめじしこうでらちょうなかや
2820137;姫路市家島町真浦;ひめじしいえしまちょうまうら
2820141;姫路市豊富;ひめじしとよとみ
2820142;姫路市本町;ひめじしほんまち
2820143;姫路市網干;ひめじしあぼし
2820145;姫路市白浜;ひめじししらはま
2820146;姫路市林田;ひめじしはやしだ
2820800;相生市旭;あいおいしあさひ
2821220;赤穂市加里屋;あこうしかりや
2844220;市川町西川辺;いちかわちょうにしかわなべ
2844330;福崎町南田原;ふくさきちょうみなみたわら
2846431;兵庫太子町鵤;ひょうごたいしちょういかるが
2848131;上郡町大持;かみごおりちょうだいもち
2850120;佐用町上月;さようちょうこうづき
2850130;佐用町佐用;さようちょうさよう
2850131;佐用町下徳久;さようちょうしもとくさ
2850133;佐用町三日月;さようちょうみかづき
2822701;宍粟市山崎町中広瀬;しそうしやまさきちょうなかびろせ
2822720;宍粟市山崎町船元;しそうしやまさきちょうふなもと
2822721;宍粟市波賀町;しそうしはがちょう
2822734;宍粟市一宮町;しそうしいちのみやちょう
2822735;宍粟市千種町;しそうしちくさちょう
2822920;たつの市龍野町;たつのしたつのちょう
2822930;たつの市新宮町;たつのししんぐうちょう
2822931;たつの市揖保川町;たつのしいぼがわちょう
2822933;たつの市御津町;たつのしみつちょう
2844631;兵庫神河町寺前;ひょうごかみかわちょうてらまえ
2844632;兵庫神河町新田;ひょうごかみかわちょうしんでん
2820501;洲本市物部;すもとしものべ
2820520;洲本市五色町都志;すもとしごしきちょうつし
2820521;洲本市山手;すもとしやまて
2822401;南あわじ市福良;みなみあわじしふくら
2822420;南あわじ市北阿万;みなみあわじしきたあま
2822430;南あわじ市広田;みなみあわじしひろた
2822433;南あわじ市市;みなみあわじしいち
2822434;南あわじ市湊;みなみあわじしみなと
2822602;淡路市長澤;あわじしながさわ
2822603;淡路市富島;あわじしとしま
2822620;淡路市久留麻;あわじしくるま
2822632;淡路市郡家;あわじしぐんげ
2822633;淡路市志筑;あわじししづき
2822634;淡路市岩屋;あわじしいわや
2920102;奈良市西紀寺町;ならしにしきでらちょう
2920131;奈良市月ヶ瀬尾山;ならしつきがせおやま
2920133;奈良市二条大路南;ならしにじょうおおじみなみ
2920134;奈良市都祁白石町;ならしつげしらいしちょう
2920220;大和高田市野口;やまとたかだしのぐち
2920231;大和高田市大中;やまとたかだしおおなか
2920330;大和郡山市北郡山町;やまとこおりやましきたこおりやまちょう
2920431;天理市川原城町;てんりしかわはらじょうちょう
2920531;橿原市八木町;かしはらしやぎちょう
2920601;桜井市初瀬;さくらいしはせ
2920632;桜井市粟殿;さくらいしおおどの
2920732;五條市大塔町辻堂;ごじょうしおおとうちょうつじどう
2920734;五條市岡口;ごじょうしおかぐち
2920830;御所市役所;ごせしやくしょ
2920930;生駒市東新町;いこましひがししんまち
2921031;香芝市本町;かしばしほんまち
2932231;山添村大西;やまぞえむらおおにし
2934200;平群町鳴川;へぐりちょうなるかわ
2934230;平群町吉新;へぐりちょうよししん
2934330;三郷町勢野西;さんごうちょうせやにし
2934430;斑鳩町法隆寺西;いかるがちょうほうりゅうじにし
2934530;安堵町東安堵;あんどちょうひがしあんど
2936131;奈良川西町結崎;ならかわにしちょうゆうざき
2936231;三宅町伴堂;みやけちょうともんど
2936331;田原本町役場;たわらもとちょうやくば
2938530;曽爾村今井;そにむらいまい
2938630;御杖村菅野;みつえむらすがの
2940131;高取町観覚寺;たかとりちょうかんがくじ
2940231;明日香村橘;あすかむらたちばな
2942430;上牧町上牧;かんまきちょうかんまき
2942531;王寺町王寺;おうじちょうおうじ
2942631;広陵町南郷;こうりょうちょうなんごう
2942730;河合町池部;かわいちょういけべ
2944131;吉野町上市;よしのちょうかみいち
2944201;大淀町桧垣本;おおよどちょうひがいもと
2944330;下市町下市;しもいちちょうしもいち
2944432;黒滝村寺戸;くろたきむらてらど
2944600;天川村洞川;てんかわむらどろがわ
2944631;天川村沢谷;てんかわむらさわたに
2944730;野迫川村北股;のせがわむらきたまた
2944932;十津川村小原;とつかわむらおはら
2945032;下北山村寺垣内;しもきたやまむらてらがいと
2945131;上北山村河合;かみきたやまむらかわい
2945230;奈良川上村迫;ならかわかみむらさこ
2945332;東吉野村小川;ひがしよしのむらおがわ
2921130;葛城市柿本;かつらぎしかきのもと
2921231;宇陀市菟田野松井;うだしうたのまつい
2921232;宇陀市榛原下井足;うだしはいばらしもいだに
2921233;宇陀市室生大野;うだしむろうおおの
2921234;宇陀市大宇陀迫間;うだしおおうだはさま
3020100;和歌山市男野芝丁;わかやましおのしばちょう
3020120;和歌山市一番丁;わかやましいちばんちょう
3020233;海南市南赤坂;かいなんしみなみあかさか
3020234;海南市下津;かいなんししもつ
3020330;橋本市東家;はしもとしとうげ
3020332;橋本市高野口町名倉;はしもとしこうやぐちちょうなぐら
3020401;有田市箕島;ありだしみのしま
3020420;有田市初島町;ありだしはつしまちょう
3020500;御坊市薗;ごぼうしその
3020520;御坊市湯川;ごぼうしゆかわ
3034130;かつらぎ町丁ノ町;かつらぎちょうちょうのまち
3034132;かつらぎ町花園梁瀬;かつらぎちょうはなぞのやなせ
3034330;九度山町九度山;くどやまちょうくどやま
3034401;高野町高野山中学校;こうやちょうこうやさんちゅうがっこう
3034420;高野町役場;こうやちょうやくば
3036131;湯浅町青木;ゆあさちょうあおき
3036231;和歌山広川町広;わかやまひろがわちょうひろ
3038130;和歌山美浜町和田;わかやまみはまちょうわだ
3038230;和歌山日高町高家;わかやまひだかちょうたいえ
3038330;由良町里;ゆらちょうさと
3039032;和歌山印南町印南;わかやまいなみちょういなみ
3039100;みなべ町土井;みなべちょうどい
3039131;みなべ町芝;みなべちょうしば
3039233;日高川町土生;ひだかがわちょうはぶ
3039234;日高川町高津尾;ひだかがわちょうたかつお
3039235;日高川町川原河;ひだかがわちょうかわはらごう
3020801;紀の川市粉河;きのかわしこかわ
3020821;紀の川市那賀総合センター;きのかわしながそうごうせんたー
3020833;紀の川市貴志川町神戸;きのかわしきしがわちょうこうど
3020835;紀の川市西大井;きのかわしにしおおい
3020836;紀の川市桃山町元;きのかわしももやまちょうもと
3030432;紀美野町神野市場;きみのちょうこうのいちば
3030433;紀美野町下佐々;きみのちょうしもささ
3036620;有田川町清水;ありだがわちょうしみず
3036632;有田川町下津野;ありだがわちょうしもつの
3036633;有田川町中井原;ありだがわちょうなかいばら
3020930;岩出市西野;いわでしにしの
3020600;田辺市中辺路町近露;たなべしなかへちちょうちかつゆ
3020630;田辺市中辺路町栗栖川;たなべしなかへちちょうくりすがわ
3020632;田辺市本宮町本宮;たなべしほんぐうちょうほんぐう
3020633;田辺市鮎川;たなべしあゆかわ
3020635;田辺市龍神村西;たなべしりゅうじんむらにし
3020636;田辺市東山;たなべしひがしやま
3020702;新宮市新宮;しんぐうししんぐう
3020720;新宮市磐盾;しんぐうしいわたて
3020730;新宮市熊野川町日足;しんぐうしくまのがわちょうひたり
3040102;白浜町消防本部;しらはまちょうしょうぼうほんぶ
3040130;白浜町日置;しらはまちょうひき
3040430;上富田町朝来;かみとんだちょうあっそ
3040620;すさみ町周参見;すさみちょうすさみ
3042801;串本町潮岬;くしもとちょうしおのみさき
3042820;串本町串本;くしもとちょうくしもと
;串本町上野山;
3042133;那智勝浦町天満;なちかつうらちょうてんま
3042220;太地町太地暖海公園;たいじちょうたいじあたみこうえん
3042230;太地町役場;たいじちょうやくば
3042401;古座川町高池;こざがわちょうたかいけ
3042730;北山村大沼;きたやまむらおおぬま
3120100;鳥取市吉方;とっとりしよしかた
3120120;鳥取市吉成;とっとりしよしなり
3120121;鳥取市鹿野町鹿野小学校;とっとりししかのちょうしかのしょうがっこう
3120131;鳥取市福部町細川;とっとりしふくべちょうほそがわ
3120133;鳥取市用瀬町用瀬;とっとりしもちがせちょうもちがせ
3120134;鳥取市佐治町加瀬木;とっとりしさじちょうかせぎ
3120136;鳥取市鹿野町鹿野;とっとりししかのちょうしかの
3120138;鳥取市国府町宮下;とっとりしこくふちょうみやのした
3120139;鳥取市気高町浜村;とっとりしけたかちょうはまむら
3120140;鳥取市河原町渡一木;とっとりしかわはらちょうわたりひとつぎ
3120141;鳥取市青谷町青谷;とっとりしあおやちょうあおや
3130201;岩美町浦富;いわみちょううらどめ
3132530;鳥取若桜町若桜;とっとりわかさちょうわかさ
3132800;智頭町智頭;ちづちょうちづ
3132930;八頭町郡家;やずちょうこおげ
3132931;八頭町船岡;やずちょうふなおか
3132932;八頭町北山;やずちょうきたやま
3120301;倉吉市岩倉長峯;くらよししいわくらながみね
3120320;倉吉市葵町;くらよししあおいまち
3120330;倉吉市関金町大鳥居;くらよししせきがねちょうおおどりい
3136431;三朝町大瀬;みささちょうおおぜ
3137120;琴浦町赤碕中学校;ことうらちょうあかさきちゅうがっこう
3137131;琴浦町赤碕;ことうらちょうあかさき
3137132;琴浦町徳万;ことうらちょうとくまん
3137030;湯梨浜町久留;ゆりはまちょうひさどめ
3137032;湯梨浜町龍島;ゆりはまちょうりゅうとう
3137033;湯梨浜町泊;ゆりはまちょうとまり
3137231;北栄町由良宿;ほくえいちょうゆらしゅく
3137232;北栄町土下;ほくえいちょうはした
3120202;米子市博労町;よなごしばくろうまち
3120220;米子市東町;よなごしひがしちょう
3120230;米子市淀江町;よなごしよどえちょう
3120401;境港市東本町;さかいみなとしひがしほんまち
3120432;境港市竹内町;さかいみなとしたけのうちちょう
3138431;日吉津村日吉津;ひえづそんひえづ
3138631;大山町御来屋;だいせんちょうみくりや
3138633;大山町末長;だいせんちょうすえなが
3138634;大山町赤坂;だいせんちょうあかざか
3140120;日南町生山;にちなんちょうしょうやま
3140131;日南町霞;にちなんちょうかすみ
3140231;鳥取日野町根雨;とっとりひのちょうねう
3140320;江府町上之段広場;こうふちょうじょうのだんひろば
3140332;江府町江尾;こうふちょうえび
3138930;鳥取南部町法勝寺;とっとりなんぶちょうほっしょうじ
3138931;鳥取南部町天萬;とっとりなんぶちょうてんまん
3139030;伯耆町吉長;ほうきちょうよしなが
3139031;伯耆町溝口;ほうきちょうみぞくち
3220102;松江市西津田;まつえしにしつだ
3220120;松江市学園南;まつえしがくえんみなみ
3220122;松江市美保関総合運動公園;まつえしみほのせきそうごううんどうこうえん
3220144;松江市鹿島町佐陀本郷;まつえしかしまちょうさだほんごう
3220145;松江市玉湯町湯町;まつえしたまゆちょうゆまち
3220146;松江市島根町加賀;まつえししまねちょうかか
3220147;松江市八束町波入;まつえしやつかちょうはにゅう
3220148;松江市東出雲町揖屋;まつえしひがしいずもちょういや
3220149;松江市八雲町西岩坂;まつえしやくもちょうにしいわさか
3220150;松江市宍道町宍道;まつえししんじちょうしんじ
3220301;出雲市今市町;いずもしいまいちちょう
3220302;出雲市坂浦町;いずもしさかうらちょう
3220320;出雲市塩冶有原町;いずもしえんやありはらちょう
3220340;出雲市多伎町小田;いずもしたきちょうおだ
3220341;出雲市佐田町反辺;いずもしさだちょうたんべ
3220342;出雲市湖陵町二部;いずもしこりょうちょうにぶ
3220343;出雲市斐川町上庄原;いずもしひかわちょうかみしょうばら
3220344;出雲市平田町;いずもしひらたちょう
3220345;出雲市大社町杵築南;いずもしたいしゃちょうきづきみなみ
3220620;安来市広瀬町広瀬祖父谷丁;やすぎしひろせちょうひろせおじだにちょう
3220635;安来市伯太町東母里;やすぎしはくたちょうひがしもり
3220636;安来市安来町;やすぎしやすぎちょう
3220900;雲南市大東町大東;うんなんしだいとうちょうだいとう
3220939;雲南市掛合町掛合;うんなんしかけやちょうかけや
3220940;雲南市三刀屋町三刀屋;うんなんしみとやちょうみとや
3220941;雲南市加茂町加茂中;うんなんしかもちょうかもなか
3220942;雲南市吉田町吉田;うんなんしよしだちょうよしだ
3220943;雲南市木次町里方;うんなんしきすきちょうさとがた
3238635;飯南町頓原;いいなんちょうとんばら
3238636;飯南町下赤名;いいなんちょうしもあかな
3234320;奥出雲町横田;おくいずもちょうよこた
3234334;奥出雲町三成;おくいずもちょうみなり
3220201;浜田市大辻町;はまだしおおつじちょう
3220220;浜田市野原町;はまだしのばらちょう
3220237;浜田市金城町下来原;はまだしかなぎちょうしもくるばら
3220238;浜田市三隅町三隅;はまだしみすみちょうみすみ
3220239;浜田市旭町今市;はまだしあさひちょういまいち
3220240;浜田市弥栄町長安本郷;はまだしやさかちょうながやすほんごう
3220241;浜田市殿町;はまだしとのまち
3220400;益田市匹見町石谷;ますだしひきみちょういしだに
3220420;益田市水分町;ますだしみずわけちょう
3220434;益田市常盤町;ますだしときわちょう
3220435;益田市匹見町匹見;ますだしひきみちょうひきみ
3220436;益田市美都町都茂;ますだしみとちょうつも
3220534;大田市仁摩町仁万;おおだしにまちょうにま
3220535;大田市温泉津町小浜;おおだしゆのつちょうこはま
3220536;大田市大田町;おおだしおおだちょう
3220733;江津市江津町;ごうつしごうつちょう
3220734;江津市桜江町川戸;ごうつしさくらえちょうかわど
3244132;川本町川本;かわもとまちかわもと
3250133;津和野町後田;つわのちょううしろだ
3250134;津和野町枕瀬;つわのちょうまくらせ
3244800;島根美郷町君谷;しまねみさとちょうきみたに
3244833;島根美郷町粕淵;しまねみさとちょうかすぶち
3244834;島根美郷町都賀本郷;しまねみさとちょうつがほんごう
3244920;邑南町淀原;おおなんちょうよどはら
3244934;邑南町下口羽;おおなんちょうしもくちば
3244935;邑南町矢上;おおなんちょうやかみ
3244936;邑南町瑞穂支所;おおなんちょうみずほししょ
3250520;吉賀町六日市;よしかちょうむいかいち
3250533;吉賀町柿木村柿木;よしかちょうかきのきむらかきのき
3252531;海士町海士;あまちょうあま
3252620;西ノ島町浦郷小学校;にしのしまちょううらごうしょうがっこう
3252731;知夫村役場;ちぶむらやくば
3252801;隠岐の島町西町;おきのしまちょうにしまち
3252802;隠岐の島町山田;おきのしまちょうやまだ
3252835;隠岐の島町下西;おきのしまちょうしもにし
3252836;隠岐の島町布施;おきのしまちょうふせ
3252837;隠岐の島町都万;おきのしまちょうつま
3252838;隠岐の島町北方;おきのしまちょうきたがた
3320301;津山市林田;つやましはいだ
3320320;津山市小中原;つやましこなかばら
3320330;津山市山北;つやましやまきた
3320333;津山市新野東;つやましにいのひがし
3320334;津山市中北下;つやましなかきたしも
3320336;津山市阿波;つやましあば
3320337;津山市加茂町;つやましかもちょう
3321000;新見市新見;にいみしにいみ
3321020;新見市唐松;にいみしからまつ
3321032;新見市神郷下神代;にいみししんごうしもこうじろ
3321033;新見市哲多町本郷;にいみしてったちょうほんごう
3321034;新見市哲西町矢田;にいみしてっせいちょうやだ
3321035;新見市大佐小阪部;にいみしおおさおさかべ
3321036;新見市千屋実;にいみしちやさね
3358630;新庄村役場;しんじょうそんやくば
3360632;鏡野町井坂;かがみのちょういざか
3360634;鏡野町富西谷;かがみのちょうとみにしだに
3360635;鏡野町竹田;かがみのちょうたけだ
3360636;鏡野町上齋原;かがみのちょうかみさいばら
3362230;勝央町勝間田;しょうおうちょうかつまた
3362330;奈義町豊沢;なぎちょうとよさわ
3364331;西粟倉村影石;にしあわくらそんかげいし
3366332;久米南町下弓削;くめなんちょうしもゆげ
3366633;岡山美咲町久木;おかやまみさきちょうひさぎ
3366634;岡山美咲町原田;おかやまみさきちょうはらだ
3321420;真庭市下方;まにわししもがた
3321422;真庭市禾津;まにわしいなつ
3321430;真庭市下呰部;まにわししもあざえ
3321431;真庭市勝山;まにわしかつやま
3321433;真庭市豊栄;まにわしとよさか
3321438;真庭市蒜山下和;まにわしひるぜんしたお
3321439;真庭市蒜山下福田;まにわしひるぜんしもふくだ
3321440;真庭市美甘;まにわしみかも
3321441;真庭市蒜山上福田;まにわしひるぜんかみふくだ
3321442;真庭市久世;まにわしくせ
3321443;真庭市落合垂水;まにわしおちあいたるみ
3321500;美作市尾谷;みまさかしおたに
3321530;美作市真加部;みまさかしまかべ
3321531;美作市古町;みまさかしふるまち
3321535;美作市福本;みまさかしふくもと
3321536;美作市江見;みまさかしえみ
3321537;美作市太田;みまさかしおおた
3321538;美作市美来;みまさかしみらい
3320200;倉敷市新田;くらしきししんでん
3320220;倉敷市沖;くらしきしおき
3320221;倉敷市下津井;くらしきししもつい
3320230;倉敷市白楽町;くらしきしばくろちょう
3320232;倉敷市真備町;くらしきしまびちょう
3320233;倉敷市児島小川町;くらしきしこじまおがわちょう
3320234;倉敷市水島北幸町;くらしきしみずしまきたさいわいちょう
3320235;倉敷市玉島阿賀崎;くらしきしたましまあがさき
3320236;倉敷市船穂町;くらしきしふなおちょう
3320431;玉野市田井;たまのしたい
3320520;笠岡市殿川;かさおかしとのかわ
3320530;笠岡市笠岡;かさおかしかさおか
3320732;井原市井原町;いばらしいばらちょう
3320733;井原市美星町;いばらしびせいちょう
3320734;井原市芳井町;いばらしよしいちょう
3320834;総社市地頭片山;そうじゃしじとうかたやま
3320835;総社市清音軽部;そうじゃしきよねかるべ
3320836;総社市小寺;そうじゃしこでら
3320920;高梁市原田南町;たかはししはらだみなみちょう
3320934;高梁市備中町;たかはししびっちゅうちょう
3320935;高梁市有漢町;たかはししうかんちょう
3320936;高梁市松原通;たかはししまつばらどおり
3320937;高梁市成羽町;たかはししなりわちょう
3320938;高梁市川上町;たかはししかわかみちょう
3321100;備前市伊部;びぜんしいんべ
3321121;備前市福田;びぜんしふくだ
3321131;備前市日生町;びぜんしひなせちょう
3321133;備前市吉永町;びぜんしよしながちょう
3321134;備前市東片上;びぜんしひがしかたかみ
3334630;和気町尺所;わけちょうしゃくそ
3334632;和気町矢田;わけちょうやた
3342330;早島町前潟;はやしまちょうまえがた
3344530;里庄町里見;さとしょうちょうさとみ
3346130;矢掛町矢掛;やかげちょうやかげ
3368130;吉備中央町下加茂;きびちゅうおうちょうしもがも
3368131;吉備中央町豊野;きびちゅうおうちょうとよの
3321231;瀬戸内市牛窓町;せとうちしうしまどちょう
3321232;瀬戸内市邑久町;せとうちしおくちょう
3321234;瀬戸内市長船町;せとうちしおさふねちょう
3321300;赤磐市上市;あかいわしかみいち
3321330;赤磐市町苅田;あかいわしまちかんだ
3321332;赤磐市周匝;あかいわしすさい
3321333;赤磐市松木;あかいわしまつき
3321600;浅口市天草公園;あさくちしあまくさこうえん
3321632;浅口市寄島町;あさくちしよりしまちょう
3321633;浅口市鴨方町;あさくちしかもがたちょう
3321634;浅口市金光町;あさくちしこんこうちょう
3310100;岡山北区桑田町;おかやまきたくくわだちょう
3310101;岡山北区足守;おかやまきたくあしもり
3310120;岡山北区新屋敷;おかやまきたくしんやしき
3310131;岡山北区御津金川;おかやまきたくみつかながわ
3310132;岡山北区建部町;おかやまきたくたけべちょう
3310231;岡山中区浜;おかやまなかくはま
3310330;岡山東区瀬戸町;おかやまひがしくせとちょう
3310332;岡山東区西大寺南;おかやまひがしくさいだいじみなみ
3310430;岡山南区片岡;おかやまみなみくかたおか
3310431;岡山南区浦安南町;おかやまみなみくうらやすみなみまち
3420900;広島三次市十日市中;ひろしまみよししとうかいちなか
3420920;広島三次市三次町;ひろしまみよししみよしまち
3420921;広島三次市甲奴図書館;ひろしまみよししこうぬとしょかん
3420933;広島三次市布野町;ひろしまみよししふのちょう
3420934;広島三次市作木町;ひろしまみよししさくぎちょう
3420937;広島三次市三和町;ひろしまみよししみわちょう
3420938;広島三次市三良坂町;ひろしまみよししみらさかちょう
3420939;広島三次市君田町;ひろしまみよししきみたちょう
3420941;広島三次市吉舎町;ひろしまみよししきさちょう
3421000;庄原市西城町熊野;しょうばらしさいじょうちょうくまの
3421020;庄原市西城町大佐;しょうばらしさいじょうちょうおおさ
3421021;庄原市東城町;しょうばらしとうじょうちょう
3421022;庄原市高野町;しょうばらしたかのちょう
3421031;庄原市総領町;しょうばらしそうりょうちょう
3421034;庄原市口和町;しょうばらしくちわちょう
3421036;庄原市比和町;しょうばらしひわちょう
3421037;庄原市中本町;しょうばらしなかほんまち
3421421;安芸高田市向原町長田;あきたかたしむかいはらちょうながた
3421431;安芸高田市八千代町;あきたかたしやちよちょう
3421433;安芸高田市高宮町;あきたかたしたかみやちょう
3421435;安芸高田市向原町;あきたかたしむかいはらちょう
3421437;安芸高田市吉田町;あきたかたしよしだちょう
3421438;安芸高田市美土里町;あきたかたしみどりちょう
3421439;安芸高田市甲田町;あきたかたしこうだちょう
3436830;安芸太田町加計;あきおおたちょうかけ
3436833;安芸太田町中筒賀;あきおおたちょうなかつつが
3436834;安芸太田町戸河内;あきおおたちょうとごうち
3436901;北広島町都志見;きたひろしまちょうつしみ
3436902;北広島町有田;きたひろしまちょうありだ
3436920;北広島町豊平郵便局;きたひろしまちょうとよひらゆうびんきょく
3436921;北広島町川小田;きたひろしまちょうかわこだ
3436931;北広島町大朝;きたひろしまちょうおおあさ
3420400;三原市円一町;みはらしえんいちちょう
3420401;広島空港;ひろしまくうこう
3420420;三原市館町;みはらしやかたまち
3420433;三原市大和町;みはらしだいわちょう
3420436;三原市久井町;みはらしくいちょう
3420437;三原市本郷南;みはらしほんごうみなみ
3420520;尾道市長江;おのみちしながえ
3420522;尾道市因島土生町;おのみちしいんのしまはぶちょう
3420535;尾道市向島町;おのみちしむかいしまちょう
3420537;尾道市瀬戸田町;おのみちしせとだちょう
3420538;尾道市御調町;おのみちしみつぎちょう
3420539;尾道市久保;おのみちしくぼ
3420700;福山市松永町;ふくやましまつながちょう
3420720;福山市東桜町;ふくやましひがしさくらまち
3420731;福山市駅家町;ふくやましえきやちょう
3420739;福山市鞆町;ふくやましともちょう
3420740;福山市新市町;ふくやまししんいちちょう
3420741;福山市沼隈町;ふくやましぬまくまちょう
3420743;福山市神辺町;ふくやましかんなべちょう
3420744;福山市内海町;ふくやましうつみちょう
3420821;広島府中市府川町;ひろしまふちゅうしふかわちょう
3420832;広島府中市上下町上下;ひろしまふちゅうしじょうげちょうじょうげ
3446220;世羅町東神崎;せらちょうひがしかんざき
3446231;世羅町西上原;せらちょうにしうえはら
3446232;世羅町小国;せらちょうおぐに
3454520;神石高原町油木;じんせきこうげんちょうゆき
3454534;神石高原町高光;じんせきこうげんちょうたかみつ
3454535;神石高原町下豊松;じんせきこうげんちょうしもとよまつ
3454536;神石高原町小畠;じんせきこうげんちょうこばたけ
3410100;広島中区上八丁堀;ひろしまなかくかみはっちょうぼり
3410120;広島中区羽衣町;ひろしまなかくはごろもちょう
3410231;広島東区福田;ひろしまひがしくふくだ
3410330;広島南区宇品海岸;ひろしまみなみくうじなかいがん
3410430;広島西区己斐;ひろしまにしくこい
3410531;広島安佐南区祇園;ひろしまあさみなみくぎおん
3410630;広島安佐北区可部南;ひろしまあさきたくかべみなみ
3410730;広島安芸区中野;ひろしまあきくなかの
3410830;広島佐伯区利松;ひろしまさえきくとしまつ
3410832;広島佐伯区湯来町和田;ひろしまさえきくゆきちょうわだ
3420200;呉市宝町;くれしたからまち
3420202;呉市音戸中学校;くれしおんどちゅうがっこう
3420221;呉市二河町;くれしにこうちょう
3420230;呉市広;くれしひろ
3420232;呉市郷原町;くれしごうはらちょう
3420234;呉市下蒲刈町;くれししもかまがりちょう
3420240;呉市豊浜町;くれしとよはまちょう
3420242;呉市焼山;くれしやけやま
3420243;呉市川尻町;くれしかわじりちょう
3420244;呉市音戸町;くれしおんどちょう
3420245;呉市蒲刈町;くれしかまがりちょう
3420246;呉市安浦町;くれしやすうらちょう
3420247;呉市豊町;くれしゆたかまち
3421130;大竹市小方;おおたけしおがた
3421200;東広島市黒瀬町;ひがしひろしましくろせちょう
3421220;東広島市西条栄町;ひがしひろしましさいじょうさかえまち
3421235;東広島市福富町;ひがしひろしましふくとみちょう
3421236;東広島市豊栄町;ひがしひろしましとよさかちょう
3421237;東広島市河内町;ひがしひろしましこうちちょう
3421238;東広島市安芸津町;ひがしひろしましあきつちょう
3421320;廿日市市大野;はつかいちしおおの
3421330;廿日市市下平良;はつかいちししもへら
3421335;廿日市市宮島町;はつかいちしみやじまちょう
3421336;廿日市市津田;はつかいちしつた
3421337;廿日市市吉和;はつかいちしよしわ
3430231;府中町大通り;ふちゅうちょうおおどおり
3430431;海田町役場;かいたちょうやくば
3430731;熊野町役場;くまのちょうやくば
3430930;坂町役場;さかちょうやくば
3421530;江田島市江田島町;えたじましえたじまちょう
3421534;江田島市大柿町;えたじましおおがきちょう
3421535;江田島市能美町;えたじましのうみちょう
3421536;江田島市沖美町;えたじましおきみちょう
3420320;竹原市中央;たけはらしちゅうおう
3443134;大崎上島町中野;おおさきかみじまちょうなかの
3443135;大崎上島町木江;おおさきかみじまちょうきのえ
3443136;大崎上島町東野;おおさきかみじまちょうひがしの
3620101;徳島市大和町;とくしましやまとちょう
3620120;徳島市津田町;とくしましつだちょう
3620131;徳島市新蔵町;とくしまししんくらちょう
3620202;鳴門市撫養町;なるとしむやちょう
3620220;鳴門市鳴門町;なるとしなるとちょう
3620332;小松島市横須町;こまつしましよこすちょう
3632130;佐那河内村下;さなごうちそんしも
3634132;石井町高川原;いしいちょうたかがわら
3634231;神山町神領;かみやまちょうじんりょう
3640131;松茂町広島;まつしげちょうひろしま
3640231;北島町中村;きたじまちょうなかむら
3640331;藍住町奥野;あいずみちょうおくの
3640431;板野町大寺;いたのちょうおおてら
3640531;上板町七條;かみいたちょうしちじょう
3620500;吉野川市鴨島町;よしのがわしかもじまちょう
3620533;吉野川市川島町;よしのがわしかわしまちょう
3620534;吉野川市山川町;よしのがわしやまかわちょう
3620535;吉野川市美郷;よしのがわしみさと
3620701;美馬市穴吹ふれスポ公園;みましあなぶきふれすぽこうえん
3620702;美馬市脇町;みましわきまち
3620720;美馬市木屋平;みましこやだいら
3620732;美馬市美馬町;みましみまちょう
3620733;美馬市穴吹町;みましあなぶきちょう
3646821;つるぎ町貞光;つるぎちょうさだみつ
3646832;つるぎ町半田;つるぎちょうはんだ
3646833;つるぎ町一宇;つるぎちょういちう
3620621;阿波市市場町;あわしいちばちょう
3620634;阿波市土成町;あわしどなりちょう
3620635;阿波市阿波町;あわしあわちょう
3620636;阿波市吉野町;あわしよしのちょう
3620802;徳島三好市池田町サラダ;とくしまみよししいけだちょうさらだ
3620820;徳島三好市池田中学校;とくしまみよししいけだちゅうがっこう
3620822;徳島三好市東祖谷;とくしまみよししひがしいや
3620834;徳島三好市三野町;とくしまみよししみのちょう
3620836;徳島三好市井川町;とくしまみよししいかわちょう
3620838;徳島三好市西祖谷山村;とくしまみよししにしいややまむら
3620839;徳島三好市山城町;とくしまみよししやましろちょう
3648932;東みよし町昼間;ひがしみよしちょうひるま
3648933;東みよし町加茂;ひがしみよしちょうかも
3620400;阿南市富岡町;あなんしとみおかちょう
3620420;阿南市山口町;あなんしやまぐちちょう
3620432;阿南市那賀川町;あなんしなかがわちょう
3620434;阿南市羽ノ浦町;あなんしはのうらちょう
3630131;勝浦町久国;かつうらちょうひさくに
3630220;上勝町旭;かみかつちょうあさひ
3638320;牟岐町中村;むぎちょうなかむら
3636800;那賀町横石;なかちょうよこいし
3636820;那賀町木頭和無田;なかちょうきとうわむだ
3636830;那賀町和食;なかちょうわじき
3636836;那賀町木沢;なかちょうきさわ
3636837;那賀町延野;なかちょうのぶの
3636838;那賀町上那賀;なかちょうかみなか
3638720;美波町西の地;みなみちょうにしのじ
3638731;美波町奥河内;みなみちょうおくがわち
3638833;海陽町大里;かいようちょうおおざと
3638834;海陽町奥浦;かいようちょうおくうら
3638836;海陽町宍喰浦;かいようちょうししくいうら
3720101;高松空港;たかまつくうこう
3720102;高松市伏石町;たかまつしふせいしちょう
3720120;高松市扇町;たかまつしおうぎまち
3720131;高松市塩江町;たかまつししおのえちょう
3720134;高松市香川町;たかまつしかがわちょう
3720137;高松市庵治町;たかまつしあじちょう
3720138;高松市香南町;たかまつしこうなんちょう
3720139;高松市国分寺町;たかまつしこくぶんじちょう
3720140;高松市牟礼町;たかまつしむれちょう
3720141;高松市番町;たかまつしばんちょう
3720701;東かがわ市西村;ひがしかがわしにしむら
3720721;東かがわ市南野;ひがしかがわしみなみの
3720733;東かがわ市引田;ひがしかがわしひけた
3720734;東かがわ市湊;ひがしかがわしみなと
3732201;土庄町淵崎;とのしょうちょうふちざき
3732221;土庄町大部;とのしょうちょうおおべ
3734130;三木町氷上;みきちょうひかみ
3736432;直島町役場;なおしまちょうやくば
3720620;さぬき市長尾総合公園;さぬきしながおそうごうこうえん
3720632;さぬき市志度;さぬきししど
3720638;さぬき市寒川町;さぬきしさんがわまち
3720639;さぬき市長尾東;さぬきしながおひがし
3720640;さぬき市津田町;さぬきしつだまち
3720641;さぬき市大川町;さぬきしおおかわまち
3732420;小豆島町馬木;しょうどしまちょううまき
3732433;小豆島町池田;しょうどしまちょういけだ
3732434;小豆島町片城;しょうどしまちょうかたじょう
3720221;丸亀市新田町;まるがめししんでんちょう
3720233;丸亀市綾歌町;まるがめしあやうたちょう
3720234;丸亀市飯山町;まるがめしはんざんちょう
3720235;丸亀市大手町;まるがめしおおてちょう
3720300;坂出市王越町;さかいでしおうごしちょう
3720332;坂出市久米町;さかいでしくめちょう
3720432;善通寺市文京町;ぜんつうじしぶんきょうちょう
3720501;観音寺市坂本町;かんおんじしさかもとちょう
3720520;観音寺市瀬戸町;かんおんじしせとちょう
3720532;観音寺市大野原町;かんおんじしおおのはらちょう
3720533;観音寺市豊浜町;かんおんじしとよはまちょう
3738631;宇多津町役場;うたづちょうやくば
3740330;琴平町榎井;ことひらちょうえない
3740400;多度津町家中;たどつちょうかちゅう
3740432;多度津町栄町;たどつちょうさかえまち
3720833;三豊市豊中町;みとよしとよなかちょう
3720835;三豊市仁尾町;みとよしにおちょう
3720836;三豊市財田町;みとよしさいたちょう
3720837;三豊市山本町;みとよしやまもとちょう
3720838;三豊市高瀬町;みとよしたかせちょう
3720841;三豊市三野町;みとよしみのちょう
3720842;三豊市詫間町;みとよしたくまちょう
3740630;まんのう町造田;まんのうちょうそうだ
3740633;まんのう町吉野下;まんのうちょうよしのしも
3740634;まんのう町生間;まんのうちょういかま
3738732;綾川町山田下;あやがわちょうやまだしも
3738733;綾川町滝宮;あやがわちょうたきのみや
3820200;今治市南宝来町二丁目;いまばりしみなみほうらいちょうにちょうめ
3820230;今治市朝倉北;いまばりしあさくらきた
3820231;今治市玉川町;いまばりしたまがわちょう
3820233;今治市大西町;いまばりしおおにしちょう
3820234;今治市菊間町;いまばりしきくまちょう
3820235;今治市吉海町;いまばりしよしうみちょう
3820236;今治市宮窪町;いまばりしみやくぼちょう
3820238;今治市上浦町;いまばりしかみうらちょう
3820239;今治市大三島町;いまばりしおおみしまちょう
3820242;今治市関前岡村;いまばりしせきぜんおかむら
3820243;今治市波方町;いまばりしなみかたちょう
3820244;今治市伯方町;いまばりしはかたちょう
3820500;新居浜市一宮町;にいはましいっくちょう
3820520;新居浜市中筋町;にいはましなかすじちょう
3820532;新居浜市別子山;にいはましべっしやま
3820600;西条市丹原町鞍瀬;さいじょうしたんばらちょうくらせ
3820620;西条市周布;さいじょうししゅう
3820630;西条市新田;さいじょうししんでん
3820632;西条市丹原町池田;さいじょうしたんばらちょういけだ
3820633;西条市小松町;さいじょうしこまつちょう
3821321;四国中央市中曽根町;しこくちゅうおうしなかぞねちょう
3821332;四国中央市土居町;しこくちゅうおうしどいちょう
3821333;四国中央市金生町;しこくちゅうおうしきんせいちょう
3821334;四国中央市新宮町;しこくちゅうおうししんぐうちょう
3835630;上島町魚島;かみじまちょううおしま
3835632;上島町生名;かみじまちょういきな
3835635;上島町弓削;かみじまちょうゆげ
3835636;上島町岩城;かみじまちょういわぎ
3820101;松山市北持田町;まつやましきたもちだまち
3820120;松山市富久町;まつやましとみひさまち
3820121;松山市北条辻;まつやましほうじょうつじ
3820130;松山市中島大浦;まつやましなかじまおおうら
3821020;伊予市下吾川;いよししもあがわ
3821031;伊予市双海町;いよしふたみちょう
3821032;伊予市中山町;いよしなかやまちょう
3840130;愛媛松前町筒井;えひめまさきちょうつつい
3840220;砥部町総津;とべちょうそうづ
3840230;砥部町宮内;とべちょうみやうち
3838620;久万高原町東川;くまこうげんちょうひがしがわ
3838630;久万高原町久万;くまこうげんちょうくま
3838632;久万高原町柳井川;くまこうげんちょうやないがわ
3838633;久万高原町渋草;くまこうげんちょうしぶくさ
3821520;東温市南方;とうおんしみなみがた
3821530;東温市見奈良;とうおんしみなら
3820300;宇和島市住吉町;うわじましすみよしちょう
3820320;宇和島市丸穂;うわじましまるお
3820332;宇和島市津島町;うわじましつしまちょう
3820333;宇和島市吉田町;うわじましよしだちょう
3820334;宇和島市三間町;うわじましみまちょう
3820400;八幡浜市広瀬;やわたはましひろせ
3820420;八幡浜市五反田;やわたはましごたんだ
3820430;八幡浜市保内町;やわたはましほないちょう
3820700;大洲市豊茂;おおずしとよしげ
3820721;大洲市肱川町;おおずしひじかわちょう
3820722;大洲市長浜;おおずしながはま
3820730;大洲市大洲;おおずしおおず
3820731;大洲市河辺町;おおずしかわべちょう
3842230;内子町内子;うちこちょううちこ
3842232;内子町平岡;うちこちょうひらおか
3842233;内子町小田;うちこちょうおだ
3844220;伊方町三崎;いかたちょうみさき
3844231;伊方町湊浦;いかたちょうみなとうら
3844232;伊方町三机;いかたちょうみつくえ
3848431;松野町松丸;まつのちょうまつまる
3821400;西予市野村町;せいよしのむらちょう
3821433;西予市城川町;せいよししろかわちょう
3821434;西予市宇和町;せいよしうわちょう
3821435;西予市三瓶町;せいよしみかめちょう
3821436;西予市明浜町;せいよしあけはまちょう
3850620;愛南町船越;あいなんちょうふなこし
3850630;愛南町柏;あいなんちょうかしわ
3850631;愛南町御荘;あいなんちょうみしょう
3850633;愛南町一本松;あいなんちょういっぽんまつ
3850634;愛南町城辺;あいなんちょうじょうへん
3848800;愛媛鬼北町成川;えひめきほくちょうなるかわ
3848831;愛媛鬼北町下鍵山;えひめきほくちょうしもかぎやま
3848832;愛媛鬼北町近永;えひめきほくちょうちかなが
3920201;室戸市吉良川町;むろとしきらがわちょう
3920202;室戸市室戸岬町;むろとしむろとみさきちょう
3920230;室戸市浮津;むろとしうきつ
3920300;安芸市西浜;あきしにしはま
3920320;安芸市矢ノ丸;あきしやのまる
3930120;東洋町生見;とうようちょういくみ
3930230;奈半利町役場;なはりちょうやくば
3930330;田野町役場;たのちょうやくば
3930433;安田町安田;やすだちょうやすだ
3930531;北川村野友;きたがわむらのとも
3930630;馬路村馬路;うまじむらうまじ
3930731;芸西村和食;げいせいむらわじき
3920100;高知市本町;こうちしほんまち
3920101;高知市春野町芳原;こうちしはるのちょうよしはら
3920120;高知市丸ノ内;こうちしまるのうち
3920132;高知市土佐山;こうちしとさやま
3920136;高知市鏡小浜;こうちしかがみこはま
3920430;南国市オオソネ;なんこくしおおそね
3920520;土佐市蓮池;とさしはすいけ
3920600;須崎市山手町;すさきしやまてちょう
3920620;須崎市西糺町;すさきしにしただすまち
3934131;本山町本山;もとやまちょうもとやま
3934421;大豊町黒石;おおとよちょうくろいし
3934430;大豊町高須;おおとよちょうたかす
3936331;土佐町土居;とさちょうどい
3936431;大川村小松;おおかわむらこまつ
3940230;佐川町役場;さかわちょうやくば
3940330;越知町越知;おちちょうおち
3941032;日高村本郷;ひだかむらほんごう
3938620;いの町脇ノ山;いのちょうわきのやま
3938633;いの町上八川;いのちょうかみやかわ
3938635;いの町役場;いのちょうやくば
3938636;いの町長沢;いのちょうながさわ
3938730;仁淀川町土居;によどがわちょうどい
3938732;仁淀川町森;によどがわちょうもり
3938733;仁淀川町大崎;によどがわちょうおおさき
3921135;高知香南市香我美町下分;こうちこうなんしかがみちょうしもぶん
3921136;高知香南市夜須町坪井;こうちこうなんしやすちょうつぼい
3921137;高知香南市赤岡支所;こうちこうなんしあかおかししょ
3921138;高知香南市野市町西野;こうちこうなんしのいちちょうにしの
3921134;高知香南市吉川町吉原;こうちこうなんしよしかわちょうよしはら
3921200;香美市土佐山田町宝町;かみしとさやまだちょうたからまち
3921201;香美市物部町神池;かみしものべちょうかみいけ
3921220;香美市土佐山田町岩積;かみしとさやまだちょういわづみ
3921233;香美市香北町美良布;かみしかほくちょうびらふ
3921234;香美市物部町大栃;かみしものべちょうおおどち
3920801;宿毛市小筑紫町田ノ浦;すくもしこづくしちょうたのうら
3920820;宿毛市桜町;すくもしさくらまち
3920901;土佐清水市有永;とさしみずしありなが
3920902;土佐清水市足摺岬;とさしみずしあしずりみさき
3920921;土佐清水市松尾;とさしみずしまつお
3920930;土佐清水市天神町;とさしみずしてんじんちょう
3940131;中土佐町大野見吉野;なかとさちょうおおのみよしの
3940132;中土佐町久礼;なかとさちょうくれ
3940521;梼原町広野;ゆすはらちょうひろの
3940532;梼原町梼原;ゆすはらちょうゆすはら
3942430;大月町弘見;おおつきちょうひろみ
3942730;三原村来栖野;みはらむらくるすの
3921032;四万十市古津賀;しまんとしこつか
3921033;四万十市西土佐江川崎;しまんとしにしとさえかわさき
3941200;四万十町窪川中津川;しまんとちょうくぼかわなかつがわ
3941220;四万十町大正;しまんとちょうたいしょう
3941233;四万十町十川;しまんとちょうとおかわ
3941234;四万十町琴平町;しまんとちょうことひらまち
3942801;黒潮町入野;くろしおちょういりの
3942820;黒潮町佐賀;くろしおちょうさが
3941131;高知津野町力石;こうちつのちょうちからいし
3941132;高知津野町永野;こうちつのちょうながの
3520401;萩市土原;はぎしひじわら
3520402;萩市見島宇津;はぎしみしまうつ
3520432;萩市川上;はぎしかわかみ
3520433;萩市下田万;はぎししもたま
3520438;萩市江向;はぎしえむかい
3520439;萩市吉部;はぎしきべ
3520440;萩市須佐;はぎしすさ
3520441;萩市明木;はぎしあきらぎ
3520442;萩市福井;はぎしふくい
3520443;萩市見島本村;はぎしみしまほんむら
3521121;長門市深川中学校;ながとしふかわちゅうがっこう
3521132;長門市日置;ながとしへき
3521134;長門市東深川;ながとしひがしふかわ
3521136;長門市三隅;ながとしみすみ
3521137;長門市新別名;ながとししんべつみょう
3521335;美祢市大嶺町;みねしおおみねちょう
3521336;美祢市美東町大田;みねしみとうちょうおおた
3521337;美祢市秋芳町秋吉;みねししゅうほうちょうあきよし
3550231;阿武町奈古;あぶちょうなご
3520100;下関市竹崎;しものせきしたけざき
3520102;下関市豊浦町川棚;しものせきしとようらちょうかわたな
3520120;下関市清末陣屋;しものせきしきよすえじんや
3520121;下関市豊浦町浄水場;しものせきしとようらちょうじょうすいじょう
3520138;下関市豊北町角島;しものせきしほうほくちょうつのしま
3520140;下関市豊北町滝部;しものせきしほうほくちょうたきべ
3520143;下関市豊田町殿敷;しものせきしとよたちょうとのしき
3520144;下関市役所;しものせきしやくしょ
3520145;下関市菊川町下岡枝;しものせきしきくがわちょうしもおかえだ
3520201;宇部市野中;うべしのなか
3520220;宇部市東須恵;うべしひがしすえ
3520233;宇部市常盤町;うべしときわちょう
3520234;宇部市船木;うべしふなき
3521632;山陽小野田市日の出;さんようおのだしひので
3521633;山陽小野田市鴨庄;さんようおのだしかものしょう
3520803;岩国市今津;いわくにしいまづ
3520823;岩国市横山;いわくにしよこやま
3520824;岩国市玖珂町阿山;いわくにしくがまちあやま
3520825;岩国市美川町高ケ原;いわくにしみかわまちたかがはら
3520840;岩国市由宇町;いわくにしゆうまち
3520843;岩国市美和町生見;いわくにしみわまちいきみ
3520847;岩国市本郷町本郷;いわくにしほんごうまちほんごう
3520848;岩国市錦町広瀬;いわくにしにしきまちひろせ
3520849;岩国市美川町四馬神;いわくにしみかわまちしめがみ
3520850;岩国市周東町下久原;いわくにししゅうとうまちしもくばら
3520851;岩国市玖珂支所;いわくにしくがししょ
3521034;光市中央;ひかりしちゅうおう
3521036;光市岩田;ひかりしいわた
3521233;柳井市南町;やないしみなみまち
3521234;柳井市大畠;やないしおおばたけ
3532132;和木町和木;わきちょうわき
3534122;上関町室津;かみのせきちょうむろつ
3534133;上関町長島;かみのせきちょうながしま
3534302;田布施町下田布施;たぶせちょうしもたぶせ
3534433;平生町平生;ひらおちょうひらお
3530521;周防大島町平野;すおうおおしまちょうひらの
3530536;周防大島町小松;すおうおおしまちょうこまつ
3530537;周防大島町西安下庄;すおうおおしまちょうにしあげのしょう
3530539;周防大島町久賀;すおうおおしまちょうくか
3530540;周防大島町東和総合支所;すおうおおしまちょうとうわそうごうししょ
3520302;山口市前町;やまぐちしまえまち
3520322;山口市秋穂二島;やまぐちしあいおふたじま
3520323;山口市阿東生雲;やまぐちしあとういくも
3520340;山口市秋穂東;やまぐちしあいおひがし
3520341;山口市小郡下郷;やまぐちしおごおりしもごう
3520346;山口市阿東徳佐;やまぐちしあとうとくさ
3520348;山口市阿知須;やまぐちしあじす
3520349;山口市徳地堀;やまぐちしとくぢほり
3520350;山口市大殿大路;やまぐちしおおどのおおじ
3521522;周南市桜馬場通り;しゅうなんしさくらばばどおり
3521536;周南市熊毛中央町;しゅうなんしくまげちゅうおうちょう
3521540;周南市岐山通り;しゅうなんしきさんどおり
3521542;周南市富田;しゅうなんしとんだ
3521543;周南市鹿野上;しゅうなんしかのかみ
3520601;防府市寿;ほうふしことぶき
3520621;防府市西浦;ほうふしにしのうら
3520701;下松市瀬戸;くだまつしせと
3520732;下松市大手町;くだまつしおおてまち
4013120;福岡東区香椎駅東三丁目;ふくおかひがしくかしいえきひがしさんちょうめ
4013131;福岡東区千早;ふくおかひがしくちはや
4013201;福岡空港;ふくおかくうこう
4013231;福岡博多区博多駅前;ふくおかはかたくはかたえきまえ
4013300;福岡中央区大濠;ふくおかちゅうおうくおおほり
4013330;福岡中央区舞鶴;ふくおかちゅうおうくまいづる
4013430;福岡南区塩原;ふくおかみなみくしおばる
4013530;福岡西区今宿;ふくおかにしくいまじゅく
4013630;福岡城南区神松寺;ふくおかじょうなんくしんしょうじ
4013700;福岡早良区板屋;ふくおかさわらくいたや
4013730;福岡早良区百道浜;ふくおかさわらくももちはま
4021731;筑紫野市石崎;ちくしのしいしざき
4021831;春日市原町;かすがしはらまち
4021930;大野城市曙町;おおのじょうしあけぼのまち
4022020;宗像市江口神原;むなかたしえぐちかみのはら
4022030;宗像市東郷;むなかたしとうごう
4022033;宗像市大島;むなかたしおおしま
4022034;宗像市神湊;むなかたしこうのみなと
4022131;太宰府市観世音寺;だざいふしかんぜおんじ
4034130;宇美町宇美;うみまちうみ
4034230;篠栗町中央;ささぐりまちちゅうおう
4034330;志免町志免;しめまちしめ
4034430;須恵町須恵;すえまちすえ
4034530;新宮町緑ヶ浜;しんぐうまちみどりがはま
4022330;福岡古賀市駅東;ふくおかこがしえきひがし
4034830;久山町久原;ひさやままちくばら
4034930;粕屋町仲原;かすやまちなかばる
4022400;福津市手光;ふくつしてびか
4022430;福津市中央;ふくつしちゅうおう
4022431;福津市津屋崎;ふくつしつやざき
4023000;糸島市志摩初;いとしまししまはつ
4023020;糸島市前原東;いとしましまえばるひがし
4023031;糸島市二丈深江;いとしましにじょうふかえ
4023033;糸島市前原西;いとしましまえばるにし
4023131;那珂川市西隈;なかがわしにしぐま
4010132;北九州門司区大里東;きたきゅうしゅうもじくだいりひがし
4010330;北九州若松区桜町;きたきゅうしゅうわかまつくさくらまち
4010531;北九州戸畑区新池;きたきゅうしゅうとばたくしんいけ
4010630;北九州小倉北区大手町;きたきゅうしゅうこくらきたくおおてまち
4010720;北九州小倉南区横代東町;きたきゅうしゅうこくらみなみくよこしろひがしまち
4010731;北九州小倉南区若園;きたきゅうしゅうこくらみなみくわかぞの
4010800;北九州八幡東区桃園;きたきゅうしゅうやはたひがしくももぞの
4010831;北九州八幡東区大谷;きたきゅうしゅうやはたひがしくおおたに
4010931;北九州八幡西区相生町;きたきゅうしゅうやはたにしくあいおいちょう
4021320;行橋市今井;ゆくはししいまい
4021330;行橋市中央;ゆくはししちゅうおう
4021430;豊前市吉木;ぶぜんしよしき
4021520;中間市長津;なかましながつ
4021530;中間市中間;なかましなかま
4038132;芦屋町幸町;あしやまちさいわいまち
4038231;水巻町頃末;みずまきまちころすえ
4038330;岡垣町野間;おかがきまちのま
4038430;遠賀町今古賀;おんがちょういまこが
4062100;苅田町若久;かんだまちわかひさ
4062130;苅田町京町;かんだまちきょうまち
4064230;吉富町広津;よしとみまちひろつ
4064631;上毛町東下;こうげまちひがししも
4064632;上毛町垂水;こうげまちたるみ
4064733;築上町椎田;ちくじょうまちしいだ
4064734;築上町築城;ちくじょうまちついき
4062531;みやこ町勝山上田;みやこまちかつやまうえだ
4062533;みやこ町犀川本庄;みやこまちさいがわほんじょう
4062534;みやこ町豊津;みやこまちとよつ
4020431;直方市新町;のおがたししんまち
4020501;飯塚市川島;いいづかしかわしま
4020520;飯塚市立岩;いいづかしたていわ
4020531;飯塚市長尾;いいづかしながお
4020532;飯塚市忠隈;いいづかしただくま
4020535;飯塚市綱分;いいづかしつなわき
4020536;飯塚市新立岩;いいづかししんたていわ
4020537;飯塚市鹿毛馬;いいづかしかけのうま
4020630;田川市中央町;たがわしちゅうおうまち
4040131;小竹町勝野;こたけまちかつの
4040231;鞍手町小牧;くらてまちおまき
4042130;桂川町土居;けいせんまちとい
4060130;香春町高野;かわらまちたかの
4060230;添田町添田;そえだまちそえだ
4060430;糸田町役場;いとだまちやくば
4060530;福岡川崎町田原;ふくおかかわさきまちたばら
4060830;大任町大行事;おおとうまちだいぎょうじ
4060930;赤村内田;あかむらうちだ
4022633;宮若市福丸;みやわかしふくまる
4022634;宮若市宮田;みやわかしみやた
4061000;福智町上野;ふくちまちあがの
4061030;福智町金田;ふくちまちかなだ
4061031;福智町赤池;ふくちまちあかいけ
4061033;福智町弁城;ふくちまちべんじょう
4022735;嘉麻市上臼井;かましかみうすい
4022736;嘉麻市岩崎;かましいわさき
4022737;嘉麻市上山田;かましかみやまだ
4022738;嘉麻市大隈町;かましおおくままち
4020200;大牟田市笹林;おおむたしささばやし
4020220;大牟田市昭和町;おおむたししょうわまち
4020231;大牟田市有明町;おおむたしゆうめいまち
4020300;久留米市津福本町;くるめしつぶくほんまち
4020320;久留米市小森野町;くるめしこもりのまち
4020330;久留米市城南町;くるめしじょうなんまち
4020333;久留米市城島町;くるめしじょうじままち
4020334;久留米市三潴町;くるめしみづままち
4020336;久留米市北野町;くるめしきたのまち
4020337;久留米市田主丸町;くるめしたぬしまるまち
4020731;柳川市大和町;やながわしやまとまち
4020732;柳川市三橋町;やながわしみつはしまち
4020733;柳川市本町;やながわしほんまち
4021000;八女市黒木町北木屋;やめしくろぎまちきたごや
4021020;八女市吉田;やめしよしだ
4021032;八女市黒木町今;やめしくろぎまちいま
4021033;八女市立花町;やめしたちばなまち
4021034;八女市矢部村;やめしやべむら
4021035;八女市星野村;やめしほしのむら
4021037;八女市上陽町;やめしじょうようまち
4021038;八女市本町;やめしもとまち
4021130;筑後市山ノ井;ちくごしやまのい
4021230;大川市酒見;おおかわしさけみ
4021630;小郡市小郡;おごおりしおごおり
4050330;大刀洗町冨多;たちあらいまちとみた
4052230;大木町八町牟田;おおきまちはつちょうむた
4054431;福岡広川町新代;ふくおかひろかわまちにいしろ
4022530;うきは市吉井町;うきはしよしいまち
4022532;うきは市浮羽町;うきはしうきはまち
4044700;筑前町下高場;ちくぜんまちしもたかば
4044730;筑前町新町;ちくぜんまちしんまち
4044731;筑前町篠隈;ちくぜんまちしのくま
4044830;東峰村小石原;とうほうむらこいしわら
4044831;東峰村宝珠山;とうほうむらほうしゅやま
4022820;朝倉市堤;あさくらしつつみ
4022831;朝倉市杷木池田;あさくらしはきいけだ
4022832;朝倉市宮野;あさくらしみやの
;朝倉市甘木;
4022930;みやま市瀬高町;みやましせたかまち
4022933;みやま市山川町;みやましやまかわまち
4022934;みやま市高田町;みやましたかたまち
4120200;唐津市西城内;からつしにしじょうない
4120220;唐津市鎮西町;からつしちんぜいまち
4120221;唐津市竹木場;からつしたけこば
4120222;唐津市厳木町;からつしきゅうらぎまち
4120237;唐津市七山;からつしななやま
4120239;唐津市北波多;からつしきたはた
4120240;唐津市肥前;からつしひぜん
4120241;唐津市呼子;からつしよぶこ
4120242;唐津市浜玉;からつしはまたま
4120243;唐津市相知;からつしおうち
4120520;伊万里市立花町;いまりしたちばなちょう
4138731;玄海町諸浦;げんかいちょうもろうら
4140132;有田町本町;ありたちょうほんまち
4140133;有田町立部;ありたちょうたちべ
4120100;佐賀市駅前中央;さがしえきまえちゅうおう
4120120;佐賀市富士町;さがしふじちょう
4120121;佐賀市栄町;さがしさかえまち
4120137;佐賀市大和;さがしやまと
4120138;佐賀市三瀬;さがしみつせ
4120140;佐賀市東与賀;さがしひがしよか
4120142;佐賀市久保田;さがしくぼた
4120143;佐賀市諸富;さがしもろどみ
4120144;佐賀市川副;さがしかわそえ
4120332;鳥栖市宿町;とすししゅくまち
4120431;多久市北多久町;たくしきたたくまち
4120621;武雄市武雄町武雄;たけおしたけおちょうたけお
4120635;武雄市山内;たけおしやまうち
4120637;武雄市武雄町昭和;たけおしたけおちょうしょうわ
4120638;武雄市北方;たけおしきたがた
4120720;佐賀鹿島市納富分;さがかしましのうどみぶん
4134131;基山町宮浦;きやまちょうみやうら
4134531;上峰町坊所;かみみねちょうぼうじょ
4142331;大町町大町;おおまちちょうおおまち
4142431;江北町山口;こうほくまちやまぐち
4142533;白石町福田;しろいしちょうふくた
4142534;白石町福富;しろいちょうふくどみ
4142535;白石町有明;しろいしちょうありあけ
4144100;太良町多良;たらちょうたら
4134633;みやき町中原;みやきちょうなかばる
4134635;みやき町三根;みやきちょうみね
4134636;みやき町北茂安;みやきちょうきたしげやす
4120838;小城市三日月;おぎしみかつき
4120839;小城市小城;おぎしおぎ
4120840;小城市芦刈;おぎしあしかり
4120841;小城市牛津;おぎしうしづ
4120900;嬉野市不動山;うれしのしふどうやま
4120932;嬉野市塩田;うれしのししおた
4120933;嬉野市下宿乙;うれしのししもじゅくおつ
4132732;吉野ヶ里町三田川;よしのがりちょうみたがわ
4132733;吉野ヶ里町東脊振;よしのがりちょうひがしせふり
4121034;神埼市千代田;かんざきしちよだ
4121036;神埼市脊振;かんざきしせふり
4121037;神埼市神埼;かんざきしかんざき
4220201;佐世保市干尽町;させぼしひづくしちょう
4220220;佐世保市八幡町;させぼしはちまんちょう
4220232;佐世保市小佐々町;させぼしこさざちょう
4220236;佐世保市世知原町;させぼしせちばるちょう
4220237;佐世保市江迎町;させぼしえむかえちょう
4220239;佐世保市吉井町;させぼしよしいちょう
4220240;佐世保市鹿町町;させぼししかまちちょう
4220701;平戸市岩の上町;ひらどしいわのうえちょう
4220720;平戸市鏡川町;ひらどしかがみがわちょう
4220721;平戸市志々伎町;ひらどししじきちょう
4220731;平戸市生月町;ひらどしいきつきちょう
4220732;平戸市田平町;ひらどしたびらちょう
4220734;平戸市大島村;ひらどしおおしまむら
4220820;松浦市志佐町;まつうらししさちょう
4220831;松浦市鷹島町;まつうらしたかしまちょう
4220832;松浦市福島町;まつうらしふくしまちょう
4232120;東彼杵町蔵本;ひがしそのぎちょうくらもと
4232232;川棚町中組;かわたなちょうなかぐみ
4232332;波佐見町宿;はさみちょうしゅく
4239132;佐々町本田原;さざちょうほんたばる
4220100;長崎市南山手;ながさきしみなみやまて
4220102;長崎市黒浜町;ながさきしくろはままち
4220104;長崎市長浦町;ながさきしながうらまち
4220121;長崎市元町;ながさきしもとまち
4220122;長崎市野母町;ながさきしのもまち
4220130;長崎市香焼町;ながさきしこうやぎまち
4220135;長崎市伊王島町;ながさきしいおうじままち
4220136;長崎市高島町;ながさきしたかしままち
4220137;長崎市神浦江川町;ながさきしこうのうらえがわまち
4220138;長崎市布巻町;ながさきしぬのまきまち
4220401;諫早市東小路町;いさはやしひがしこうじまち
4220420;諫早市小長井町;いさはやしこながいちょう
4220421;諫早市堂崎町;いさはやしどうざきまち
4220430;諫早市多良見町;いさはやしたらみちょう
4220434;諫早市飯盛町;いさはやしいいもりちょう
4220435;諫早市森山町;いさはやしもりやまちょう
4220436;諫早市高来町;いさはやしたかきちょう
4220520;大村市玖島;おおむらしくしま
4230731;長与町嬉里;ながよちょううれり
4230830;時津町浦;とぎつちょううら
4221220;西海市大瀬戸町;さいかいしおおせとちょう
4221234;西海市西彼町;さいかいしせいひちょう
4221235;西海市西海町;さいかいしさいかいちょう
4221236;西海市崎戸町;さいかいしさきとちょう
4221238;西海市大島町;さいかいしおおしままち
4220320;島原市下折橋町;しまばらししもおりはしまち
4220331;島原市有明町;しまばらしありあけちょう
4221300;雲仙市国見町;うんぜんしくにみちょう
4221301;雲仙市小浜町雲仙;うんぜんしおばまちょううんぜん
4221320;雲仙市千々石町;うんぜんしちぢわちょう
4221335;雲仙市雲仙出張所;うんぜんしうんぜんしゅっちょうしょ
4221337;雲仙市吾妻町;うんぜんしあづまちょう
4221338;雲仙市小浜町北本町;うんぜんしおばまちょうきたほんまち
4221339;雲仙市南串山町;うんぜんしみなみくしやまちょう
4221340;雲仙市瑞穂町;うんぜんしみずほちょう
4221341;雲仙市愛野町;うんぜんしあいのまち
4221420;南島原市口之津町;みなみしまばらしくちのつちょう
4221431;南島原市南有馬町;みなみしまばらしみなみありまちょう
4221432;南島原市北有馬町;みなみしまばらしきたありまちょう
4221433;南島原市西有家町;みなみしまばらしにしありえちょう
4221435;南島原市布津町;みなみしまばらしふつちょう
4221437;南島原市深江町;みなみしまばらしふかえちょう
4221438;南島原市加津佐町;みなみしまばらしかづさちょう
4221439;南島原市有家町;みなみしまばらしありえちょう
4220900;長崎対馬市厳原町東里;ながさきつしましいづはらまちひがしざと
4220901;長崎対馬市上県町飼所;ながさきつしましかみあがたまちかいどころ
4220902;長崎対馬市美津島町鴨居瀬;ながさきつしましみつしままちかもいせ
4220920;長崎対馬市上対馬町;ながさきつしましかみつしままち
4220921;長崎対馬市豊玉町;ながさきつしましとよたままち
4220922;長崎対馬市厳原町国分;ながさきつしましいづはらまちこくぶ
4220934;長崎対馬市美津島町鷄知;ながさきつしましみつしままちけち
4220935;長崎対馬市峰町;ながさきつしましみねまち
4220936;長崎対馬市上県町佐須奈;ながさきつしましかみあがたまちさすな
4221000;壱岐市芦辺町中野;いきしあしべちょうなかの
4221020;壱岐市郷ノ浦町;いきしごうのうらちょう
4221033;壱岐市芦辺町芦辺;いきしあしべちょうあしべ
4221034;壱岐市石田町;いきしいしだちょう
4221035;壱岐市勝本町;いきしかつもとちょう
4238331;小値賀町笛吹;おぢかちょうふえふき
4221101;五島市富江町繁敷;ごとうしとみえまちしげじき
4221102;五島市木場町;ごとうしこばちょう
4221120;五島市上大津町;ごとうしかみおおづちょう
4221121;五島市玉之浦町;ごとうしたまのうらまち
4221136;五島市奈留町;ごとうしなるまち
4221137;五島市三井楽町;ごとうしみいらくまち
4221138;五島市富江町富江;ごとうしとみえまちとみえ
4221139;五島市岐宿町;ごとうしきしくまち
4241120;新上五島町若松;しんかみごとうちょうわかまつ
4241135;新上五島町立串;しんかみごとうちょうたてぐし
4241136;新上五島町青方;しんかみごとうちょうあおかた
4241137;新上五島町有川;しんかみごとうちょうありかわ
4241139;新上五島町奈良尾;しんかみごとうちょうならお
4220221;佐世保市宇久町;させぼしうくまち
4342331;南小国町赤馬場;みなみおぐにまちあかばば
4342420;熊本小国町宮原;くまもとおぐにまちみやはら
4342531;産山村山鹿;うぶやまむらやまが
4342820;熊本高森町高森;くまもとたかもりまちたかもり
4321420;阿蘇市一の宮町;あそしいちのみやまち
4321433;阿蘇市内牧;あそしうちのまき
4321434;阿蘇市波野;あそしなみの
4343300;南阿蘇村中松;みなみあそむらなかまつ
4343330;南阿蘇村吉田;みなみあそむらよしだ
4343331;南阿蘇村河陰;みなみあそむらかいん
4343333;南阿蘇村河陽;みなみあそむらかわよう
4320200;八代市平山新町;やつしろしひらやましんまち
4320202;八代市泉町;やつしろしいずみまち
4320221;八代市新地町;やつしろししんちまち
4320230;八代市千丁町;やつしろしせんちょうまち
4320231;八代市鏡町;やつしろしかがみまち
4320233;八代市東陽町;やつしろしとうようまち
4320237;八代市泉支所;やつしろしいずみししょ
4320236;八代市坂本町;やつしろしさかもとまち
4320431;荒尾市宮内出目;あらおしくないでめ
4320600;玉名市築地;たまなしついじ
4320620;玉名市中尾;たまなしなかお
4320630;玉名市岱明町;たまなしたいめいまち
4320631;玉名市横島町;たまなしよこしままち
4320634;玉名市天水町;たまなしてんすいまち
4320820;山鹿市老人福祉センター;やまがしろうじんふくしせんた-
4320831;山鹿市菊鹿町;やまがしきくかまち
4320832;山鹿市鹿本町;やまがしかもとまち
4320833;山鹿市鹿央町;やまがしかおうまち
4320835;山鹿市鹿北町;やまがしかほくまち
4320836;山鹿市山鹿;やまがしやまが
4321034;菊池市隈府;きくちしわいふ
4321035;菊池市泗水町;きくちししすいまち
4321037;菊池市旭志;きくちしきょくし
4321038;菊池市七城町;きくちししちじょうまち
4321121;宇土市浦田町;うとしうらたまち
4336431;玉東町木葉;ぎょくとうまちこのは
4336731;南関町関町;なんかんまちせきまち
4336830;長洲町長洲;ながすまちながす
4340320;大津町引水;おおづまちひきのみず
4340331;大津町大津;おおづまちおおづ
4340430;菊陽町久保田;きくようまちくぼた
4343231;西原村小森;にしはらむらこもり
4344131;御船町御船;みふねまちみふね
4344230;嘉島町上島;かしままちうえじま
4344333;益城町宮園;ましきまちみやぞの
4344431;甲佐町豊内;こうさまちとようち
4334820;熊本美里町永富;くまもとみさとまちながとみ
4334831;熊本美里町馬場;くまもとみさとまちばば
4321300;宇城市松橋町;うきしまつばせまち
4321320;宇城市三角町;うきしみすみまち
4321330;宇城市不知火町;うきししらぬひまち
4321335;宇城市豊野町;うきしとよのまち
4321336;宇城市小川町;うきしおがわまち
4344722;山都町浜町;やまとちょうはままち
4344730;山都町大平;やまとちょうおおひら
4344732;山都町今;やまとちょういま
4346830;氷川町島地;ひかわちょうしまち
4346832;氷川町宮原;ひかわちょうみやはら
4321630;合志市竹迫;こうししたかば
4321631;合志市御代志;こうししみよし
4336932;和水町江田;なごみまちえた
4336933;和水町板楠;なごみまちいたくす
4310130;熊本中央区大江;くまもとちゅうおうくおおえ
4310221;熊本東区佐土原;くまもとひがしくさどわら
4310300;熊本西区春日;くまもとにしくかすが
4310431;熊本南区富合町;くまもとみなみくとみあいまち
4310432;熊本南区城南町;くまもとみなみくじょうなんまち
4310530;熊本北区植木町;くまもときたくうえきまち
4320301;人吉市西間下町;ひとよししにしあいだしもまち
4320320;人吉市蟹作町;ひとよししがんつくりまち
4350130;錦町一武;にしきまちいちぶ
4351430;あさぎり町免田東;あさぎりちょうめんだひがし
4351431;あさぎり町上;あさぎりちょううえ
4351432;あさぎり町岡原;あさぎりちょうおかはる
4351433;あさぎり町須惠;あさぎりちょうすえ
4351434;あさぎり町深田;あさぎりちょうふかだ
4350500;多良木町多良木;たらぎまちたらぎ
4350520;多良木町上球磨消防署;たらぎまちかみくましょうぼうしょ
4350630;湯前町役場;ゆのまえまちやくば
4350730;水上村岩野;みずかみむらいわの
4351030;相良村深水;さがらむらふかみ
4351120;五木村甲;いつきむらこう
4351230;山江村山田;やまえむらやまだ
4351331;球磨村渡;くまむらわたり
4320520;水俣市牧ノ内;みなまたしまきのうち
4320530;水俣市陣内;みなまたしじんない
4348201;芦北町芦北;あしきたまちあしきた
4348220;芦北町田浦町;あしきたまちたのうらまち
4348431;津奈木町小津奈木;つなぎまちこつなぎ
4353131;苓北町志岐;れいほくまちしき
4321200;上天草市大矢野町;かみあまくさしおおやのまち
4321220;上天草市龍ヶ岳町;かみあまくさしりゅうがたけまち
4321234;上天草市松島町;かみあまくさしまつしままち
4321235;上天草市姫戸町;かみあまくさしひめどまち
4321500;天草市本町;あまくさしほんまち
4321501;天草市牛深町;あまくさしうしぶかまち
4321521;天草市新和町;あまくさししんわまち
4321522;天草市天草町;あまくさしあまくさまち
4321524;天草市本渡町本渡;あまくさしほんどまちほんど
4321532;天草市倉岳町;あまくさしくらたけまち
4321535;天草市河浦町;あまくさしかわうらまち
4321536;天草市有明町;あまくさしありあけまち
4321537;天草市御所浦町;あまくさしごしょうらまち
4321538;天草市栖本町;あまくさしすもとまち
4321539;天草市五和町;あまくさしいつわまち
4420300;中津市上宮永;なかつしかみみやなが
4420320;中津市植野;なかつしうえの
4420322;中津市耶馬溪町;なかつしやばけいまち
4420334;中津市豊田町;なかつしとよだまち
4420335;中津市三光;なかつしさんこう
4420336;中津市本耶馬渓町;なかつしほんやばけいまち
4420337;中津市山国町;なかつしやまくにまち
4420921;豊後高田市御玉;ぶんごたかだしおだま
4420930;豊後高田市真玉;ぶんごたかだしまたま
4420932;豊後高田市香々地;ぶんごたかだしかかぢ
4421120;宇佐市院内町;うさしいんないまち
4421134;宇佐市上田;うさしうえだ
4421135;宇佐市安心院町;うさしあじむまち
4432231;姫島村役場;ひめしまむらやくば
4421400;国東市国見町西方寺;くにさきしくにみまちさいほうじ
4421401;国東市鶴川;くにさきしつるかわ
4421420;国東市田深;くにさきしたぶか
4421421;国東市国見町伊美;くにさきしくにみまちいみ
4421434;国東市安岐町;くにさきしあきまち
4421435;国東市武蔵町;くにさきしむさしまち
4420102;大分市明野北;おおいたしあけのきた
4420122;大分市新春日町;おおいたししんかすがまち
4420133;大分市佐賀関;おおいたしさがのせき
4420134;大分市舞鶴町;おおいたしまいづるまち
4420135;大分市野津原;おおいたしのつはる
4420200;別府市鶴見;べっぷしつるみ
4420201;別府市天間;べっぷしあまま
4420231;別府市上野口町;べっぷしかみのぐちちょう
4420600;臼杵市乙見;うすきしおとみ
4420632;臼杵市臼杵;うすきしうすき
4420633;臼杵市野津町;うすきしのつまち
4421021;杵築市南杵築;きつきしみなみきつき
4421032;杵築市杵築;きつきしきつき
4421033;杵築市大田;きつきしおおた
4421034;杵築市山香町;きつきしやまがまち
4434130;日出町役場;ひじまちやくば
4421330;由布市挾間町;ゆふしはさままち
4421335;由布市庄内町;ゆふししょうないちょう
4421336;由布市湯布院町川上;ゆふしゆふいんちょうかわかみ
4420721;津久見市立花町;つくみしたちばなまち
4420732;津久見市宮本町;つくみしみやもとまち
4420501;佐伯市蒲江蒲江浦;さいきしかまえかまえうら
4420502;佐伯市堅田;さいきしかたた
4420503;佐伯市蒲江猪串浦;さいきしかまえいのくしうら
4420520;佐伯市春日町;さいきしかすがまち
4420534;佐伯市直川;さいきしなおかわ
4420537;佐伯市宇目;さいきしうめ
4420538;佐伯市上浦;さいきしかみうら
4420539;佐伯市弥生;さいきしやよい
4420541;佐伯市米水津;さいきしよのうづ
4420543;佐伯市役所;さいきしやくしょ
4420544;佐伯市鶴見;さいきしつるみ
4420545;佐伯市本匠;さいきしほんじょう
4421200;豊後大野市三重町;ぶんごおおのしみえまち
4421220;豊後大野市犬飼町黒松;ぶんごおおのしいぬかいまちくろまつ
4421240;豊後大野市千歳町;ぶんごおおのしちとせまち
4421242;豊後大野市大野町;ぶんごおおのしおおのまち
4421243;豊後大野市清川町;ぶんごおおのしきよかわまち
4421244;豊後大野市朝地町;ぶんごおおのしあさじまち
4421245;豊後大野市犬飼町犬飼;ぶんごおおのしいぬかいまちいぬかい
4421246;豊後大野市緒方町;ぶんごおおのしおがたまち
4420401;日田市中津江村合瀬;ひたしなかつえむらごうせ
4420402;日田市三本松;ひたしさんぼんまつ
4420420;日田市天瀬町;ひたしあまがせまち
4420433;日田市上津江町;ひたしかみつえまち
4420435;日田市田島;ひたしたしま
4420438;日田市中津江村栃野;ひたしなかつえむらとちの
4420439;日田市大山町;ひたしおおやままち
4420440;日田市前津江町;ひたしまえつえまち
4420820;竹田市竹田小学校;たけたしたけたしょうがっこう
4420821;竹田市直入小学校;たけたしなおいりしょうがっこう
4420832;竹田市久住町;たけたしくじゅうまち
4420833;竹田市直入町;たけたしなおいりまち
4420834;竹田市会々;たけたしあいあい
4420836;竹田市荻町;たけたしおぎまち
4446131;九重町後野上;ここのえまちうしろのがみ
4446200;玖珠町帆足;くすまちほあし
4520303;延岡市天神小路;のべおかしてんじんこうじ
4520304;延岡市北方総合運動公園;のべおかしきたかたそうごううんどうこうえん
4520321;延岡市北川町川内名白石;のべおかしきたがわまちかわちみょうしらいし
4520333;延岡市北川町総合支所;のべおかしきたがわまちそうごうししょ
4520334;延岡市北浦町古江;のべおかしきたうらまちふるえ
4520336;延岡市東本小路;のべおかしひがしほんこうじ
4520337;延岡市北方町総合支所;のべおかしきたかたまちそうごうししょ
4520601;日向市亀崎;ひゅうがしかめざき
4520602;日向市大王谷運動公園;ひゅうがしだいおうだにうんどうこうえん
4520621;日向市富高;ひゅうがしとみたか
4520631;日向市東郷町山陰;ひゅうがしとうごうちょうやまげ
4520820;西都市上の宮;さいとしうえのみや
4520832;西都市聖陵町;さいとしせいりょうちょう
4540132;高鍋町上江;たかなべちょうかみえ
4540200;新富町上富田;しんとみちょうかみとんだ
4540531;川南町川南;かわみなみちょうかわみなみ
4540600;宮崎都農町川北;みやざきつのちょうかわきた
4540620;宮崎都農町役場;みやざきつのちょうやくば
4542132;門川町平城東;かどがわちょうひらじょうひがし
4540431;木城町高城;きじょうちょうたかじょう
4540320;西米良村板谷;にしめらそんいたや
4540332;西米良村村所;にしめらそんむらしょ
4542930;諸塚村家代;もろつかそんえしろ
4543020;椎葉村総合運動公園;しいばそんそうごううんどうこうえん
4543032;椎葉村下福良;しいばそんしもふくら
4544100;高千穂町三田井;たかちほちょうみたい
4544120;高千穂町寺迫;たかちほちょうてらさこ
4544232;日之影町七折;ひのかげちょうななおり
4544332;五ヶ瀬町三ヶ所;ごかせちょうさんがしょ
4543120;宮崎美郷町宇納間;みやざきみさとちょううなま
4543130;宮崎美郷町神門;みやざきみさとちょうみかど
4543133;宮崎美郷町田代;みやざきみさとちょうたしろ
4520101;宮崎市霧島;みやざきしきりしま
4520120;宮崎市松橋;みやざきしまつばし
4520121;宮崎市田野町体育館;みやざきしたのちょうたいいくかん
4520135;宮崎市高岡町内山;みやざきしたかおかちょううちやま
4520136;宮崎市田野支所;みやざきしたのししょ
4520137;宮崎市清武町西新町;みやざきしきよたけちょうにししんまち
4520138;宮崎市佐土原町下田島;みやざきしさどわらちょうしもたじま
4520400;日南市油津;にちなんしあぶらつ
4520401;日南市北郷町大藤;にちなんしきたごうちょうおおふじ
4520420;日南市吾田東;にちなんしあがたひがし
4520436;日南市中央通;にちなんしちゅうおうどおり
4520437;日南市北郷町郷之原;にちなんしきたごうちょうごうのはら
4520435;日南市南郷町南町;にちなんしなんごうちょうみなみまち
4520701;串間市奈留;くしましなる
4520720;串間市都井;くしましとい
4520730;串間市役所;くしましやくしょ
4538230;国富町本庄;くにとみちょうほんじょう
4538321;綾町南俣健康センター;あやちょうみなみまたけんこうせんたー
4538331;綾町役場;あやちょうやくば
4520200;都城市菖蒲原;みやこのじょうしあやめばる
4520201;都城市高崎町江平;みやこのじょうしたかざきちょうえひら
4520220;都城市姫城町;みやこのじょうしひめぎちょう
4520221;都城市高崎町大牟田;みやこのじょうしたかざきちょうおおむた
4520236;都城市高城町穂満坊;みやこのじょうしたかじょうちょうほまんぼう
4520238;都城市山之口町花木;みやこのじょうしやまのくちちょうはなのき
4520239;都城市山田町山田;みやこのじょうしやまだちょうやまだ
4520501;小林市真方;こばやししまかた
4520521;小林市役所;こばやししやくしょ
4520533;小林市中原;こばやししなかはら
4520534;小林市野尻町東麓;こばやししのじりちょうひがしふもと
4520930;えびの市加久藤;えびのしかくとう
4534131;三股町五本松;みまたちょうごほんまつ
4536130;高原町西麓;たかはるちょうにしふもと
4620100;鹿児島市東郡元;かごしましひがしこおりもと
4620101;鹿児島市下福元;かごしまししもふくもと
4620120;鹿児島市祇園之洲町;かごしましぎおんのすちょう
4620121;鹿児島市喜入町;かごしましきいれちょう
4620132;鹿児島市桜島赤水新島;かごしましさくらじまあかみずしんじま
4620135;鹿児島市本城;かごしましほんじょう
4620136;鹿児島市郡山;かごしましこおりやま
4620137;鹿児島市桜島藤野;かごしましさくらじまふじの
4620138;鹿児島市上谷口;かごしましかみたにぐち
4620401;枕崎市高見町;まくらざきしたかみちょう
4620420;枕崎市若葉町;まくらざきしわかばちょう
4620601;阿久根市赤瀬川;あくねしあかせがわ
4620620;阿久根市鶴見町;あくねしつるみちょう
4620821;鹿児島出水市緑町;かごしまいずみしみどりまち
4620830;鹿児島出水市桂島;かごしまいずみしかつらしま
4620835;鹿児島出水市高尾野町;かごしまいずみしたかおのまち
4620836;鹿児島出水市野田町;かごしまいずみしのだちょう
4621000;指宿市山川新生町;いぶすきしやまがわしんせいちょう
4621020;指宿市十町;いぶすきしじゅっちょう
4621032;指宿市開聞十町;いぶすきしかいもんじゅっちょう
4640420;長島町鷹巣;ながしまちょうたかのす
4640431;長島町獅子島;ながしまちょうししじま
4640433;長島町指江;ながしまちょうさすえ
4640434;長島町伊唐島;ながしまちょういからじま
4621500;薩摩川内市中郷;さつませんだいしちゅうごう
4621520;薩摩川内市神田町;さつませんだいしかんだちょう
4621533;薩摩川内市祁答院町;さつませんだいしけどういんちょう
4621536;薩摩川内市入来町;さつませんだいしいりきちょう
4621537;薩摩川内市東郷町;さつませんだいしとうごうちょう
4621538;薩摩川内市樋脇町;さつませんだいしひわきちょう
4639201;さつま町宮之城屋地;さつまちょうみやのじょうやち
4639220;さつま町宮之城保健センタ;さつまちょうみやのじょうほけんせんた
4639230;さつま町神子;さつまちょうこうし
4639231;さつま町求名;さつまちょうぐみょう
4645232;湧水町栗野;ゆうすいちょうくりの
4645233;湧水町吉松;ゆうすいちょうよしまつ
4621620;日置市日吉町日置;ひおきしひよしちょうひおき
4621633;日置市東市来町長里;ひおきしひがしいちきちょうながさと
4621634;日置市伊集院町郡;ひおきしいじゅういんちょうこおり
4621635;日置市吹上町中原;ひおきしふきあげちょうなかはら
4621920;いちき串木野市緑町;いちきくしきのしみどりちょう
4621931;いちき串木野市湊町;いちきくしきのしみなとまち
4622020;南さつま市加世田川畑;みなみさつましかせだかわばた
4622035;南さつま市大浦町;みなみさつましおおうらちょう
4622038;南さつま市笠沙町片浦;みなみさつましかささちょうかたうら
4622039;南さつま市金峰町尾下;みなみさつましきんぽうちょうおくだり
4622040;南さつま市坊津町久志;みなみさつましぼうのつちょうくし
4621800;霧島市隼人町内山田;きりしましはやとちょううちやまだ
4621802;鹿児島空港;かごしまくうこう
4621820;霧島市横川町中ノ;きりしましよこがわちょうなかの
4621821;霧島市国分中央;きりしましこくぶちゅうおう
4621834;霧島市溝辺町有川;きりしましみぞべちょうありかわ
4621836;霧島市霧島田口;きりしましきりしまたぐち
4621837;霧島市福山町牧之原;きりしましふくやまちょうまきのはら
4621838;霧島市牧園町宿窪田;きりしましまきぞのちょうしゅくくぼた
4622320;南九州市頴娃町牧之内;みなみきゅうしゅうしえいちょうまきのうち
4622331;南九州市川辺町平山;みなみきゅうしゅうしかわなべちょうひらやま
4622332;南九州市知覧町郡;みなみきゅうしゅうしちらんちょうこおり
4622400;伊佐市大口山野;いさしおおくちやまの
4622420;伊佐市大口鳥巣;いさしおおくちとりす
4622431;伊佐市菱刈前目;いさしひしかりまえめ
4622521;姶良市蒲生町北;あいらしかもうちょうきた
4622535;姶良市宮島町;あいらしみやじままち
4622536;姶良市加治木町本町;あいらしかじきちょうもとまち
4620300;鹿屋市新栄町;かのやししんえいちょう
4620320;鹿屋市札元;かのやしふだもと
4620334;鹿屋市輝北町上百引;かのやしきほくちょうかみもびき
4620335;鹿屋市吾平町麓;かのやしあいらちょうふもと
4620336;鹿屋市串良町岡崎;かのやしくしらちょうおかざき
4621420;垂水市田神;たるみずしたがみ
4646820;大崎町仮宿;おおさきちょうかりじゅく
4648231;東串良町川西;ひがしくしらちょうかわにし
4649000;錦江町田代麓;きんこうちょうたしろふもと
4649020;錦江町田代支所;きんこうちょうたしろししょ
4649031;錦江町城元;きんこうちょうしろもと
4649120;南大隅町佐多伊座敷;みなみおおすみちょうさたいざしき
4649132;南大隅町根占;みなみおおすみちょうねじめ
4621720;曽於市大隅町中之内;そおしおおすみちょうなかのうち
4621731;曽於市末吉町二之方;そおしすえよしちょうにのかた
4621733;曽於市財部町南俣;そおしたからべちょうみなみまた
4649220;肝付町北方;きもつきちょうきたかた
4649231;肝付町新富;きもつきちょうにいとみ
4622100;志布志市志布志町志布志;しぶしししぶしちょうしぶし
4622130;志布志市松山町新橋;しぶししまつやまちょうしんばし
4622131;志布志市有明町野井倉;しぶししありあけちょうのいくら
4630401;鹿児島十島村中之島徳之尾;かごしまとしまむらなかのしまとくのお
4630439;鹿児島十島村平島;かごしまとしまむらたいらじま
4630443;鹿児島十島村宝島;かごしまとしまむらたからじま
4630444;鹿児島十島村口之島出張所;かごしまとしまむらくちのしましゅっちょうしょ
4630445;鹿児島十島村中之島出張所;かごしまとしまむらなかのしましゅっちょうしょ
4630446;鹿児島十島村諏訪之瀬島;かごしまとしまむらすわのせじま
4630447;鹿児島十島村悪石島;かごしまとしまむらあくせきじま
4630448;鹿児島十島村小宝島;かごしまとしまむらこだからじま
4621501;薩摩川内市下甑町青瀬;さつませんだいししもこしきちょうあおせ
4621522;薩摩川内市上甑町;さつませんだいしかみこしきちょう
4621521;薩摩川内市下甑町手打;さつませんだいししもこしきちょうてうち
4621534;薩摩川内市里町;さつませんだいしさとちょう
4621535;薩摩川内市鹿島町;さつませんだいしかしまちょう
4621301;西之表市住吉;にしのおもてしすみよし
4621302;西之表市西之表;にしのおもてしにしのおもて
4621320;西之表市役所;にしのおもてしやくしょ
4630333;三島村硫黄島;みしまむらいおうじま
4630334;三島村竹島;みしまむらたけしま
4630335;三島村黒島;みしまむらくろしま
4650120;中種子町野間;なかたねちょうのま
4650200;南種子町中之下;みなみたねちょうなかのしも
4650220;南種子町西之;みなみたねちょうにしの
4650231;南種子町中之上;みなみたねちょうなかのかみ
4650500;屋久島町小瀬田;やくしまちょうこせだ
4650501;屋久島町口永良部島池田;やくしまちょうくちのえらぶじまいけだ
4650502;屋久島町平内;やくしまちょうひらうち
4650521;屋久島町尾之間;やくしまちょうおのあいだ
4650522;屋久島町宮之浦;やくしまちょうみやのうら
4650531;屋久島町口永良部島公民館;やくしまちょうくちのえらぶじまこうみんかん
4652320;大和村思勝;やまとそんおんがち
4652431;宇検村湯湾;うけんそんゆわん
4652500;瀬戸内町西古見;せとうちちょうにしこみ
4652520;瀬戸内町古仁屋;せとうちちょうこにや
4652531;瀬戸内町請島;せとうちちょううけじま
4652534;瀬戸内町与路島;せとうちちょうよろじま
4652535;瀬戸内町加計呂麻島;せとうちちょうかけろまじま
4652700;龍郷町屋入;たつごうちょうやにゅう
4652731;龍郷町浦;たつごうちょううら
4652900;喜界町滝川;きかいちょうたきがわ
4652931;喜界町湾;きかいちょうわん
4622201;奄美市名瀬矢之脇町;あまみしなぜやのわきちょう
4622221;奄美市笠利町里;あまみしかさりちょうさと
4622235;奄美市住用町西仲間;あまみしすみようちょうにしなかま
4622236;奄美市名瀬幸町;あまみしなぜさいわいちょう
4653033;徳之島町亀津;とくのしまちょうかめつ
4653100;天城町当部;あまぎちょうとうべ
4653131;天城町平土野;あまぎちょうへとの
4653220;伊仙町伊仙;いせんちょういせん
4653300;和泊町国頭;わどまりちょうくにがみ
4653332;和泊町和泊;わどまりちょうわどまり
4653400;知名町瀬利覚;ちなちょうせりかく
4653420;知名町知名;ちなちょうちな
4653500;与論町麦屋;よろんちょうむぎや
4653520;与論町茶花;よろんちょうちゃばな
4720900;名護市宮里;なごしみやざと
4720901;名護市豊原;なごしとよはら
4720920;名護市港;なごしみなと
4730100;国頭村奥;くにがみそんおく
4730120;国頭村辺土名;くにがみそんへんとな
4730233;大宜味村大兼久;おおぎみそんおおがねく
4730330;東村平良;ひがしそんたいら
4730631;今帰仁村仲宗根;なきじんそんなかそね
4730832;本部町役場;もとぶちょうやくば
4731131;恩納村恩納;おんなそんおんな
4731330;宜野座村宜野座;ぎのざそんぎのざ
4731430;金武町金武;きんちょうきん
4731530;伊江村東江前;いえそんひがしえまえ
4735501;粟国村浜;あぐにそんはま
4735532;粟国村役場;あぐにそんやくば
4735900;伊平屋村我喜屋;いへやそんがきや
4735930;伊平屋村役場;いへやそんやくば
4736032;伊是名村仲田;いぜなそんなかだ
4720100;那覇市樋川;なはしひがわ
4720101;那覇空港;なはくうこう
4720120;那覇市港町;なはしみなとまち
4720531;宜野湾市野嵩;ぎのわんしのだけ
4720830;浦添市安波茶;うらそえしあはちゃ
4721031;糸満市潮崎町;いとまんししおざきちょう
4721131;沖縄市美里;おきなわしみさと
4732401;読谷村座喜味;よみたんそんざきみ
4732530;嘉手納町嘉手納;かでなちょうかでな
4732630;北谷町桑江;ちゃたんちょうくわえ
4732731;北中城村喜舎場;きたなかぐすくそんきしゃば
4732831;中城村当間;なかぐすくそんとうま
4732931;西原町与那城;にしはらちょうよなぐすく
4721233;豊見城市宜保;とみぐすくしぎぼ
4734833;与那原町上与那原;よなばるちょううえよなばる
4735030;南風原町兼城;はえばるちょうかねぐすく
4735332;渡嘉敷村渡嘉敷;とかしきそんとかしき
4735433;座間味村座間味;ざまみそんざまみ
4735630;渡名喜村渡名喜;となきそんとなき
4721320;うるま市みどり町;うるましみどりまち
4721333;うるま市石川石崎;うるましいしかわいしざき
4721334;うるま市与那城平安座;うるましよなしろへんざ
4721336;うるま市勝連平安名;うるましかつれんへんな
4736232;八重瀬町具志頭;やえせちょうぐしちゃん
4736233;八重瀬町東風平;やえせちょうこちんだ
4721502;南城市玉城字玉城;なんじょうしたまぐすくあざたまぐすく
4721520;南城市知念久手堅;なんじょうしちねんくでけん
4721533;南城市佐敷字佐敷;なんじょうしさしきあざさしき
4721534;南城市大里仲間;なんじょうしおおざとなかま
4721535;南城市佐敷字新里;なんじょうしさしきあざしんざと
4736101;久米島町山城;くめじまちょうやましろ
4736102;久米島町謝名堂;くめじまちょうじゃなどう
4736120;久米島町仲泊;くめじまちょうなかどまり
4736130;久米島町比嘉;くめじまちょうひが
4735700;南大東村在所;みなみだいとうそんざいしょ
4735701;南大東村池之沢;みなみだいとうそんいけのさわ
4735730;南大東村役場;みなみだいとうそんやくば
4735800;北大東村黄金山;きただいとうそんこがねやま
4735831;北大東村中野;きただいとうそんなかの
4737500;多良間村塩川;たらまそんしおかわ
4737530;多良間村仲筋;たらまそんなかすじ
4721400;宮古島市平良下里;みやこじましひららしもざと
4721402;宮古島市城辺福北;みやこじましぐすくべふくきた
4721403;宮古島市平良池間;みやこじましひららいけま
4721405;宮古島市上野新里;みやこじましうえのしんざと
4721406;宮古島市伊良部前里添;みやこじましいらぶまえさとそえ
4721420;宮古島市平良狩俣;みやこじましひららかりまた
4721421;宮古島市城辺福西;みやこじましぐすくべふくせい
4721435;宮古島市下地;みやこじまししもじ
4721436;宮古島市上野支所;みやこじましうえのししょ
4721438;宮古島市平良西里;みやこじましひららにしざと
4721439;宮古島市下地島空港;みやこじまししもじしまくうこう
4720700;石垣市登野城;いしがきしとのしろ
4720701;石垣市新川;いしがきしあらかわ
4720702;石垣市平久保;いしがきしひらくぼ
4720720;石垣市新栄町;いしがきししんえいちょう
4720721;石垣市伊原間;いしがきしいばるま
4720731;石垣市真栄里;いしがきしまえざと
4738200;与那国町祖納;よなぐにちょうそない
4738202;与那国町久部良;よなぐにちょうくぶら
4738230;与那国町役場;よなぐにちょうやくば
4738104;竹富町大原;たけとみちょうおおはら
4738105;竹富町黒島;たけとみちょうくろしま
4738111;竹富町波照間;たけとみちょうはてるま
4738112;竹富町上原小学校;たけとみちょううえはらしょうがっこう
4738120;竹富町上原青年会館;たけとみちょううえはらせいねんかいかん
