code;nameja;kana;nameen;lat;lon;citycode;arv
123500;石狩市花川;いしかりしはなかわ;Ishikari City Hanakawa;43.17;141.32;0123500;1.4425
3020120;和歌山市一番丁;わかやましいちばんちょう;Wakayama City Ichibancho;34.23;135.17;3020100;1.7490
3020233;海南市南赤坂;かいなんしみなみあかさか;Kainan City Minamiakasaka;34.16;135.24;3020200;0.5689
3020234;海南市下津;かいなんししもつ;Kainan City Shimotsu;34.11;135.15;3020200;1.3879
3020330;橋本市東家;はしもとしとうげ;Hashimoto City Toge;34.31;135.61;3020300;1.0432
3020332;橋本市高野口町名倉;はしもとしこうやぐちちょうなぐら;Hashimoto City Koyaguchi Town Nagura;34.31;135.56;3020300;1.1265
3020401;有田市箕島;ありだしみのしま;Arida City Minoshima;34.08;135.13;3020400;1.7490
3020420;有田市初島町;ありだしはつしまちょう;Arida City Hatsushima Town;34.10;135.12;3020400;1.4425
3020500;御坊市薗;ごぼうしその;Gobo City Sono;33.89;135.16;3020500;1.8494
3020520;御坊市湯川;ごぼうしゆかわ;Gobo City Yukawa;33.91;135.16;3020500;1.7490
3034130;かつらぎ町丁ノ町;かつらぎちょうちょうのまち;Katsuragi Town Chono Town;34.30;135.50;3034100;1.1570
3034132;かつらぎ町花園梁瀬;かつらぎちょうはなぞのやなせ;Katsuragi Town Hanazonoyanase;34.14;135.52;3034100;0.5689
3034330;九度山町九度山;くどやまちょうくどやま;Kudoyama Town Kudoyama;34.29;135.56;3034300;0.8607
3034401;高野町高野山中学校;こうやちょうこうやさんちゅうがっこう;Koya Town Koyasan Middle School;34.22;135.59;3034400;0.5689
3034420;高野町役場;こうやちょうやくば;Koya Town Town Office;34.22;135.595;3034400;0.5689
3020100;和歌山市男野芝丁;わかやましおのしばちょう;Wakayama City Onoshibacho;34.23;135.16;3020100;1.4425
3036131;湯浅町青木;ゆあさちょうあおき;Yuasa Town Aoki;34.03;135.19;3036100;0.9594
3038130;和歌山美浜町和田;わかやまみはまちょうわだ;Wakayama Mihama Town Wada;33.89;135.13;3038100;1.4425
3038230;和歌山日高町高家;わかやまひだかちょうたいえ;Wakayama Hidaka Town Taie;33.93;135.14;3038200;2.0501
3038330;由良町里;ゆらちょうさと;Yura Town Sato;33.96;135.12;3038300;1.7490
3039032;和歌山印南町印南;わかやまいなみちょういなみ;Wakayama Inami Town Inami;33.82;135.22;3039000;0.9484
3039100;みなべ町土井;みなべちょうどい;Minabe Town Doi;33.85;135.35;3039100;0.6689
3039131;みなべ町芝;みなべちょうしば;Minabe Town Shiba;33.77;135.32;3039100;1.4425
3039233;日高川町土生;ひだかがわちょうはぶ;Hidakagawa Town Habu;33.91;135.19;3039200;0.9678
3039234;日高川町高津尾;ひだかがわちょうたかつお;Hidakagawa Town Takatsuo;33.96;135.29;3039200;1.1310
3039235;日高川町川原河;ひだかがわちょうかわはらごう;Hidakagawa Town Kawaharago;33.98;135.37;3039200;0.5689
3020801;紀の川市粉河;きのかわしこかわ;Kinokawa City Kokawa;34.27;135.40;3020800;1.2525
3020821;紀の川市那賀総合センター;きのかわしながそうごうせんたー;Kinokawa City Naga General Center;34.28;135.43;3020800;0.9553
3020833;紀の川市貴志川町神戸;きのかわしきしがわちょうこうど;Kinokawa City Kishigawa Town Kodo;34.22;135.31;3020800;0.9317
3020835;紀の川市西大井;きのかわしにしおおい;Kinokawa City Nishiooi;34.27;135.36;3020800;1.1910
3020836;紀の川市桃山町元;きのかわしももやまちょうもと;Kinokawa City Momoyama Town Moto;34.24;135.35;3020800;1.6589
3036231;和歌山広川町広;わかやまひろがわちょうひろ;Wakayama Hirogawa Town Hiro;34.03;135.17;3036100;1.4761
3030432;紀美野町神野市場;きみのちょうこうのいちば;Kimino Town Konoichiba City;34.15;135.36;3030400;0.5689
2921234;宇陀市大宇陀迫間;うだしおおうだはさま;Uda City Odahasama;34.48;135.93;2921200;0.7976
2921232;宇陀市榛原下井足;うだしはいばらしもいだに;Uda City Haibarashimoidani;34.53;135.95;2921200;0.9054
2934200;平群町鳴川;へぐりちょうなるかわ;Heguri Town Narukawa;34.66;135.68;2934200;0.5689
2934230;平群町吉新;へぐりちょうよししん;Heguri Town Yoshishin;34.63;135.70;2934200;0.8794
2934330;三郷町勢野西;さんごうちょうせやにし;Sango Town Seyanishi;34.60;135.70;2942500;2.0016
2934430;斑鳩町法隆寺西;いかるがちょうほうりゅうじにし;Ikaruga Town Horyujinishi;34.61;135.73;2934400;0.8995
2934530;安堵町東安堵;あんどちょうひがしあんど;Ando Town Higashiando;34.61;135.76;2934500;1.0506
2936131;奈良川西町結崎;ならかわにしちょうゆうざき;Nara Kawanishi Town Yuzaki;34.58;135.77;2936100;1.1404
2936231;三宅町伴堂;みやけちょうともんど;Miyake Town Tomondo;34.57;135.77;2936200;2.0849
2936331;田原本町役場;たわらもとちょうやくば;Tawaramoto Town Town Office;34.56;135.79;2936300;2.0939
2938530;曽爾村今井;そにむらいまい;Soni Village Imai;34.51;136.13;2938500;0.5689
2938630;御杖村菅野;みつえむらすがの;Mitsue Village Sugano;34.49;136.17;2938600;0.8515
2940131;高取町観覚寺;たかとりちょうかんがくじ;Takatori Town Kangakuji;34.45;135.79;2940100;1.0009
2940231;明日香村橘;あすかむらたちばな;Asuka Village Tachibana;34.47;135.81;2940200;0.8585
2942430;上牧町上牧;かんまきちょうかんまき;Kanmaki Town Kanmaki;34.56;135.72;2942400;1.1432
2942531;王寺町王寺;おうじちょうおうじ;Oji Town Oji;34.59;135.71;2942500;1.9693
2921233;宇陀市室生大野;うだしむろうおおの;Uda City Murouono;34.56;136.02;2921200;0.6689
2942631;広陵町南郷;こうりょうちょうなんごう;Koryo Town Nango;34.54;135.75;2942600;1.5654
2944131;吉野町上市;よしのちょうかみいち;Yoshino Town Kamiichi City;34.40;135.86;2944100;0.9526
2944201;大淀町桧垣本;おおよどちょうひがいもと;Oyodo Town Higaimoto;34.39;135.79;2944200;0.8340
2944330;下市町下市;しもいちちょうしもいち;Shimoichicho City Moichi City;34.36;135.79;2944300;0.8617
2944432;黒滝村寺戸;くろたきむらてらど;Kurotaki Village Terado;34.31;135.85;2944400;0.7742
2944600;天川村洞川;てんかわむらどろがわ;Tenkawa Village Dorogawa;34.27;135.88;2944600;0.7891
2944631;天川村沢谷;てんかわむらさわたに;Tenkawa Village Sawatani;34.24;135.86;2944600;0.7547
2944730;野迫川村北股;のせがわむらきたまた;Nosegawa Village Kitamata;34.17;135.63;2944700;0.5689
2944932;十津川村小原;とつかわむらおはら;Totsukawa Village Ohara;33.99;135.79;2944900;0.5689
2945032;下北山村寺垣内;しもきたやまむらてらがいと;Shimokitayama Village Teragaito;34.00;135.95;2945000;0.5689
2945131;上北山村河合;かみきたやまむらかわい;Kamikitayama Village Kawai;34.13;136.00;2945100;0.5689
2945230;奈良川上村迫;ならかわかみむらさこ;Nara Kawakami Village Sako;34.34;135.95;2945200;0.5689
2945332;東吉野村小川;ひがしよしのむらおがわ;Higashiyoshino Village Ogawa;34.40;135.97;2945300;0.7899
2921130;葛城市柿本;かつらぎしかきのもと;Katsuragi City Kakinomoto;34.49;135.73;2921100;1.1657
2921231;宇陀市菟田野松井;うだしうたのまつい;Uda City Utanomatsui;34.47;135.98;2921200;0.8987
2942730;河合町池部;かわいちょういけべ;Kawai Town Ikebe;34.58;135.74;2942700;0.9824
2932231;山添村大西;やまぞえむらおおにし;Yamazoe Village Onishi;34.68;136.04;2932200;0.5689
3030433;紀美野町下佐々;きみのちょうしもささ;Kimino Town Shimosasa;34.15;135.31;3030400;0.5689
3036632;有田川町下津野;ありだがわちょうしもつの;Aridagawa Town Shimotsuno;34.06;135.22;3036600;0.8885
3132530;鳥取若桜町若桜;とっとりわかさちょうわかさ;Tottori Wakasa Town Wakasa;35.34;134.40;3132500;0.9329
3132800;智頭町智頭;ちづちょうちづ;Chizu Town Chizu;35.26;134.23;3132800;0.6689
3132930;八頭町郡家;やずちょうこおげ;Yazu Town Koge;35.41;134.25;3132900;0.8897
3132931;八頭町船岡;やずちょうふなおか;Yazu Town Funaoka;35.39;134.25;3132900;0.8521
3132932;八頭町北山;やずちょうきたやま;Yazu Town Kitayama;35.36;134.36;3132900;1.0016
3120301;倉吉市岩倉長峯;くらよししいわくらながみね;Kurayoshi City Iwakuranagamine;35.38;133.82;3120300;0.6689
3120320;倉吉市葵町;くらよししあおいまち;Kurayoshi City Aoi Town;35.43;133.83;3120300;0.9465
3120330;倉吉市関金町大鳥居;くらよししせきがねちょうおおどりい;Kurayoshi City Sekigane Town Odorii;35.37;133.75;3120300;1.1208
3136431;三朝町大瀬;みささちょうおおぜ;Misasa Town Oze;35.41;133.86;3136400;0.6689
3137120;琴浦町赤碕中学校;ことうらちょうあかさきちゅうがっこう;Kotora Town Akasaki Middle School;35.51;133.63;3137100;1.3040
3137131;琴浦町赤碕;ことうらちょうあかさき;Kotora Town Akasaki;35.52;133.64;3137100;
3137132;琴浦町徳万;ことうらちょうとくまん;Kotora Town Tokuman;35.50;133.69;3137100;1.3563
3137030;湯梨浜町久留;ゆりはまちょうひさどめ;Yurihama Town Hisadome;35.49;133.86;3137000;1.8484
3137032;湯梨浜町龍島;ゆりはまちょうりゅうとう;Yurihama Town Ryuto;35.47;133.90;3137000;1.4761
3130201;岩美町浦富;いわみちょううらどめ;Iwami Town Uradome;35.58;134.33;3130200;0.6689
3137033;湯梨浜町泊;ゆりはまちょうとまり;Yurihama Town Tomari;35.51;133.94;3137000;0.8992
3137232;北栄町土下;ほくえいちょうはした;Hokuei Town Hashita;35.48;133.82;3137200;1.7490
3120202;米子市博労町;よなごしばくろうまち;Yonago City Bakuro Town;35.44;133.34;3120200;1.4425
3120220;米子市東町;よなごしひがしちょう;Yonago City Higashi Town;35.43;133.33;3120200;1.4425
3120230;米子市淀江町;よなごしよどえちょう;Yonago City Yodoe Town;35.45;133.42;3120200;0.8125
3120401;境港市東本町;さかいみなとしひがしほんまち;Sakaiminato City Higashihon Town;35.54;133.24;3120400;1.4425
3120432;境港市竹内町;さかいみなとしたけのうちちょう;Sakaiminato City Takenochi Town;35.52;133.24;3120400;1.4425
3138431;日吉津村日吉津;ひえづそんひえづ;Hiezu Village Hiezu;35.44;133.38;3138400;1.8586
3138631;大山町御来屋;だいせんちょうみくりや;Daisen Town Mikuriya;35.51;133.50;3138600;1.3089
3138633;大山町末長;だいせんちょうすえなが;Daisen Town Suenaga;35.48;133.46;3138600;1.2176
3138634;大山町赤坂;だいせんちょうあかざか;Daisen Town Akazaka;35.52;133.58;3138600;1.3733
3140120;日南町生山;にちなんちょうしょうやま;Nichinan Town Shoyama;35.17;133.31;3140100;0.9161
3140131;日南町霞;にちなんちょうかすみ;Nichinan Town Kasumi;35.16;133.31;3140100;0.5689
3140231;鳥取日野町根雨;とっとりひのちょうねう;Tottori Hino Town Neu;35.24;133.44;3140200;0.9644
3140320;江府町上之段広場;こうふちょうじょうのだんひろば;Kofu Town Jonodanhiroba;35.28;133.49;3140300;0.5689
3137231;北栄町由良宿;ほくえいちょうゆらしゅく;Hokuei Town Yurashuku;35.49;133.76;3137200;2.0226
3036620;有田川町清水;ありだがわちょうしみず;Aridagawa Town Shimizu;34.08;135.43;3036600;0.5689
3120141;鳥取市青谷町青谷;とっとりしあおやちょうあおや;Tottori City Aoya Town Aoya;35.52;134.00;3120100;1.7490
3120139;鳥取市気高町浜村;とっとりしけたかちょうはまむら;Tottori City Ketaka Town Hama Village;35.51;134.06;3120100;0.6689
3036633;有田川町中井原;ありだがわちょうなかいばら;Aridagawa Town Nakaibara;34.07;135.25;3036600;0.9102
3020930;岩出市西野;いわでしにしの;Iwade City Nishino;34.26;135.31;3020900;1.2782
3020600;田辺市中辺路町近露;たなべしなかへちちょうちかつゆ;Tanabe City Nakahechi Town Chikatsuyu;33.82;135.61;3020600;0.6689
3020630;田辺市中辺路町栗栖川;たなべしなかへちちょうくりすがわ;Tanabe City Nakahechi Town Kurisugawa;33.79;135.52;3020600;0.6689
3020632;田辺市本宮町本宮;たなべしほんぐうちょうほんぐう;Tanabe City Hongu Town Hongu;33.84;135.77;3020600;0.8620
3020633;田辺市鮎川;たなべしあゆかわ;Tanabe City Ayukawa;33.73;135.49;3020600;1.1433
3020635;田辺市龍神村西;たなべしりゅうじんむらにし;Tanabe City Ryujin Village Nishi;33.89;135.49;3020600;0.7768
3020636;田辺市東山;たなべしひがしやま;Tanabe City Higashiyama;33.73;135.39;3020600;1.0741
3020702;新宮市新宮;しんぐうししんぐう;Shingu City Shingu;33.73;135.99;3020700;1.7490
3020720;新宮市磐盾;しんぐうしいわたて;Shingu City Iwatate;33.72;135.98;3020700;0.9546
3020730;新宮市熊野川町日足;しんぐうしくまのがわちょうひたり;Shingu City Kumanogawa Town Hitari;33.81;135.87;2421200;1.2344
3040102;白浜町消防本部;しらはまちょうしょうぼうほんぶ;Shirahama Town Fire Department;33.67;135.36;3040100;0.9078
3040130;白浜町日置;しらはまちょうひき;Shirahama Town Hiki;33.57;135.44;3040100;0.6689
3040430;上富田町朝来;かみとんだちょうあっそ;Kamitonda Town Asso;33.70;135.43;3040400;1.2826
3120140;鳥取市河原町渡一木;とっとりしかわはらちょうわたりひとつぎ;Tottori City Kawahara Town Watarihitotsugi;35.40;134.20;3120100;0.8956
3040620;すさみ町周参見;すさみちょうすさみ;Susami Town Susami;33.55;135.50;3040600;0.6689
3042820;串本町串本;くしもとちょうくしもと;Kushimoto Town Kushimoto;33.47;135.78;3042800;1.4425
3042133;那智勝浦町天満;なちかつうらちょうてんま;Nachikatsura Town Tenma;33.63;135.94;3042100;1.7490
3042220;太地町太地暖海公園;たいじちょうたいじあたみこうえん;Taiji Town Taijiatami Park;33.59;135.95;3042200;1.4761
3042230;太地町役場;たいじちょうやくば;Taiji Town Town Office;33.59;135.94;3042200;0.6689
3042401;古座川町高池;こざがわちょうたかいけ;Kozagawa Town Takaike;33.53;135.82;3042400;0.6689
3042730;北山村大沼;きたやまむらおおぬま;Kitayama Village Onuma;33.93;135.97;2421200;1.0131
3120100;鳥取市吉方;とっとりしよしかた;Tottori City Yoshikata;35.49;134.24;3120100;1.7490
3120120;鳥取市吉成;とっとりしよしなり;Tottori City Yoshinari;35.49;134.22;3120100;2.1584
3120121;鳥取市鹿野町鹿野小学校;とっとりししかのちょうしかのしょうがっこう;Tottori City Shikano Town Shikano Elementary School;35.46;134.05;3120100;1.1914
3120131;鳥取市福部町細川;とっとりしふくべちょうほそがわ;Tottori City Fukube Town Hosogawa;35.54;134.28;3120100;0.6689
3120133;鳥取市用瀬町用瀬;とっとりしもちがせちょうもちがせ;Tottori City Mochigase Town Mochigase;35.34;134.21;3120100;0.6689
3120134;鳥取市佐治町加瀬木;とっとりしさじちょうかせぎ;Tottori City Saji Town Kasegi;35.33;134.11;3120100;0.9573
3120136;鳥取市鹿野町鹿野;とっとりししかのちょうしかの;Tottori City Shikano Town Shikano;35.46;134.06;3120100;0.8710
3120138;鳥取市国府町宮下;とっとりしこくふちょうみやのした;Tottori City Kokufu Town Miyanoshita;35.48;134.26;3120100;1.3475
3042801;串本町潮岬;くしもとちょうしおのみさき;Kushimoto Town Shionomisaki;33.45;135.76;3042800;0.8949
3140332;江府町江尾;こうふちょうえび;Kofu Town Ebi;35.28;133.48;3140300;0.5689
2921031;香芝市本町;かしばしほんまち;Kashiba City Hon Town;34.54;135.70;2921000;1.1681
2920830;御所市役所;ごせしやくしょ;Gose City Hall;34.46;135.74;2920800;0.8955
2820400;西宮市宮前町;にしのみやしみやまえちょう;Nishinomiya City Miyamae Town;34.73;135.34;2820400;1.8369
2820420;西宮市平木;にしのみやしひらき;Nishinomiya City Hiraki;34.75;135.35;2820400;1.7973
2820440;西宮市名塩;にしのみやしなじお;Nishinomiya City Najio;34.83;135.31;2820400;0.9994
2820631;芦屋市精道町;あしやしせいどうちょう;Ashiya City Seido Town;34.73;135.31;2820600;1.4170
2820731;伊丹市千僧;いたみしせんぞ;Itami City Senzo;34.78;135.40;2820700;1.2010
2821000;加古川市加古川町;かこがわしかこがわちょう;Kakogawa City Kakogawa Town;34.76;134.84;2821000;1.9393
2821020;加古川市志方町;かこがわししかたまち;Kakogawa City Shikata Town;34.83;134.82;2821000;1.1924
2821320;西脇市上比延町;にしわきしかみひえちょう;Nishiwaki City Kamihie Town;35.00;135.00;2821300;0.5689
2821331;西脇市黒田庄町前坂;にしわきしくろだしょうちょうまえさか;Nishiwaki City Kurodasho Town Maesaka;35.04;134.99;2821300;1.1147
2821431;宝塚市東洋町;たからづかしとうようちょう;Takarazuka City Toyo Town;34.80;135.36;2821400;1.2459
2821500;三木市細川町;みきしほそかわちょう;Miki City Hosokawa Town;34.81;135.05;2821500;0.9479
2821520;三木市福井;みきしふくい;Miki City Fukui;34.80;134.99;2821500;0.9712
2821531;三木市吉川町;みきしよかわちょう;Miki City Yokawa Town;34.89;135.12;2821500;0.9646
2821633;高砂市荒井町;たかさごしあらいちょう;Takasago City Arai Town;34.77;134.79;2821600;1.7490
2820321;明石市二見;あかししふたみ;Akashi City Futami;34.70;134.88;2820300;1.2225
2821730;川西市中央町;かわにししちゅうおうちょう;Kawanishi City Chuuo Town;34.83;135.42;2821700;1.6461
2821900;三田市下深田;さんだししもふかた;Sanda City Shimofukata;34.89;135.21;2821900;1.0801
2821920;三田市下里;さんだししもざと;Sanda City Shimozato;34.95;135.27;2821900;0.5689
2822000;加西市下万願寺町;かさいししもまんがんじちょう;Kasai City Shimomanganji Town;34.99;134.84;2822000;0.5689
2822030;加西市北条町;かさいしほうじょうちょう;Kasai City Hojo Town;34.93;134.84;2822000;1.1200
2830130;猪名川町紫合;いながわちょうゆうだ;Inagawa Town Yuda;34.91;135.38;2830100;1.0600
2838130;兵庫稲美町国岡;ひょうごいなみちょうくにおか;Hyogo Inami Town Kunioka;34.75;134.91;2838100;1.1471
2838230;播磨町東本荘;はりまちょうひがしほんじょう;Harima Town Higashihonjo;34.72;134.87;2838200;1.3096
2822100;丹波篠山市北新町;たんばささやましきたしんまち;Tanbasasayama City Kitashin Town;35.08;135.22;2822100;0.8521
2822120;丹波篠山市杉;たんばささやましすぎ;Tanbasasayama City Sugi;35.06;135.18;2822100;0.8175
2822130;丹波篠山市宮田;たんばささやましみやだ;Tanbasasayama City Miyada;35.09;135.17;2822100;0.8302
2822132;丹波篠山市今田町;たんばささやましこんだちょう;Tanbasasayama City Konda Town;35.00;135.11;2822100;0.5689
2822320;丹波市春日町;たんばしかすがちょう;Tanba City Kasuga Town;35.17;135.10;2822300;1.1184
2822330;丹波市柏原町;たんばしかいばらちょう;Tanba City Kaibara Town;35.13;135.08;2822300;1.1179
2822332;丹波市青垣町;たんばしあおがきちょう;Tanba City Aogaki Town;35.25;135.00;2822300;1.0339
2821832;小野市王子町;おのしおうじちょう;Ono City Oji Town;34.85;134.93;2821800;1.0298
2822334;丹波市市島町;たんばしいちじまちょう;Tanba City Ichijima Town;35.21;135.14;2822300;0.8879
2820300;明石市中崎;あかししなかさき;Akashi City Nakasaki;34.64;135.00;2820300;0.0000
2811130;神戸西区竹の台;こうべにしくたけのだい;Kobe Nishi Ward Takenodai;34.71;135.01;2811100;0.9933
2820933;豊岡市日高町;とよおかしひだかちょう;Toyoka City Hidaka Town;35.47;134.77;2820900;1.3130
2820934;豊岡市但東町;とよおかしたんとうちょう;Toyoka City Tanto Town;35.47;134.95;2820900;0.5689
2820935;豊岡市城崎町;とよおかしきのさきちょう;Toyoka City Kinosaki Town;35.63;134.81;2820900;1.7490
2820937;豊岡市竹野町;とよおかしたけのちょう;Toyoka City Takeno Town;35.65;134.76;2820900;1.7490
2820938;豊岡市中央町;とよおかしちゅうおうちょう;Toyoka City Chuuo Town;35.54;134.825;2820900;1.9397
2822220;養父市大屋町;やぶしおおやちょう;Yabu City Oya Town;35.33;134.66;2822200;0.5689
2822230;養父市八鹿町;やぶしようかちょう;Yabu City Yoka Town;35.40;134.77;2822200;0.5689
2822231;養父市広谷;やぶしひろたに;Yabu City Hirotani;35.38;134.78;2822200;1.1888
2822233;養父市関宮;やぶしせきのみや;Yabu City Sekinomiya;35.37;134.65;2822200;0.5689
2858500;兵庫香美町香住区三川;ひょうごかみちょうかすみくみかわ;Hyogo Kami Town Kasumi Ward Mikawa;35.59;134.66;2858500;1.0513
2858520;兵庫香美町香住区香住;ひょうごかみちょうかすみくかすみ;Hyogo Kami Town Kasumi Ward Kasumi;35.64;134.63;2858500;1.4425
2858521;兵庫香美町村岡区神坂;ひょうごかみちょうむらおかくかんざか;Hyogo Kami Town Muraoka Ward Kanzaka;35.46;134.58;2858500;0.6689
2858532;兵庫香美町小代区;ひょうごかみちょうおじろく;Hyogo Kami Town Ojiro Ward;35.46;134.53;2858500;0.8125
2822500;朝来市和田山町枚田;あさごしわだやまちょうひらた;Asago City Wadayama Town Hirata;35.32;134.85;2822500;1.0800
2820230;尼崎市昭和通;あまがさきししょうわどおり;Amagasaki City Showadori;34.72;135.42;2820200;2.0464
2822520;朝来市生野町;あさごしいくのちょう;Asago City Ikuno Town;35.15;134.79;2822500;0.9069
2822530;朝来市山東町;あさごしさんとうちょう;Asago City Santo Town;35.31;134.88;2822500;1.1237
2822531;朝来市新井;あさごしにい;Asago City Nii;35.24;134.80;2822500;0.5689
2858620;新温泉町浜坂;しんおんせんちょうはまさか;Shin Onsen Chohamasaka;35.62;134.45;2858600;1.8484
2858631;新温泉町湯;しんおんせんちょうゆ;Shin Onsen Choyu;35.55;134.49;2858600;0.6689
2810130;神戸東灘区住吉東町;こうべひがしなだくすみよしひがしまち;Kobe Higashinada Ward Sumiyoshi Higashi Town;34.72;135.27;2810100;1.3077
2810230;神戸灘区八幡町;こうべなだくやはたちょう;Kobe Nada Ward Yahata Town;34.72;135.23;2810200;0.8757
2810520;神戸兵庫区烏原町;こうべひょうごくからすはらちょう;Kobe Hyogo Ward Karasuhara Town;34.69;135.16;2810500;0.8943
2810530;神戸兵庫区上沢通;こうべひょうごくかみさわどおり;Kobe Hyogo Ward Kamisawadori;34.68;135.17;2810500;1.3382
2810630;神戸長田区神楽町;こうべながたくかぐらちょう;Kobe Nagata Ward Kagura Town;34.66;135.15;2810600;1.9397
2810730;神戸須磨区若草町;こうべすまくわかくさちょう;Kobe Suma Ward Wakakusa Town;34.69;135.11;2810700;0.9242
2810831;神戸垂水区王居殿;こうべたるみくおういでん;Kobe Tarumi Ward Ouiden;34.63;135.07;2810800;0.9843
2810930;神戸北区南五葉;こうべきたくみなみごよう;Kobe Kita Ward Minamigoyo;34.72;135.13;2810900;1.0430
2810931;神戸北区藤原台南町;こうべきたくふじわらだいみなみまち;Kobe Kita Ward Fujiwaradai Minami Town;34.81;135.21;2810900;0.8176
2811001;神戸中央区脇浜;こうべちゅうおうくわきのはま;Kobe Chuuo Ward Wakinohama;34.70;135.21;2811000;1.3410
2822521;朝来市和田山町柳原;あさごしわだやまちょうやなぎはら;Asago City Wadayama Town Yanagihara;35.34;134.86;2822500;1.0822
2920930;生駒市東新町;いこましひがししんまち;Ikoma City Higashishin Town;34.69;135.70;2920900;0.9753
2822335;丹波市氷上町;たんばしひかみちょう;Tanba City Hikami Town;35.18;135.04;2822300;1.0814
2836533;多可町加美区;たかちょうかみく;Taka Town Kami Ward;35.10;134.90;2836500;0.9942
2822933;たつの市御津町;たつのしみつちょう;Tatsuno City Mitsu Town;34.79;134.56;2822900;0.5689
2844631;兵庫神河町寺前;ひょうごかみかわちょうてらまえ;Hyogo Kamikawa Town Teramae;35.06;134.74;2844600;0.5689
2844632;兵庫神河町新田;ひょうごかみかわちょうしんでん;Hyogo Kamikawa Town Shinden;35.17;134.88;2844600;0.5689
2820501;洲本市物部;すもとしものべ;Sumoto City Monobe;34.34;134.88;2820500;1.7490
2820520;洲本市五色町都志;すもとしごしきちょうつし;Sumoto City Goshiki Town Tsushi;34.41;134.79;2820500;1.5147
2820521;洲本市山手;すもとしやまて;Sumoto City Yamate;34.34;134.90;2820500;1.4425
2822401;南あわじ市福良;みなみあわじしふくら;Minamiawaji City Fukura;34.26;134.71;2822400;1.2684
2822420;南あわじ市北阿万;みなみあわじしきたあま;Minamiawaji City Kitaama;34.25;134.73;2822400;0.9374
2822430;南あわじ市広田;みなみあわじしひろた;Minamiawaji City Hirota;34.32;134.83;2822400;0.9527
2822433;南あわじ市市;みなみあわじしいち;Minamiawaji City Ichi;34.29;134.77;2822400;1.0351
2822434;南あわじ市湊;みなみあわじしみなと;Minamiawaji City Minato;34.32;134.73;2822400;0.9981
2822602;淡路市長澤;あわじしながさわ;Awaji City Nagasawa;34.49;134.90;2822600;0.9591
2822603;淡路市富島;あわじしとしま;Awaji City Toshima;34.55;134.93;2822600;1.4761
2822620;淡路市久留麻;あわじしくるま;Awaji City Kuruma;34.53;134.99;2822600;1.7490
2822931;たつの市揖保川町;たつのしいぼがわちょう;Tatsuno City Ibogawa Town;34.83;134.53;2822900;1.3506
2822632;淡路市郡家;あわじしぐんげ;Awaji City Gunge;34.47;134.85;2822600;1.7490
2822634;淡路市岩屋;あわじしいわや;Awaji City Iwaya;34.59;135.02;2822600;1.4761
2920102;奈良市西紀寺町;ならしにしきでらちょう;Nara City Nishikidera Town;34.67;135.83;2920100;1.1482
2920131;奈良市月ヶ瀬尾山;ならしつきがせおやま;Nara City Tsukigaseoyama;34.71;136.04;2920100;0.5689
2920133;奈良市二条大路南;ならしにじょうおおじみなみ;Nara City Nijouojiminami;34.69;135.81;2920100;1.9587
2920134;奈良市都祁白石町;ならしつげしらいしちょう;Nara City Tsugeshiraishi Town;34.61;135.96;2920100;0.9003
2920220;大和高田市野口;やまとたかだしのぐち;Yamatotakada City Noguchi;34.52;135.72;2920200;1.1891
2920231;大和高田市大中;やまとたかだしおおなか;Yamatotakada City Onaka;34.52;135.74;2920200;2.0351
2920330;大和郡山市北郡山町;やまとこおりやましきたこおりやまちょう;Yamatokoriyama City Kitakoriya Town;34.65;135.78;2920300;1.0617
2920431;天理市川原城町;てんりしかわはらじょうちょう;Tenri City Kawaharajo Town;34.60;135.84;2920400;1.1658
2920531;橿原市八木町;かしはらしやぎちょう;Kashihara City Yagi Town;34.51;135.79;2920500;1.9776
2920601;桜井市初瀬;さくらいしはせ;Sakurai City Hase;34.53;135.90;2920600;0.5689
2920632;桜井市粟殿;さくらいしおおどの;Sakurai City Odono;34.52;135.84;2920600;1.9680
2920732;五條市大塔町辻堂;ごじょうしおおとうちょうつじどう;Gojo City Oto Town Tsujido;34.17;135.76;2920700;0.5689
2920734;五條市岡口;ごじょうしおかぐち;Gojo City Okaguchi;34.36;135.70;2920700;0.8735
2822633;淡路市志筑;あわじししづき;Awaji City Shizuki;34.44;134.90;2822600;0.9640
2822336;丹波市山南町;たんばしさんなんちょう;Tanba City Sannan Town;35.07;135.04;2822300;0.5689
2822930;たつの市新宮町;たつのししんぐうちょう;Tatsuno City Shingu Town;34.93;134.55;2822900;1.1225
2822735;宍粟市千種町;しそうしちくさちょう;Shiso City Chikusa Town;35.15;134.45;2822700;0.6689
2836534;多可町八千代区;たかちょうやちよく;Taka Town Yachiyo Ward;35.01;134.91;2836500;0.5689
2836535;多可町中区;たかちょうなかく;Taka Town Naka Ward;35.05;134.92;2836500;1.1257
2822801;加東市社;かとうしやしろ;Kato City Yashiro;34.92;134.97;2822800;1.0069
2822832;加東市河高;かとうしこうたか;Kato City Kotaka;34.93;134.94;2822800;0.8907
2822833;加東市天神;かとうしてんじん;Kato City Tenjin;34.91;135.07;2822800;1.1187
2820100;姫路市神子岡前;ひめじしみこおかまえ;Himeji City Mikokamae;34.84;134.67;2820100;1.2859
2820120;姫路市安田;ひめじしやすだ;Himeji City Yasuda;34.81;134.69;2820100;1.4347
2820131;姫路市夢前町前之庄;ひめじしゆめさきちょうまえのしょう;Himeji City Yumesaki Town Maenosho;34.97;134.69;2820100;0.5689
2820135;姫路市安富町安志;ひめじしやすとみちょうあんじ;Himeji City Yasutomi Town Anji;34.99;134.60;2820100;1.0169
2820136;姫路市香寺町中屋;ひめじしこうでらちょうなかや;Himeji City Kodera Town Nakaya;34.91;134.74;2820100;1.1816
2820137;姫路市家島町真浦;ひめじしいえしまちょうまうら;Himeji City Ieshima Town Maura;34.67;134.52;2820100;0.8734
2820141;姫路市豊富;ひめじしとよとみ;Himeji City Toyotomi;34.88;134.75;2820100;1.1444
2820142;姫路市本町;ひめじしほんまち;Himeji City Hon Town;34.84;134.70;2820100;1.3115
2820143;姫路市網干;ひめじしあぼし;Himeji City Aboshi;34.79;134.60;2820100;1.4425
2822920;たつの市龍野町;たつのしたつのちょう;Tatsuno City Tatsuno Town;34.86;134.54;2822900;1.2715
2820145;姫路市白浜;ひめじししらはま;Himeji City Shirahama;34.78;134.70;2820100;1.4761
2820800;相生市旭;あいおいしあさひ;Aioi City Asahi;34.80;134.47;2820800;1.7490
2821220;赤穂市加里屋;あこうしかりや;Ako City Kariya;34.76;134.39;2821200;1.7490
2844220;市川町西川辺;いちかわちょうにしかわなべ;Ichikawa Town Nishikawanabe;34.99;134.76;2844200;1.0967
2844330;福崎町南田原;ふくさきちょうみなみたわら;Fukusaki Town Minamitawara;34.95;134.76;2844300;1.1675
2846431;兵庫太子町鵤;ひょうごたいしちょういかるが;Hyogo Taishi Town Ikaruga;34.83;134.57;2846400;1.2753
2848131;上郡町大持;かみごおりちょうだいもち;Kamigori Town Daimochi;34.87;134.36;2848100;1.2366
2850120;佐用町上月;さようちょうこうづき;Sayo Town Kozuki;34.99;134.32;2850100;1.1052
2850130;佐用町佐用;さようちょうさよう;Sayo Town Sayo;35.00;134.36;2850100;0.5689
2850131;佐用町下徳久;さようちょうしもとくさ;Sayo Town Shimotokusa;34.99;134.39;2850100;1.0669
2850133;佐用町三日月;さようちょうみかづき;Sayo Town Mikazuki;34.99;134.44;2850100;0.8154
2822701;宍粟市山崎町中広瀬;しそうしやまさきちょうなかびろせ;Shiso City Yamasaki Town Nakabirose;35.00;134.55;2822700;1.0605
2822720;宍粟市山崎町船元;しそうしやまさきちょうふなもと;Shiso City Yamasaki Town Funamoto;35.00;134.555;2822700;0.8391
2822721;宍粟市波賀町;しそうしはがちょう;Shiso City Haga Town;35.16;134.55;2822700;0.6689
2822734;宍粟市一宮町;しそうしいちのみやちょう;Shiso City Ichinomiya Town;35.10;134.58;2822700;0.9700
2820146;姫路市林田;ひめじしはやしだ;Himeji City Hayashida;34.92;134.58;2820100;1.1637
2820920;豊岡市出石町;とよおかしいずしちょう;Toyoka City Izushi Town;35.46;134.88;2820900;0.5689
3138930;鳥取南部町法勝寺;とっとりなんぶちょうほっしょうじ;Tottori Nanbu Town Hosshoji;35.34;133.33;3138900;1.1337
3139030;伯耆町吉長;ほうきちょうよしなが;Hoki Town Yoshinaga;35.39;133.41;3139000;1.1949
3310431;岡山南区浦安南町;おかやまみなみくうらやすみなみまち;Okayama Minami Ward Urayasuminami Town;34.59;133.93;3310400;1.6842
3420900;広島三次市十日市中;ひろしまみよししとうかいちなか;Hiroshima Miyoshi City Tokaichinaka;34.81;132.86;3420900;1.0253
3420920;広島三次市三次町;ひろしまみよししみよしまち;Hiroshima Miyoshi City Miyoshi Town;34.81;132.84;3420900;0.8176
3420921;広島三次市甲奴図書館;ひろしまみよししこうぬとしょかん;Hiroshima Miyoshi City Konutoshokan;34.70;133.09;3420900;0.5689
3420933;広島三次市布野町;ひろしまみよししふのちょう;Hiroshima Miyoshi City Funo Town;34.88;132.78;3420900;0.5689
3420934;広島三次市作木町;ひろしまみよししさくぎちょう;Hiroshima Miyoshi City Sakugi Town;34.87;132.72;3420900;0.9757
3420937;広島三次市三和町;ひろしまみよししみわちょう;Hiroshima Miyoshi City Wiwa Town;34.66;132.84;3420900;0.5689
3420938;広島三次市三良坂町;ひろしまみよししみらさかちょう;Hiroshima Miyoshi City Mirasaka Town;34.76;132.96;3420900;0.9205
3420939;広島三次市君田町;ひろしまみよししきみたちょう;Hiroshima Miyoshi City Kimita Town;34.88;132.85;3420900;1.0665
3420941;広島三次市吉舎町;ひろしまみよししきさちょう;Hiroshima Miyoshi City Kisa Town;34.72;132.99;3420900;0.5689
3421000;庄原市西城町熊野;しょうばらしさいじょうちょうくまの;Shobara City Saijo Town Kumano;35.00;133.11;3421000;0.5689
3421020;庄原市西城町大佐;しょうばらしさいじょうちょうおおさ;Shobara City Saijo Town Osa;34.94;133.12;3421000;0.8866
3421021;庄原市東城町;しょうばらしとうじょうちょう;Shobara City Tojo Town;34.90;133.28;3421000;0.8904
3421022;庄原市高野町;しょうばらしたかのちょう;Shobara City Takano Town;35.03;132.90;3421000;0.9822
3310430;岡山南区片岡;おかやまみなみくかたおか;Okayama Minami Ward Kataoka;34.54;133.87;3310400;1.5657
3421031;庄原市総領町;しょうばらしそうりょうちょう;Shobara City Soryo Town;34.78;133.07;3421000;0.5689
3421036;庄原市比和町;しょうばらしひわちょう;Shobara City Hiwa Town;34.98;132.99;3421000;0.5689
3421037;庄原市中本町;しょうばらしなかほんまち;Shobara City Nakahon Town;34.86;133.02;3421000;0.9981
3421421;安芸高田市向原町長田;あきたかたしむかいはらちょうながた;Akitakata City Mukaihara Town Nagata;34.60;132.72;3421400;0.5689
3421431;安芸高田市八千代町;あきたかたしやちよちょう;Akitakata City Yachiyo Town;34.62;132.61;3421400;0.5689
3421433;安芸高田市高宮町;あきたかたしたかみやちょう;Akitakata City Takamiya Town;34.77;132.72;3421400;0.8581
3421435;安芸高田市向原町;あきたかたしむかいはらちょう;Akitakata City Mukaihara Town;34.61;132.72;3421400;0.5689
3421437;安芸高田市吉田町;あきたかたしよしだちょう;Akitakata City Yoshida Town;34.67;132.70;3421400;0.9758
3421438;安芸高田市美土里町;あきたかたしみどりちょう;Akitakata City Midori Town;34.73;132.63;3421400;0.5689
3421439;安芸高田市甲田町;あきたかたしこうだちょう;Akitakata City Koda Town;34.70;132.76;3421400;0.9932
3436830;安芸太田町加計;あきおおたちょうかけ;Akiota Town Kake;34.61;132.32;3436800;0.9776
3436833;安芸太田町中筒賀;あきおおたちょうなかつつが;Akiota Town Nakatsutsuga;34.56;132.25;3436800;0.9027
3436834;安芸太田町戸河内;あきおおたちょうとごうち;Akiota Town Togochi;34.58;132.23;3436800;0.5689
3436901;北広島町都志見;きたひろしまちょうつしみ;Kitahiroshima Town Tsushimi;34.67;132.42;3436900;0.5689
3436902;北広島町有田;きたひろしまちょうありだ;Kitahiroshima Town Arida;34.67;132.54;3436900;0.9182
3421034;庄原市口和町;しょうばらしくちわちょう;Shobara City Kuchiwa Town;34.92;132.90;3421000;0.8942
3436920;北広島町豊平郵便局;きたひろしまちょうとよひらゆうびんきょく;Kitahiroshima Town Toyohira Post Office;34.67;132.41;3436900;0.5689
3310332;岡山東区西大寺南;おかやまひがしくさいだいじみなみ;Okayama Higashi Ward Saidaijiminami;34.65;134.03;3310300;1.8369
3310231;岡山中区浜;おかやまなかくはま;Okayama Naka Ward Hama;34.67;133.94;3310200;1.4527
3320937;高梁市成羽町;たかはししなりわちょう;Takahashi City Nariwa Town;34.78;133.54;3320900;0.5689
3320938;高梁市川上町;たかはししかわかみちょう;Takahashi City Kawakami Town;34.74;133.48;3320900;0.9850
3321100;備前市伊部;びぜんしいんべ;Bizen City Inbe;34.74;134.14;3321100;0.5689
3321121;備前市福田;びぜんしふくだ;Bizen City Fukuda;34.72;134.12;3321100;0.5689
3321131;備前市日生町;びぜんしひなせちょう;Bizen City Hinase Town;34.73;134.27;3321100;0.5689
3321133;備前市吉永町;びぜんしよしながちょう;Bizen City Yoshinaga Town;34.82;134.21;3321100;1.1280
3321134;備前市東片上;びぜんしひがしかたかみ;Bizen City Higashikatakami;34.75;134.19;3321100;0.5689
3334630;和気町尺所;わけちょうしゃくそ;Wake Town Shakuso;34.80;134.16;3334600;1.2487
3334632;和気町矢田;わけちょうやた;Wake Town Yata;34.85;134.10;3334600;1.2253
3342330;早島町前潟;はやしまちょうまえがた;Hayashi Town Yomaegata;34.60;133.83;3342300;1.5657
3344530;里庄町里見;さとしょうちょうさとみ;Satosho Town Satomi;34.51;133.56;3344500;0.9624
3346130;矢掛町矢掛;やかげちょうやかげ;Yakage Town Yakage;34.63;133.59;3346100;1.2369
3368130;吉備中央町下加茂;きびちゅうおうちょうしもがも;Kibi Chuo Town Shimogamo;34.86;133.81;3368100;0.9964
3368131;吉備中央町豊野;きびちゅうおうちょうとよの;Kibi Chuo Town Toyono;34.86;133.69;3368100;0.8037
3310330;岡山東区瀬戸町;おかやまひがしくせとちょう;Okayama Higashi Ward Seto Town;34.73;134.04;3310300;2.0840
3321231;瀬戸内市牛窓町;せとうちしうしまどちょう;Setochi City Ushimado Town;34.62;134.15;3321200;1.4761
3321234;瀬戸内市長船町;せとうちしおさふねちょう;Setochi City Osafune Town;34.70;134.10;3321200;1.4432
3321300;赤磐市上市;あかいわしかみいち;Akaiwa City Kamiichi City;34.75;134.02;3321300;2.0659
3321330;赤磐市町苅田;あかいわしまちかんだ;Akaiwa City Machikanda;34.80;134.01;3321300;1.2059
3321332;赤磐市周匝;あかいわしすさい;Akaiwa City Susai;34.92;134.09;3321300;0.5689
3321333;赤磐市松木;あかいわしまつき;Akaiwa City Matsuki;34.79;134.10;3321300;1.3252
3321600;浅口市天草公園;あさくちしあまくさこうえん;Asakuchi City Amakusa Park;34.53;133.58;3344500;1.3511
3321632;浅口市寄島町;あさくちしよりしまちょう;Asakuchi City Yorishima Town;34.48;133.59;3321600;1.5657
3321633;浅口市鴨方町;あさくちしかもがたちょう;Asakuchi City Kamogata Town;34.53;133.585;3344500;1.0272
3321634;浅口市金光町;あさくちしこんこうちょう;Asakuchi City Konko Town;34.54;133.62;3321600;1.7490
3310100;岡山北区桑田町;おかやまきたくくわだちょう;Okayama Kita Ward Kuwada Town;34.66;133.92;3310100;1.8123
3310101;岡山北区足守;おかやまきたくあしもり;Okayama Kita Ward Ashimori;34.73;133.80;3310100;1.2230
3310120;岡山北区新屋敷;おかやまきたくしんやしき;Okayama Kita Ward Shinyashiki;34.66;133.91;3310100;1.7835
3310131;岡山北区御津金川;おかやまきたくみつかながわ;Okayama Kita Ward Mitsukanagawa;34.80;133.94;3310100;1.1657
3310132;岡山北区建部町;おかやまきたくたけべちょう;Okayama Kita Ward Takebe Town;34.87;133.90;3310100;1.1019
3321232;瀬戸内市邑久町;せとうちしおくちょう;Setochi City Oku Town;34.66;134.09;3321200;1.7490
3320936;高梁市松原通;たかはししまつばらどおり;Takahashi City Matsubaradori;34.79;133.62;3320900;1.0662
3436921;北広島町川小田;きたひろしまちょうかわこだ;Kitahiroshima Town Kawakoda;34.73;132.28;3436900;0.5689
3420400;三原市円一町;みはらしえんいちちょう;Mihara City En'ichi Town;34.39;133.08;3420400;1.4761
3410630;広島安佐北区可部南;ひろしまあさきたくかべみなみ;Hiroshima Asa Kita Ward Kabeminami;34.50;132.51;3410500;1.3175
3410730;広島安芸区中野;ひろしまあきくなかの;Hiroshima Aki Ward Nakano;34.40;132.58;3410700;1.2754
3410830;広島佐伯区利松;ひろしまさえきくとしまつ;Hiroshima Saeki Ward Toshimatsu;34.40;132.36;3410800;1.3095
3410832;広島佐伯区湯来町和田;ひろしまさえきくゆきちょうわだ;Hiroshima Saeki Ward Yuki Town Wada;34.49;132.27;3410800;0.5689
3420200;呉市宝町;くれしたからまち;Kure City Takara Town;34.24;132.55;3420200;1.4761
3420202;呉市音戸中学校;くれしおんどちゅうがっこう;Kure City Ondo Middle School;34.18;132.53;3420200;0.5689
3420221;呉市二河町;くれしにこうちょう;Kure City Niko Town;34.25;132.56;3420200;1.5657
3420230;呉市広;くれしひろ;Kure City Hiro;34.23;132.61;3420200;1.4761
3420232;呉市郷原町;くれしごうはらちょう;Kure City Gohara Town;34.30;132.65;3420200;0.9994
3420234;呉市下蒲刈町;くれししもかまがりちょう;Kure City Shimokamagari Town;34.19;132.68;3420200;0.5689
3420240;呉市豊浜町;くれしとよはまちょう;Kure City Toyohama Town;34.18;132.80;3420200;0.0000
3420242;呉市焼山;くれしやけやま;Kure City Yakeyama;34.30;132.56;3420200;0.8107
3420243;呉市川尻町;くれしかわじりちょう;Kure City Kawajiri Town;34.24;132.70;3420200;0.9994
3420244;呉市音戸町;くれしおんどちょう;Kure City Ondo Town;34.19;132.54;3420200;0.0000
3410531;広島安佐南区祇園;ひろしまあさみなみくぎおん;Hiroshima Asa Minami Ward Gion;34.44;132.46;3410500;2.0947
3420245;呉市蒲刈町;くれしかまがりちょう;Kure City Kamagari Town;34.20;132.73;3420200;
3420247;呉市豊町;くれしゆたかまち;Kure City Yutaka Town;34.18;132.86;3420200;0.5689
3421130;大竹市小方;おおたけしおがた;Otake City Ogata;34.24;132.22;3421100;1.2960
3421200;東広島市黒瀬町;ひがしひろしましくろせちょう;Higashihiroshima City Kurose Town;34.32;132.68;3421200;1.0111
3421220;東広島市西条栄町;ひがしひろしましさいじょうさかえまち;Higashihiroshima City Saijosakae Town;34.43;132.74;3421200;0.8313
3421235;東広島市福富町;ひがしひろしましふくとみちょう;Higashihiroshima City Fukutomi Town;34.54;132.78;3421200;1.0536
3421236;東広島市豊栄町;ひがしひろしましとよさかちょう;Higashihiroshima City Toyosaka Town;34.56;132.83;3421200;0.9994
3421237;東広島市河内町;ひがしひろしましこうちちょう;Higashihiroshima City Kochi Town;34.47;132.89;3421200;1.0504
3421238;東広島市安芸津町;ひがしひろしましあきつちょう;Higashihiroshima City Akitsu Town;34.32;132.81;3421200;0.9835
3421320;廿日市市大野;はつかいちしおおの;Hatsukaichi City Ono;34.29;132.28;3421300;0.5689
3421330;廿日市市下平良;はつかいちししもへら;Hatsukaichi City Shimohera;34.35;132.33;3421300;1.7490
3421335;廿日市市宮島町;はつかいちしみやじまちょう;Hatsukaichi City Miyajima Town;34.30;132.32;3421300;1.4425
3421336;廿日市市津田;はつかいちしつた;Hatsukaichi City Tsuta;34.37;132.18;3421300;0.9175
3421337;廿日市市吉和;はつかいちしよしわ;Hatsukaichi City Yoshiwa;34.48;132.14;3421300;0.9017
3430231;府中町大通り;ふちゅうちょうおおどおり;Fuchu Town Odori;34.39;132.50;3410200;1.7490
3420246;呉市安浦町;くれしやすうらちょう;Kure City Yasura Town;34.28;132.74;3420200;1.5657
3436931;北広島町大朝;きたひろしまちょうおおあさ;Kitahiroshima Town Ooasa;34.77;132.46;3436900;0.8732
3410430;広島西区己斐;ひろしまにしくこい;Hiroshima Nishi Ward Koi;34.41;132.42;3410400;0.5689
3410231;広島東区福田;ひろしまひがしくふくだ;Hiroshima Higashi Ward Fukuda;34.46;132.55;3410200;0.5689
3420401;広島空港;ひろしまくうこう;Hiroshima Airport;34.44;132.92;3420400;0.5689
3420420;三原市館町;みはらしやかたまち;Mihara City Yakata Town;34.40;133.08;3420400;1.7490
3420433;三原市大和町;みはらしだいわちょう;Mihara City Daiwa Town;34.54;132.95;3420400;0.7871
3420436;三原市久井町;みはらしくいちょう;Mihara City Kui Town;34.52;133.03;3420400;0.8983
3420437;三原市本郷南;みはらしほんごうみなみ;Mihara City Hongominami;34.41;132.99;3420400;1.4033
3420520;尾道市長江;おのみちしながえ;Onomichi City Nagae;34.42;133.20;3420500;0.5689
3420522;尾道市因島土生町;おのみちしいんのしまはぶちょう;Onomichi City Innoshimahabu Town;34.29;133.18;3420500;0.8546
3420535;尾道市向島町;おのみちしむかいしまちょう;Onomichi City Mukaishi Town;34.40;133.20;3420500;1.5657
3420537;尾道市瀬戸田町;おのみちしせとだちょう;Onomichi City Setoda Town;34.31;133.10;3420500;0.0000
3420538;尾道市御調町;おのみちしみつぎちょう;Onomichi City Mitsugi Town;34.51;133.15;3420500;0.5689
3420539;尾道市久保;おのみちしくぼ;Onomichi City Kubo;34.41;133.21;3420500;1.4761
3420700;福山市松永町;ふくやましまつながちょう;Fukuyama City Matsunaga Town;34.45;133.25;3420700;1.4425
3420720;福山市東桜町;ふくやましひがしさくらまち;Fukuyama City Higashisakura Town;34.49;133.36;3420700;1.6425
3420731;福山市駅家町;ふくやましえきやちょう;Fukuyama City Ekiya Town;34.55;133.33;3420700;1.2935
3410330;広島南区宇品海岸;ひろしまみなみくうじなかいがん;Hiroshima Minami Ward Ujinakaigan;34.35;132.46;3410300;1.4761
3420739;福山市鞆町;ふくやましともちょう;Fukuyama City Tomo Town;34.38;133.38;3420700;1.0063
3420741;福山市沼隈町;ふくやましぬまくまちょう;Fukuyama City Numakuma Town;34.39;133.32;3420700;1.5657
3420743;福山市神辺町;ふくやましかんなべちょう;Fukuyama City Kannabe Town;34.55;133.37;3420700;1.3163
3420744;福山市内海町;ふくやましうつみちょう;Fukuyama City Utsumi Town;34.36;133.29;3420700;0.0000
3420821;広島府中市府川町;ひろしまふちゅうしふかわちょう;Hiroshima Fuchu City Fukawa Town;34.57;133.24;3420800;1.2480
3420832;広島府中市上下町上下;ひろしまふちゅうしじょうげちょうじょうげ;Hiroshima Fuchu City Joge Town Joge;34.70;133.12;3420800;0.5689
3446220;世羅町東神崎;せらちょうひがしかんざき;Sera Town Higashikanzaki;34.58;133.05;3446200;0.5689
3446231;世羅町西上原;せらちょうにしうえはら;Sera Town Nishiuehara;34.59;133.06;3446200;0.7903
3446232;世羅町小国;せらちょうおぐに;Sera Town Oguni;34.62;132.93;3446200;0.7858
3454520;神石高原町油木;じんせきこうげんちょうゆき;Jinsekikogen Town Yuki;34.78;133.28;3454500;0.9365
3454534;神石高原町高光;じんせきこうげんちょうたかみつ;Jinsekikogen Town Takamitsu;34.80;133.18;3454500;0.5689
3454535;神石高原町下豊松;じんせきこうげんちょうしもとよまつ;Jinsekikogen Town Shimotoyomatsu;34.78;133.34;3454500;0.5689
3454536;神石高原町小畠;じんせきこうげんちょうこばたけ;Jinsekikogen Town Kobatake;34.70;133.25;3454500;0.8536
3410100;広島中区上八丁堀;ひろしまなかくかみはっちょうぼり;Hiroshima Naka Ward Kamihatchobori;34.40;132.46;3410100;1.7490
3410120;広島中区羽衣町;ひろしまなかくはごろもちょう;Hiroshima Naka Ward Hagoromo Town;34.38;132.45;3410100;1.6340
3420740;福山市新市町;ふくやまししんいちちょう;Fukuyama City Shin'ichicho;34.56;133.27;3420700;1.1078
3138931;鳥取南部町天萬;とっとりなんぶちょうてんまん;Tottori Nanbu Town Tenman;35.37;133.36;3138900;0.9119
3320935;高梁市有漢町;たかはししうかんちょう;Takahashi City Ukan Town;34.90;133.66;3320900;0.9716
3320920;高梁市原田南町;たかはししはらだみなみちょう;Takahashi City Harada Minami Town;34.78;133.61;3320900;0.5689
3220220;浜田市野原町;はまだしのばらちょう;Hamada City Nobara Town;34.89;132.08;3220200;0.8961
3220237;浜田市金城町下来原;はまだしかなぎちょうしもくるばら;Hamada City Kanagi Town Shimokurubara;34.86;132.16;3220200;0.9549
3220238;浜田市三隅町三隅;はまだしみすみちょうみすみ;Hamada City Misumi Town Misumi;34.78;131.96;3220200;0.5689
3220239;浜田市旭町今市;はまだしあさひちょういまいち;Hamada City Asahi Town Imaichi City;34.86;132.26;3220200;0.9088
3220240;浜田市弥栄町長安本郷;はまだしやさかちょうながやすほんごう;Hamada City Yasaka Town Nagayasuhongo;34.78;132.11;3220200;0.8846
3220241;浜田市殿町;はまだしとのまち;Hamada City Tono Town;34.90;132.08;3220200;1.7490
3220400;益田市匹見町石谷;ますだしひきみちょういしだに;Masuda City Hikimi Town Ishidani;34.53;131.93;3220400;0.5689
3220420;益田市水分町;ますだしみずわけちょう;Masuda City Mizuwake Town;34.67;131.85;3220400;1.0617
3220434;益田市常盤町;ますだしときわちょう;Masuda City Tokiwa Town;34.67;131.84;3220400;1.0338
3220435;益田市匹見町匹見;ますだしひきみちょうひきみ;Masuda City Hikimi Town Hikimi;34.57;132.01;3220400;0.5689
3220436;益田市美都町都茂;ますだしみとちょうつも;Masuda City Mito Town Tsumo;34.67;131.99;3220400;0.9637
3220534;大田市仁摩町仁万;おおだしにまちょうにま;Oda City Nima Town Nima;35.15;132.41;3220500;0.9994
3220535;大田市温泉津町小浜;おおだしゆのつちょうこはま;Oda City Yunotsuchokohama Onsen Town;35.09;132.36;3220500;1.1013
3220536;大田市大田町;おおだしおおだちょう;Oda City Oda Town;35.20;132.50;3220500;0.9882
3220201;浜田市大辻町;はまだしおおつじちょう;Hamada City Otsuji Town;34.90;132.07;3220200;1.7490
3220733;江津市江津町;ごうつしごうつちょう;Gotsu City Gotsu Town;35.01;132.22;3220700;1.0279
3244132;川本町川本;かわもとまちかわもと;Kawamoto Town Kawamoto;35.00;132.50;3244100;0.6689
3250133;津和野町後田;つわのちょううしろだ;Tsuwano Town Ushiroda;34.47;131.77;3250100;0.5689
3250134;津和野町枕瀬;つわのちょうまくらせ;Tsuwano Town Makurase;34.54;131.84;3250100;1.0730
3244800;島根美郷町君谷;しまねみさとちょうきみたに;Shimane Misato Town Kimitani;35.06;132.51;3244800;0.8675
3244833;島根美郷町粕淵;しまねみさとちょうかすぶち;Shimane Misato Town Kasubuchi;35.08;132.59;3244800;0.6689
3244834;島根美郷町都賀本郷;しまねみさとちょうつがほんごう;Shimane Misato Town Tsugahongo;34.96;132.64;3244800;0.6689
3244920;邑南町淀原;おおなんちょうよどはら;Onan Town Yodohara;34.85;132.53;3244900;1.0395
3244934;邑南町下口羽;おおなんちょうしもくちば;Onan Town Shimokuchiba;34.88;132.67;3244900;0.6689
3244935;邑南町矢上;おおなんちょうやかみ;Onan Town Yakami;34.89;132.44;3244900;0.8339
3244936;邑南町瑞穂支所;おおなんちょうみずほししょ;Onan Town Mizuhoshisho;34.86;132.54;3244900;0.8063
3250520;吉賀町六日市;よしかちょうむいかいち;Yoshika Town Muikaichi City;34.36;131.94;3250500;1.0096
3250533;吉賀町柿木村柿木;よしかちょうかきのきむらかきのき;Yoshika Town Kakinoki Village Kakinoki;34.44;131.87;3250500;0.5689
3252531;海士町海士;あまちょうあま;Ama Town Ama;36.10;133.10;3252500;1.4238
3252620;西ノ島町浦郷小学校;にしのしまちょううらごうしょうがっこう;Nishinoshima Town Urago Elementary School;36.09;132.98;3252600;0.6689
3220734;江津市桜江町川戸;ごうつしさくらえちょうかわど;Gotsu City Sakurae Town Kawado;34.96;132.34;3220700;1.3062
3252731;知夫村役場;ちぶむらやくば;Chibu Village Town Office;36.01;133.04;3252700;0.6689
3234334;奥出雲町三成;おくいずもちょうみなり;Okuizumo Town Minari;35.20;133.00;3234300;0.9438
3238636;飯南町下赤名;いいなんちょうしもあかな;Iinan Town Shimoakana;35.00;132.71;3238600;1.0084
3139031;伯耆町溝口;ほうきちょうみぞくち;Hoki Town Mizokuchi;35.35;133.44;3139000;0.5689
3220102;松江市西津田;まつえしにしつだ;Matsue City Nishitsuda;35.46;133.07;3220100;1.7490
3220120;松江市学園南;まつえしがくえんみなみ;Matsue City Gakuenminami;35.47;133.07;3220100;1.7490
3220122;松江市美保関総合運動公園;まつえしみほのせきそうごううんどうこうえん;Matsue City Mihonosekisogo Sports Park;35.53;133.17;3220100;1.4761
3220144;松江市鹿島町佐陀本郷;まつえしかしまちょうさだほんごう;Matsue City Kashima Town Sadahongo;35.52;133.00;3220100;1.4484
3220145;松江市玉湯町湯町;まつえしたまゆちょうゆまち;Matsue City Tamayu Town Yu Town;35.43;133.01;3220100;1.7490
3220146;松江市島根町加賀;まつえししまねちょうかか;Matsue City Shimane Town Kaka;35.56;133.07;3220100;0.6689
3220147;松江市八束町波入;まつえしやつかちょうはにゅう;Matsue City Yatsuka Town Hanyu;35.49;133.17;3220100;0.8125
3220148;松江市東出雲町揖屋;まつえしひがしいずもちょういや;Matsue City Higashiizumo Town Iya;35.43;133.15;3220100;1.4425
3220149;松江市八雲町西岩坂;まつえしやくもちょうにしいわさか;Matsue City Yakumo Town Nishiiwasaka;35.41;133.09;3220100;1.2231
3220150;松江市宍道町宍道;まつえししんじちょうしんじ;Matsue City Shinji Town Shinji;35.41;132.91;3220100;1.0341
3220301;出雲市今市町;いずもしいまいちちょう;Izumo City Imaichicho City;35.37;132.75;3220300;1.8123
3220302;出雲市坂浦町;いずもしさかうらちょう;Izumo City Sakaura Town;35.50;132.85;3220300;0.6689
3220320;出雲市塩冶有原町;いずもしえんやありはらちょう;Izumo City Enyaarihara Town;35.36;132.74;3220300;1.8369
3234320;奥出雲町横田;おくいずもちょうよこた;Okuizumo Town Yokota;35.18;133.09;3234300;0.9013
3220340;出雲市多伎町小田;いずもしたきちょうおだ;Izumo City Taki Town Oda;35.28;132.62;3220300;0.9012
3220342;出雲市湖陵町二部;いずもしこりょうちょうにぶ;Izumo City Koryo Town Nibu;35.32;132.67;3220300;1.8484
3220343;出雲市斐川町上庄原;いずもしひかわちょうかみしょうばら;Izumo City Hikawa Town Kamishobara;35.39;132.84;3220300;1.9397
3220344;出雲市平田町;いずもしひらたちょう;Izumo City Hirata Town;35.44;132.83;3220300;1.5657
3220345;出雲市大社町杵築南;いずもしたいしゃちょうきづきみなみ;Izumo City Taisha Town Kizukiminami;35.39;132.69;3220300;1.4425
3220620;安来市広瀬町広瀬祖父谷丁;やすぎしひろせちょうひろせおじだにちょう;Yasugi City Hirose Town Hiroseojidanicho;35.37;133.17;3220600;0.6689
3220635;安来市伯太町東母里;やすぎしはくたちょうひがしもり;Yasugi City Hakuta Town Higashimori;35.36;133.28;3220600;1.0994
3220636;安来市安来町;やすぎしやすぎちょう;Yasugi City Yasugi Town;35.43;133.25;3220600;1.7490
3220900;雲南市大東町大東;うんなんしだいとうちょうだいとう;Unnan City Daito Town Daito;35.32;132.97;3220900;0.8517
3220939;雲南市掛合町掛合;うんなんしかけやちょうかけや;Unnan City Kakeya Town Kakeya;35.20;132.81;3220900;0.6689
3220940;雲南市三刀屋町三刀屋;うんなんしみとやちょうみとや;Unnan City Mitoya Town Mitoya;35.29;132.87;3220900;1.1570
3220941;雲南市加茂町加茂中;うんなんしかもちょうかもなか;Unnan City Kamo Town Kamonaka;35.35;132.91;3220900;1.0248
3220942;雲南市吉田町吉田;うんなんしよしだちょうよしだ;Unnan City Yoshida Town Yoshida;35.17;132.86;3220900;0.6689
3220943;雲南市木次町里方;うんなんしきすきちょうさとがた;Unnan City Kisuki Town Satogata;35.31;132.90;3220900;1.1605
3238635;飯南町頓原;いいなんちょうとんばら;Iinan Town Tonbara;35.08;132.78;3238600;0.6689
3220341;出雲市佐田町反辺;いずもしさだちょうたんべ;Izumo City Sada Town Tanbe;35.25;132.72;3220300;0.6689
3320934;高梁市備中町;たかはししびっちゅうちょう;Takahashi City Bitchu Town;34.79;133.46;3320900;0.5689
3252801;隠岐の島町西町;おきのしまちょうにしまち;Okinoshima Town Nishi Town;36.20;133.33;3252800;1.4761
3252835;隠岐の島町下西;おきのしまちょうしもにし;Okinoshima Town Shimonishi;36.21;133.31;3252800;1.0034
3321439;真庭市蒜山下福田;まにわしひるぜんしもふくだ;Maniwa City Hiruzenshimofukuda;35.28;133.69;3321400;0.8810
3321440;真庭市美甘;まにわしみかも;Maniwa City Mikamo;35.16;133.62;3321400;0.5689
3321441;真庭市蒜山上福田;まにわしひるぜんかみふくだ;Maniwa City Hiruzenkamifukuda;35.28;133.64;3321400;0.8757
3321442;真庭市久世;まにわしくせ;Maniwa City Kuse;35.08;133.75;3321400;1.0936
3321443;真庭市落合垂水;まにわしおちあいたるみ;Maniwa City Ochiaitarumi;35.01;133.75;3321400;0.5689
3321500;美作市尾谷;みまさかしおたに;Mimasaka City Otani;34.94;134.17;3321500;0.5689
3321530;美作市真加部;みまさかしまかべ;Mimasaka City Makabe;35.07;134.19;3321500;0.9081
3321531;美作市古町;みまさかしふるまち;Mimasaka City Furu Town;35.12;134.33;3321500;0.9428
3321535;美作市福本;みまさかしふくもと;Mimasaka City Fukumoto;34.94;134.13;3321500;0.5689
3321536;美作市江見;みまさかしえみ;Mimasaka City Emi;35.02;134.23;3321500;0.8828
3321537;美作市太田;みまさかしおおた;Mimasaka City Ota;35.15;134.36;3321500;0.5689
3321538;美作市美来;みまさかしみらい;Mimasaka City Mirai;35.03;134.16;3321500;0.9415
3320200;倉敷市新田;くらしきししんでん;Kurashiki City Shinden;34.58;133.77;3320200;1.5657
3320220;倉敷市沖;くらしきしおき;Kurashiki City Oki;34.59;133.75;3320200;1.8123
3321438;真庭市蒜山下和;まにわしひるぜんしたお;Maniwa City Hiruzenshitao;35.27;133.78;3321400;0.8607
3320221;倉敷市下津井;くらしきししもつい;Kurashiki City Shimotsui;34.45;133.79;3320200;0.9363
3320232;倉敷市真備町;くらしきしまびちょう;Kurashiki City Mabi Town;34.63;133.69;3320200;1.3474
3320233;倉敷市児島小川町;くらしきしこじまおがわちょう;Kurashiki City Kojimaogawa Town;34.47;133.81;3320200;1.4425
3320234;倉敷市水島北幸町;くらしきしみずしまきたさいわいちょう;Kurashiki City Mizushimakitasaiwai Town;34.54;133.74;3320200;1.9397
3320235;倉敷市玉島阿賀崎;くらしきしたましまあがさき;Kurashiki City Tamashimaagasaki;34.55;133.67;3320200;1.5657
3320236;倉敷市船穂町;くらしきしふなおちょう;Kurashiki City Funao Town;34.58;133.71;3320200;1.6672
3320431;玉野市田井;たまのしたい;Tamano City Tai;34.52;133.93;3320400;0.9178
3320520;笠岡市殿川;かさおかしとのかわ;Kasaoka City Tonokawa;34.51;133.51;3320500;0.5689
3320530;笠岡市笠岡;かさおかしかさおか;Kasaoka City Kasaoka;34.51;133.515;3320500;0.5689
3320732;井原市井原町;いばらしいばらちょう;Ibara City Ibara Town;34.60;133.46;3320700;1.1226
3320733;井原市美星町;いばらしびせいちょう;Ibara City Bisei Town;34.68;133.54;3320700;0.5689
3320734;井原市芳井町;いばらしよしいちょう;Ibara City Yoshii Town;34.63;133.43;3320700;0.5689
3320834;総社市地頭片山;そうじゃしじとうかたやま;Soja City Jitokatayama;34.66;133.77;3320800;1.2961
3320835;総社市清音軽部;そうじゃしきよねかるべ;Soja City Kiyonekarube;34.65;133.74;3320800;2.0703
3320836;総社市小寺;そうじゃしこでら;Soja City Kodera;34.68;133.75;3320800;2.0575
3320230;倉敷市白楽町;くらしきしばくろちょう;Kurashiki City Bakuro Town;34.59;133.76;3320200;1.7835
3252802;隠岐の島町山田;おきのしまちょうやまだ;Okinoshima Town Yamada;36.29;133.25;3252800;0.9994
3321433;真庭市豊栄;まにわしとよさか;Maniwa City Toyosaka;35.19;133.73;3321400;0.8911
3321430;真庭市下呰部;まにわししもあざえ;Maniwa City Shimoazae;34.96;133.63;3321400;0.5689
3252836;隠岐の島町布施;おきのしまちょうふせ;Okinoshima Town Fuse;36.29;133.36;3252800;0.6689
3252837;隠岐の島町都万;おきのしまちょうつま;Okinoshima Town Tsuma;36.20;133.24;3252800;0.6689
3252838;隠岐の島町北方;おきのしまちょうきたがた;Okinoshima Town Kitagata;36.29;133.23;3252800;0.9994
3320301;津山市林田;つやましはいだ;Tsuyama City Haida;35.06;134.01;3320300;1.0656
3320320;津山市小中原;つやましこなかばら;Tsuyama City Konakabara;35.18;134.05;3320300;0.9994
3320330;津山市山北;つやましやまきた;Tsuyama City Yamakita;35.07;134.00;3320300;0.8693
3320333;津山市新野東;つやましにいのひがし;Tsuyama City Niinohigashi;35.10;134.11;3320300;0.8531
3320334;津山市中北下;つやましなかきたしも;Tsuyama City Nakakitashimo;35.06;133.90;3320300;1.0215
3320336;津山市阿波;つやましあば;Tsuyama City Aba;35.24;134.11;3320300;0.9994
3320337;津山市加茂町;つやましかもちょう;Tsuyama City Kamo Town;35.18;134.055;3320300;0.9994
3321000;新見市新見;にいみしにいみ;Niimi City Niimi;34.98;133.47;3321000;0.9712
3321020;新見市唐松;にいみしからまつ;Niimi City Karamatsu;34.96;133.50;3321000;0.5689
3321032;新見市神郷下神代;にいみししんごうしもこうじろ;Niimi City Shingoshimokojiro;34.99;133.40;3321000;0.5689
3321033;新見市哲多町本郷;にいみしてったちょうほんごう;Niimi City Tetta Town Hongo;34.94;133.45;3321000;0.6689
3321431;真庭市勝山;まにわしかつやま;Maniwa City Katsuyama;35.09;133.69;3321400;0.9629
3321034;新見市哲西町矢田;にいみしてっせいちょうやだ;Niimi City Tessei Town Yada;34.93;133.33;3321000;0.8948
3321036;新見市千屋実;にいみしちやさね;Niimi City Chiyasane;35.11;133.44;3321000;0.5689
3358630;新庄村役場;しんじょうそんやくば;Shinjo Village Town Office;35.18;133.57;3358600;0.8453
3360632;鏡野町井坂;かがみのちょういざか;Kagamino Town Izaka;35.19;133.91;3360600;0.6689
3360634;鏡野町富西谷;かがみのちょうとみにしだに;Kagamino Town Tominishidani;35.16;133.84;3360600;0.5689
3360635;鏡野町竹田;かがみのちょうたけだ;Kagamino Town Takeda;35.09;133.93;3360600;1.0966
3360636;鏡野町上齋原;かがみのちょうかみさいばら;Kagamino Town Kamisaibara;35.28;133.93;3360600;0.7619
3362230;勝央町勝間田;しょうおうちょうかつまた;Shouo Town Katsumata;35.04;134.12;3362200;1.1154
3362330;奈義町豊沢;なぎちょうとよさわ;Nagi Town Toyosawa;35.12;134.18;3362300;0.8202
3364331;西粟倉村影石;にしあわくらそんかげいし;Nishiawakura Village Kageishi;35.17;134.34;3364300;0.6689
3366332;久米南町下弓削;くめなんちょうしもゆげ;Ku Minami Town Shimoyuge;34.93;133.96;3366300;1.0303
3366633;岡山美咲町久木;おかやまみさきちょうひさぎ;Okayama Misaki Town Hisagi;34.95;134.06;3366600;1.1134
3366634;岡山美咲町原田;おかやまみさきちょうはらだ;Okayama Misaki Town Harada;35.00;133.95;3366600;0.9673
3321420;真庭市下方;まにわししもがた;Maniwa City Shimogata;35.01;133.73;3321400;0.8698
3321422;真庭市禾津;まにわしいなつ;Maniwa City Inatsu;35.17;133.73;3321400;0.5689
3321035;新見市大佐小阪部;にいみしおおさおさかべ;Niimi City Osaosakabe;35.08;133.57;3321000;0.8987
2820901;豊岡市桜町;とよおかしさくらまち;Toyoka City Sakura Town;35.54;134.82;2820900;1.3086
2714631;大阪堺市北区新金岡町;おおさかさかいしきたくしんかなおかちょう;Osaka Sakai City Kita Ward Shinkanaoka Town;34.57;135.52;2714600;1.3448
2714531;大阪堺市南区桃山台;おおさかさかいしみなみくももやまだい;Osaka Sakai City Minami Ward Momoyamadai;34.49;135.49;2714500;1.1838
2321100;豊田市小坂本町;とよたしこざかほんまち;Toyota City Kozakahon Town;35.09;137.15;2321100;1.2966
2321101;豊田市大洞町;とよたしおおぼらちょう;Toyota City Obora Town;35.27;137.25;2121200;0.5689
2321120;豊田市小坂町;とよたしこざかちょう;Toyota City Kozaka Town;35.08;137.15;2321100;1.0114
2321121;豊田市藤岡飯野町;とよたしふじおかいいのちょう;Toyota City Fujiokaiino Town;35.20;137.21;2321100;0.8973
2321137;豊田市大沼町;とよたしおおぬまちょう;Toyota City Onuma Town;35.04;137.32;2321100;0.5689
2321140;豊田市駒場町;とよたしこまばちょう;Toyota City Komaba Town;35.02;137.05;2321100;1.7250
2321141;豊田市坂上町;とよたしさかうえちょう;Toyota City Sakaue Town;35.07;137.26;2321100;0.9387
2321142;豊田市畝部西町;とよたしうねべにしまち;Toyota City Unebe Nishi Town;35.01;137.16;2321100;2.0272
2321143;豊田市百々町;とよたしどうどちょう;Toyota City Dodo Town;35.10;137.19;2321100;0.9050
2321144;豊田市保見町;とよたしほみちょう;Toyota City Homi Town;35.14;137.13;2321100;1.0121
2321145;豊田市長興寺;とよたしちょうこうじ;Toyota City Chokoji;35.07;137.17;2321100;1.6094
2321146;豊田市足助町;とよたしあすけちょう;Toyota City Asuke Town;35.13;137.31;2321100;0.5689
2321147;豊田市稲武町;とよたしいなぶちょう;Toyota City Inabu Town;35.22;137.51;2321100;0.7653
2321148;豊田市小原町;とよたしおばらちょう;Toyota City Obara Town;35.23;137.28;2321100;0.9217
2321031;刈谷市寿町;かりやしことぶきちょう;Kariya City Kotobuki Town;34.99;137.00;2321000;1.1732
2321149;豊田市小渡町;とよたしおどちょう;Toyota City Odo Town;35.23;137.36;2321100;0.9798
2321231;安城市横山町;あんじょうしよこやまちょう;Anjo City Yokoyama Town;34.96;137.08;2321200;1.3571
2321302;西尾市一色町;にしおしいっしきちょう;Nishio City Isshiki Town;34.81;137.03;2321300;1.4425
2321334;西尾市西幡豆町;にしおしにしはずちょう;Nishio City Nishihazu Town;34.79;137.13;2321300;1.0323
2321335;西尾市吉良町;にしおしきらちょう;Nishio City Kira Town;34.80;137.07;2321300;1.9393
2321336;西尾市矢曽根町;にしおしやぞねちょう;Nishio City Yazone Town;34.86;137.05;2321300;2.2090
2321531;犬山市五郎丸;いぬやましごろうまる;Inuyama City Goromaru;35.36;136.94;2336100;1.0183
2321601;中部国際空港;ちゅうぶこくさいくうこう;Chubu International Airport;34.86;136.81;2321600;1.6965
2321602;常滑市飛香台;とこなめしあすかだい;Tokoname City Asukadai;34.89;136.85;2321600;0.9697
2321731;愛知江南市赤童子町;あいちこうなんしあかどうじちょう;Aichi Konan City Akadoji Town;35.33;136.87;2321700;1.3055
2321931;小牧市安田町;こまきしやすだちょう;Komaki City Yasuda Town;35.30;136.92;2321900;0.9967
2322034;稲沢市平和町;いなざわしへいわちょう;Inazawa City Heiwa Town;35.22;136.74;2322000;1.9568
2322035;稲沢市稲府町;いなざわしいなぶちょう;Inazawa City Inabu Town;35.25;136.78;2322000;1.9063
2322036;稲沢市祖父江町;いなざわしそぶえちょう;Inazawa City Sobue Town;35.25;136.73;2322000;1.9397
2322231;東海市加木屋町;とうかいしかぎやまち;Tokai City Kagiya Town;35.00;136.91;2322200;1.0488
2321220;安城市和泉町;あんじょうしいずみちょう;Anjo City Izumi Town;34.91;137.04;2321200;1.2595
2322331;大府市中央町;おおぶしちゅうおうちょう;Obu City Chuuo Town;35.01;136.96;2322300;1.0230
2320932;碧南市松本町;へきなんしまつもとまち;Hekinan City Matsumoto Town;34.88;136.99;2320900;1.3344
2320631;春日井市鳥居松町;かすがいしとりいまつちょう;Kasugai City Toriimatsu Town;35.25;136.97;2320600;1.1004
2323101;田原市石神町;たはらしいしがみちょう;Tahara City Ishigami Town;34.63;137.14;2323100;0.5689
2323102;田原市福江町;たはらしふくえちょう;Tahara City Fukue Town;34.63;137.09;2323100;1.1723
2323120;田原市古田町;たはらしこだちょう;Tahara City Koda Town;34.62;137.11;2323100;0.5689
2323132;田原市田原町;たはらしたはらちょう;Tahara City Tahara Town;34.67;137.26;2323100;1.4260
2323133;田原市赤羽根町;たはらしあかばねちょう;Tahara City Akabane Town;34.62;137.21;2323100;0.9373
2310100;名古屋千種区日和町;なごやちくさくひよりちょう;Nagoya Chikusa Ward Hiyori Town;35.17;136.97;2310100;1.9397
2310240;名古屋東区筒井;なごやひがしくつつい;Nagoya Higashi Ward Tsutsui;35.18;136.93;2310200;1.2034
2310340;名古屋北区萩野通;なごやきたくはぎのどおり;Nagoya Kita Ward Haginodori;35.21;136.91;2310300;2.2330
2310440;名古屋西区八筋町;なごやにしくやすじちょう;Nagoya Nishi Ward Yasuji Town;35.22;136.88;2310400;2.2962
2310540;名古屋中村区大宮町;なごやなかむらくおおみやちょう;Nagoya Naka Village Kuomiya Town;35.17;136.87;2310500;2.0464
2310630;名古屋中区市役所;なごやなかくしやくしょ;Nagoya Naka Ward City Hall;35.18;136.91;2310200;1.2650
2310632;名古屋中区県庁;なごやなかくけんちょう;Nagoya Naka Ward Kencho;35.18;136.90;2310600;1.3494
2310740;名古屋昭和区阿由知通;なごやしょうわくあゆちどおり;Nagoya Showa Ward Ayuchidori;35.15;136.93;2310700;1.2162
2310840;名古屋瑞穂区塩入町;なごやみずほくしおいりちょう;Nagoya Mizuho Ward Shioiri Town;35.12;136.92;2310800;1.8586
2320831;愛知津島市埋田町;あいちつしましうめだちょう;Aichi Tsushima City Umeda Town;35.17;136.74;2320800;2.0807
2310940;名古屋熱田区一番;なごやあつたくいちばん;Nagoya Atsuta Ward Ichiban;35.12;136.90;2310900;1.7864
2311140;名古屋港区金城ふ頭;なごやみなとくきんじょうふとう;Nagoya Minato Ward Kinjofuto;35.05;136.85;2311100;1.7386
2311240;名古屋南区鳴尾;なごやみなみくなるお;Nagoya Minami Ward Naruo;35.08;136.93;2311200;1.6029
2311340;名古屋守山区下志段味;なごやもりやまくしもしだみ;Nagoya Moriyama Ward Shimoshidami;35.24;137.02;2311300;0.9084
2311420;名古屋緑区有松町;なごやみどりくありまつちょう;Nagoya Midori Ward Arimatsu Town;35.06;136.97;2311400;1.2399
2311540;名古屋名東区名東本町;なごやめいとうくめいとうほんまち;Nagoya Meito Ward Meitohon Town;35.16;136.99;2311500;1.0480
2311640;名古屋天白区島田;なごやてんぱくくしまだ;Nagoya Tenpaku Ward Shimada;35.12;136.97;2311600;2.0691
2320201;岡崎市若宮町;おかざきしわかみやちょう;Okazaki City Wakamiya Town;34.95;137.18;2320200;0.9648
2320231;岡崎市樫山町;おかざきしかしやまちょう;Okazaki City Kashiyama Town;34.92;137.29;2320200;0.8916
2320300;一宮市千秋;いちのみやしちあき;Ichinomiya City Chiaki;35.30;136.84;2320300;2.2164
2320334;一宮市西五城;いちのみやしにしいつしろ;Ichinomiya City Nishiitsushiro;35.30;136.75;2320300;1.8737
2320335;一宮市木曽川町;いちのみやしきそがわちょう;Ichinomiya City Kisogawa Town;35.34;136.78;2320300;1.8305
2320336;一宮市緑;いちのみやしみどり;Ichinomiya City Midori;35.30;136.81;2320300;1.8267
2320431;瀬戸市追分町;せとしおいわけちょう;Seto City Oiwake Town;35.22;137.08;2320400;0.8577
2320531;半田市東洋町;はんだしとうようちょう;Handa City Toyo Town;34.89;136.94;2320500;1.6340
2311040;名古屋中川区東春田;なごやなかがわくひがしはるた;Nagoya Nakagawa Ward Higashiharuta;35.14;136.82;2311000;2.1256
2356333;豊根村富山;とよねむらとみやま;Toyone Village Tomiyama;35.18;137.80;2356300;0.5689
2322420;知多市緑町;ちたしみどりちょう;Chita City Midori Town;35.00;136.86;2322400;1.4761
2322631;尾張旭市東大道町;おわりあさひしひがしだいどうちょう;Owariasahi City Higashidaido Town;35.21;137.04;2322600;1.1526
2420201;四日市市日永;よっかいちしひなが;Yokkaichi City Hinaga;34.94;136.58;2420200;1.1709
2420220;四日市市新浜町;よっかいちししんはまちょう;Yokkaichi City Shinhama Town;34.97;136.64;2420200;1.9638
2420230;四日市市諏訪町;よっかいちしすわちょう;Yokkaichi City Suwa Town;34.97;136.63;2420200;1.9258
2420232;四日市市楠町北五味塚;よっかいちしくすちょうきたごみづか;Yokkaichi City Kusu Town Kitagomizuka;34.91;136.63;2420200;1.9750
2420533;桑名市多度町多度;くわなしたどちょうたど;Kuwana City Tado Town Tado;35.13;136.63;2420500;1.0207
2420534;桑名市長島町松ケ島;くわなしながしまちょうまつがしま;Kuwana City Nagashima Town Matsugashima;35.09;136.70;2420500;1.8779
2420535;桑名市中央町;くわなしちゅうおうちょう;Kuwana City Chuuo Town;35.06;136.69;2420500;2.1814
2420700;鈴鹿市西条;すずかしにしじょう;Suzuka City Nishijo;34.88;136.57;2420700;1.1889
2420731;鈴鹿市神戸;すずかしかんべ;Suzuka City Kanbe;34.88;136.58;2420700;1.2506
2430331;木曽岬町西対海地;きそさきちょうにしたいがんじ;Kisosaki Town Nishitaiganji;35.08;136.73;2430300;1.8448
2432430;東員町山田;とういんちょうやまだ;Touin Town Yamada;35.07;136.58;2432400;1.4152
2434131;菰野町潤田;こものちょううるだ;Komono Town Uruda;35.02;136.51;2434100;1.1668
2434330;三重朝日町小向;みえあさひちょうおぶけ;Mie Asahi Town Obuke;35.03;136.66;2434300;1.7490
2434431;川越町豊田一色;かわごえちょうとよたいっしき;Kawagoe Town Toyotaisshiki;35.02;136.67;2434400;2.1814
2323831;長久手市岩作城の内;ながくてしやざこしろのうち;Nagakute City Yazakoshironochi;35.18;137.05;2323800;1.1046
2421435;いなべ市員弁町笠田新田;いなべしいなべちょうかさだしんでん;Inabe City Inabe Town Kasadashinden;35.11;136.56;2421400;0.9944
2421437;いなべ市藤原町市場;いなべしふじわらちょういちば;Inabe City Fujiwara Town Ichiba;35.17;136.49;2421400;0.8676
2421438;いなべ市北勢町阿下喜;いなべしほくせいちょうあげき;Inabe City Hokusei Town Ageki;35.16;136.52;2421400;1.1115
2421022;亀山市椿世町;かめやましつばいそちょう;Kameyama City Tsubaiso Town;34.87;136.45;2421000;1.1294
2421032;亀山市本丸町;かめやましほんまるちょう;Kameyama City Honmaru Town;34.86;136.45;2421000;0.9189
2421033;亀山市関町木崎;かめやましせきちょうこざき;Kameyama City Seki Town Kozaki;34.85;136.39;2421000;0.8654
2420100;津市島崎町;つししまざきちょう;Tsu City Shimazaki Town;34.73;136.52;2420100;1.7490
2420101;津市片田薬王寺町;つしかただやくおうじちょう;Tsu City Katadayakuoji Town;34.71;136.42;2420100;1.0571
2420130;津市西丸之内;つしにしまるのうち;Tsu City Nishimarunochi;34.72;136.51;2420100;1.4425
2420132;津市河芸町浜田;つしかわげちょうはまだ;Tsu City Kawage Town Hamada;34.79;136.54;2420100;1.0988
2420133;津市芸濃町椋本;つしげいのうちょうむくもと;Tsu City Geino Town Mukumoto;34.80;136.44;2420100;1.1420
2420134;津市美里町三郷;つしみさとちょうみさと;Tsu City Misato Town Misato;34.72;136.39;2420100;0.8683
2420136;津市香良洲町;つしからすちょう;Tsu City Karasu Town;34.64;136.54;2420100;1.9818
2420140;津市安濃町東観音寺;つしあのうちょうとうかんおんじ;Tsu City Ano Town Tokan'onji;34.76;136.45;2420100;2.0431
2420142;津市白山町川口;つしはくさんちょうかわぐち;Tsu City Hakusan Town Kawaguchi;34.64;136.34;2420100;0.9215
2421436;いなべ市大安町丹生川久下;いなべしだいあんちょうにゅうがわひさか;Inabe City Daian Town Nyugawahisaka;35.12;136.52;2421400;0.9851
2322530;知立市弘法;ちりゅうしこうぼう;Chiryu City Kobo;35.00;137.04;2322500;1.2850
2323735;あま市甚目寺;あましじもくじ;Ama City Jimokuji;35.20;136.82;2323700;2.1402
2323733;あま市七宝町;あまししっぽうちょう;Ama City Shippo Town;35.17;136.80;2323700;1.9397
2322731;高浜市稗田町;たかはましひえだちょう;Takahama City Hieda Town;34.92;136.99;2322700;1.1742
2322831;岩倉市川井町;いわくらしかわいちょう;Iwakura City Kawai Town;35.27;136.87;2322800;2.1905
2322931;豊明市沓掛町;とよあけしくつかけちょう;Toyoake City Kutsukake Town;35.06;137.02;2322900;2.0589
2323031;日進市蟹甲町;にっしんしかにこうちょう;Nisshin City Kaniko Town;35.13;137.04;2323000;0.9080
2330231;東郷町春木;とうごうちょうはるき;Togo Town Haruki;35.10;137.05;2330200;1.0608
2334231;豊山町豊場;とよやまちょうとよば;Toyoyama Town Toyoba;35.25;136.91;2334200;2.2014
2336131;大口町下小口;おおぐちちょうしもおぐち;Oguchi Town Shimoguchi;35.33;136.91;2336100;1.1475
2336231;扶桑町高雄;ふそうちょうたかお;Fuso Town Takao;35.36;136.91;2336200;1.2504
2342431;大治町馬島;おおはるちょうまじま;Oharu Town Majima;35.18;136.82;2342400;2.1402
2342531;蟹江町蟹江本町;かにえちょうかにえほんまち;Kanie Town Kaniehon Town;35.14;136.79;2342500;2.1305
2342730;飛島村竹之郷;とびしまむらたけのごう;Tobishima Village Takenogo;35.08;136.79;2342700;1.9673
2344131;阿久比町卯坂;あぐいちょううさか;Agui Town Usaka;34.93;136.92;2344100;1.5280
2344231;東浦町緒川;ひがしうらちょうおがわ;Higashiura Town Ogawa;34.98;136.97;2344200;1.5657
2344500;南知多町豊浜;みなみちたちょうとよはま;Minamichita Town Toyohama;34.72;136.93;2344500;0.9716
2323734;あま市木田;あましきだ;Ama City Kida;35.20;136.79;2323700;2.1582
2344620;愛知美浜町河和;あいちみはまちょうこうわ;Aichi Mihama Town Kowa;34.78;136.91;2344600;1.4425
2350132;幸田町菱池;こうたちょうひしいけ;Kota Town Hishiike;34.87;137.16;2350100;2.0885
2323201;愛西市稲葉町;あいさいしいなばちょう;Aisai City Inaba Town;35.15;136.73;2323200;2.0464
2323233;愛西市石田町;あいさいしいしだちょう;Aisai City Ishida Town;35.17;136.69;2323200;1.9955
2323234;愛西市江西町;あいさいしえにしちょう;Aisai City Enishi Town;35.22;136.70;2323200;1.9930
2323235;愛西市諏訪町;あいさいしすわちょう;Aisai City Suwa Town;35.19;136.74;2323200;2.1814
2323334;清須市須ケ口;きよすしすかぐち;Kiyosu City Sukaguchi;35.20;136.85;2323300;2.1256
2323336;清須市春日振形;きよすしはるひふりかた;Kiyosu City Haruhifurikata;35.24;136.84;2323300;1.9237
2323337;清須市西枇杷島町住吉;きよすしにしびわじまちょうすみよし;Kiyosu City Nishibiwaji Town Yosumiyoshi;35.20;136.87;2323300;2.0986
2323338;清須市清洲;きよすしきよす;Kiyosu City Kiyosu;35.22;136.84;2323300;1.9063
2323432;北名古屋市西之保;きたなごやしにしのほう;Kitanagoya City Nishinoho;35.25;136.87;2323400;1.8386
2323433;北名古屋市井瀬木;きたなごやしいせぎ;Kitanagoya City Isegi;35.24;136.89;2323400;2.2531
2323533;弥富市神戸;やとみしかんど;Yatomi City Kando;35.10;136.77;2323500;1.9488
2323534;弥富市前ヶ須町;やとみしまえがすちょう;Yatomi City Maegasu Town;35.11;136.72;2323500;1.9855
2323632;愛知みよし市三好町;あいちみよししみよしちょう;Aichi Miyoshi City Miyoshi Town;35.09;137.07;2323600;0.9502
2344731;武豊町長尾山;たけとよちょうながおやま;Taketoyo Town Nagaoyama;34.85;136.91;2344700;1.0902
2420143;津市一志町田尻;つしいちしちょうたじり;Tsu City Ichishi Town Tajiri;34.66;136.43;2420100;0.9560
2356332;豊根村下黒川;とよねむらしもくろがわ;Toyone Village Shimokurogawa;35.15;137.72;2356300;0.5689
2356132;設楽町田口;したらちょうたぐち;Shitara Town Taguchi;35.10;137.57;2356100;0.9994
2220334;沼津市戸田;ぬまづしへだ;Numazu City Heda;34.97;138.79;2220300;0.8125
2220335;沼津市原;ぬまづしはら;Numazu City Hara;35.13;138.80;2220300;2.2450
2220601;三島市東本町;みしましひがしほんちょう;Mishima City Higashihon Town;35.11;138.93;2220600;1.5127
2220630;三島市大社町;みしましたいしゃちょう;Mishima City Taisha Town;35.12;138.92;2220600;1.5185
2220701;富士宮市弓沢町;ふじのみやしゆみざわちょう;Fujinomiya City Yumizawa Town;35.22;138.62;2220700;1.3621
2220721;富士宮市野中;ふじのみやしのなか;Fujinomiya City Nonaka;35.21;138.60;2220700;0.9882
2220730;富士宮市猪之頭;ふじのみやしいのかしら;Fujinomiya City Inokashira;35.37;138.57;2220700;1.2679
2220731;富士宮市長貫;ふじのみやしながぬき;Fujinomiya City Naganuki;35.20;138.56;2220700;0.8325
2221000;富士市富士総合運動公園;ふじしふじそうごううんどうこうえん;Fuji City Fujisogo Sports Park;35.19;138.69;2221000;1.2157
2221031;富士市本市場;ふじしもといちば;Fuji City Motoichiba City;35.16;138.66;2221000;1.3650
2221032;富士市永田町;ふじしながたちょう;Fuji City Nagata Town;35.16;138.68;2221000;1.3894
2221034;富士市岩渕;ふじしいわぶち;Fuji City Iwabuchi;35.15;138.62;2221000;1.1112
2221035;富士市吉永;ふじしよしなが;Fuji City Yoshinaga;35.16;138.72;2221000;1.4017
2221036;富士市大淵;ふじしおおぶち;Fuji City Obuchi;35.21;138.68;2221000;1.2635
2220333;沼津市高島本町;ぬまづしたかしまほんちょう;Numazu City Takashimahon Town;35.11;138.86;2220300;1.5560
2221500;御殿場市萩原;ごてんばしはぎわら;Gotenba City Hagiwara;35.31;138.93;2221500;1.3847
2221530;御殿場市竈;ごてんばしかまど;Gotenba City Kamado;35.28;138.92;2221500;1.3663
2222020;裾野市石脇;すそのしいしわき;Susono City Ishiwaki;35.20;138.91;2222000;1.3688
2222030;裾野市佐野;すそのしさの;Susono City Sano;35.17;138.91;2222000;1.4249
2234131;静岡清水町堂庭;しずおかしみずちょうどうにわ;Shizuoka Shimizu Town Doniwa;35.10;138.90;2234100;1.5311
2234230;長泉町中土狩;ながいずみちょうなかとがり;Nagaizumi Town Nakatogari;35.14;138.90;2234200;1.4071
2234430;小山町藤曲;おやまちょうふじまがり;Oyama Town Fujimagari;35.36;138.99;2234400;0.7917
2234431;小山町須走;おやまちょうすばしり;Oyama Town Subashiri;35.36;138.87;2234400;1.2914
2220901;島田市川根町家山;しまだしかわねちょういえやま;Shimada City Kawane Town Ieyama;34.94;138.08;2220900;0.9028
2220903;島田市元島田;しまだしもとしまだ;Shimada City Motoshimada;34.84;138.19;2220900;1.1675
2220920;島田市川根町笹間上;しまだしかわねちょうささまかみ;Shimada City Kawane Town Sasamakami;35.01;138.15;2220900;0.6689
2220931;島田市金谷代官町;しまだしかなやだいかんちょう;Shimada City Kanayadaikan Town;34.84;138.13;2220900;1.1652
2221231;焼津市宗高;やいづしむなだか;Yaizu City Munadaka;34.80;138.28;2221200;1.3587
2221233;焼津市石津;やいづしいしづ;Yaizu City Ishizu;34.84;138.31;2221200;1.4152
2221430;藤枝市瀬戸新屋;ふじえだしせとあらや;Fujieda City Setoaraya;34.85;138.24;2221400;1.2485
2221521;御殿場市茱萸沢;ごてんばしぐみざわ;Gotenba City Gumizawa;35.31;138.91;2221500;1.3026
2221431;藤枝市岡出山;ふじえだしおかでやま;Fujieda City Okadeyama;34.87;138.26;2221400;1.2834
2220331;沼津市御幸町;ぬまづしみゆきちょう;Numazu City Miyuki Town;35.10;138.86;2220300;1.4425
2222533;伊豆の国市長岡;いずのくにしながおか;Izunokuni City Nagaoka;35.03;138.93;2222500;1.2696
2121941;郡上市美並町;ぐじょうしみなみちょう;Gujo City Minami Town;35.67;136.96;2121900;0.8290
2122130;海津市海津町;かいづしかいづちょう;Kaizu City Kaizu Town;35.22;136.64;2122100;1.8779
2122134;海津市南濃町;かいづしなんのうちょう;Kaizu City Nanno Town;35.22;136.60;2122100;1.1981
2122135;海津市平田町;かいづしひらたちょう;Kaizu City Hirata Town;35.26;136.64;2122100;2.2651
2220501;熱海市網代;あたみしあじろ;Atami City Ajiro;35.05;139.09;2220500;1.8868
2220520;熱海市泉;あたみしいずみ;Atami City Izumi;35.14;139.08;2220500;0.8125
2220532;熱海市中央町;あたみしちゅうおうちょう;Atami City Chuuo Town;35.10;139.07;2220500;0.8125
2220800;伊東市大原;いとうしおおはら;Ito City Ohara;34.97;139.10;2220800;1.7490
2220830;伊東市八幡野;いとうしやわたの;Ito City Yawatano;34.88;139.10;2220800;0.8125
2221900;下田市加増野;しもだしかぞうの;Shimoda City Kazono;34.72;138.88;2221900;0.8466
2221930;下田市中;しもだしなか;Shimoda City Naka;34.68;138.95;2221900;1.7490
2221932;下田市敷根;しもだししきね;Shimoda City Shikine;34.68;138.93;2221900;0.9994
2230120;東伊豆町奈良本;ひがしいずちょうならもと;Higashiizu Town Naramoto;34.82;139.05;2230100;0.8125
2230130;東伊豆町稲取;ひがしいずちょういなとり;Higashiizu Town Inatori;34.77;139.04;2230100;0.8125
2220321;沼津市西間門;ぬまづしにしまかど;Numazu City Nishimakado;35.11;138.84;2220300;2.1828
2230230;河津町田中;かわづちょうたなか;Kawazu Town Tanaka;34.76;138.99;2230200;0.6689
2230420;南伊豆町入間;みなみいずちょういるま;Minamiizu Town Iruma;34.65;138.82;2230400;0.6689
2230431;南伊豆町下賀茂;みなみいずちょうしもがも;Minamiizu Town Shimogamo;34.65;138.86;2230400;1.3127
2230520;松崎町江奈;まつざきちょうえな;Matsuzaki Town Ena;34.76;138.78;2230500;1.4425
2230531;松崎町宮内;まつざきちょうみやうち;Matsuzaki Town Miyauchi;34.75;138.78;2230500;1.4425
2230620;西伊豆町一色;にしいずちょういしき;Nishiizu Town Ishiki;34.78;138.79;2230600;0.6689
2230630;西伊豆町仁科;にしいずちょうにしな;Nishiizu Town Nishina;34.77;138.78;2230600;1.7490
2230632;西伊豆町宇久須;にしいずちょううぐす;Nishiizu Town Ugusu;34.85;138.78;2230600;1.7490
2232531;函南町平井;かんなみちょうひらい;Kannami Town Hirai;35.09;138.95;2232500;2.1142
2222200;伊豆市中伊豆グラウンド;いずしなかいずぐらうんど;Izu City Nakaizuguraundo;34.96;139.01;2222200;0.9489
2222230;伊豆市土肥;いずしとい;Izu City Toi;34.91;138.79;2222200;1.4425
2222232;伊豆市八幡;いずしはつま;Izu City Hatsuma;34.95;139.00;2222200;0.8125
2222234;伊豆市湯ケ島;いずしゆがしま;Izu City Yugashima;34.89;138.93;2222200;0.8061
2222241;伊豆市小立野;いずしこだちの;Izu City Kodachino;34.98;138.95;2222200;1.1478
2222532;伊豆の国市田京;いずのくにしたきょう;Izunokuni City Takyo;35.01;138.95;2222500;1.1975
2230402;南伊豆町石廊崎;みなみいずちょういろうざき;Minamiizu Town Irozaki;34.60;138.84;2230400;0.9419
2356231;東栄町本郷;とうえいちょうほんごう;Touei Town Hongo;35.08;137.70;2356200;0.6689
2221432;藤枝市岡部町岡部;ふじえだしおかべちょうおかべ;Fujieda City Okabe Town Okabe;34.91;138.28;2221400;1.7152
2210201;静岡駿河区曲金;しずおかするがくまがりかね;Shizuoka Suruga Ward Magarikane;34.98;138.40;2210100;1.2748
2213832;浜松中央区流通元町;はままつちゅうおうくりゅうつうもとまち;Hamamatsu Chuuo Ward Ryutsumoto Town;34.74;137.79;2213800;1.3804
2213833;浜松中央区舞阪町;はままつちゅうおうくまいさかちょう;Hamamatsu Chuuo Ward Maisaka Town;34.69;137.61;2213800;1.9423
2213834;浜松中央区雄踏;はままつちゅうおうくゆうとう;Hamamatsu Chuuo Ward Yuto;34.69;137.64;2213800;1.8868
2213835;浜松中央区江之島町;はままつちゅうおうくえのしまちょう;Hamamatsu Chuuo Ward Enoshi Town;34.67;137.75;2213800;2.1706
2213900;浜松浜名区三ヶ日町;はままつはまなくみっかびちょう;Hamamatsu Hamana Ward Mikkabi Town;34.80;137.56;2213900;1.7490
2213901;浜松浜名区滝沢町;はままつはまなくたきさわちょう;Hamamatsu Hamana Ward Takisawa Town;34.86;137.72;2213900;0.8172
2213930;浜松浜名区細江町;はままつはまなくほそえちょう;Hamamatsu Hamana Ward Hosoe Town;34.81;137.65;2213900;1.0151
2213932;浜松浜名区西美薗;はままつはまなくにしみその;Hamamatsu Hamana Ward Nishimisono;34.79;137.79;2213900;1.3069
2214020;浜松天竜区春野町;はままつてんりゅうくはるのちょう;Hamamatsu Tenryu Ward Haruno Town;34.98;137.90;2214000;0.5689
2214022;浜松天竜区佐久間町;はままつてんりゅうくさくまちょう;Hamamatsu Tenryu Ward Sakuma Town;35.09;137.81;2214000;1.0134
2214030;浜松天竜区二俣町鹿島;はままつてんりゅうくふたまたちょうかじま;Hamamatsu Tenryu Ward Futamata Town Kajima;34.85;137.81;2214000;1.9397
2214034;浜松天竜区水窪町;はままつてんりゅうくみさくぼちょう;Hamamatsu Tenryu Ward Misakubo Town;35.17;137.87;2214000;0.7873
2214036;浜松天竜区龍山町;はままつてんりゅうくたつやまちょう;Hamamatsu Tenryu Ward Tatsuyama Town;34.97;137.83;2214000;0.8144
2320100;豊橋市向山;とよはししむかいやま;Toyohashi City Mukaiyama;34.76;137.41;2320100;1.0820
2213831;浜松中央区元城町;はままつちゅうおうくもとしろちょう;Hamamatsu Chuuo Ward Motoshiro Town;34.71;137.73;2213800;1.4087
2320130;豊橋市東松山町;とよはししひがしまつやまちょう;Toyohashi City Higashimatsuyama Town;34.76;137.39;2320100;1.3168
2320735;豊川市小坂井町;とよかわしこざかいちょう;Toyokawa City Kozakai Town;34.80;137.36;2320700;1.2902
2320736;豊川市諏訪;とよかわしすわ;Toyokawa City Suwa;34.83;137.37;2320700;1.1047
2320737;豊川市一宮町;とよかわしいちのみやちょう;Toyokawa City Ichinomiya Town;34.86;137.42;2320700;0.9853
2320738;豊川市御津町;とよかわしみとちょう;Toyokawa City Mito Town;34.82;137.31;2320700;0.5689
2321420;蒲郡市御幸町;がまごおりしみゆきちょう;Gamagori City Miyuki Town;34.83;137.22;2321400;1.0120
2321431;蒲郡市水竹町;がまごおりしみずたけちょう;Gamagori City Mizutake Town;34.83;137.24;2321400;1.3373
2322100;新城市乗本;しんしろしのりもと;Shinshiro City Norimoto;34.93;137.57;2322100;0.8849
2322102;新城市作手清岳;しんしろしつくできよおか;Shinshiro City Tsukudekiyoka;34.97;137.42;2322100;0.5689
2322121;新城市作手高里松風呂;しんしろしつくでたかさとまつふろ;Shinshiro City Tsukudetakasatomatsufuro;34.98;137.43;2322100;0.5689
2322122;新城市大野;しんしろしおおの;Shinshiro City Ono;34.95;137.61;2322100;0.6689
2322133;新城市作手高里縄手上;しんしろしつくでたかさとなわてかみ;Shinshiro City Tsukudetakasatonawatekami;34.98;137.42;2322100;0.7533
2322134;新城市長篠;しんしろしながしの;Shinshiro City Nagashino;34.93;137.575;2322100;0.8664
2322135;新城市東入船;しんしろしひがしいりふね;Shinshiro City Higashiirifune;34.90;137.50;2322100;0.9181
2356131;設楽町津具;したらちょうつぐ;Shitara Town Tsugu;35.17;137.62;2356100;0.8213
2320732;豊川市赤坂町;とよかわしあかさかちょう;Toyokawa City Akasaka Town;34.86;137.31;2320700;1.1836
2242430;吉田町住吉;よしだちょうすみよし;Yoshida Town Sumiyoshi;34.77;138.25;2242400;1.3687
2213820;浜松中央区三組町;はままつちゅうおうくみくみちょう;Hamamatsu Chuuo Ward Mikumi Town;34.71;137.72;2213800;1.3061
2222431;静岡菊川市堀之内;しずおかきくがわしほりのうち;Shizuoka Kikugawa City Horinochi;34.76;138.08;2222400;1.2060
2210231;静岡駿河区用宗;しずおかするがくもちむね;Shizuoka Suruga Ward Mochimune;34.93;138.37;2210200;1.4028
2210120;静岡葵区駒形通;しずおかあおいくこまがたどおり;Shizuoka Aoi Ward Komagatadori;34.96;138.37;2210100;1.3203
2210121;静岡葵区梅ヶ島;しずおかあおいくうめがしま;Shizuoka Aoi Ward Umegashima;35.24;138.34;2210100;0.6689
2210130;静岡葵区追手町県庁;しずおかあおいくおうてまちけんちょう;Shizuoka Aoi Ward Ote Town Kencho;34.98;138.38;2210100;1.2865
2210131;静岡葵区追手町市役所;しずおかあおいくおうてまちしやくしょ;Shizuoka Aoi Ward Ote Town City Hall;34.98;138.385;2210100;1.2726
2210300;静岡清水区千歳町;しずおかしみずくちとせちょう;Shizuoka Shimizu Ward Chitose Town;35.02;138.48;2210300;1.4425
2210321;静岡清水区蒲原新栄;しずおかしみずくかんばらしんえい;Shizuoka Shimizu Ward Kanbarashin'ei;35.13;138.62;2210300;1.2870
2210333;静岡清水区由比北田;しずおかしみずくゆいきただ;Shizuoka Shimizu Ward Yuikitada;35.11;138.56;2210300;0.9502
2210334;静岡清水区谷津;しずおかしみずくやつ;Shizuoka Shimizu Ward Yatsu;35.07;138.52;2210300;1.2681
2242920;川根本町東藤川;かわねほんちょうひがしふじかわ;Kawanehon Town Higashifujikawa;35.10;138.13;2242900;0.7803
2242930;川根本町上長尾;かわねほんちょうかみながお;Kawanehon Town Kaminagao;35.05;138.08;2242900;0.6689
2222600;牧之原市鬼女新田;まきのはらしきじょしんでん;Makinohara City Kijoshinden;34.68;138.18;2222600;0.8458
2222620;牧之原市静波;まきのはらししずなみ;Makinohara City Shizunami;34.74;138.22;2222600;2.1433
2221130;磐田市見付;いわたしみつけ;Iwata City Mitsuke;34.73;137.85;2221100;1.5987
2213801;浜松中央区高丘東;はままつちゅうおうくたかおかひがし;Hamamatsu Chuuo Ward Takaokahigashi;34.75;137.71;2213800;1.1573
2221131;磐田市国府台;いわたしこうのだい;Iwata City Konodai;34.72;137.85;2221100;1.2981
2221133;磐田市岡;いわたしおか;Iwata City Oka;34.68;137.82;2221100;1.9397
2221135;磐田市下野部;いわたししものべ;Iwata City Shimonobe;34.84;137.84;2221100;1.2159
2221300;掛川市篠場;かけがわししのんば;Kakegawa City Shinonba;34.75;137.99;2221300;0.9165
2221330;掛川市西大渕;かけがわしにしおおぶち;Kakegawa City Nishiobuchi;34.68;137.99;2221300;1.4425
2221331;掛川市三俣;かけがわしみつまた;Kakegawa City Mitsumata;34.67;138.05;2221300;2.1043
2221340;掛川市長谷;かけがわしながや;Kakegawa City Nagaya;34.77;138.00;2221300;0.9375
2221600;袋井市新屋;ふくろいしあらや;Fukuroi City Araya;34.75;137.92;2221600;2.1454
2221630;袋井市浅名;ふくろいしあさな;Fukuroi City Asana;34.71;137.93;2221600;2.0226
2222131;湖西市新居町浜名;こさいしあらいちょうはまな;Kosai City Arai Town Hamana;34.69;137.56;2222100;1.2345
2222140;湖西市吉美;こさいしきび;Kosai City Kibi;34.72;137.53;2222100;1.9112
2246131;静岡森町森;しずおかもりまちもり;Shizuoka Mori Town Mori;34.84;137.93;2246100;1.1166
2222301;御前崎市御前崎;おまえざきしおまえざき;Omaezaki City Omaezaki;34.60;138.21;2222300;1.0992
2222330;御前崎市池新田;おまえざきしいけしんでん;Omaezaki City Ikeshinden;34.64;138.13;2222300;1.4425
2222430;静岡菊川市赤土;しずおかきくがわしあかつち;Shizuoka Kikugawa City Akatsuchi;34.69;138.09;2222400;2.1124
2221132;磐田市福田;いわたしふくで;Iwata City Fukude;34.68;137.88;2221100;2.1204
2420144;津市美杉町八知;つしみすぎちょうやち;Tsu City Misugi Town Yachi;34.56;136.26;2420100;0.5689
2420145;津市久居明神町;つしひさいみょうじんちょう;Tsu City Hisaimyojin Town;34.69;136.47;2420100;0.9967
2420401;松阪市上川町;まつさかしうえがわちょう;Matsusaka City Uegawa Town;34.55;136.55;2420400;0.9888
2636730;南山城村北大河原;みなみやましろむらきたおおがわら;Minamiyamashiro Village Kitaogawara;34.77;135.99;2636700;0.8687
2640700;京丹波町坂原;きょうたんばちょうさかばら;Kyotanba Town Sakabara;35.29;135.40;2640700;0.5689
2640731;京丹波町橋爪;きょうたんばちょうはしづめ;Kyotanba Town Hashizume;35.18;135.37;2640700;0.8359
2640732;京丹波町本庄;きょうたんばちょうほんじょう;Kyotanba Town Honjo;35.26;135.40;2640700;0.8687
2640733;京丹波町蒲生;きょうたんばちょうこも;Kyotanba Town Komo;35.17;135.42;2640700;0.8524
2621330;南丹市美山町島;なんたんしみやまちょうしま;Nantan City Miyama Town Shima;35.27;135.55;2621300;0.5689
2621333;南丹市日吉町保野田;なんたんしひよしちょうほのだ;Nantan City Hiyoshi Town Honoda;35.16;135.50;2621300;0.5689
2621334;南丹市八木町八木;なんたんしやぎちょうやぎ;Nantan City Yagi Town Yagi;35.07;135.53;2621300;1.0400
2621336;南丹市園部町小桜町;なんたんしそのべちょうこざくらまち;Nantan City Sonobe Town Kozakura Town;35.11;135.47;2621300;1.0143
2621432;木津川市加茂町里;きづがわしかもちょうさと;Kizugawa City Kamo Town Sato;34.75;135.87;2621400;1.9854
2621433;木津川市木津;きづがわしきづ;Kizugawa City Kizu;34.74;135.82;2621400;1.2381
2621434;木津川市山城町上狛;きづがわしやましろちょうかみこま;Kizugawa City Yamashiro Town Kamikoma;34.75;135.82;2621400;0.9360
2710231;大阪都島区都島本通;おおさかみやこじまくみやこじまほんどおり;Osaka Miyakojima Ward Miyakojimahondori;34.71;135.53;2710200;2.3503
2710330;大阪福島区福島;おおさかふくしまくふくしま;Osaka Fukushima Ward Fukushima;34.69;135.48;2710300;2.1305
2636631;精華町南稲八妻;せいかちょうみなみいなやづま;Seika Town Minamiinayazuma;34.76;135.79;2636600;1.2189
2710431;大阪此花区春日出北;おおさかこのはなくかすができた;Osaka Konohana Ward Kasugadekita;34.68;135.45;2710400;1.9899
2710730;大阪港区築港;おおさかみなとくちっこう;Osaka Minato Ward Chikko;34.66;135.43;2710400;1.9372
2710831;大阪大正区泉尾;おおさかたいしょうくいずお;Osaka Taisho Ward Izuo;34.66;135.48;2710800;1.9397
2710930;大阪天王寺区上本町;おおさかてんのうじくうえほんまち;Osaka Tennoji Ward Uehon Town;34.66;135.52;2710900;1.3495
2711131;大阪浪速区元町;おおさかなにわくもとまち;Osaka Naniwa Ward Motomachi;34.66;135.50;2711100;1.4425
2711331;大阪西淀川区千舟;おおさかにしよどがわくちぶね;Osaka Nishiyodogawa Ward Chibune;34.71;135.45;2711300;2.0807
2711420;大阪東淀川区柴島;おおさかひがしよどがわくくにじま;Osaka Higashiyodogawa Ward Kunijima;34.73;135.51;2711400;1.4425
2711430;大阪東淀川区北江口;おおさかひがしよどがわくきたえぐち;Osaka Higashiyodogawa Ward Kitaeguchi;34.76;135.54;2711400;2.2030
2711530;大阪東成区東中本;おおさかひがしなりくひがしなかもと;Osaka Higashinari Ward Higashinakamoto;34.68;135.54;2711500;2.3023
2711630;大阪生野区舎利寺;おおさかいくのくしゃりじ;Osaka Ikuno Ward Shariji;34.65;135.54;2711600;1.9314
2711731;大阪旭区大宮;おおさかあさひくおおみや;Osaka Asahi Ward Omiya;34.72;135.54;2711700;2.3473
2711831;大阪城東区放出西;おおさかじょうとうくはなてんにし;Osaka Joto Ward Hanatennishi;34.70;135.55;2711800;2.4068
2711930;大阪阿倍野区松崎町;おおさかあべのくまつざきちょう;Osaka Abeno Ward Matsuzaki Town;34.64;135.52;2711900;1.7710
2712030;大阪住吉区遠里小野;おおさかすみよしくおりおの;Osaka Sumiyoshi Ward Oriono;34.60;135.50;2712000;1.4173
2712130;大阪東住吉区杭全;おおさかひがしすみよしくくまた;Osaka Higashisumiyoshi Ward Kumata;34.63;135.54;2712100;2.2954
2710630;大阪西区九条南;おおさかにしくくじょうみなみ;Osaka Nishi Ward Kujominami;34.67;135.47;2710700;2.0200
2712230;大阪西成区岸里;おおさかにしなりくきしのさと;Osaka Nishinari Ward Kishinosato;34.64;135.49;2712200;2.1582
2636530;和束町釜塚;わづかちょうかまつか;Wazuka Town Kamatsuka;34.80;135.90;2636500;0.9998
2634431;宇治田原町立川;うじたわらちょうたちかわ;Ujitawara Town Tachikawa;34.84;135.87;2634400;0.5689
2646532;与謝野町四辻;よさのちょうよつつじ;Yosano Town Yotsutsuji;35.53;135.10;2646500;1.4125
2610142;京都北区大宮西脇台町;きょうときたくおおみやにしわきだいちょう;Kyoto Kita Ward Omiyanishiwakidai Town;35.05;135.74;2610100;0.8461
2610230;京都上京区薮ノ内町;きょうとかみぎょうくやぶのうちちょう;Kyoto Kamigyo Ward Yabunochi Town;35.02;135.75;2610200;1.2107
2610321;京都左京区広河原能見町;きょうとさきょうくひろがわらのうみちょう;Kyoto Sakyo Ward Hirogawaranomi Town;35.25;135.77;2610300;0.5689
2610340;京都左京区田中;きょうとさきょうくたなか;Kyoto Sakyo Ward Tanaka;35.04;135.78;2610300;1.1778
2610400;京都中京区西ノ京;きょうとなかぎょうくにしのきょう;Kyoto Nakagyo Ward Nishinokyo;35.02;135.73;2610400;0.9472
2610440;京都中京区河原町御池;きょうとなかぎょうくかわらまちおいけ;Kyoto Nakagyo Ward Kawara Town Oike;35.01;135.77;2610400;1.2288
2610540;京都東山区清水;きょうとひがしやまくきよみず;Kyoto Higashiyama Ward Kiyomizu;35.00;135.78;2610500;1.1594
2610640;京都下京区河原町塩小路;きょうとしもぎょうくかわらまちしおこうじ;Kyoto Shimogyo Ward Kawara Town Shiokoji;34.99;135.76;2610600;1.2582
2610740;京都南区西九条;きょうとみなみくにしくじょう;Kyoto Minami Ward Nishikujo;34.97;135.75;2610700;1.2991
2610830;京都右京区京北周山町;きょうとうきょうくけいほくしゅうざんちょう;Kyoto Ukyo Ward Keihokushuzan Town;35.16;135.63;2610800;0.7833
2610841;京都右京区太秦;きょうとうきょうくうずまさ;Kyoto Ukyo Ward Uzumasa;35.01;135.71;2610800;0.9945
2610940;京都伏見区竹田;きょうとふしみくたけだ;Kyoto Fushimi Ward Takeda;34.96;135.76;2610900;1.2948
2610941;京都伏見区醍醐;きょうとふしみくだいご;Kyoto Fushimi Ward Daigo;34.95;135.81;2610900;2.0212
2636430;笠置町笠置;かさぎちょうかさぎ;Kasagi Town Kasagi;34.76;135.94;2636400;1.1487
2611020;京都山科区安朱川向町;きょうとやましなくあんしゅかわむかいちょう;Kyoto Yamashina Ward Anshukawamukai Town;35.00;135.82;2611000;0.5689
2611140;京都西京区樫原;きょうとにしきょうくかたぎはら;Kyoto Nishikyo Ward Katagihara;34.98;135.69;2611100;1.1970
2611141;京都西京区大枝;きょうとにしきょうくおおえ;Kyoto Nishikyo Ward Ooe;34.97;135.68;2611100;0.8898
2620400;宇治市宇治琵琶;うじしうじびわ;Uji City Ujibiwa;34.88;135.80;2620400;1.0207
2620420;宇治市折居台;うじしおりいだい;Uji City Oriidai;34.88;135.805;2620400;0.9665
2620600;亀岡市安町;かめおかしやすまち;Kameoka City Yasu Town;35.01;135.57;2620600;0.5689
2620620;亀岡市余部町;かめおかしあまるべちょう;Kameoka City Amarube Town;35.02;135.56;2620600;0.8952
2620731;城陽市寺田;じょうようしてらだ;Joyo City Terada;34.85;135.78;2620700;1.2841
2620830;向日市寺戸町;むこうしてらどちょう;Muko City Terado Town;34.95;135.70;2620800;1.0003
2620931;長岡京市開田;ながおかきょうしかいでん;Nagaokakyo City Kaiden;34.93;135.69;2620900;1.2355
2621030;八幡市八幡;やわたしやわた;Yawata City Yawata;34.87;135.71;2621000;2.0480
2630331;大山崎町円明寺;おおやまざきちょうえんみょうじ;Oyamazaki Town Enmyoji;34.90;135.69;2630300;2.0604
2632230;久御山町田井;くみやまちょうたい;Kumiyama Town Tai;34.88;135.73;2610900;1.9397
2621130;京田辺市田辺;きょうたなべしたなべ;Kyotanabe City Tanabe;34.81;135.77;2621100;1.1760
2634331;井手町井手;いでちょういで;Ide Town Ide;34.80;135.81;2634300;0.8944
2611040;京都山科区西野;きょうとやましなくにしの;Kyoto Yamashina Ward Nishino;34.99;135.81;2611000;1.1802
2646531;与謝野町岩滝;よさのちょういわたき;Yosano Town Iwataki;35.57;135.15;2646500;1.3848
2712330;大阪淀川区木川東;おおさかよどがわくきかわひがし;Osaka Yodogawa Ward Kikawahigashi;34.73;135.49;2712300;2.0049
2712531;大阪住之江区御崎;おおさかすみのえくみさき;Osaka Suminoe Ward Misaki;34.61;135.48;2712500;2.0293
2721332;泉佐野市りんくう往来;いずみさのしりんくうおうらい;Izumisano City Rinkuuorai;34.41;135.30;2721300;1.7114
2721333;泉佐野市市場;いずみさのしいちば;Izumisano City Ichiba;34.41;135.33;2721300;1.0789
2721400;富田林市本町;とんだばやししほんまち;Tondabayashi City Hon Town;34.50;135.60;2721400;1.0644
2721430;富田林市高辺台;とんだばやししたかべだい;Tondabayashi City Takabedai;34.50;135.57;2721400;1.1603
2721620;河内長野市清見台;かわちながのしきよみだい;Kawachinagano City Kiyomidai;34.44;135.58;2721600;0.9264
2721630;河内長野市原町;かわちながのしはらちょう;Kawachinagano City Hara Town;34.46;135.56;2721600;0.8741
2721730;松原市阿保;まつばらしあお;Matsubara City Ao;34.58;135.55;2721700;1.2889
2721932;大阪和泉市府中町;おおさかいずみしふちゅうちょう;Osaka Izumi City Fuchu Town;34.48;135.42;2721900;1.2600
2722231;羽曳野市誉田;はびきのしこんだ;Habikino City Konda;34.56;135.61;2722200;1.0040
2722530;高石市加茂;たかいししかも;Takaishi City Kamo;34.52;135.44;2722500;1.4970
2722630;藤井寺市岡;ふじいでらしおか;Fujiidera City Oka;34.57;135.60;2722600;1.0634
2722820;泉南市男里;せんなんしおのさと;Sennan City Onosato;34.37;135.26;2722800;1.0754
2722830;泉南市信達市場;せんなんししんだちいちば;Sennan City Shin'dachiichiba;34.37;135.27;2722800;1.0541
2723130;大阪狭山市狭山;おおさかさやましさやま;Osaka Sayama City Sayama;34.50;135.56;2723100;1.0441
2720831;貝塚市畠中;かいづかしはたけなか;Kaizuka City Hatakenaka;34.44;135.36;2720800;1.1346
2723230;阪南市尾崎町;はんなんしおざきちょう;Hannan City Ozaki Town;34.36;135.24;2723200;1.0861
2736130;熊取町野田;くまとりちょうのだ;Kumatori Town Noda;34.40;135.35;2736100;0.9612
2736200;関西国際空港;かんさいこくさいくうこう;Kansai International Airport;34.43;135.24;2736200;1.8494
2736230;田尻町嘉祥寺;たじりちょうかしょうじ;Tajiri Town Kashoji;34.39;135.29;2736200;1.1933
2736630;大阪岬町深日;おおさかみさきちょうふけ;Osaka Misaki Town Fuke;34.32;135.14;2736600;1.4761
2738130;大阪太子町山田;おおさかたいしちょうやまだ;Osaka Taishi Town Yamada;34.52;135.65;2738100;0.8431
2738230;河南町白木;かなんちょうしらき;Kanan Town Shiraki;34.49;135.63;2738200;0.8792
2738333;千早赤阪村水分;ちはやあかさかむらすいぶん;Chihayaakasaka Village Suibun;34.46;135.62;2738300;0.8346
2714200;大阪堺市中区深井清水町;おおさかさかいしなかくふかいしみずちょう;Osaka Sakai City Naka Ward Fukaishimizu Town;34.53;135.49;2714200;1.2763
2714120;大阪堺市堺区山本町;おおさかさかいしさかいくやまもとちょう;Osaka Sakai City Sakai Ward Yamamoto Town;34.59;135.47;2714100;2.0426
2714131;大阪堺市堺区市役所;おおさかさかいしさかいくしやくしょ;Osaka Sakai City Sakai Ward City Hall;34.57;135.48;2714100;1.4857
2714132;大阪堺市堺区大浜南町;おおさかさかいしさかいくおおはまみなみまち;Osaka Sakai City Sakai Ward Ohama Minami Town;34.57;135.46;2714100;2.1706
2714730;大阪堺市美原区黒山;おおさかさかいしみはらくくろやま;Osaka Sakai City Mihara Ward Kuroyama;34.54;135.56;2714700;1.1661
2714330;大阪堺市東区日置荘原寺町;おおさかさかいしひがしくひきしょうはらでらまち;Osaka Sakai City Higashi Ward Hikishoharadera Town;34.54;135.54;2714300;1.2292
2714431;大阪堺市西区鳳東町;おおさかさかいしにしくおおとりひがしまち;Osaka Sakai City Nishi Ward Otorihigashi Town;34.54;135.46;2714400;1.7943
2734132;忠岡町忠岡東;ただおかちょうただおかひがし;Tadaoka Town Tadaokahigashi;34.49;135.40;2734100;1.7252
2712430;大阪鶴見区横堤;おおさかつるみくよこづつみ;Osaka Tsurumi Ward Yokozutsumi;34.70;135.57;2712400;2.3473
2720631;泉大津市東雲町;いずみおおつししののめちょう;Izumiotsu City Shinonome Town;34.50;135.41;2720600;2.0986
2720221;岸和田市畑町;きしわだしはたまち;Kishiwada City Hata Town;34.44;135.39;2720200;1.0563
2712630;大阪平野区平野南;おおさかひらのくひらのみなみ;Osaka Hirano Ward Hiranominami;34.62;135.56;2712600;2.2461
2712730;大阪北区茶屋町;おおさかきたくちゃやまち;Osaka Kita Ward Chaya Town;34.71;135.50;2712700;1.4425
2712800;大阪中央区大手前;おおさかちゅうおうくおおてまえ;Osaka Chuuo Ward Otemae;34.68;135.52;2712800;1.3274
2712831;大阪中央区大阪府庁;おおさかちゅうおうくおおさかふちょう;Osaka Chuuo Ward Osakafucho;34.69;135.52;2712800;1.3935
2720300;大阪国際空港;おおさかこくさいくうこう;Osaka International Airport;34.79;135.44;2820700;1.3314
2720320;豊中市曽根南町;とよなかしそねみなみまち;Toyonaka City Sone Minami Town;34.77;135.47;2720300;1.1025
2720330;豊中市中桜塚;とよなかしなかさくらづか;Toyonaka City Nakasakurazuka;34.78;135.47;2720300;1.0454
2720430;池田市城南;いけだしじょうなん;Ikeda City Jonan;34.82;135.43;2720400;1.2604
2720530;吹田市内本町;すいたしうちほんまち;Suita City Uchihon Town;34.76;135.52;2720500;1.4425
2720700;高槻市桃園町;たかつきしとうえんちょう;Takatsuki City Touen Town;34.85;135.62;2720700;2.0947
2720720;高槻市立第２中学校;たかつきしりつだいにちゅうがっこう;Takatsuki City Municipal No. 2 Middle School;34.86;135.60;2720700;1.2588
2720732;高槻市消防本部;たかつきししょうぼうほんぶ;Takatsuki City Fire Department;34.84;135.61;2720700;2.1609
2720931;守口市京阪本通;もりぐちしけいはんほんどおり;Moriguchi City Keihanhondori;34.74;135.56;2711700;1.9397
2721031;枚方市大垣内;ひらかたしおおがいと;Hirakata City Ogaito;34.81;135.65;2721000;1.3025
2720230;岸和田市役所;きしわだしやくしょ;Kishiwada City Hall;34.46;135.375;2720200;1.2313
2721130;茨木市東中条町;いばらきしひがしちゅうじょうちょう;Ibaraki City Higashichujo Town;34.81;135.57;2721100;2.1444
2721530;寝屋川市本町;ねやがわしほんまち;Neyagawa City Hon Town;34.77;135.63;2721500;1.3556
2721831;大東市新町;だいとうししんまち;Daito City Shinmachi;34.70;135.62;2722700;2.2438
2722000;箕面市箕面;みのおしみのお;Mino City Mino;34.83;135.47;2722000;0.8966
2722131;柏原市安堂町;かしわらしあんどうちょう;Kashiwara City Ando Town;34.58;135.63;2722100;1.2510
2722330;門真市中町;かどましなかまち;Kadoma City Nakamachi;34.74;135.59;2722300;2.2815
2722430;摂津市三島;せっつしみしま;Settsu City Mishima;34.78;135.56;2722400;2.1740
2722731;東大阪市荒本北;ひがしおおさかしあらもときた;Higashiosaka City Aramotokita;34.68;135.60;2722700;2.3190
2722930;四條畷市西中野;しじょうなわてしにしなかの;Shijonawate City Nishinakano;34.74;135.64;2722900;1.2907
2723030;交野市私部;かたのしきさべ;Katano City Kisabe;34.79;135.68;2723000;1.0263
2730130;島本町若山台;しまもとちょうわかやまだい;Shimamoto Town Wakayamadai;34.89;135.66;2730100;0.6689
2732130;豊能町余野;とよのちょうよの;Toyono Town Yono;34.92;135.49;2732100;0.8617
2732221;能勢町森上;のせちょうもりがみ;Nose Town Morigami;34.97;135.40;2732200;0.7974
2732231;能勢町宿野;のせちょうしゅくの;Nose Town Shukuno;34.97;135.41;2732200;0.7994
2720200;岸和田市岸城町;きしわだしきしきちょう;Kishiwada City Kishiki Town;34.46;135.37;2720200;1.2566
2721230;八尾市本町;やおしほんまち;Yao City Hon Town;34.63;135.60;2721200;1.8037
2646530;与謝野町加悦;よさのちょうかや;Yosano Town Kaya;35.50;135.10;2646500;1.4093
2621237;京丹後市弥栄町溝谷;きょうたんごしやさかちょうみぞたに;Kyotango City Yasaka Town Mizotani;35.66;135.09;2621200;1.3409
2621236;京丹後市網野町;きょうたんごしあみのちょう;Kyotango City Amino Town;35.68;135.03;2621200;1.7490
2454331;三重紀北町相賀;みえきほくちょうあいが;Mie Kihoku Town Aiga;34.11;136.23;2454300;1.7490
2454333;三重紀北町東長島;みえきほくちょうひがしながしま;Mie Kihoku Town Higashinagashima;34.21;136.34;2454300;1.4425
2420301;伊勢市矢持町;いせしやもちちょう;Ise City Yamochi Town;34.39;136.70;2420300;0.5689
2420321;伊勢市楠部町;いせしくすべちょう;Ise City Kusube Town;34.49;136.73;2420300;1.0182
2420334;伊勢市岩淵;いせしいわぶち;Ise City Iwabuchi;34.49;136.71;2420300;1.5084
2420335;伊勢市二見町茶屋;いせしふたみちょうちゃや;Ise City Futami Town Chaya;34.51;136.78;2420300;1.4425
2420336;伊勢市小俣町元町;いせしおばたちょうもとまち;Ise City Obata Town Motomachi;34.51;136.67;2420300;1.0729
2420337;伊勢市御薗町長屋;いせしみそのちょうながや;Ise City Misono Town Nagaya;34.51;136.71;2420300;2.2427
2421132;鳥羽市鳥羽;とばしとば;Toba City Toba;34.48;136.84;2421100;0.5689
2421502;志摩市志摩町越賀;しまししまちょうこしか;Shima City Shima Town Koshika;34.26;136.79;2421500;1.2078
2421521;志摩市志摩町布施田;しまししまちょうふせだ;Shima City Shima Town Fuseda;34.25;136.82;2421500;1.4425
2421536;志摩市大王町波切;しましだいおうちょうなきり;Shima City Daio Town Nakiri;34.28;136.88;2421500;1.1756
2421539;志摩市磯部町迫間;しましいそべちょうはさま;Shima City Isobe Town Hasama;34.38;136.80;2421500;0.9478
2421538;志摩市阿児町鵜方;しましあごちょううがた;Shima City Ago Town Ugata;34.33;136.83;2421500;1.1815
2454300;三重紀北町十須;みえきほくちょうじゅうす;Mie Kihoku Town Jusu;34.24;136.27;2454300;0.5689
2421540;志摩市浜島町浜島;しましはまじまちょうはまじま;Shima City Hamaji Town Yohamajima;34.30;136.76;2421500;1.4761
2444334;大台町江馬;おおだいちょうえま;Odai Town Ema;34.36;136.34;2444300;0.5689
2446131;玉城町田丸;たまきちょうたまる;Tamaki Town Tamaru;34.49;136.63;2446100;0.9755
2447032;度会町棚橋;わたらいちょうたなはし;Watarai Town Tanahashi;34.44;136.62;2447000;0.5689
2520201;彦根市城町;ひこねししろまち;Hikone City Shiro Town;35.28;136.24;2520200;0.0000
2520220;彦根市西今町;ひこねしにしいまちょう;Hikone City Nishiima Town;35.25;136.24;2520200;1.9365
2520230;彦根市元町;ひこねしもとまち;Hikone City Motomachi;35.27;136.26;2520200;1.9392
2520320;長浜市公園町;ながはましこうえんちょう;Nagahama City Park Cho;35.38;136.26;2520300;1.8779
2520331;長浜市内保町;ながはましうちぼちょう;Nagahama City Uchibo Town;35.43;136.30;2520300;1.1280
2520334;長浜市湖北町速水;ながはましこほくちょうはやみ;Nagahama City Kohoku Town Hayami;35.45;136.24;2520300;1.9326
2520335;長浜市高月町渡岸寺;ながはましたかつきちょうどうがんじ;Nagahama City Takatsuki Town Doganji;35.47;136.23;2520300;1.9672
2520336;長浜市木之本町木之本;ながはましきのもとちょうきのもと;Nagahama City Kinomoto Town Kinomoto;35.50;136.22;2520300;1.9244
2520337;長浜市余呉町中之郷;ながはましよごちょうなかのごう;Nagahama City Yogo Town Nakanogo;35.54;136.20;2520300;1.9077
2520339;長浜市西浅井町大浦;ながはましにしあざいちょうおおうら;Nagahama City Nishiazai Town Ora;35.50;136.12;2520300;0.6689
2520340;長浜市八幡東町;ながはましやわたひがしちょう;Nagahama City Yawata Higashi Town;35.38;136.28;2520300;1.1570
2444333;大台町佐原;おおだいちょうさわら;Odai Town Sawara;34.39;136.41;2447100;0.8382
2520341;長浜市宮部町;ながはましみやべちょう;Nagahama City Miyabe Town;35.42;136.27;2520300;1.1627
2447231;南伊勢町神前浦;みなみいせちょうかみさきうら;Minamiise Town Kamisakiura;34.28;136.50;2447200;0.5689
2447133;三重大紀町大内山;みえたいきちょうおおうちやま;Mie Taiki Town Ochiyama;34.28;136.36;2447100;0.8181
2420422;松阪市魚町;まつさかしうおまち;Matsusaka City Uo Town;34.58;136.53;2420400;1.3571
2420432;松阪市曽原町;まつさかしそはらちょう;Matsusaka City Sohara Town;34.63;136.52;2420400;1.9750
2420434;松阪市飯高町宮前;まつさかしいいたかちょうみやまえ;Matsusaka City Iitaka Town Miyamae;34.43;136.33;2420400;0.5689
2420435;松阪市殿町;まつさかしとのまち;Matsusaka City Tono Town;34.58;136.535;2420400;1.4049
2420436;松阪市飯南町粥見;まつさかしいいなんちょうかゆみ;Matsusaka City Iinan Town Kayumi;34.45;136.39;2420400;0.8339
2420437;松阪市嬉野町;まつさかしうれしのちょう;Matsusaka City Ureshino Town;34.62;136.48;2420400;1.8156
2420830;名張市鴻之台;なばりしこうのだい;Nabari City Konodai;34.63;136.11;2420800;0.8148
2444133;多気町相可;たきちょうおうか;Taki Town Oka;34.50;136.55;2444100;1.2819
2444134;多気町朝柄;たきちょうあさがら;Taki Town Asagara;34.46;136.46;2444100;0.8716
2444230;三重明和町馬之上;みえめいわちょううまのうえ;Mie Meiwa Town Umanoue;34.55;136.62;2444200;1.2364
2421601;伊賀市緑ケ丘本町;いがしみどりがおかほんまち;Iga City Midorigaokahon Town;34.76;136.14;2421600;0.8603
2421620;伊賀市小田町;いがしおたちょう;Iga City Ota Town;34.77;136.11;2421600;1.4404
2421631;伊賀市下柘植;いがししもつげ;Iga City Shimotsuge;34.83;136.22;2421600;0.8408
2421632;伊賀市島ヶ原;いがししまがはら;Iga City Shimagahara;34.77;136.06;2421600;0.8464
2447230;南伊勢町五ヶ所浦;みなみいせちょうごかしょうら;Minamiise Town Gokashora;34.35;136.70;2447200;1.7490
2421637;伊賀市四十九町;いがししじゅうくまち;Iga City Shijuku Town;34.75;136.14;2421600;1.0057
2421639;伊賀市馬場;いがしばば;Iga City Baba;34.83;136.18;2421600;0.9909
2421640;伊賀市阿保;いがしあお;Iga City Ao;34.67;136.18;2421600;0.9660
2420901;尾鷲市南陽町;おわせしなんようちょう;Owase City Nanyo Town;34.07;136.19;2420900;0.9280
2420920;尾鷲市南浦;おわせしみなみうら;Owase City Minamiura;34.06;136.17;2420900;0.6689
2420930;尾鷲市中央町;おわせしちゅうおうちょう;Owase City Chuuo Town;34.07;136.195;2420900;0.9801
2421220;熊野市有馬町;くまのしありまちょう;Kumano City Arima Town;33.88;136.08;2421200;0.9571
2421230;熊野市井戸町;くまのしいどちょう;Kumano City Ido Town;33.89;136.10;2421200;1.7490
2421232;熊野市紀和町板屋;くまのしきわちょういたや;Kumano City Kiwa Town Itaya;33.88;135.92;2421200;0.9994
2456100;三重御浜町寺谷総合公園;みえみはまちょうてらだにそうごうこうえん;Mie Mihama Town Teradanisogo Park;33.82;136.03;2456100;0.6689
2456131;三重御浜町阿田和;みえみはまちょうあたわ;Mie Mihama Town Atawa;33.81;136.05;2456100;0.0000
2456231;紀宝町鵜殿;きほうちょううどの;Kiho Town Udono;33.73;136.01;2456200;1.7490
2456232;紀宝町神内;きほうちょうこうのうち;Kiho Town Konochi;33.75;136.01;2456200;1.4998
2447130;三重大紀町滝原;みえたいきちょうたきはら;Mie Taiki Town Takihara;34.36;136.42;2447100;0.8342
2447131;三重大紀町錦;みえたいきちょうにしき;Mie Taiki Town Nishiki;34.22;136.40;2447100;0.5689
2421638;伊賀市平田;いがしひらた;Iga City Hirata;34.76;136.22;2421600;0.9785
2520342;長浜市難波町;ながはましなんばちょう;Nagahama City Nanba Town;35.41;136.23;2520300;1.9112
2544130;豊郷町石畑;とよさとちょういしばたけ;Toyosato Town Ishibatake;35.20;136.23;2544100;1.1470
2544230;甲良町在士;こうらちょうざいじ;Kora Town Zaiji;35.20;136.26;2544200;1.1312
2520932;甲賀市甲南町;こうかしこうなんちょう;Koka City Konan Town;34.93;136.17;2520900;0.8285
2520933;甲賀市信楽町;こうかししがらきちょう;Koka City Shigaraki Town;34.88;136.06;2520900;0.9416
2520934;甲賀市甲賀町相模;こうかしこうかちょうさがみ;Koka City Koka Town Sagami;34.90;136.22;2520900;0.8241
2521300;東近江市君ヶ畑町;ひがしおうみしきみがはたちょう;Higashiomi City Kimigahata Town;35.14;136.39;2521300;0.5689
2521320;東近江市上二俣町;ひがしおうみしかみふたまたちょう;Higashiomi City Kamifutamata Town;35.07;136.29;2521300;0.8416
2521334;東近江市池庄町;ひがしおうみしいけしょうちょう;Higashiomi City Ikesho Town;35.13;136.25;2521300;0.9589
2521335;東近江市市子川原町;ひがしおうみしいちこかわらちょう;Higashiomi City Ichikokawara Town;35.06;136.18;2521300;1.1331
2521337;東近江市山上町;ひがしおうみしやまかみちょう;Higashiomi City Yamakami Town;35.08;136.30;2521300;0.8327
2521338;東近江市妹町;ひがしおうみしいもとちょう;Higashiomi City Imoto Town;35.11;136.26;2521300;0.9575
2521340;東近江市五個荘小幡町;ひがしおうみしごかしょうおばたちょう;Higashiomi City Gokashouobata Town;35.15;136.19;2521300;1.1456
2521341;東近江市躰光寺町;ひがしおうみしたいこうじちょう;Higashiomi City Taikoji Town;35.18;136.16;2521300;1.9384
2521342;東近江市八日市緑町;ひがしおうみしようかいちみどりまち;Higashiomi City Yokaichimidori Town;35.11;136.21;2521300;1.1295
2620100;福知山市内記;ふくちやましないき;Fukuchiyama City Naiki;35.30;135.13;2620100;1.4869
2620120;福知山市長田野町;ふくちやましおさだのちょう;Fukuchiyama City Osadano Town;35.28;135.18;2620100;0.9125
2520930;甲賀市土山町;こうかしつちやまちょう;Koka City Tsuchiyama Town;34.94;136.28;2520900;0.8040
2620130;福知山市三和町千束;ふくちやましみわちょうせんぞく;Fukuchiyama City Miwa Town Senzoku;35.22;135.23;2620100;0.8536
2620132;福知山市大江町河守;ふくちやましおおえちょうこうもり;Fukuchiyama City Ooe Town Komori;35.39;135.15;2620100;1.4671
2620200;舞鶴市下福井;まいづるししもふくい;Maizuru City Shimofukui;35.45;135.32;2620200;1.4761
2620220;舞鶴市浜;まいづるしはま;Maizuru City Hama;35.48;135.39;2620200;1.4761
2620231;舞鶴市北吸;まいづるしきたすい;Maizuru City Kitasui;35.47;135.39;2620200;1.0391
2620331;綾部市若竹町;あやべしわかたけちょう;Ayabe City Wakatake Town;35.30;135.26;2620300;1.1988
2620530;宮津市柳縄手;みやづしやなぎなわて;Miyazu City Yanaginawate;35.54;135.20;2620500;0.0000
2646320;伊根町亀島;いねちょうかめしま;Ine Town Kameshima;35.68;135.29;2646300;0.6689
2646331;伊根町日出;いねちょうひで;Ine Town Hide;35.68;135.27;2620500;0.6689
2621200;京丹後市弥栄町吉沢;きょうたんごしやさかちょうよしさわ;Kyotango City Yasaka Town Yoshisawa;35.63;135.10;2621200;0.6689
2621221;京丹後市久美浜町広瀬;きょうたんごしくみはまちょうひろせ;Kyotango City Kumihama Town Hirose;35.60;134.89;2621200;1.4331
2621230;京丹後市峰山町;きょうたんごしみねやまちょう;Kyotango City Mineyama Town;35.62;135.06;2621200;0.9475
2621231;京丹後市大宮町;きょうたんごしおおみやちょう;Kyotango City Omiya Town;35.58;135.10;2621200;1.1902
2621233;京丹後市丹後町;きょうたんごしたんごちょう;Kyotango City Tango Town;35.74;135.10;2621200;1.1167
2621235;京丹後市久美浜市民局;きょうたんごしくみはましみんきょく;Kyotango City Kumihama City Minkyoku;35.60;134.89499999999998;2621200;1.0181
2620131;福知山市夜久野町額田;ふくちやましやくのちょうぬかた;Fukuchiyama City Yakuno Town Nukata;35.32;135.00;2620100;1.1010
2520920;甲賀市甲賀町大久保;こうかしこうかちょうおおくぼ;Koka City Koka Town Okubo;34.90;136.23;2520900;0.9616
2520901;甲賀市水口町;こうかしみなくちちょう;Koka City Minakuchi Town;34.97;136.17;2520900;0.8664
2521131;湖南市中央東庁舎;こなんしちゅうおうひがしちょうしゃ;Konan City Chuuo East Office;35.00;136.08;2521100;1.1169
2544330;多賀町多賀;たがちょうたが;Taga Town Taga;35.22;136.29;2544300;1.2771
2521220;高島市今津町日置前;たかしましいまづちょうひおきまえ;Takashima City Imazu Town Hiokimae;35.42;136.02;2521200;0.9026
2521221;高島市朽木柏;たかしましくつきかせ;Takashima City Kutsukikase;35.35;135.92;2521200;0.9846
2521230;高島市マキノ町;たかしましまきのちょう;Takashima City Makino Town;35.46;136.04;2521200;1.1475
2521232;高島市朽木市場;たかしましくつきいちば;Takashima City Kutsukiichiba City;35.35;135.92499999999998;2521200;0.9733
2521235;高島市新旭町;たかしまししんあさひちょう;Takashima City Shin'asahi Town;35.35;136.04;2521200;1.1596
2521236;高島市勝野;たかしましかつの;Takashima City Katsuno;35.30;136.01;2521200;1.7490
2521237;高島市安曇川町;たかしましあどがわちょう;Takashima City Adogawa Town;35.33;136.02;2521200;1.1640
2521238;高島市今津町弘川;たかしましいまづちょうひろかわ;Takashima City Imazu Town Hirokawa;35.41;136.03;2521200;1.1422
2521434;米原市長岡;まいばらしながおか;Maibara City Nagaoka;35.36;136.37;2521400;1.0064
2521435;米原市米原;まいばらしまいばら;Maibara City Maibara;35.32;136.29;2521400;1.7490
2542530;愛荘町安孫子;あいしょうちょうあびこ;Aisho Town Abiko;35.17;136.24;2542500;1.1394
2542531;愛荘町愛知川;あいしょうちょうえちがわ;Aisho Town Echigawa;35.17;136.21;2542500;1.1474
2520100;大津市御陵町;おおつしごりょうちょう;Otsu City Goryo Town;35.02;135.85;2520100;0.5689
2520103;大津市南小松;おおつしみなみこまつ;Otsu City Minamikomatsu;35.24;135.96;2520100;1.7490
2520120;大津市国分;おおつしこくぶ;Otsu City Kokubu;34.97;135.90;2520100;0.8620
2520121;大津市木戸消防分団;おおつしきどしょうぼうぶんだん;Otsu City Kido Fire Brigade;35.20;135.92;2520100;1.0999
2521130;湖南市石部中央西庁舎;こなんしいしべちゅうおうにしちょうしゃ;Konan City Ishibe Chuo West Office;35.01;136.06;2521100;1.1195
2521120;湖南市中央森北公園;こなんしちゅうおうもりきたこうえん;Konan City Chuuomori Kita Park;35.01;136.08;2521100;1.1197
2521032;野洲市小篠原;やすしこしのはら;Yasu City Koshinohara;35.07;136.03;2521000;1.1583
2521030;野洲市西河原;やすしにしがわら;Yasu City Nishigawara;35.10;136.01;2521000;1.9397
2538431;竜王町小口;りゅうおうちょうおぐち;Ryuuo Town Oguchi;35.06;136.12;2538400;1.4686
2538331;滋賀日野町河原;しがひのちょうかわら;Shiga Hino Town Kawara;35.02;136.25;2538300;0.8456
3430431;海田町役場;かいたちょうやくば;Kaita Town Town Office;34.37;132.54;3430400;1.5657
2520830;栗東市安養寺;りっとうしあんようじ;Ritto City Anyoji;35.02;136.00;2520800;1.1177
2520631;草津市草津;くさつしくさつ;Kusatsu City Kusatsu;35.01;135.96;2520600;1.1354
2520431;近江八幡市安土町下豊浦;おうみはちまんしあづちちょうしもといら;Omihachiman City Azuchi Town Shimotoira;35.15;136.13;2520400;1.4916
2520420;近江八幡市出町;おうみはちまんしでまち;Omihachiman City De Town;35.13;136.105;2520400;1.9670
2520401;近江八幡市桜宮町;おうみはちまんしさくらみやちょう;Omihachiman City Sakuramiya Town;35.13;136.10;2520400;1.9539
2520132;大津市真野;おおつしまの;Otsu City Mano;35.13;135.92;2520100;1.7490
2520131;大津市南郷;おおつしなんごう;Otsu City Nango;34.94;135.91;2520100;1.9397
2520731;守山市石田町;もりやましいしだちょう;Moriyama City Ishida Town;35.07;135.98;2520700;2.0312
3430731;熊野町役場;くまのちょうやくば;Kumano Town Town Office;34.34;132.58;3430700;0.8082
3430930;坂町役場;さかちょうやくば;Saka Town Town Office;34.34;132.51;3430900;1.4761
3421530;江田島市江田島町;えたじましえたじまちょう;Etajima City Etaji Town;34.25;132.48;3421500;0.5689
4321522;天草市天草町;あまくさしあまくさまち;Amakusa City Amakusa Town;32.38;130.00;4321500;1.7490
4321524;天草市本渡町本渡;あまくさしほんどまちほんど;Amakusa City Hondo Town Hondo;32.45;130.18;4321500;1.0353
4321532;天草市倉岳町;あまくさしくらたけまち;Amakusa City Kuratake Town;32.41;130.34;4321500;0.9402
4321535;天草市河浦町;あまくさしかわうらまち;Amakusa City Kawaura Town;32.33;130.08;4321500;0.6689
4321536;天草市有明町;あまくさしありあけまち;Amakusa City Ariake Town;32.51;130.31;4321500;0.9419
4321537;天草市御所浦町;あまくさしごしょうらまち;Amakusa City Goshora Town;32.34;130.34;4321500;0.5689
4321538;天草市栖本町;あまくさしすもとまち;Amakusa City Sumoto Town;32.42;130.27;4321500;1.7490
4321539;天草市五和町;あまくさしいつわまち;Amakusa City Itsuwa Town;32.51;130.19;4321500;1.0884
4420300;中津市上宮永;なかつしかみみやなが;Nakatsu City Kamimiyanaga;33.59;131.19;4420300;1.3676
4420320;中津市植野;なかつしうえの;Nakatsu City Ueno;33.57;131.27;4420300;1.1279
4420322;中津市耶馬溪町;なかつしやばけいまち;Nakatsu City Yabakei Town;33.45;131.11;4420300;0.6689
4420334;中津市豊田町;なかつしとよだまち;Nakatsu City Toyoda Town;33.60;131.19;4420300;1.4529
4420335;中津市三光;なかつしさんこう;Nakatsu City Sanko;33.56;131.20;4420300;0.9978
4420336;中津市本耶馬渓町;なかつしほんやばけいまち;Nakatsu City Honyabakei Town;33.50;131.17;4420300;0.8937
4321521;天草市新和町;あまくさししんわまち;Amakusa City Shinwa Town;32.36;130.18;4321500;1.3901
4420337;中津市山国町;なかつしやまくにまち;Nakatsu City Yamakuni Town;33.40;131.04;4420300;0.6689
4420930;豊後高田市真玉;ぶんごたかだしまたま;Bungotakada City Matama;33.61;131.48;4420900;0.8125
4420932;豊後高田市香々地;ぶんごたかだしかかぢ;Bungotakada City Kakaji;33.66;131.53;4420900;1.7347
4421120;宇佐市院内町;うさしいんないまち;Usa City Innai Town;33.42;131.32;4421100;0.9555
4421134;宇佐市上田;うさしうえだ;Usa City Ueda;33.53;131.35;4421100;1.3552
4421135;宇佐市安心院町;うさしあじむまち;Usa City Ajimu Town;33.44;131.35;4421100;1.0462
4432231;姫島村役場;ひめしまむらやくば;Himeshima Village Town Office;33.72;131.65;4432200;0.0000
4421400;国東市国見町西方寺;くにさきしくにみまちさいほうじ;Kunisaki City Kunimi Town Saihoji;33.64;131.57;4421400;0.8125
4421401;国東市鶴川;くにさきしつるかわ;Kunisaki City Tsurukawa;33.56;131.73;4421400;1.6788
4421420;国東市田深;くにさきしたぶか;Kunisaki City Tabuka;33.57;131.73;4421400;2.1043
4421421;国東市国見町伊美;くにさきしくにみまちいみ;Kunisaki City Kunimi Town Imi;33.68;131.59;4421400;0.8125
4421434;国東市安岐町;くにさきしあきまち;Kunisaki City Aki Town;33.47;131.69;4421400;1.2862
4421435;国東市武蔵町;くにさきしむさしまち;Kunisaki City Musashi Town;33.50;131.72;4421400;1.7490
4420102;大分市明野北;おおいたしあけのきた;Ooita City Akenokita;33.23;131.66;4420100;1.5115
4420122;大分市新春日町;おおいたししんかすがまち;Ooita City Shinkasuga Town;33.23;131.59;4420100;0.9513
4420921;豊後高田市御玉;ぶんごたかだしおだま;Bungotakada City Odama;33.56;131.45;4420900;1.0113
4420133;大分市佐賀関;おおいたしさがのせき;Ooita City Saganoseki;33.25;131.87;4420100;1.4761
4321501;天草市牛深町;あまくさしうしぶかまち;Amakusa City Ushibuka Town;32.20;130.03;4321500;0.9040
4321235;上天草市姫戸町;かみあまくさしひめどまち;Kamiamakusa City Himedo Town;32.45;130.42;4321200;1.4761
4310221;熊本東区佐土原;くまもとひがしくさどわら;Kumamoto Higashi Ward Sadowara;32.79;130.78;4310200;1.4632
4310300;熊本西区春日;くまもとにしくかすが;Kumamoto Nishi Ward Kasuga;32.79;130.69;4310300;1.5429
4310431;熊本南区富合町;くまもとみなみくとみあいまち;Kumamoto Minami Ward Tomiai Town;32.72;130.68;4310400;2.1854
4310432;熊本南区城南町;くまもとみなみくじょうなんまち;Kumamoto Minami Ward Jonan Town;32.71;130.74;4310400;1.4799
4310530;熊本北区植木町;くまもときたくうえきまち;Kumamoto Kita Ward Ueki Town;32.90;130.69;4310500;0.9882
4320301;人吉市西間下町;ひとよししにしあいだしもまち;Hitoyoshi City Nishiaidashimo Town;32.21;130.76;4320300;1.1278
4320320;人吉市蟹作町;ひとよししがんつくりまち;Hitoyoshi City Gantsukuri Town;32.20;130.78;4320300;1.1632
4350130;錦町一武;にしきまちいちぶ;Nishiki Town Ichibu;32.20;130.84;4350100;1.3791
4351430;あさぎり町免田東;あさぎりちょうめんだひがし;Asagiri Town Mendahigashi;32.24;130.90;4351400;0.9841
4351431;あさぎり町上;あさぎりちょううえ;Asagiri Town Ue;32.22;130.90;4351400;0.9233
4351432;あさぎり町岡原;あさぎりちょうおかはる;Asagiri Town Okaharu;32.24;130.93;4351400;0.9037
4351433;あさぎり町須惠;あさぎりちょうすえ;Asagiri Town Sue;32.27;130.90;4351400;0.9882
4351434;あさぎり町深田;あさぎりちょうふかだ;Asagiri Town Fukada;32.24;130.87;4351400;1.1463
4350500;多良木町多良木;たらぎまちたらぎ;Taragi Town Taragi;32.26;130.94;4350500;0.9496
4321500;天草市本町;あまくさしほんまち;Amakusa City Hon Town;32.47;130.13;4321500;0.6689
4350520;多良木町上球磨消防署;たらぎまちかみくましょうぼうしょ;Taragi Town Kamikuma Fire Station;32.26;130.92;4350500;1.1060
4350730;水上村岩野;みずかみむらいわの;Mizukami Village Iwano;32.31;131.01;4350600;0.5689
4351030;相良村深水;さがらむらふかみ;Sagara Village Fukami;32.24;130.80;4351000;0.9882
4351120;五木村甲;いつきむらこう;Itsuki Village Ko;32.40;130.83;4351100;0.5689
4351230;山江村山田;やまえむらやまだ;Yamae Village Yamada;32.25;130.77;4351200;1.1933
4351331;球磨村渡;くまむらわたり;Kuma Village Watari;32.25;130.65;4351300;1.1167
4320520;水俣市牧ノ内;みなまたしまきのうち;Minamata City Makinochi;32.22;130.41;4320500;0.8125
4320530;水俣市陣内;みなまたしじんない;Minamata City Jinnai;32.21;130.41;4320500;1.7061
4348201;芦北町芦北;あしきたまちあしきた;Ashikita Town Ashikita;32.30;130.49;4348200;1.5657
4348220;芦北町田浦町;あしきたまちたのうらまち;Ashikita Town Tanora Town;32.36;130.51;4348200;0.5689
4348431;津奈木町小津奈木;つなぎまちこつなぎ;Tsunagi Town Kotsunagi;32.23;130.44;4348400;1.9750
4353131;苓北町志岐;れいほくまちしき;Reihoku Town Shiki;32.51;130.05;4353100;1.7490
4321200;上天草市大矢野町;かみあまくさしおおやのまち;Kamiamakusa City Oyano Town;32.59;130.43;4321200;1.5622
4321220;上天草市龍ヶ岳町;かみあまくさしりゅうがたけまち;Kamiamakusa City Ryugatake Town;32.39;130.39;4321200;1.5657
4321234;上天草市松島町;かみあまくさしまつしままち;Kamiamakusa City Matsushima Town;32.52;130.43;4321200;1.7490
4350630;湯前町役場;ゆのまえまちやくば;Yunomae Town Town Office;32.28;130.98;4350600;0.9234
4310130;熊本中央区大江;くまもとちゅうおうくおおえ;Kumamoto Chuuo Ward Ooe;32.80;130.72;4310100;1.2879
4420134;大分市舞鶴町;おおいたしまいづるまち;Ooita City Maizuru Town;33.24;131.62;4420100;2.0609
4420200;別府市鶴見;べっぷしつるみ;Beppu City Tsurumi;33.31;131.47;4420200;1.2378
4421246;豊後大野市緒方町;ぶんごおおのしおがたまち;Bungoono City Ogata Town;32.97;131.47;4421200;1.0277
4420401;日田市中津江村合瀬;ひたしなかつえむらごうせ;Hita City Nakatsue Village Gose;33.13;130.88;4420400;0.6689
4420402;日田市三本松;ひたしさんぼんまつ;Hita City Sanbonmatsu;33.32;130.93;4420400;1.1633
4420420;日田市天瀬町;ひたしあまがせまち;Hita City Amagase Town;33.25;131.02;4420400;0.9882
4420433;日田市上津江町;ひたしかみつえまち;Hita City Kamitsue Town;33.10;130.98;4420400;0.8125
4420435;日田市田島;ひたしたしま;Hita City Tashima;33.32;130.94;4420400;1.1574
4420438;日田市中津江村栃野;ひたしなかつえむらとちの;Hita City Nakatsue Village Tochino;33.13;130.95;4420400;0.6689
4420439;日田市大山町;ひたしおおやままち;Hita City Oyama Town;33.26;130.96;4420400;1.0949
4420440;日田市前津江町;ひたしまえつえまち;Hita City Maetsue Town;33.21;130.92;4420400;0.9994
4420820;竹田市竹田小学校;たけたしたけたしょうがっこう;Taketa City Taketa Elementary School;32.97;131.40;4420800;0.9882
4420821;竹田市直入小学校;たけたしなおいりしょうがっこう;Taketa City Naoiri Elementary School;33.07;131.37;4420800;0.9882
4420832;竹田市久住町;たけたしくじゅうまち;Taketa City Kuju Town;33.02;131.29;4420800;1.3164
4420833;竹田市直入町;たけたしなおいりまち;Taketa City Naoiri Town;33.08;131.38;4420800;0.9882
4420834;竹田市会々;たけたしあいあい;Taketa City Aiai;32.97;131.405;4420800;0.9882
4421245;豊後大野市犬飼町犬飼;ぶんごおおのしいぬかいまちいぬかい;Bungoono City Inukai Town Inukai;33.07;131.64;4421200;1.2026
4420836;竹田市荻町;たけたしおぎまち;Taketa City Ogi Town;32.92;131.30;4420800;1.4224
4446200;玖珠町帆足;くすまちほあし;Kusu Town Hoashi;33.28;131.15;4446200;1.1392
4520303;延岡市天神小路;のべおかしてんじんこうじ;Nobeoka City Tenjinkoji;32.58;131.66;4520300;1.1167
4520304;延岡市北方総合運動公園;のべおかしきたかたそうごううんどうこうえん;Nobeoka City Kitakatasogo Sports Park;32.56;131.53;4520300;0.6689
4520321;延岡市北川町川内名白石;のべおかしきたがわまちかわちみょうしらいし;Nobeoka City Kitagawa Town Kawachimyoshiraishi;32.70;131.68;4520300;0.5689
4520333;延岡市北川町総合支所;のべおかしきたがわまちそうごうししょ;Nobeoka City Kitagawa Town Sogoshisho;32.69;131.69;4520300;0.5689
4520334;延岡市北浦町古江;のべおかしきたうらまちふるえ;Nobeoka City Kitaura Town Furue;32.71;131.82;4520300;1.4425
4520336;延岡市東本小路;のべおかしひがしほんこうじ;Nobeoka City Higashihonkoji;32.58;131.665;4520300;1.1167
4520337;延岡市北方町総合支所;のべおかしきたかたまちそうごうししょ;Nobeoka City Kitakata Town Sogoshisho;32.56;131.535;4520300;1.2716
4520601;日向市亀崎;ひゅうがしかめざき;Hyuga City Kamezaki;32.43;131.63;4520600;1.7490
4520602;日向市大王谷運動公園;ひゅうがしだいおうだにうんどうこうえん;Hyuga City Daiodani Sports Park;32.44;131.64;4520600;0.6689
4520621;日向市富高;ひゅうがしとみたか;Hyuga City Tomitaka;32.43;131.60;4520600;0.6689
4520631;日向市東郷町山陰;ひゅうがしとうごうちょうやまげ;Hyuga City Togo Town Yamage;32.39;131.53;4520600;0.9144
4520820;西都市上の宮;さいとしうえのみや;Saito City Uenomiya;32.11;131.39;4520800;1.2536
4520832;西都市聖陵町;さいとしせいりょうちょう;Saito City Seiryo Town;32.11;131.40;4520800;1.2886
4446131;九重町後野上;ここのえまちうしろのがみ;Kokonoe Town Ushironogami;33.23;131.19;4446100;1.2312
4420135;大分市野津原;おおいたしのつはる;Ooita City Notsuharu;33.16;131.53;4420100;0.8812
4421244;豊後大野市朝地町;ぶんごおおのしあさじまち;Bungoono City Asaji Town;33.01;131.43;4421200;0.9882
4421242;豊後大野市大野町;ぶんごおおのしおおのまち;Bungoono City Ono Town;33.04;131.50;4421200;0.8305
4420201;別府市天間;べっぷしあまま;Beppu City Amama;33.34;131.41;4420200;0.8125
4420231;別府市上野口町;べっぷしかみのぐちちょう;Beppu City Kaminoguchi Town;33.28;131.49;4420200;1.2923
4420600;臼杵市乙見;うすきしおとみ;Usuki City Otomi;33.07;131.75;4420600;0.5689
4420632;臼杵市臼杵;うすきしうすき;Usuki City Usuki;33.13;131.80;4420600;1.4761
4420633;臼杵市野津町;うすきしのつまち;Usuki City Notsu Town;33.04;131.69;4420600;0.8991
4421021;杵築市南杵築;きつきしみなみきつき;Kitsuki City Minamikitsuki;33.42;131.61;4421000;0.9882
4421032;杵築市杵築;きつきしきつき;Kitsuki City Kitsuki;33.42;131.62;4421000;1.8586
4421033;杵築市大田;きつきしおおた;Kitsuki City Ota;33.50;131.56;4421000;0.8125
4421034;杵築市山香町;きつきしやまがまち;Kitsuki City Yamaga Town;33.45;131.50;4421000;1.0744
4434130;日出町役場;ひじまちやくば;Hiji Town Town Office;33.37;131.53;4434100;0.8125
4421330;由布市挾間町;ゆふしはさままち;Yufu City Hasama Town;33.20;131.51;4421300;1.0738
4421335;由布市庄内町;ゆふししょうないちょう;Yufu City Shonai Town;33.18;131.43;4421300;0.9882
4421336;由布市湯布院町川上;ゆふしゆふいんちょうかわかみ;Yufu City Yufuin Town Kawakami;33.27;131.36;4421300;1.3034
4420721;津久見市立花町;つくみしたちばなまち;Tsukumi City Tachibana Town;33.07;131.86;4420700;1.4713
4421243;豊後大野市清川町;ぶんごおおのしきよかわまち;Bungoono City Kiyokawa Town;32.97;131.52;4421200;0.9882
4420732;津久見市宮本町;つくみしみやもとまち;Tsukumi City Miyamoto Town;33.07;131.865;4420700;1.4833
4420502;佐伯市堅田;さいきしかたた;Saiki City Katata;32.93;131.87;4420500;0.5689
4420503;佐伯市蒲江猪串浦;さいきしかまえいのくしうら;Saiki City Kamaeinokushiura;32.80;131.90;4420500;0.5689
4420520;佐伯市春日町;さいきしかすがまち;Saiki City Kasuga Town;32.97;131.90;4420500;0.5689
4420534;佐伯市直川;さいきしなおかわ;Saiki City Naokawa;32.90;131.78;4420500;0.5689
4420537;佐伯市宇目;さいきしうめ;Saiki City Ume;32.86;131.66;4420500;0.5689
4420538;佐伯市上浦;さいきしかみうら;Saiki City Kamiura;33.05;131.93;4420500;0.0000
4420539;佐伯市弥生;さいきしやよい;Saiki City Yayoi;32.97;131.84;4420500;1.3750
4420541;佐伯市米水津;さいきしよのうづ;Saiki City Yonozu;32.92;131.98;4420500;0.0000
4420543;佐伯市役所;さいきしやくしょ;Saiki City Hall;32.96;131.90;4420500;1.7490
4420544;佐伯市鶴見;さいきしつるみ;Saiki City Tsurumi;32.94;131.96;4420500;0.5689
4420545;佐伯市本匠;さいきしほんじょう;Saiki City Honjo;32.95;131.80;4420500;0.9882
4421200;豊後大野市三重町;ぶんごおおのしみえまち;Bungoono City Mie Town;32.98;131.58;4421200;0.9882
4421220;豊後大野市犬飼町黒松;ぶんごおおのしいぬかいまちくろまつ;Bungoono City Inukai Town Kuromatsu;33.07;131.59;4421200;1.0490
4421240;豊後大野市千歳町;ぶんごおおのしちとせまち;Bungoono City Chitose Town;33.04;131.60;4421200;1.0683
4420501;佐伯市蒲江蒲江浦;さいきしかまえかまえうら;Saiki City Kamaekamaeura;32.80;131.92;4420500;1.4761
4540132;高鍋町上江;たかなべちょうかみえ;Takanabe Town Kamie;32.13;131.50;4540100;1.8005
4336933;和水町板楠;なごみまちいたくす;Nagomi Town Itakusu;33.07;130.62;4336900;0.9882
4321631;合志市御代志;こうししみよし;Ko City Shimiyoshi;32.89;130.74;4321600;1.4525
4221341;雲仙市愛野町;うんぜんしあいのまち;Unzen City Aino Town;32.82;130.15;4220400;1.9143
4221420;南島原市口之津町;みなみしまばらしくちのつちょう;Minamishimabara City Kuchinotsu Town;32.61;130.19;4221400;1.7052
4221431;南島原市南有馬町;みなみしまばらしみなみありまちょう;Minamishimabara City Minamiarima Town;32.63;130.25;4221400;1.4425
4221432;南島原市北有馬町;みなみしまばらしきたありまちょう;Minamishimabara City Kitaarima Town;32.66;130.25;4221400;0.9080
4221433;南島原市西有家町;みなみしまばらしにしありえちょう;Minamishimabara City Nishiarie Town;32.66;130.30;4221400;1.3225
4221435;南島原市布津町;みなみしまばらしふつちょう;Minamishimabara City Futsu Town;32.69;130.36;4221400;0.0000
4221437;南島原市深江町;みなみしまばらしふかえちょう;Minamishimabara City Fukae Town;32.72;130.35;4221400;1.2679
4221438;南島原市加津佐町;みなみしまばらしかづさちょう;Minamishimabara City Kazusa Town;32.63;130.17;4221400;0.8325
4221439;南島原市有家町;みなみしまばらしありえちょう;Minamishimabara City Arie Town;32.67;130.30;4221400;1.2153
4220900;長崎対馬市厳原町東里;ながさきつしましいづはらまちひがしざと;Nagasaki Tsushima City Izuhara Town Higashizato;34.20;129.29;4220900;1.4425
4220901;長崎対馬市上県町飼所;ながさきつしましかみあがたまちかいどころ;Nagasaki Tsushima City Kamiagata Town Kaidokoro;34.53;129.40;4220900;1.0701
4220902;長崎対馬市美津島町鴨居瀬;ながさきつしましみつしままちかもいせ;Nagasaki Tsushima City Mitsushima Town Kamoise;34.34;129.38;4220900;0.6689
4220920;長崎対馬市上対馬町;ながさきつしましかみつしままち;Nagasaki Tsushima City Kamitsushima Town;34.66;129.46;4220900;0.6689
4220921;長崎対馬市豊玉町;ながさきつしましとよたままち;Nagasaki Tsushima City Toyotama Town;34.40;129.32;4220900;0.6689
4221340;雲仙市瑞穂町;うんぜんしみずほちょう;Unzen City Mizuho Town;32.87;130.24;4221300;1.4063
4220922;長崎対馬市厳原町国分;ながさきつしましいづはらまちこくぶ;Nagasaki Tsushima City Izuhara Town Kokubu;34.20;129.295;4220900;1.0345
4220935;長崎対馬市峰町;ながさきつしましみねまち;Nagasaki Tsushima City Mine Town;34.47;129.32;4220900;1.7490
4220936;長崎対馬市上県町佐須奈;ながさきつしましかみあがたまちさすな;Nagasaki Tsushima City Kamiagata Town Sasuna;34.64;129.40;4220900;0.6689
4221000;壱岐市芦辺町中野;いきしあしべちょうなかの;Iki City Ashibe Town Nakano;33.80;129.73;4221000;1.1040
4221020;壱岐市郷ノ浦町;いきしごうのうらちょう;Iki City Gonora Town;33.75;129.69;4221000;0.8125
4221033;壱岐市芦辺町芦辺;いきしあしべちょうあしべ;Iki City Ashibe Town Ashibe;33.80;129.76;4221000;0.8125
4221034;壱岐市石田町;いきしいしだちょう;Iki City Ishida Town;33.75;129.75;4221000;1.3024
4221035;壱岐市勝本町;いきしかつもとちょう;Iki City Katsumoto Town;33.85;129.69;4221000;0.9785
4238331;小値賀町笛吹;おぢかちょうふえふき;Ojika Town Fuefuki;33.19;129.06;4238300;1.9638
4221101;五島市富江町繁敷;ごとうしとみえまちしげじき;Goto City Tomie Town Shigejiki;32.66;128.75;4221100;0.6689
4221102;五島市木場町;ごとうしこばちょう;Goto City Koba Town;32.69;128.83;4221100;1.4009
4221120;五島市上大津町;ごとうしかみおおづちょう;Goto City Kamiozu Town;32.67;128.84;4221100;1.3199
4221121;五島市玉之浦町;ごとうしたまのうらまち;Goto City Tamanora Town;32.63;128.62;4221100;0.6689
4221136;五島市奈留町;ごとうしなるまち;Goto City Naru Town;32.83;128.93;4221100;0.6689
4221137;五島市三井楽町;ごとうしみいらくまち;Goto City Miiraku Town;32.74;128.69;4221100;1.3537
4220934;長崎対馬市美津島町鷄知;ながさきつしましみつしままちけち;Nagasaki Tsushima City Mitsushima Town Kechi;34.27;129.31;4220900;0.9477
4221138;五島市富江町富江;ごとうしとみえまちとみえ;Goto City Tomie Town Tomie;32.61;128.77;4221100;1.2688
4221339;雲仙市南串山町;うんぜんしみなみくしやまちょう;Unzen City Minamikushiyama Town;32.68;130.15;4221300;0.8125
4221337;雲仙市吾妻町;うんぜんしあづまちょう;Unzen City Azuma Town;32.84;130.19;4221300;1.4045
4220102;長崎市黒浜町;ながさきしくろはままち;Nagasaki City Kurohama Town;32.63;129.80;4220100;0.5689
4220104;長崎市長浦町;ながさきしながうらまち;Nagasaki City Nagaura Town;32.91;129.78;4220100;0.9001
4220121;長崎市元町;ながさきしもとまち;Nagasaki City Motomachi;32.74;129.88;4220100;0.6689
4220122;長崎市野母町;ながさきしのもまち;Nagasaki City Nomo Town;32.58;129.76;4220100;1.1209
4220130;長崎市香焼町;ながさきしこうやぎまち;Nagasaki City Koyagi Town;32.69;129.81;4220100;0.9914
4220135;長崎市伊王島町;ながさきしいおうじままち;Nagasaki City Iojima Town;32.70;129.78;4220100;1.5657
4220136;長崎市高島町;ながさきしたかしままち;Nagasaki City Takashima Town;32.66;129.76;4220100;0.0000
4220137;長崎市神浦江川町;ながさきしこうのうらえがわまち;Nagasaki City Konoraegawa Town;32.88;129.68;4220100;1.8484
4220138;長崎市布巻町;ながさきしぬのまきまち;Nagasaki City Nunomaki Town;32.65;129.83;4220100;1.3835
4220401;諫早市東小路町;いさはやしひがしこうじまち;Isahaya City Higashikoji Town;32.84;130.05;4220400;1.2715
4220420;諫早市小長井町;いさはやしこながいちょう;Isahaya City Konagai Town;32.92;130.18;4220400;0.8125
4220421;諫早市堂崎町;いさはやしどうざきまち;Isahaya City Dozaki Town;32.85;130.02;4220400;1.0262
4220430;諫早市多良見町;いさはやしたらみちょう;Isahaya City Tarami Town;32.83;129.98;4220400;1.7490
4220434;諫早市飯盛町;いさはやしいいもりちょう;Isahaya City Iimori Town;32.78;130.02;4220400;1.7490
4221338;雲仙市小浜町北本町;うんぜんしおばまちょうきたほんまち;Unzen City Obama Town Kitahon Town;32.73;130.21;4221300;0.8125
4220435;諫早市森山町;いさはやしもりやまちょう;Isahaya City Moriyama Town;32.83;130.13;4220400;2.0140
4220520;大村市玖島;おおむらしくしま;O Village Shikushima;32.90;129.96;4220500;1.8123
4230731;長与町嬉里;ながよちょううれり;Nagayo Town Ureri;32.83;129.88;4230700;0.9032
4230830;時津町浦;とぎつちょううら;Togitsu Town Ura;32.83;129.85;4230800;1.4761
4221220;西海市大瀬戸町;さいかいしおおせとちょう;Saikai City Oseto Town;32.93;129.64;4221200;0.9835
4221234;西海市西彼町;さいかいしせいひちょう;Saikai City Seihi Town;33.00;129.75;4221200;1.1963
4221235;西海市西海町;さいかいしさいかいちょう;Saikai City Saikai Town;33.07;129.69;4221200;0.9830
4221236;西海市崎戸町;さいかいしさきとちょう;Saikai City Sakito Town;33.02;129.57;4221200;1.4761
4221238;西海市大島町;さいかいしおおしままち;Saikai City Oshima Town;33.04;129.62;4221200;0.8986
4220320;島原市下折橋町;しまばらししもおりはしまち;Shimabara City Shimorihashi Town;32.79;130.35;4220300;1.2862
4220331;島原市有明町;しまばらしありあけちょう;Shimabara City Ariake Town;32.85;130.34;4220300;1.3590
4221300;雲仙市国見町;うんぜんしくにみちょう;Unzen City Kunimi Town;32.86;130.30;4221300;1.3516
4221301;雲仙市小浜町雲仙;うんぜんしおばまちょううんぜん;Unzen City Obama Town Unzen;32.74;130.26;4221300;0.8125
4221320;雲仙市千々石町;うんぜんしちぢわちょう;Unzen City Chijiwa Town;32.78;130.20;4221300;1.1941
4221335;雲仙市雲仙出張所;うんぜんしうんぜんしゅっちょうしょ;Unzen City Unzen Branch Office;32.74;130.265;4221300;0.8125
4220436;諫早市高来町;いさはやしたかきちょう;Isahaya City Takaki Town;32.91;130.14;4220400;0.8125
4336932;和水町江田;なごみまちえた;Nagomi Town Eta;32.98;130.61;4336900;1.2888
4221139;五島市岐宿町;ごとうしきしくまち;Goto City Kishiku Town;32.75;128.76;4221100;0.8125
4241135;新上五島町立串;しんかみごとうちょうたてぐし;Shinkamigoto Town Tategushi;33.06;129.10;4241100;0.6689
4320836;山鹿市山鹿;やまがしやまが;Yamaga City Yamaga;33.02;130.69;4320800;1.2559
4321034;菊池市隈府;きくちしわいふ;Kikuchi City Waifu;32.98;130.81;4321000;1.0418
4321035;菊池市泗水町;きくちししすいまち;Kikuchi City Shisui Town;32.92;130.78;4321000;1.3253
4321037;菊池市旭志;きくちしきょくし;Kikuchi City Kyokushi;32.95;130.86;4321000;1.1037
4321038;菊池市七城町;きくちししちじょうまち;Kikuchi City Shichijo Town;32.97;130.76;4321000;1.2617
4321121;宇土市浦田町;うとしうらたまち;Uto City Urata Town;32.69;130.66;4321100;1.8369
4336431;玉東町木葉;ぎょくとうまちこのは;Gyokuto Town Konoha;32.92;130.63;4336400;0.9136
4336731;南関町関町;なんかんまちせきまち;Nankan Town Seki Town;33.06;130.54;4336700;0.9882
4336830;長洲町長洲;ながすまちながす;Nagasu Town Nagasu;32.93;130.45;4336800;1.8343
4340320;大津町引水;おおづまちひきのみず;Ozu Town Hikinomizu;32.88;130.88;4340300;1.2046
4340331;大津町大津;おおづまちおおづ;Ozu Town Ozu;32.88;130.87;4340300;1.1876
4340430;菊陽町久保田;きくようまちくぼた;Kikuyo Town Kubota;32.86;130.83;4340400;1.1976
4343231;西原村小森;にしはらむらこもり;Nishihara Village Komori;32.83;130.90;4343200;1.2987
4344131;御船町御船;みふねまちみふね;Mifune Town Mifune;32.71;130.80;4344100;1.2793
4320835;山鹿市鹿北町;やまがしかほくまち;Yamaga City Kahoku Town;33.11;130.69;4320800;0.8766
4344230;嘉島町上島;かしままちうえじま;Kashima Town Uejima;32.74;130.76;4344200;2.1656
4344431;甲佐町豊内;こうさまちとようち;Kosa Town Toyochi;32.65;130.81;4344400;1.1822
4334820;熊本美里町永富;くまもとみさとまちながとみ;Kumamoto Misato Town Nagatomi;32.62;130.86;4334800;0.9882
4334831;熊本美里町馬場;くまもとみさとまちばば;Kumamoto Misato Town Baba;32.64;130.79;4334800;1.0886
4321300;宇城市松橋町;うきしまつばせまち;Uki City Matsubase Town;32.65;130.68;4321300;1.6730
4321320;宇城市三角町;うきしみすみまち;Uki City Misumi Town;32.61;130.49;4321300;1.0114
4321330;宇城市不知火町;うきししらぬひまち;Uki City Shiranuhi Town;32.65;130.67;4321300;1.1457
4321335;宇城市豊野町;うきしとよのまち;Uki City Toyono Town;32.64;130.75;4321300;1.3147
4321336;宇城市小川町;うきしおがわまち;Uki City Ogawa Town;32.59;130.70;4321300;1.7490
4344722;山都町浜町;やまとちょうはままち;Yamato Town Hama Town;32.69;130.99;4344700;0.9882
4344730;山都町大平;やまとちょうおおひら;Yamato Town Ohira;32.69;131.09;4344700;0.9001
4344732;山都町今;やまとちょういま;Yamato Town Ima;32.72;131.16;4344700;0.9882
4346830;氷川町島地;ひかわちょうしまち;Hikawa Town Shimachi;32.58;130.67;4346800;1.9393
4346832;氷川町宮原;ひかわちょうみやはら;Hikawa Town Miyahara;32.56;130.68;4346800;1.3663
4321630;合志市竹迫;こうししたかば;Ko City Shitakaba;32.89;130.79;4321600;1.4145
4344333;益城町宮園;ましきまちみやぞの;Mashiki Town Miyazono;32.79;130.82;4344300;1.3039
4241120;新上五島町若松;しんかみごとうちょうわかまつ;Shinkamigoto Town Wakamatsu;32.89;129.02;4241100;0.6689
4320833;山鹿市鹿央町;やまがしかおうまち;Yamaga City Kao Town;32.97;130.68;4320800;0.9882
4320831;山鹿市菊鹿町;やまがしきくかまち;Yamaga City Kikuka Town;33.03;130.77;4320800;0.9882
4241136;新上五島町青方;しんかみごとうちょうあおかた;Shinkamigoto Town Aokata;32.98;129.07;4241100;0.6689
4241137;新上五島町有川;しんかみごとうちょうありかわ;Shinkamigoto Town Arikawa;32.98;129.12;4241100;1.7490
4241139;新上五島町奈良尾;しんかみごとうちょうならお;Shinkamigoto Town Narao;32.84;129.06;4241100;1.3845
4220221;佐世保市宇久町;させぼしうくまち;Sasebo City Uku Town;33.26;129.13;4220202;1.7629
4342331;南小国町赤馬場;みなみおぐにまちあかばば;Minamioguni Town Akababa;33.10;131.07;4342300;1.0230
4342420;熊本小国町宮原;くまもとおぐにまちみやはら;Kumamoto Oguni Town Miyahara;33.12;131.07;4342400;1.0411
4342531;産山村山鹿;うぶやまむらやまが;Ubuyama Village Yamaga;33.00;131.22;4342500;0.9882
4342820;熊本高森町高森;くまもとたかもりまちたかもり;Kumamoto Takamori Town Takamori;32.83;131.12;4342800;1.3138
4321420;阿蘇市一の宮町;あそしいちのみやまち;Aso City Ichinomiya Town;32.93;131.12;4321400;1.3209
4321433;阿蘇市内牧;あそしうちのまき;Aso City Uchinomaki;32.97;131.04;4321400;1.9649
4321434;阿蘇市波野;あそしなみの;Aso City Namino;32.93;131.23;4321400;0.9882
4343300;南阿蘇村中松;みなみあそむらなかまつ;Minamiaso Village Nakamatsu;32.88;131.07;4343300;0.8125
4343330;南阿蘇村吉田;みなみあそむらよしだ;Minamiaso Village Yoshida;32.83;131.08;4343300;1.2475
4343331;南阿蘇村河陰;みなみあそむらかいん;Minamiaso Village Kain;32.82;131.03;4343300;1.2183
4320832;山鹿市鹿本町;やまがしかもとまち;Yamaga City Kamoto Town;33.00;130.74;4320800;1.4100
4343333;南阿蘇村河陽;みなみあそむらかわよう;Minamiaso Village Kawayo;32.85;131.02;4343300;1.2758
4320202;八代市泉町;やつしろしいずみまち;Yatsushiro City Izumi Town;32.55;130.81;4320200;0.5689
4320221;八代市新地町;やつしろししんちまち;Yatsushiro City Shinchi Town;32.51;130.59;4320200;1.7725
4320230;八代市千丁町;やつしろしせんちょうまち;Yatsushiro City Sencho Town;32.53;130.63;4320200;1.8779
4320231;八代市鏡町;やつしろしかがみまち;Yatsushiro City Kagami Town;32.56;130.65;4320200;1.8952
4320233;八代市東陽町;やつしろしとうようまち;Yatsushiro City Toyo Town;32.55;130.72;4320200;1.2286
4320237;八代市泉支所;やつしろしいずみししょ;Yatsushiro City Izumishisho;32.55;130.815;4320200;0.5689
4320236;八代市坂本町;やつしろしさかもとまち;Yatsushiro City Sakamoto Town;32.43;130.65;4320200;0.6689
4320431;荒尾市宮内出目;あらおしくないでめ;Arao City Kunaideme;32.99;130.43;4320400;1.5657
4320600;玉名市築地;たまなしついじ;Tamana City Tsuiji;32.97;130.53;4320600;0.5689
4320620;玉名市中尾;たまなしなかお;Tamana City Nakao;32.93;130.55;4320600;1.5656
4320630;玉名市岱明町;たまなしたいめいまち;Tamana City Taimei Town;32.92;130.52;4320600;1.6271
4320631;玉名市横島町;たまなしよこしままち;Tamana City Yokoshima Town;32.88;130.56;4320600;1.3094
4320634;玉名市天水町;たまなしてんすいまち;Tamana City Tensui Town;32.87;130.59;4320600;2.0464
4320820;山鹿市老人福祉センター;やまがしろうじんふくしせんた-;Yamaga City Senior Welfare Center;33.02;130.68;4320800;2.0857
4320200;八代市平山新町;やつしろしひらやましんまち;Yatsushiro City Hirayamashin Town;32.48;130.61;4320200;1.9397
4540200;新富町上富田;しんとみちょうかみとんだ;Shintomi Town Kamitonda;32.07;131.49;4540200;1.5599
4540531;川南町川南;かわみなみちょうかわみなみ;Kawaminami Town Kawaminami;32.19;131.53;4540500;1.0628
4540600;宮崎都農町川北;みやざきつのちょうかわきた;Miyazaki Tsuno Town Kawakita;32.25;131.50;4540600;0.6689
4652900;喜界町滝川;きかいちょうたきがわ;Kikai Town Takigawa;28.32;129.97;4652900;1.1167
4652931;喜界町湾;きかいちょうわん;Kikai Town Wan;28.32;129.94;4652900;1.1167
4622201;奄美市名瀬矢之脇町;あまみしなぜやのわきちょう;Amami City Nazeyanowaki Town;28.39;129.49;4622200;0.5689
4622221;奄美市笠利町里;あまみしかさりちょうさと;Amami City Kasari Town Sato;28.45;129.68;4622200;1.4097
4622235;奄美市住用町西仲間;あまみしすみようちょうにしなかま;Amami City Sumiyo Town Nishinakama;28.27;129.41;4622200;0.5689
4622236;奄美市名瀬幸町;あまみしなぜさいわいちょう;Amami City Nazesaiwai Town;28.38;129.49;4622200;0.5689
4653033;徳之島町亀津;とくのしまちょうかめつ;Tokunoshima Town Kametsu;27.73;129.02;4653000;1.6020
4653100;天城町当部;あまぎちょうとうべ;Amagi Town Tobe;27.79;128.95;4653100;0.5689
4653131;天城町平土野;あまぎちょうへとの;Amagi Town Hetono;27.81;128.90;4653100;1.1167
4653220;伊仙町伊仙;いせんちょういせん;Isen Town Isen;27.69;128.94;4653200;1.1167
4653300;和泊町国頭;わどまりちょうくにがみ;Wadomari Town Kunigami;27.43;128.70;4653300;1.1167
4653332;和泊町和泊;わどまりちょうわどまり;Wadomari Town Wadomari;27.39;128.66;4653300;0.0000
4653400;知名町瀬利覚;ちなちょうせりかく;China Town Serikaku;27.36;128.57;4653400;1.0590
4653420;知名町知名;ちなちょうちな;China Town China;27.33;128.57;4653400;1.9393
4652731;龍郷町浦;たつごうちょううら;Tatsugo Town Ura;28.41;129.59;4652700;1.7490
4653500;与論町麦屋;よろんちょうむぎや;Yoron Town Mugiya;27.02;128.45;4653500;1.4425
4720900;名護市宮里;なごしみやざと;Nago City Miyazato;26.59;127.97;4720900;1.4425
4720901;名護市豊原;なごしとよはら;Nago City Toyohara;26.52;128.02;4720900;1.0484
4720920;名護市港;なごしみなと;Nago City Minato;26.59;127.98;4720900;1.4425
4730100;国頭村奥;くにがみそんおく;Kunigami Village Oku;26.84;128.27;4730100;0.9930
4730120;国頭村辺土名;くにがみそんへんとな;Kunigami Village Hentona;26.74;128.17;4730100;1.1731
4730233;大宜味村大兼久;おおぎみそんおおがねく;Ogimi Village Oganeku;26.70;128.12;4730200;0.8180
4730330;東村平良;ひがしそんたいら;Higashi Village Taira;26.63;128.16;4730300;1.0531
4730631;今帰仁村仲宗根;なきじんそんなかそね;Nakijin Village Nakasone;26.68;127.97;4730600;1.0312
4730832;本部町役場;もとぶちょうやくば;Motobu Town Town Office;26.66;127.90;4730800;1.7490
4731131;恩納村恩納;おんなそんおんな;Onna Village Onna;26.50;127.85;4731100;1.1167
4731330;宜野座村宜野座;ぎのざそんぎのざ;Ginoza Village Ginoza;26.48;127.98;4731300;1.1167
4731430;金武町金武;きんちょうきん;Kin Town Kin;26.46;127.93;4731400;1.0315
4731530;伊江村東江前;いえそんひがしえまえ;Ie Village Higashiemae;26.71;127.81;4731500;1.1167
4735501;粟国村浜;あぐにそんはま;Aguni Village Hama;26.59;127.24;4735500;1.1167
4653520;与論町茶花;よろんちょうちゃばな;Yoron Town Chabana;27.05;128.42;4653500;1.1167
4735532;粟国村役場;あぐにそんやくば;Aguni Village Town Office;26.58;127.23;4735500;1.1167
4652700;龍郷町屋入;たつごうちょうやにゅう;Tatsugo Town Yanyu;28.42;129.60;4652700;1.7490
4652534;瀬戸内町与路島;せとうちちょうよろじま;Setochi Town Yorojima;28.04;129.16;4652500;1.3687
4630445;鹿児島十島村中之島出張所;かごしまとしまむらなかのしましゅっちょうしょ;Kagoshima Toshima Village Nakanoshima Branch Office;29.84;129.85;4630400;1.9451
4630446;鹿児島十島村諏訪之瀬島;かごしまとしまむらすわのせじま;Kagoshima Toshima Village Suwanosejima;29.61;129.70;4630400;1.1603
4630447;鹿児島十島村悪石島;かごしまとしまむらあくせきじま;Kagoshima Toshima Village Akusekijima;29.45;129.60;4630400;0.8125
4630448;鹿児島十島村小宝島;かごしまとしまむらこだからじま;Kagoshima Toshima Village Kodakarajima;29.22;129.33;4630400;1.1167
4621501;薩摩川内市下甑町青瀬;さつませんだいししもこしきちょうあおせ;Satsumasendai City Shimokoshiki Town Aose;31.68;129.71;4621502;0.6689
4621522;薩摩川内市上甑町;さつませんだいしかみこしきちょう;Satsumasendai City Kamikoshiki Town;31.84;129.87;4621502;0.6689
4621521;薩摩川内市下甑町手打;さつませんだいししもこしきちょうてうち;Satsumasendai City Shimokoshiki Town Teuchi;31.64;129.71;4621502;0.5689
4621534;薩摩川内市里町;さつませんだいしさとちょう;Satsumasendai City Sato Town;31.84;129.92;4621502;1.4761
4621535;薩摩川内市鹿島町;さつませんだいしかしまちょう;Satsumasendai City Kashima Town;31.78;129.79;4621502;0.5689
4621301;西之表市住吉;にしのおもてしすみよし;Nishinomote City Sumiyoshi;30.66;130.98;4621300;1.2211
4621302;西之表市西之表;にしのおもてしにしのおもて;Nishinomote City Nishinomote;30.72;130.98;4621300;1.3772
4621320;西之表市役所;にしのおもてしやくしょ;Nishinomote City Hall;30.73;131.00;4621300;1.2576
4630333;三島村硫黄島;みしまむらいおうじま;Mishima Village Iojima;30.78;130.28;4630300;2.3565
4630334;三島村竹島;みしまむらたけしま;Mishima Village Takeshima;30.81;130.42;4630300;1.1468
4652535;瀬戸内町加計呂麻島;せとうちちょうかけろまじま;Setochi Town Kakeromajima;28.12;129.25;4652500;0.5689
4630335;三島村黒島;みしまむらくろしま;Mishima Village Kuroshima;30.83;129.91;4630300;0.8125
4650200;南種子町中之下;みなみたねちょうなかのしも;Minamitane Town Nakanoshimo;30.40;130.90;4650200;1.1691
4650220;南種子町西之;みなみたねちょうにしの;Minamitane Town Nishino;30.35;130.88;4650200;1.2724
4650231;南種子町中之上;みなみたねちょうなかのかみ;Minamitane Town Nakanokami;30.41;130.90;4650200;1.2015
4650500;屋久島町小瀬田;やくしまちょうこせだ;Yakushima Town Koseda;30.38;130.66;4650500;1.3002
4650501;屋久島町口永良部島池田;やくしまちょうくちのえらぶじまいけだ;Yakushima Town Kuchinoerabujimaikeda;30.47;130.19;4650500;1.2055
4650502;屋久島町平内;やくしまちょうひらうち;Yakushima Town Hirauchi;30.24;130.51;4650500;0.9994
4650521;屋久島町尾之間;やくしまちょうおのあいだ;Yakushima Town Onoaida;30.24;130.56;4650500;1.2040
4650522;屋久島町宮之浦;やくしまちょうみやのうら;Yakushima Town Miyanora;30.42;130.58;4650500;1.2694
4650531;屋久島町口永良部島公民館;やくしまちょうくちのえらぶじまこうみんかん;Yakushima Town Kuchinoerabujima Community Center;30.47;130.195;4650500;1.2130
4652320;大和村思勝;やまとそんおんがち;Yamato Village Ongachi;28.36;129.39;4652300;0.5689
4652431;宇検村湯湾;うけんそんゆわん;Uken Village Yuwan;28.28;129.30;4652400;0.5689
4652500;瀬戸内町西古見;せとうちちょうにしこみ;Setochi Town Nishikomi;28.24;129.18;4652500;0.5689
4652520;瀬戸内町古仁屋;せとうちちょうこにや;Setochi Town Koniya;28.14;129.32;4652500;0.5689
4652531;瀬戸内町請島;せとうちちょううけじま;Setochi Town Ukejima;28.03;129.23;4652500;0.5689
4650120;中種子町野間;なかたねちょうのま;Nakatane Town Noma;30.52;130.96;4650100;1.2251
4630444;鹿児島十島村口之島出張所;かごしまとしまむらくちのしましゅっちょうしょ;Kagoshima Toshima Village Kuchinoshima Branch Office;29.99;129.92;4630400;1.1767
4735900;伊平屋村我喜屋;いへやそんがきや;Iheya Village Gakiya;27.04;127.97;4735900;1.8484
4736032;伊是名村仲田;いぜなそんなかだ;Izena Village Nakada;26.92;127.94;4736000;0.9231
4735700;南大東村在所;みなみだいとうそんざいしょ;Minamida Higashi Village Zaisho;25.83;131.23;4735700;1.1167
4735701;南大東村池之沢;みなみだいとうそんいけのさわ;Minamida Higashi Village Ikenosawa;25.82;131.22;4735700;1.1167
4735730;南大東村役場;みなみだいとうそんやくば;Minamida Higashi Village Town Office;25.83;131.23499999999999;4735700;1.1167
4735800;北大東村黄金山;きただいとうそんこがねやま;Kitada Higashi Village Koganeyama;25.95;131.30;4735800;1.1167
4735831;北大東村中野;きただいとうそんなかの;Kitada Higashi Village Nakano;25.95;131.305;4735800;1.1167
4737500;多良間村塩川;たらまそんしおかわ;Tarama Village Shiokawa;24.64;124.71;4737500;1.1167
4737530;多良間村仲筋;たらまそんなかすじ;Tarama Village Nakasuji;24.67;124.70;4737500;1.1167
4721400;宮古島市平良下里;みやこじましひららしもざと;Miyakojima City Hirarashimozato;24.79;125.28;4721400;1.1167
4721402;宮古島市城辺福北;みやこじましぐすくべふくきた;Miyakojima City Gusukubefukukita;24.76;125.40;4721400;1.1167
4721403;宮古島市平良池間;みやこじましひららいけま;Miyakojima City Hiraraikema;24.92;125.25;4721400;0.0000
4721405;宮古島市上野新里;みやこじましうえのしんざと;Miyakojima City Uenoshinzato;24.74;125.33;4721400;1.1167
4721406;宮古島市伊良部前里添;みやこじましいらぶまえさとそえ;Miyakojima City Irabumaesatosoe;24.83;125.19;4721400;1.1167
4721420;宮古島市平良狩俣;みやこじましひららかりまた;Miyakojima City Hirarakarimata;24.85;125.30;4721400;1.1167
4721421;宮古島市城辺福西;みやこじましぐすくべふくせい;Miyakojima City Gusukubefukusei;24.76;125.39;4721400;1.1167
4736130;久米島町比嘉;くめじまちょうひが;Kumeji Town Yohiga;26.34;126.815;4736100;1.4425
4721435;宮古島市下地;みやこじまししもじ;Miyakojima City Shimoji;24.75;125.27;4721400;1.1167
4721438;宮古島市平良西里;みやこじましひららにしざと;Miyakojima City Hiraranishizato;24.79;125.29;4721400;1.1167
4721439;宮古島市下地島空港;みやこじまししもじしまくうこう;Miyakojima City Shimojishima Airport;24.83;125.15;4721400;2.1666
4720700;石垣市登野城;いしがきしとのしろ;Ishigaki City Tonoshiro;24.34;124.16;4720700;1.1167
4720701;石垣市新川;いしがきしあらかわ;Ishigaki City Arakawa;24.37;124.14;4720700;1.1167
4720702;石垣市平久保;いしがきしひらくぼ;Ishigaki City Hirakubo;24.59;124.31;4720700;1.1167
4720720;石垣市新栄町;いしがきししんえいちょう;Ishigaki City Shin'ei Town;24.34;124.15;4720700;1.7114
4720721;石垣市伊原間;いしがきしいばるま;Ishigaki City Ibaruma;24.51;124.28;4720700;1.1167
4720731;石垣市真栄里;いしがきしまえざと;Ishigaki City Maezato;24.34;124.18;4720700;1.1167
4738200;与那国町祖納;よなぐにちょうそない;Yonaguni Town Sonai;24.47;123.01;4738200;1.1167
4738202;与那国町久部良;よなぐにちょうくぶら;Yonaguni Town Kubura;24.45;122.95;4738200;1.1167
4738230;与那国町役場;よなぐにちょうやくば;Yonaguni Town Town Office;24.47;123.00;4738200;1.4425
4738104;竹富町大原;たけとみちょうおおはら;Taketomi Town Ohara;24.27;123.88;4738100;1.1167
4738105;竹富町黒島;たけとみちょうくろしま;Taketomi Town Kuroshima;24.24;124.01;4738100;1.1167
4738111;竹富町波照間;たけとみちょうはてるま;Taketomi Town Hateruma;24.06;123.78;4738100;1.1167
4721436;宮古島市上野支所;みやこじましうえのししょ;Miyakojima City Uenoshisho;24.74;125.32;4721400;1.1167
4735930;伊平屋村役場;いへやそんやくば;Iheya Village Town Office;27.04;127.975;4735900;1.8484
4736120;久米島町仲泊;くめじまちょうなかどまり;Kumeji Town Yonakadomari;26.35;126.75;4736100;1.1167
4736101;久米島町山城;くめじまちょうやましろ;Kumeji Town Yoyamashiro;26.33;126.78;4736100;0.9292
4720100;那覇市樋川;なはしひがわ;Naha City Higawa;26.21;127.69;4720100;1.1167
4720101;那覇空港;なはくうこう;Naha Airport;26.20;127.65;4720100;1.1167
4720120;那覇市港町;なはしみなとまち;Naha City Minato Town;26.24;127.68;4720100;1.6633
4720531;宜野湾市野嵩;ぎのわんしのだけ;Ginowan City Nodake;26.28;127.78;4720500;1.1167
4720830;浦添市安波茶;うらそえしあはちゃ;Urasoe City Ahacha;26.25;127.72;4720800;1.1167
4721031;糸満市潮崎町;いとまんししおざきちょう;Itoman City Shiozaki Town;26.12;127.67;4721000;1.8779
4721131;沖縄市美里;おきなわしみさと;Okinawa City Misato;26.35;127.81;4721100;1.1344
4732401;読谷村座喜味;よみたんそんざきみ;Yomitan Village Zakimi;26.40;127.74;4732400;1.1167
4732530;嘉手納町嘉手納;かでなちょうかでな;Kadena Town Kadena;26.36;127.76;4732500;1.1167
4732630;北谷町桑江;ちゃたんちょうくわえ;Chatan Town Kuwae;26.32;127.76;4732600;1.8586
4732731;北中城村喜舎場;きたなかぐすくそんきしゃば;Kitanakagusuku Village Kishaba;26.30;127.79;4732700;1.1167
4732831;中城村当間;なかぐすくそんとうま;Nakagusuku Village Toma;26.26;127.79;4732800;1.7490
4732931;西原町与那城;にしはらちょうよなぐすく;Nishihara Town Yonagusuku;26.22;127.76;4732900;1.3971
4721233;豊見城市宜保;とみぐすくしぎぼ;Tomigusuku City Gibo;26.18;127.68;4721200;1.0360
4736102;久米島町謝名堂;くめじまちょうじゃなどう;Kumeji Town Yojanado;26.34;126.81;4736100;1.4425
4734833;与那原町上与那原;よなばるちょううえよなばる;Yonabaru Town Ueyonabaru;26.20;127.75;4734800;1.2766
4735332;渡嘉敷村渡嘉敷;とかしきそんとかしき;Tokashiki Village Tokashiki;26.20;127.36;4735300;1.0353
4735433;座間味村座間味;ざまみそんざまみ;Zamami Village Zamami;26.23;127.30;4735400;1.0152
4735630;渡名喜村渡名喜;となきそんとなき;Tonaki Village Tonaki;26.37;127.14;4735600;1.4761
4721320;うるま市みどり町;うるましみどりまち;Uruma City Midori Town;26.38;127.86;4721300;1.1167
4721333;うるま市石川石崎;うるましいしかわいしざき;Uruma City Ishikawaishizaki;26.43;127.83;4721300;1.4425
4721334;うるま市与那城平安座;うるましよなしろへんざ;Uruma City Yonashirohenza;26.34;127.96;4721300;1.1167
4721336;うるま市勝連平安名;うるましかつれんへんな;Uruma City Katsurenhenna;26.32;127.89;4721300;1.1167
4736232;八重瀬町具志頭;やえせちょうぐしちゃん;Yaese Town Gushichan;26.12;127.74;4736200;1.0323
4736233;八重瀬町東風平;やえせちょうこちんだ;Yaese Town Kochinda;26.16;127.72;4736200;1.0789
4721502;南城市玉城字玉城;なんじょうしたまぐすくあざたまぐすく;Nanjo City Tamagusukuazatamagusuku;26.14;127.78;4721500;1.1167
4721520;南城市知念久手堅;なんじょうしちねんくでけん;Nanjo City Chinenkudeken;26.17;127.83;4721500;1.7490
4721533;南城市佐敷字佐敷;なんじょうしさしきあざさしき;Nanjo City Sashikiazasashiki;26.17;127.79;4721500;1.7490
4721534;南城市大里仲間;なんじょうしおおざとなかま;Nanjo City Ozatonakama;26.18;127.75;4721500;1.1498
4721535;南城市佐敷字新里;なんじょうしさしきあざしんざと;Nanjo City Sashikiazashinzato;26.16;127.77;4721500;0.9355
4735030;南風原町兼城;はえばるちょうかねぐすく;Haebaru Town Kanegusuku;26.19;127.73;4735000;0.9613
4630443;鹿児島十島村宝島;かごしまとしまむらたからじま;Kagoshima Toshima Village Takarajima;29.15;129.20;4630400;0.6689
4630439;鹿児島十島村平島;かごしまとしまむらたいらじま;Kagoshima Toshima Village Tairajima;29.69;129.53;4630400;0.8125
4630401;鹿児島十島村中之島徳之尾;かごしまとしまむらなかのしまとくのお;Kagoshima Toshima Village Nakanoshimatokuno;29.84;129.87;4630400;1.5247
4520200;都城市菖蒲原;みやこのじょうしあやめばる;Miyakonojo City Ayamebaru;31.73;131.08;4520200;1.0260
4520201;都城市高崎町江平;みやこのじょうしたかざきちょうえひら;Miyakonojo City Takazaki Town Ehira;31.90;131.09;4520200;1.0230
4520220;都城市姫城町;みやこのじょうしひめぎちょう;Miyakonojo City Himegi Town;31.72;131.06;4520200;1.0229
4520221;都城市高崎町大牟田;みやこのじょうしたかざきちょうおおむた;Miyakonojo City Takazaki Town Omuta;31.87;131.07;4520200;0.8409
4520236;都城市高城町穂満坊;みやこのじょうしたかじょうちょうほまんぼう;Miyakonojo City Takajo Town Homanbo;31.80;131.13;4520200;1.0579
4520238;都城市山之口町花木;みやこのじょうしやまのくちちょうはなのき;Miyakonojo City Yamanokuchi Town Hananoki;31.78;131.15;4520200;0.8558
4520239;都城市山田町山田;みやこのじょうしやまだちょうやまだ;Miyakonojo City Yamada Town Yamada;31.81;131.04;4520200;1.4275
4520501;小林市真方;こばやししまかた;Kobayashi City Makata;31.99;130.99;4520500;1.4859
4520521;小林市役所;こばやししやくしょ;Kobayashi City Hall;32.00;130.97;4520500;0.9905
4520533;小林市中原;こばやししなかはら;Kobayashi City Nakahara;32.08;131.07;4520500;0.9882
4520534;小林市野尻町東麓;こばやししのじりちょうひがしふもと;Kobayashi City Nojiri Town Higashifumoto;31.96;131.10;4520500;1.3607
4520930;えびの市加久藤;えびのしかくとう;Ebino City Kakuto;32.05;130.81;4520900;1.0904
4534131;三股町五本松;みまたちょうごほんまつ;Mimata Town Gohonmatsu;31.73;131.13;4534100;0.8442
4536130;高原町西麓;たかはるちょうにしふもと;Takaharu Town Nishifumoto;31.93;131.01;4536100;1.4920
4538331;綾町役場;あやちょうやくば;Aya Town Town Office;32.00;131.25;4538300;1.3237
4620100;鹿児島市東郡元;かごしましひがしこおりもと;Kagoshima City Higashikorimoto;31.56;130.55;4620100;1.7849
4620120;鹿児島市祇園之洲町;かごしましぎおんのすちょう;Kagoshima City Gionnosu Town;31.61;130.57;4620100;0.9882
4620121;鹿児島市喜入町;かごしましきいれちょう;Kagoshima City Kiire Town;31.38;130.54;4620100;1.2901
4620132;鹿児島市桜島赤水新島;かごしましさくらじまあかみずしんじま;Kagoshima City Sakurajimaakamizushinjima;31.62;130.72;4620100;1.7953
4620135;鹿児島市本城;かごしましほんじょう;Kagoshima City Honjo;31.71;130.56;4620100;1.0566
4620136;鹿児島市郡山;かごしましこおりやま;Kagoshima City Koriyama;31.68;130.48;4620100;0.9882
4620137;鹿児島市桜島藤野;かごしましさくらじまふじの;Kagoshima City Sakurajimafujino;31.62;130.63;4620100;1.2344
4620138;鹿児島市上谷口;かごしましかみたにぐち;Kagoshima City Kamitaniguchi;31.60;130.43;4620100;0.9882
4620401;枕崎市高見町;まくらざきしたかみちょう;Makurazaki City Takami Town;31.27;130.29;4620400;1.4241
4620420;枕崎市若葉町;まくらざきしわかばちょう;Makurazaki City Wakaba Town;31.28;130.30;4620400;1.2644
4620601;阿久根市赤瀬川;あくねしあかせがわ;Akune City Akasegawa;32.03;130.20;4620600;0.9366
4620620;阿久根市鶴見町;あくねしつるみちょう;Akune City Tsurumi Town;32.01;130.19;4620600;1.1623
4620821;鹿児島出水市緑町;かごしまいずみしみどりまち;Kagoshima Izumi City Midori Town;32.09;130.35;4620800;1.3718
4620830;鹿児島出水市桂島;かごしまいずみしかつらしま;Kagoshima Izumishikatsura City Ma;32.15;130.26;4620800;0.9419
4620835;鹿児島出水市高尾野町;かごしまいずみしたかおのまち;Kagoshima Izumi City Takaono Town;32.06;130.31;4620800;1.1876
4620101;鹿児島市下福元;かごしまししもふくもと;Kagoshima City Shimofukumoto;31.51;130.45;4620100;0.5689
4620836;鹿児島出水市野田町;かごしまいずみしのだちょう;Kagoshima Izumi City Noda Town;32.06;130.27;4620800;1.1128
4538321;綾町南俣健康センター;あやちょうみなみまたけんこうせんたー;Aya Town Minamimata Health Center;32.00;131.26;4538300;1.2871
4520730;串間市役所;くしましやくしょ;Kushima City Hall;31.46;131.23;4520700;1.7490
4540620;宮崎都農町役場;みやざきつのちょうやくば;Miyazaki Tsuno Town Town Office;32.26;131.56;4540600;1.3675
4542132;門川町平城東;かどがわちょうひらじょうひがし;Kadogawa Town Hirajohigashi;32.47;131.65;4542100;1.7490
4540431;木城町高城;きじょうちょうたかじょう;Kijo Town Takajo;32.16;131.47;4540400;1.7326
4540320;西米良村板谷;にしめらそんいたや;Nishimera Village Itaya;32.24;131.12;4540300;0.6689
4540332;西米良村村所;にしめらそんむらしょ;Nishimera Village Murasho;32.23;131.15;4540300;0.9217
4542930;諸塚村家代;もろつかそんえしろ;Morotsuka Village Eshiro;32.51;131.33;4542900;0.5689
4543020;椎葉村総合運動公園;しいばそんそうごううんどうこうえん;Shiiba Village Sogo Sports Park;32.46;131.15;4543000;0.5689
4543032;椎葉村下福良;しいばそんしもふくら;Shiiba Village Shimofukura;32.47;131.16;4543000;0.5689
4544100;高千穂町三田井;たかちほちょうみたい;Takachiho Town Mitai;32.71;131.31;4544100;0.9882
4544120;高千穂町寺迫;たかちほちょうてらさこ;Takachiho Town Terasako;32.70;131.31;4544100;0.9882
4544232;日之影町七折;ひのかげちょうななおり;Hinokage Town Nanaori;32.66;131.38;4544200;0.9882
4544332;五ヶ瀬町三ヶ所;ごかせちょうさんがしょ;Gokase Town Sangasho;32.68;131.20;4544300;0.9882
4543120;宮崎美郷町宇納間;みやざきみさとちょううなま;Miyazaki Misato Town Unama;32.50;131.44;4543100;0.6689
4543130;宮崎美郷町神門;みやざきみさとちょうみかど;Miyazaki Misato Town Mikado;32.39;131.33;4543100;0.6689
4538230;国富町本庄;くにとみちょうほんじょう;Kunitomi Town Honjo;31.99;131.32;4538200;1.4485
4543133;宮崎美郷町田代;みやざきみさとちょうたしろ;Miyazaki Misato Town Tashiro;32.44;131.42;4543100;0.9986
4520120;宮崎市松橋;みやざきしまつばし;Miyazaki City Matsubashi;31.91;131.42;4520100;1.7490
4520121;宮崎市田野町体育館;みやざきしたのちょうたいいくかん;Miyazaki City Tano Town Taiikukan;31.85;131.31;4520100;1.2858
4520135;宮崎市高岡町内山;みやざきしたかおかちょううちやま;Miyazaki City Takaoka Town Uchiyama;31.96;131.30;4520100;1.3192
4520136;宮崎市田野支所;みやざきしたのししょ;Miyazaki City Tanoshisho;31.84;131.30;4520100;0.9091
4520137;宮崎市清武町西新町;みやざきしきよたけちょうにししんまち;Miyazaki City Kiyotake Town Nishishin Town;31.86;131.39;4520100;1.2904
4520138;宮崎市佐土原町下田島;みやざきしさどわらちょうしもたじま;Miyazaki City Sadowara Town Shimotajima;32.02;131.47;4520100;1.0695
4520400;日南市油津;にちなんしあぶらつ;Nichinan City Aburatsu;31.58;131.41;4520400;0.6689
4520401;日南市北郷町大藤;にちなんしきたごうちょうおおふじ;Nichinan City Kitago Town Ofuji;31.66;131.38;4520400;1.2360
4520420;日南市吾田東;にちなんしあがたひがし;Nichinan City Agatahigashi;31.61;131.37;4520400;0.9994
4520436;日南市中央通;にちなんしちゅうおうどおり;Nichinan City Chuuodori;31.60;131.38;4520400;1.7490
4520437;日南市北郷町郷之原;にちなんしきたごうちょうごうのはら;Nichinan City Kitago Town Gonohara;31.68;131.38;4520400;1.2286
4520435;日南市南郷町南町;にちなんしなんごうちょうみなみまち;Nichinan City Nango Town Minami Town;31.53;131.37;4520400;1.7490
4520701;串間市奈留;くしましなる;Kushima City Naru;31.53;131.27;4520700;0.6689
4520720;串間市都井;くしましとい;Kushima City Toi;31.40;131.31;4520700;0.6689
4520101;宮崎市霧島;みやざきしきりしま;Miyazaki City Kirishima;31.94;131.41;4520100;0.9954
4621000;指宿市山川新生町;いぶすきしやまがわしんせいちょう;Ibusuki City Yamagawashinsei Town;31.20;130.64;4621000;1.4425
4621020;指宿市十町;いぶすきしじゅっちょう;Ibusuki City Jutsu Town;31.25;130.63;4621000;1.3775
4621032;指宿市開聞十町;いぶすきしかいもんじゅっちょう;Ibusuki City Kaimonjutsu Town;31.20;130.54;4621000;1.2357
4622320;南九州市頴娃町牧之内;みなみきゅうしゅうしえいちょうまきのうち;Minamikyushu City Ei Town Makinochi;31.24;130.49;4622300;1.4043
4622331;南九州市川辺町平山;みなみきゅうしゅうしかわなべちょうひらやま;Minamikyushu City Kawanabe Town Hirayama;31.39;130.39;4622300;1.9953
4622332;南九州市知覧町郡;みなみきゅうしゅうしちらんちょうこおり;Minamikyushu City Chiran Town Kori;31.38;130.44;4622300;1.2126
4622400;伊佐市大口山野;いさしおおくちやまの;Isa City Okuchiyamano;32.14;130.60;4622400;0.8125
4622420;伊佐市大口鳥巣;いさしおおくちとりす;Isa City Okuchitorisu;32.06;130.59;4622400;1.0161
4622431;伊佐市菱刈前目;いさしひしかりまえめ;Isa City Hishikarimaeme;32.01;130.64;4622400;2.0385
4622521;姶良市蒲生町北;あいらしかもうちょうきた;Aira City Kamo Town Kita;31.76;130.57;4622500;1.5431
4622535;姶良市宮島町;あいらしみやじままち;Aira City Miyajima Town;31.73;130.63;4622500;1.3748
4622536;姶良市加治木町本町;あいらしかじきちょうもとまち;Aira City Kajiki Town Moto Town;31.74;130.66;4622500;1.4643
4620300;鹿屋市新栄町;かのやししんえいちょう;Kanoya City Shin'ei Town;31.38;130.85;4620300;1.3669
4620320;鹿屋市札元;かのやしふだもと;Kanoya City Fudamoto;31.40;130.87;4620300;1.4733
4620334;鹿屋市輝北町上百引;かのやしきほくちょうかみもびき;Kanoya City Kihoku Town Kamimobiki;31.55;130.86;4620300;0.6689
4620335;鹿屋市吾平町麓;かのやしあいらちょうふもと;Kanoya City Aira Town Fumoto;31.33;130.90;4620300;1.4351
4620336;鹿屋市串良町岡崎;かのやしくしらちょうおかざき;Kanoya City Kushira Town Okazaki;31.39;130.96;4620300;1.6649
4621838;霧島市牧園町宿窪田;きりしましまきぞのちょうしゅくくぼた;Kirishima City Makizono Town Shukukubota;31.86;130.75;4621800;0.9882
4621420;垂水市田神;たるみずしたがみ;Tarumizu City Tagami;31.50;130.70;4621400;1.4425
4648231;東串良町川西;ひがしくしらちょうかわにし;Higashikushira Town Kawanishi;31.39;130.97;4648200;2.1725
4649000;錦江町田代麓;きんこうちょうたしろふもと;Kinko Town Tashirofumoto;31.17;130.92;4649000;0.6689
4649020;錦江町田代支所;きんこうちょうたしろししょ;Kinko Town Tashiroshisho;31.20;130.85;4649000;1.1656
4649031;錦江町城元;きんこうちょうしろもと;Kinko Town Shiromoto;31.24;130.79;4649000;1.2846
4649120;南大隅町佐多伊座敷;みなみおおすみちょうさたいざしき;Minamiosumi Town Sataizashiki;31.09;130.70;4649100;0.9882
4649132;南大隅町根占;みなみおおすみちょうねじめ;Minamiosumi Town Nejime;31.22;130.77;4649100;1.0884
4621720;曽於市大隅町中之内;そおしおおすみちょうなかのうち;So City Osumi Town Nakanochi;31.60;130.99;4621700;1.2431
4621731;曽於市末吉町二之方;そおしすえよしちょうにのかた;So City Sueyoshi Town Ninokata;31.65;131.02;4621700;1.4009
4621733;曽於市財部町南俣;そおしたからべちょうみなみまた;So City Takarabe Town Minamimata;31.73;130.99;4621700;0.9819
4649220;肝付町北方;きもつきちょうきたかた;Kimotsuki Town Kitakata;31.28;131.05;4649200;1.3211
4649231;肝付町新富;きもつきちょうにいとみ;Kimotsuki Town Niitomi;31.34;130.95;4649200;0.6689
4622100;志布志市志布志町志布志;しぶしししぶしちょうしぶし;Shibushi City Shibushi Town Shibushi;31.48;131.10;4622100;1.3448
4622130;志布志市松山町新橋;しぶししまつやまちょうしんばし;Shibushi City Matsuyama Town Shinbashi;31.58;131.04;4622100;1.3089
4622131;志布志市有明町野井倉;しぶししありあけちょうのいくら;Shibushi City Ariake Town Noikura;31.50;131.05;4622100;0.6689
4646820;大崎町仮宿;おおさきちょうかりじゅく;Osaki Town Karijuku;31.43;131.01;4646800;1.7551
4621837;霧島市福山町牧之原;きりしましふくやまちょうまきのはら;Kirishima City Fukuyama Town Makinohara;31.67;130.85;4621800;1.3847
4621836;霧島市霧島田口;きりしましきりしまたぐち;Kirishima City Kirishimataguchi;31.82;130.83;4621800;0.9882
4621834;霧島市溝辺町有川;きりしましみぞべちょうありかわ;Kirishima City Mizobe Town Arikawa;31.83;130.68;4621800;1.1825
4640420;長島町鷹巣;ながしまちょうたかのす;Nagashima Town Takanosu;32.19;130.18;4640400;0.8125
4640431;長島町獅子島;ながしまちょうししじま;Nagashima Town Shishijima;32.28;130.22;4640400;0.5689
4640433;長島町指江;ながしまちょうさすえ;Nagashima Town Sasue;32.16;130.12;4640400;0.8125
4640434;長島町伊唐島;ながしまちょういからじま;Nagashima Town Ikarajima;32.22;130.21;4640400;0.8125
4621500;薩摩川内市中郷;さつませんだいしちゅうごう;Satsumasendai City Chugo;31.83;130.31;4621501;2.1370
4621520;薩摩川内市神田町;さつませんだいしかんだちょう;Satsumasendai City Kanda Town;31.81;130.30;4621501;0.8125
4621533;薩摩川内市祁答院町;さつませんだいしけどういんちょう;Satsumasendai City Kedouin Town;31.87;130.50;4621501;0.9882
4621536;薩摩川内市入来町;さつませんだいしいりきちょう;Satsumasendai City Iriki Town;31.81;130.43;4621501;0.9882
4621537;薩摩川内市東郷町;さつませんだいしとうごうちょう;Satsumasendai City Togo Town;31.86;130.34;4621501;1.4070
4621538;薩摩川内市樋脇町;さつませんだいしひわきちょう;Satsumasendai City Hiwaki Town;31.82;130.38;4621501;1.2808
4639201;さつま町宮之城屋地;さつまちょうみやのじょうやち;Satsuma Town Miyanojoyachi;31.91;130.46;4639200;0.9882
4639220;さつま町宮之城保健センタ;さつまちょうみやのじょうほけんせんた;Satsuma Town Miyanojo Health Center;31.90;130.45;4639200;0.9882
4639230;さつま町神子;さつまちょうこうし;Satsuma Town Koshi;31.95;130.48;4639200;1.2982
4639231;さつま町求名;さつまちょうぐみょう;Satsuma Town Gumyo;31.92;130.54;4639200;0.9882
4645232;湧水町栗野;ゆうすいちょうくりの;Yusui Town Kurino;31.95;130.72;4645200;1.2565
4645233;湧水町吉松;ゆうすいちょうよしまつ;Yusui Town Yoshimatsu;32.01;130.74;4645200;1.1354
4621620;日置市日吉町日置;ひおきしひよしちょうひおき;Hioki City Hiyoshi Town Hioki;31.59;130.35;4621600;1.7490
4621821;霧島市国分中央;きりしましこくぶちゅうおう;Kirishima City Kokubuchuuo;31.74;130.76;4621800;2.2047
4621820;霧島市横川町中ノ;きりしましよこがわちょうなかの;Kirishima City Yokogawa Town Nakano;31.91;130.70;4621800;1.2411
4621802;鹿児島空港;かごしまくうこう;Kagoshima Airport;31.80;130.72;4621800;1.5505
4621800;霧島市隼人町内山田;きりしましはやとちょううちやまだ;Kirishima City Hayato Town Uchiyamada;31.74;130.74;4621800;1.3081
4622040;南さつま市坊津町久志;みなみさつましぼうのつちょうくし;Minamisatsuma City Bonotsu Town Kushi;31.31;130.23;4622000;0.5689
4622039;南さつま市金峰町尾下;みなみさつましきんぽうちょうおくだり;Minamisatsuma City Kinpo Town Okudari;31.46;130.34;4622000;2.0870
4220100;長崎市南山手;ながさきしみなみやまて;Nagasaki City Minamiyamate;32.73;129.87;4220100;0.6689
4622038;南さつま市笠沙町片浦;みなみさつましかささちょうかたうら;Minamisatsuma City Kasasa Town Kataura;31.41;130.19;4622000;1.7490
4622020;南さつま市加世田川畑;みなみさつましかせだかわばた;Minamisatsuma City Kasedakawabata;31.42;130.32;4622000;1.4094
4621931;いちき串木野市湊町;いちきくしきのしみなとまち;Ichikikushikino City Minato Town;31.69;130.29;4621900;1.8484
4621920;いちき串木野市緑町;いちきくしきのしみどりちょう;Ichikikushikino City Midori Town;31.71;130.27;4621900;1.1167
4621635;日置市吹上町中原;ひおきしふきあげちょうなかはら;Hioki City Fukiage Town Nakahara;31.51;130.35;4621600;1.4061
4621634;日置市伊集院町郡;ひおきしいじゅういんちょうこおり;Hioki City Ijuuin Town Kori;31.63;130.40;4621600;1.3739
4621633;日置市東市来町長里;ひおきしひがしいちきちょうながさと;Hioki City Higa City Ichiki Town Nagasato;31.66;130.35;4621600;1.1989
4622035;南さつま市大浦町;みなみさつましおおうらちょう;Minamisatsuma City Ora Town;31.38;130.23;4622000;0.9882
4738112;竹富町上原小学校;たけとみちょううえはらしょうがっこう;Taketomi Town Uehara Elementary School;24.42;123.79;4738100;0.8540
4239132;佐々町本田原;さざちょうほんたばる;Saza Town Hontabaru;33.24;129.65;4239100;1.4742
4232232;川棚町中組;かわたなちょうなかぐみ;Kawatana Town Nakagumi;33.07;129.86;4232200;1.7835
3820700;大洲市豊茂;おおずしとよしげ;Ozu City Toyoshige;33.56;132.48;3820700;0.9994
3820721;大洲市肱川町;おおずしひじかわちょう;Ozu City Hijikawa Town;33.45;132.69;3820700;0.8171
3820722;大洲市長浜;おおずしながはま;Ozu City Nagahama;33.61;132.48;3820700;1.7490
3820730;大洲市大洲;おおずしおおず;Ozu City Ozu;33.51;132.54;3820700;1.7179
3820731;大洲市河辺町;おおずしかわべちょう;Ozu City Kawabe Town;33.49;132.74;3820700;0.5689
3842230;内子町内子;うちこちょううちこ;Uchiko Town Uchiko;33.55;132.65;3842200;1.1544
3842232;内子町平岡;うちこちょうひらおか;Uchiko Town Hiraoka;33.53;132.66;3842200;1.1515
3842233;内子町小田;うちこちょうおだ;Uchiko Town Oda;33.57;132.80;3842200;0.8015
3844220;伊方町三崎;いかたちょうみさき;Ikata Town Misaki;33.39;132.11;3844200;0.5689
3844231;伊方町湊浦;いかたちょうみなとうら;Ikata Town Minatora;33.49;132.35;3844200;0.5689
3844232;伊方町三机;いかたちょうみつくえ;Ikata Town Mitsukue;33.46;132.25;3844200;0.0000
3848431;松野町松丸;まつのちょうまつまる;Matsuno Town Matsumaru;33.23;132.71;3848400;1.0626
3821400;西予市野村町;せいよしのむらちょう;Seiyo City No Village Cho;33.38;132.65;3821400;0.8332
3821433;西予市城川町;せいよししろかわちょう;Seiyo City Shirokawa Town;33.38;132.75;3821400;0.8206
3820430;八幡浜市保内町;やわたはましほないちょう;Yawatahama City Honai Town;33.48;132.40;3820400;0.5689
3821434;西予市宇和町;せいよしうわちょう;Seiyo City Uwa Town;33.36;132.51;3821400;0.9402
3821436;西予市明浜町;せいよしあけはまちょう;Seiyo City Akehama Town;33.32;132.43;3821400;0.5689
3850620;愛南町船越;あいなんちょうふなこし;Ainan Town Funakoshi;32.95;132.50;3850600;0.5689
3850630;愛南町柏;あいなんちょうかしわ;Ainan Town Kashiwa;33.02;132.50;3850600;1.3976
3850631;愛南町御荘;あいなんちょうみしょう;Ainan Town Misho;32.96;132.57;3850600;1.4171
3850633;愛南町一本松;あいなんちょういっぽんまつ;Ainan Town Ipponmatsu;32.96;132.65;3850600;0.5689
3850634;愛南町城辺;あいなんちょうじょうへん;Ainan Town Johen;32.96;132.58;3850600;1.3768
3848800;愛媛鬼北町成川;えひめきほくちょうなるかわ;Ehime Kihoku Town Narukawa;33.22;132.62;3848800;0.5689
3848831;愛媛鬼北町下鍵山;えひめきほくちょうしもかぎやま;Ehime Kihoku Town Shimokagiyama;33.33;132.80;3848800;0.5689
3848832;愛媛鬼北町近永;えひめきほくちょうちかなが;Ehime Kihoku Town Chikanaga;33.25;132.68;3848800;1.1101
3920201;室戸市吉良川町;むろとしきらがわちょう;Muroto City Kiragawa Town;33.39;134.14;3920200;0.6689
3920202;室戸市室戸岬町;むろとしむろとみさきちょう;Muroto City Murotomisaki Town;33.25;134.18;3920200;0.9139
3920230;室戸市浮津;むろとしうきつ;Muroto City Ukitsu;33.29;134.15;3920200;1.4206
3920300;安芸市西浜;あきしにしはま;Aki City Nishihama;33.51;133.90;3920300;1.3816
3920320;安芸市矢ノ丸;あきしやのまる;Aki City Yanomaru;33.50;133.91;3920300;1.4425
3821435;西予市三瓶町;せいよしみかめちょう;Seiyo City Mikame Town;33.38;132.42;3821400;1.4761
3930120;東洋町生見;とうようちょういくみ;Toyo Town Ikumi;33.53;134.28;3930100;0.6689
3820420;八幡浜市五反田;やわたはましごたんだ;Yawatahama City Gotanda;33.45;132.435;3820400;0.5689
3820334;宇和島市三間町;うわじましみまちょう;Uwajima City Mima Town;33.29;132.61;3820300;0.9965
3820632;西条市丹原町池田;さいじょうしたんばらちょういけだ;Saijo City Tanbara Town Ikeda;33.91;133.06;3820600;1.3048
3820633;西条市小松町;さいじょうしこまつちょう;Saijo City Komatsu Town;33.90;133.11;3820600;1.3727
3821321;四国中央市中曽根町;しこくちゅうおうしなかぞねちょう;Shikoku Chuo City Nakazone Town;33.98;133.55;3821300;0.9684
3821332;四国中央市土居町;しこくちゅうおうしどいちょう;Shikoku Chuo City Doi Town;33.95;133.42;3821300;0.8788
3821333;四国中央市金生町;しこくちゅうおうしきんせいちょう;Shikoku Chuo City Kinsei Town;34.00;133.58;3821300;1.3238
3821334;四国中央市新宮町;しこくちゅうおうししんぐうちょう;Shikoku Chuo City Shingu Town;33.95;133.64;3821300;0.5689
3835630;上島町魚島;かみじまちょううおしま;Kamiji Town Youuoshima;34.18;133.32;3835600;1.4761
3835632;上島町生名;かみじまちょういきな;Kamiji Town Youikina;34.27;133.19;3835600;1.5877
3835635;上島町弓削;かみじまちょうゆげ;Kamiji Town Yoyuge;34.26;133.20;3835600;1.4761
3835636;上島町岩城;かみじまちょういわぎ;Kamiji Town Youiwagi;34.25;133.15;3835600;0.8329
3820101;松山市北持田町;まつやましきたもちだまち;Matsuyama City Kitamochida Town;33.84;132.78;3820100;1.2430
3820120;松山市富久町;まつやましとみひさまち;Matsuyama City Tomihisa Town;33.82;132.73;3820100;1.3997
3820121;松山市北条辻;まつやましほうじょうつじ;Matsuyama City Hojotsuji;33.96;132.77;3820100;1.4425
3820130;松山市中島大浦;まつやましなかじまおおうら;Matsuyama City Nakajimaora;33.98;132.63;3820100;1.2507
3820400;八幡浜市広瀬;やわたはましひろせ;Yawatahama City Hirose;33.45;132.43;3820400;0.5689
3821020;伊予市下吾川;いよししもあがわ;Iyo City Shimoagawa;33.77;132.71;3821000;1.8369
3821032;伊予市中山町;いよしなかやまちょう;Iyo City Nakayama Town;33.64;132.71;3821000;0.9626
3840130;愛媛松前町筒井;えひめまさきちょうつつい;Ehime Masaki Town Tsutsui;33.79;132.71;3840100;1.9258
3840220;砥部町総津;とべちょうそうづ;Tobe Town Sozu;33.63;132.80;3840200;0.5689
3840230;砥部町宮内;とべちょうみやうち;Tobe Town Miyauchi;33.75;132.79;3840200;0.8947
3838620;久万高原町東川;くまこうげんちょうひがしがわ;Kumakogen Town Higashigawa;33.64;133.01;3838600;0.5689
3838630;久万高原町久万;くまこうげんちょうくま;Kumakogen Town Kuma;33.66;132.90;3838600;0.7885
3838632;久万高原町柳井川;くまこうげんちょうやないがわ;Kumakogen Town Yanaigawa;33.55;133.00;3838600;0.9994
3838633;久万高原町渋草;くまこうげんちょうしぶくさ;Kumakogen Town Shibukusa;33.69;133.04;3838600;0.5689
3821520;東温市南方;とうおんしみなみがた;Touon City Minamigata;33.80;132.91;3821500;1.1036
3821530;東温市見奈良;とうおんしみなら;Touon City Minara;33.79;132.87;3821500;1.1367
3820300;宇和島市住吉町;うわじましすみよしちょう;Uwajima City Sumiyoshi Town;33.23;132.55;3820300;1.4761
3820320;宇和島市丸穂;うわじましまるお;Uwajima City Maruo;33.22;132.57;3820300;1.3184
3820332;宇和島市津島町;うわじましつしまちょう;Uwajima City Tsushima Town;33.13;132.52;3820300;1.7490
3820333;宇和島市吉田町;うわじましよしだちょう;Uwajima City Yoshida Town;33.28;132.54;3820300;1.7490
3821031;伊予市双海町;いよしふたみちょう;Iyo City Futami Town;33.69;132.64;3821000;1.4425
3820630;西条市新田;さいじょうししんでん;Saijo City Shinden;33.93;133.19;3820600;1.6607
3930230;奈半利町役場;なはりちょうやくば;Nahari Town Town Office;33.42;134.02;3930200;1.4425
3930433;安田町安田;やすだちょうやすだ;Yasuda Town Yasuda;33.44;133.98;3930400;0.8576
3921220;香美市土佐山田町岩積;かみしとさやまだちょういわづみ;Kami City Tosayamada Town Iwazumi;33.59;133.69;3921200;1.2720
3921233;香美市香北町美良布;かみしかほくちょうびらふ;Kami City Kahoku Town Birafu;33.65;133.78;3921200;0.8686
3921234;香美市物部町大栃;かみしものべちょうおおどち;Kami City Monobe Town Odochi;33.70;133.88;3921200;0.7872
3920801;宿毛市小筑紫町田ノ浦;すくもしこづくしちょうたのうら;Sukumo City Kozukushi Town Tanora;32.91;132.72;3920800;1.7490
3920820;宿毛市桜町;すくもしさくらまち;Sukumo City Sakura Town;32.94;132.73;3920800;1.7490
3920901;土佐清水市有永;とさしみずしありなが;Tosashimizu City Arinaga;32.86;132.80;3920900;0.6689
3920902;土佐清水市足摺岬;とさしみずしあしずりみさき;Tosashimizu City Ashizurimisaki;32.72;133.01;3920900;0.9419
3920921;土佐清水市松尾;とさしみずしまつお;Tosashimizu City Matsuo;32.74;132.98;3920900;0.8640
3920930;土佐清水市天神町;とさしみずしてんじんちょう;Tosashimizu City Tenjin Town;32.78;132.96;3920900;1.4425
3940131;中土佐町大野見吉野;なかとさちょうおおのみよしの;Nakatosa Town Onomiyoshino;33.34;133.14;3940100;0.9232
3940132;中土佐町久礼;なかとさちょうくれ;Nakatosa Town Kure;33.33;133.22;3940100;1.3867
3940521;梼原町広野;ゆすはらちょうひろの;Yusuhara Town Hirono;33.40;132.90;3940500;0.5689
3940532;梼原町梼原;ゆすはらちょうゆすはら;Yusuhara Town Yusuhara;33.39;132.93;3940500;0.8647
3942430;大月町弘見;おおつきちょうひろみ;Otsuki Town Hiromi;32.84;132.71;3942400;1.0224
3921201;香美市物部町神池;かみしものべちょうかみいけ;Kami City Monobe Town Kamiike;33.73;133.88;3921200;0.5689
3942730;三原村来栖野;みはらむらくるすの;Mihara Village Kurusuno;32.91;132.85;3942700;0.9903
3921033;四万十市西土佐江川崎;しまんとしにしとさえかわさき;Shimanto City Nishitosaekawasaki;33.17;132.79;3921000;0.8634
3941200;四万十町窪川中津川;しまんとちょうくぼかわなかつがわ;Shimanto Town Kubokawanakatsugawa;33.31;133.06;3941200;0.5689
3941220;四万十町大正;しまんとちょうたいしょう;Shimanto Town Taisho;33.20;132.98;3941200;0.5689
3941233;四万十町十川;しまんとちょうとおかわ;Shimanto Town Tokawa;33.23;132.85;3941200;1.0762
3941234;四万十町琴平町;しまんとちょうことひらまち;Shimanto Town Kotohira Town;33.21;133.14;3941200;0.9500
3942801;黒潮町入野;くろしおちょういりの;Kuroshio Town Irino;33.03;133.00;3942800;0.5689
3942820;黒潮町佐賀;くろしおちょうさが;Kuroshio Town Saga;33.08;133.10;3942800;1.2911
3941131;高知津野町力石;こうちつのちょうちからいし;Kochi Tsuno Town Chikaraishi;33.39;133.03;3941100;0.5689
3941132;高知津野町永野;こうちつのちょうながの;Kochi Tsuno Town Nagano;33.44;133.20;3941100;0.5689
3520401;萩市土原;はぎしひじわら;Hagi City Hijiwara;34.41;131.41;3520400;1.8494
3520402;萩市見島宇津;はぎしみしまうつ;Hagi City Mishimautsu;34.78;131.14;3520400;0.8884
3520432;萩市川上;はぎしかわかみ;Hagi City Kawakami;34.36;131.46;3520400;0.5689
3520433;萩市下田万;はぎししもたま;Hagi City Shimotama;34.64;131.66;3520400;1.0914
3520438;萩市江向;はぎしえむかい;Hagi City Emukai;34.41;131.40;3520400;1.7835
3921032;四万十市古津賀;しまんとしこつか;Shimanto City Kotsuka;32.98;132.95;3921000;2.0862
3930330;田野町役場;たのちょうやくば;Tano Town Town Office;33.43;134.01;3930300;1.4206
3921200;香美市土佐山田町宝町;かみしとさやまだちょうたからまち;Kami City Tosayamada Town Takara Town;33.60;133.69;3921200;0.9635
3921138;高知香南市野市町西野;こうちこうなんしのいちちょうにしの;Kochi Konan City Noichichoni City No;33.56;133.70;3921100;0.9996
3930531;北川村野友;きたがわむらのとも;Kitagawa Village Notomo;33.45;134.04;3930500;1.2287
3930630;馬路村馬路;うまじむらうまじ;Umaji Village Umaji;33.56;134.05;3930600;1.1167
3930731;芸西村和食;げいせいむらわじき;Geisei Village Wajiki;33.53;133.81;3930700;1.3165
3920100;高知市本町;こうちしほんまち;Kochi City Hon Town;33.56;133.53;3920100;1.7490
3920101;高知市春野町芳原;こうちしはるのちょうよしはら;Kochi City Haruno Town Yoshihara;33.51;133.50;3920100;0.9733
3920120;高知市丸ノ内;こうちしまるのうち;Kochi City Marunochi;33.56;133.535;3920100;1.7490
3920132;高知市土佐山;こうちしとさやま;Kochi City Tosayama;33.63;133.53;3920100;0.5689
3920136;高知市鏡小浜;こうちしかがみこはま;Kochi City Kagamikohama;33.60;133.47;3920100;0.5689
3920430;南国市オオソネ;なんこくしおおそね;Nankoku City Osone;33.58;133.64;3920400;0.9549
3920520;土佐市蓮池;とさしはすいけ;Tosa City Hasuike;33.49;133.42;3920500;2.0855
3920600;須崎市山手町;すさきしやまてちょう;Susaki City Yamate Town;33.40;133.28;3920600;0.5689
3920620;須崎市西糺町;すさきしにしただすまち;Susaki City Nishitadasu Town;33.39;133.29;3920600;1.7490
3934131;本山町本山;もとやまちょうもとやま;Motoya Town Yomotoyama;33.75;133.58;3934100;0.5689
3934421;大豊町黒石;おおとよちょうくろいし;Otoyo Town Kuroishi;33.78;133.73;3934400;0.9994
3921134;高知香南市吉川町吉原;こうちこうなんしよしかわちょうよしはら;Kochi Konan City Yoshikawa Town Yoshihara;33.54;133.70;3921100;1.4435
3934430;大豊町高須;おおとよちょうたかす;Otoyo Town Takasu;33.76;133.66;3934400;0.9994
3936431;大川村小松;おおかわむらこまつ;Okawa Village Komatsu;33.78;133.47;3936400;0.9994
3940230;佐川町役場;さかわちょうやくば;Sakawa Town Town Office;33.50;133.29;3940200;1.0637
3940330;越知町越知;おちちょうおち;Ochi Town Ochi;33.53;133.25;3940300;0.8652
3941032;日高村本郷;ひだかむらほんごう;Hidaka Village Hongo;33.53;133.37;3941000;0.9655
3938620;いの町脇ノ山;いのちょうわきのやま;Ino Town Wakinoyama;33.78;133.35;3938600;0.5689
3938633;いの町上八川;いのちょうかみやかわ;Ino Town Kamiyakawa;33.65;133.34;3938600;0.5689
3938635;いの町役場;いのちょうやくば;Ino Town Town Office;33.55;133.43;3938600;1.2781
3938636;いの町長沢;いのちょうながさわ;Ino Town Nagasawa;33.73;133.31;3938600;0.5689
3938730;仁淀川町土居;によどがわちょうどい;Niyodogawa Town Doi;33.61;133.17;3938700;0.8086
3938732;仁淀川町森;によどがわちょうもり;Niyodogawa Town Mori;33.54;133.13;3938700;0.8109
3938733;仁淀川町大崎;によどがわちょうおおさき;Niyodogawa Town Osaki;33.58;133.17;3938700;0.5689
3921135;高知香南市香我美町下分;こうちこうなんしかがみちょうしもぶん;Kochi Konan City Kagami Town Shimobun;33.57;133.74;3921100;1.2381
3921136;高知香南市夜須町坪井;こうちこうなんしやすちょうつぼい;Kochi Konan City Yasu Town Tsuboi;33.54;133.76;3921100;1.7490
3921137;高知香南市赤岡支所;こうちこうなんしあかおかししょ;Kochi Konan City Akaokashisho;33.54;133.72;3921100;1.8484
3936331;土佐町土居;とさちょうどい;Tosa Town Doi;33.74;133.53;3936300;0.5689
3520439;萩市吉部;はぎしきべ;Hagi City Kibe;34.44;131.58;3520400;0.9557
3820620;西条市周布;さいじょうししゅう;Saijo City Shu;33.93;133.08;3820600;1.8586
3820532;新居浜市別子山;にいはましべっしやま;Niihama City Besshiyama;33.86;133.41;3820500;0.5689
3620634;阿波市土成町;あわしどなりちょう;Awa City Donari Town;34.12;134.34;3620600;1.1287
3620635;阿波市阿波町;あわしあわちょう;Awa City Awa Town;34.08;134.24;3620600;1.2049
3620636;阿波市吉野町;あわしよしのちょう;Awa City Yoshino Town;34.10;134.37;3620600;1.2810
3620802;徳島三好市池田町サラダ;とくしまみよししいけだちょうさらだ;Tokushima Miyoshi City Ikeda Town Sarada;34.03;133.81;3620800;0.8488
3620820;徳島三好市池田中学校;とくしまみよししいけだちゅうがっこう;Tokushima Miyoshi City Ikeda Middle School;34.03;133.815;3620800;1.0714
3620822;徳島三好市東祖谷;とくしまみよししひがしいや;Tokushima Miyoshi City Higashiiya;33.87;133.92;3620800;0.5689
3620834;徳島三好市三野町;とくしまみよししみのちょう;Tokushima Miyoshi City Mino Town;34.04;133.97;3620800;1.1699
3620836;徳島三好市井川町;とくしまみよししいかわちょう;Tokushima Miyoshi City Ikawa Town;34.03;133.88;3620800;1.0747
3620838;徳島三好市西祖谷山村;とくしまみよししにしいややまむら;Tokushima Miyoshi City Nishiiyayama Village;33.89;133.82;3620800;0.5689
3620839;徳島三好市山城町;とくしまみよししやましろちょう;Tokushima Miyoshi City Yamashiro Town;33.96;133.75;3620800;0.9994
3648932;東みよし町昼間;ひがしみよしちょうひるま;Higashimiyoshi Town Hiruma;34.04;133.87;3648900;0.8555
3648933;東みよし町加茂;ひがしみよしちょうかも;Higashimiyoshi Town Kamo;34.04;133.94;3648900;1.1186
3620400;阿南市富岡町;あなんしとみおかちょう;Anan City Tomioka Town;33.92;134.65;3620400;1.4196
3620420;阿南市山口町;あなんしやまぐちちょう;Anan City Yamaguchi Town;33.87;134.60;3620400;1.3308
3620621;阿波市市場町;あわしいちばちょう;Awa City Ichiba Town;34.09;134.29;3620600;0.9639
3620432;阿南市那賀川町;あなんしなかがわちょう;Anan City Nakagawa Town;33.95;134.66;3620400;1.5584
3630131;勝浦町久国;かつうらちょうひさくに;Katsura Town Hisakuni;33.93;134.51;3630100;1.1167
3630220;上勝町旭;かみかつちょうあさひ;Kamikatsu Town Asahi;33.88;134.39;3630200;0.9994
3638320;牟岐町中村;むぎちょうなかむら;Mugi Town Naka Village;33.67;134.42;3638300;1.4425
3636800;那賀町横石;なかちょうよこいし;Naka Town Yokoishi;33.80;134.45;3636800;1.1167
3636820;那賀町木頭和無田;なかちょうきとうわむだ;Naka Town Kitowamuda;33.77;134.20;3636800;1.1167
3636830;那賀町和食;なかちょうわじき;Naka Town Wajiki;33.86;134.50;3636800;1.1167
3636836;那賀町木沢;なかちょうきさわ;Naka Town Kisawa;33.82;134.30;3636800;0.5689
3636837;那賀町延野;なかちょうのぶの;Naka Town Nobuno;33.82;134.48;3636800;0.5689
3636838;那賀町上那賀;なかちょうかみなか;Naka Town Kaminaka;33.81;134.37;3636800;0.5689
3638720;美波町西の地;みなみちょうにしのじ;Minami Town Nishinoji;33.77;134.59;3638700;0.5689
3638731;美波町奥河内;みなみちょうおくがわち;Minami Town Okugawachi;33.73;134.54;3638700;0.5689
3638833;海陽町大里;かいようちょうおおざと;Kaiyo Town Ozato;33.60;134.35;3638800;2.1281
3638834;海陽町奥浦;かいようちょうおくうら;Kaiyo Town Okura;33.60;134.355;3638800;1.7490
3638836;海陽町宍喰浦;かいようちょうししくいうら;Kaiyo Town Shishikuiura;33.57;134.30;3638800;1.0878
3620434;阿南市羽ノ浦町;あなんしはのうらちょう;Anan City Hanora Town;33.95;134.62;3620400;1.3406
3720101;高松空港;たかまつくうこう;Takamatsu Airport;34.22;134.02;3720100;1.0244
3646833;つるぎ町一宇;つるぎちょういちう;Tsurugi Town Ichiu;33.95;134.06;3646800;0.5689
3646821;つるぎ町貞光;つるぎちょうさだみつ;Tsurugi Town Sadamitsu;34.04;134.06;3646800;1.1309
3421534;江田島市大柿町;えたじましおおがきちょう;Etajima City Ogaki Town;34.17;132.46;3421500;1.4682
3421535;江田島市能美町;えたじましのうみちょう;Etajima City Nomi Town;34.22;132.44;3421500;1.3960
3421536;江田島市沖美町;えたじましおきみちょう;Etajima City Okimi Town;34.26;132.41;3421500;1.4425
3420320;竹原市中央;たけはらしちゅうおう;Takehara City Chuuo;34.34;132.91;3420300;1.5657
3443134;大崎上島町中野;おおさきかみじまちょうなかの;Osakikamiji Town Yonakano;34.24;132.89;3443100;0.9083
3443135;大崎上島町木江;おおさきかみじまちょうきのえ;Osakikamiji Town Yokinoe;34.24;132.91;3443100;0.9428
3443136;大崎上島町東野;おおさきかみじまちょうひがしの;Osakikamiji Town Yohigashino;34.27;132.92;3443100;0.5689
3620101;徳島市大和町;とくしましやまとちょう;Tokushima City Yamato Town;34.07;134.57;3620100;1.7835
3620120;徳島市津田町;とくしましつだちょう;Tokushima City Tsuda Town;34.04;134.58;3620100;1.4761
3620131;徳島市新蔵町;とくしまししんくらちょう;Tokushima City Shinkura Town;34.07;134.56;3620100;1.5657
3620202;鳴門市撫養町;なるとしむやちょう;Naruto City Muya Town;34.17;134.61;3620200;1.5657
3620220;鳴門市鳴門町;なるとしなるとちょう;Naruto City Naruto Town;34.20;134.61;3620200;1.5657
3620332;小松島市横須町;こまつしましよこすちょう;Komatsushima City Yokosu Town;34.01;134.59;3620300;1.4761
3632130;佐那河内村下;さなごうちそんしも;Sanagochi Village Shimo;33.99;134.45;3632100;1.0505
3646832;つるぎ町半田;つるぎちょうはんだ;Tsurugi Town Handa;34.03;134.03;3646800;1.1167
3634132;石井町高川原;いしいちょうたかがわら;Ishii Town Takagawara;34.07;134.44;3634100;1.5007
3640131;松茂町広島;まつしげちょうひろしま;Matsushige Town Hiroshima;34.13;134.58;3640100;1.9638
3640231;北島町中村;きたじまちょうなかむら;Kitajima Town Naka Village;34.13;134.55;3640200;1.9393
3640331;藍住町奥野;あいずみちょうおくの;Aizumi Town Okuno;34.13;134.50;3640300;2.2375
3640431;板野町大寺;いたのちょうおおてら;Itano Town Otera;34.14;134.46;3640400;1.4030
3640531;上板町七條;かみいたちょうしちじょう;Kamiita Town Shichijo;34.12;134.41;3640500;1.4928
3620500;吉野川市鴨島町;よしのがわしかもじまちょう;Yoshinogawa City Kamoji Town;34.07;134.36;3620500;1.4377
3620533;吉野川市川島町;よしのがわしかわしまちょう;Yoshinogawa City Kawashima Town;34.06;134.30;3620500;1.7053
3620534;吉野川市山川町;よしのがわしやまかわちょう;Yoshinogawa City Yamakawa Town;34.05;134.23;3620500;1.1789
3620535;吉野川市美郷;よしのがわしみさと;Yoshinogawa City Misato;34.03;134.26;3620500;0.5689
3620701;美馬市穴吹ふれスポ公園;みましあなぶきふれすぽこうえん;Mima City Anabukifuresupo Park;34.04;134.15;3620700;0.9994
3620702;美馬市脇町;みましわきまち;Mima City Waki Town;34.07;134.15;3620700;1.1592
3620720;美馬市木屋平;みましこやだいら;Mima City Koyadaira;33.93;134.21;3620700;0.5689
3620732;美馬市美馬町;みましみまちょう;Mima City Mima Town;34.05;134.05;3620700;1.1633
3620733;美馬市穴吹町;みましあなぶきちょう;Mima City Anabuki Town;34.05;134.17;3620700;1.1167
3634231;神山町神領;かみやまちょうじんりょう;Kamiyama Town Jinryo;33.97;134.35;3634200;0.9946
3820600;西条市丹原町鞍瀬;さいじょうしたんばらちょうくらせ;Saijo City Tanbara Town Kurase;33.78;133.05;3820600;0.5689
3720102;高松市伏石町;たかまつしふせいしちょう;Takamatsu City Fuseishi Town;34.32;134.05;3720100;1.3444
3720131;高松市塩江町;たかまつししおのえちょう;Takamatsu City Shionoe Town;34.20;134.04;3720100;0.8367
3738631;宇多津町役場;うたづちょうやくば;Utazu Town Town Office;34.31;133.83;3738600;1.7490
3740330;琴平町榎井;ことひらちょうえない;Kotohira Town Enai;34.19;133.82;3740300;1.1766
3740400;多度津町家中;たどつちょうかちゅう;Tadotsu Town Kachu;34.28;133.75;3740400;1.5155
3740432;多度津町栄町;たどつちょうさかえまち;Tadotsu Town Sakaemachi;34.27;133.76;3740400;1.7835
3720833;三豊市豊中町;みとよしとよなかちょう;Mitoyo City Toyonaka Town;34.15;133.69;3720800;2.0834
3720835;三豊市仁尾町;みとよしにおちょう;Mitoyo City Nio Town;34.20;133.64;3720800;1.5657
3720836;三豊市財田町;みとよしさいたちょう;Mitoyo City Saita Town;34.12;133.78;3720800;1.1063
3720837;三豊市山本町;みとよしやまもとちょう;Mitoyo City Yamamoto Town;34.12;133.73;3720800;1.2596
3720838;三豊市高瀬町;みとよしたかせちょう;Mitoyo City Takase Town;34.18;133.72;3720800;0.9886
3720841;三豊市三野町;みとよしみのちょう;Mitoyo City Mino Town;34.21;133.71;3720800;1.7490
3720842;三豊市詫間町;みとよしたくまちょう;Mitoyo City Takuma Town;34.22;133.67;3720800;1.0084
3740630;まんのう町造田;まんのうちょうそうだ;Manno Town Soda;34.16;133.92;3740600;0.8136
3740633;まんのう町吉野下;まんのうちょうよしのしも;Manno Town Yoshinoshimo;34.19;133.84;3740600;1.1546
3740634;まんのう町生間;まんのうちょういかま;Manno Town Ikama;34.15;133.84;3740600;0.9354
3720533;観音寺市豊浜町;かんおんじしとよはまちょう;Kan'onji City Toyohama Town;34.07;133.64;3720500;1.4425
3738732;綾川町山田下;あやがわちょうやまだしも;Ayagawa Town Yamadashimo;34.23;133.95;3738700;0.8621
3820200;今治市南宝来町二丁目;いまばりしみなみほうらいちょうにちょうめ;Imabari City Minamihorai Town 2-chome;34.06;133.00;3820200;1.7835
3820230;今治市朝倉北;いまばりしあさくらきた;Imabari City Asakurakita;34.00;133.02;3820200;1.2388
3820231;今治市玉川町;いまばりしたまがわちょう;Imabari City Tamagawa Town;34.02;132.94;3820200;0.8758
3820233;今治市大西町;いまばりしおおにしちょう;Imabari City Onishi Town;34.06;132.93;3820200;0.9361
3820234;今治市菊間町;いまばりしきくまちょう;Imabari City Kikuma Town;34.03;132.84;3820200;1.3222
3820235;今治市吉海町;いまばりしよしうみちょう;Imabari City Yoshiumi Town;34.15;133.04;3820200;0.0000
3820236;今治市宮窪町;いまばりしみやくぼちょう;Imabari City Miyakubo Town;34.17;133.08;3820200;0.5689
3820238;今治市上浦町;いまばりしかみうらちょう;Imabari City Kamiura Town;34.26;133.04;3820200;0.9191
3820239;今治市大三島町;いまばりしおおみしまちょう;Imabari City Omishima Town;34.25;133.00;3820200;1.0345
3820242;今治市関前岡村;いまばりしせきぜんおかむら;Imabari City Sekizen'oka Village;34.18;132.88;3820200;0.5689
3820243;今治市波方町;いまばりしなみかたちょう;Imabari City Namikata Town;34.10;132.95;3820200;1.4234
3820244;今治市伯方町;いまばりしはかたちょう;Imabari City Hakata Town;34.21;133.11;3820200;0.5689
3820500;新居浜市一宮町;にいはましいっくちょう;Niihama City Ikku Town;33.96;133.28;3820500;1.7835
3820520;新居浜市中筋町;にいはましなかすじちょう;Niihama City Nakasuji Town;33.92;133.31;3820500;0.8445
3738733;綾川町滝宮;あやがわちょうたきのみや;Ayagawa Town Takinomiya;34.25;133.92;3738700;0.9529
3720120;高松市扇町;たかまつしおうぎまち;Takamatsu City Ogi Town;34.35;134.04;3720100;1.5155
3720532;観音寺市大野原町;かんおんじしおおのはらちょう;Kan'onji City Onohara Town;34.08;133.66;3720500;1.0513
3720501;観音寺市坂本町;かんおんじしさかもとちょう;Kan'onji City Sakamoto Town;34.13;133.66;3720500;1.7490
3720134;高松市香川町;たかまつしかがわちょう;Takamatsu City Kagawa Town;34.24;134.03;3720100;0.8953
3720137;高松市庵治町;たかまつしあじちょう;Takamatsu City Aji Town;34.38;134.13;3720100;1.7490
3720138;高松市香南町;たかまつしこうなんちょう;Takamatsu City Konan Town;34.24;134.01;3720100;0.9277
3720139;高松市国分寺町;たかまつしこくぶんじちょう;Takamatsu City Kokubunji Town;34.30;133.96;3720100;2.0278
3720140;高松市牟礼町;たかまつしむれちょう;Takamatsu City Mure Town;34.34;134.14;3720100;1.1039
3720141;高松市番町;たかまつしばんちょう;Takamatsu City Ban Town;34.34;134.05;3720100;2.1605
3720701;東かがわ市西村;ひがしかがわしにしむら;Higashikagawa City Nishi Village;34.25;134.32;3720700;1.4459
3720721;東かがわ市南野;ひがしかがわしみなみの;Higashikagawa City Minamino;34.21;134.41;3720700;1.2919
3720733;東かがわ市引田;ひがしかがわしひけた;Higashikagawa City Hiketa;34.22;134.40;3720700;1.7490
3720734;東かがわ市湊;ひがしかがわしみなと;Higashikagawa City Minato;34.24;134.36;3720700;1.7490
3732201;土庄町淵崎;とのしょうちょうふちざき;Tonosho Town Fuchizaki;34.49;134.19;3732200;0.5689
3732221;土庄町大部;とのしょうちょうおおべ;Tonosho Town Obe;34.55;134.28;3732200;1.4425
3734130;三木町氷上;みきちょうひかみ;Miki Town Hikami;34.27;134.13;3734100;2.0428
3736432;直島町役場;なおしまちょうやくば;Naoshima Town Town Office;34.46;134.00;3736400;0.9419
3720520;観音寺市瀬戸町;かんおんじしせとちょう;Kan'onji City Seto Town;34.11;133.64;3720500;1.7416
3720620;さぬき市長尾総合公園;さぬきしながおそうごうこうえん;Sanuki City Nagaosogo Park;34.25;134.19;3720600;1.1164
3720638;さぬき市寒川町;さぬきしさんがわまち;Sanuki City Sangawa Town;34.27;134.21;3720600;0.9461
3720639;さぬき市長尾東;さぬきしながおひがし;Sanuki City Nagaohigashi;34.26;134.18;3720600;1.2235
3720640;さぬき市津田町;さぬきしつだまち;Sanuki City Tsuda Town;34.28;134.25;3720600;0.5689
3720641;さぬき市大川町;さぬきしおおかわまち;Sanuki City Okawa Town;34.26;134.23;3720600;0.8934
3732420;小豆島町馬木;しょうどしまちょううまき;Shodoshi Town Youmaki;34.47;134.31;3732400;1.6425
3732433;小豆島町池田;しょうどしまちょういけだ;Shodoshi Town Youikeda;34.48;134.23;3732400;1.4425
3732434;小豆島町片城;しょうどしまちょうかたじょう;Shodoshi Town Yokatajo;34.48;134.31;3732400;1.4761
3720221;丸亀市新田町;まるがめししんでんちょう;Marugame City Shinden Town;34.26;133.79;3720200;1.3144
3720233;丸亀市綾歌町;まるがめしあやうたちょう;Marugame City Ayauta Town;34.23;133.88;3720200;1.1647
3720234;丸亀市飯山町;まるがめしはんざんちょう;Marugame City Hanzan Town;34.26;133.86;3720200;1.0217
3720235;丸亀市大手町;まるがめしおおてちょう;Marugame City Ote Town;34.29;133.80;3720200;1.4064
3720300;坂出市王越町;さかいでしおうごしちょう;Sakaide City Ogoshi Town;34.38;133.93;3720100;0.6689
3720332;坂出市久米町;さかいでしくめちょう;Sakaide City Kume Town;34.32;133.86;3720300;1.5657
3720432;善通寺市文京町;ぜんつうじしぶんきょうちょう;Zentsuji City Bunkyo Town;34.23;133.79;3720400;1.2575
3720632;さぬき市志度;さぬきししど;Sanuki City Shido;34.33;134.17;3720100;0.0000
3520440;萩市須佐;はぎしすさ;Hagi City Susa;34.62;131.60;3520400;0.5689
3520441;萩市明木;はぎしあきらぎ;Hagi City Akiragi;34.34;131.41;3520400;1.1201
3520442;萩市福井;はぎしふくい;Hagi City Fukui;34.43;131.48;3520400;0.9073
4020733;柳川市本町;やながわしほんまち;Yanagawa City Hon Town;33.16;130.41;4020700;2.0309
4021000;八女市黒木町北木屋;やめしくろぎまちきたごや;Yame City Kurogi Town Kitagoya;33.22;130.69;4021000;0.5689
4021020;八女市吉田;やめしよしだ;Yame City Yoshida;33.23;130.56;4021000;0.9690
4021032;八女市黒木町今;やめしくろぎまちいま;Yame City Kurogi Town Ima;33.22;130.67;4021000;0.5689
4021033;八女市立花町;やめしたちばなまち;Yame City Tachibana Town;33.20;130.59;4021000;1.2329
4021034;八女市矢部村;やめしやべむら;Yame City Yabe Village;33.15;130.82;4021000;0.8956
4021035;八女市星野村;やめしほしのむら;Yame City Hoshino Village;33.25;130.76;4021000;0.8024
4021037;八女市上陽町;やめしじょうようまち;Yame City Joyo Town;33.24;130.64;4021000;1.0297
4021038;八女市本町;やめしもとまち;Yame City Moto Town;33.21;130.56;4021000;1.2607
4021130;筑後市山ノ井;ちくごしやまのい;Chikugo City Yamanoi;33.21;130.50;4021100;1.2150
4021230;大川市酒見;おおかわしさけみ;Okawa City Sakemi;33.21;130.38;4021200;1.9397
4021630;小郡市小郡;おごおりしおごおり;Ogori City Ogori;33.40;130.56;4021600;1.1439
4050330;大刀洗町冨多;たちあらいまちとみた;Tachiarai Town Tomita;33.37;130.62;4050300;2.1988
4052230;大木町八町牟田;おおきまちはつちょうむた;Oki Town Hatsu Town Muta;33.21;130.44;4052200;2.0464
4020732;柳川市三橋町;やながわしみつはしまち;Yanagawa City Mitsuhashi Town;33.17;130.43;4020700;2.0677
4054431;福岡広川町新代;ふくおかひろかわまちにいしろ;Fukuoka Hirokawa Town Niishiro;33.24;130.55;4054400;1.2342
4022532;うきは市浮羽町;うきはしうきはまち;Ukiha City Ukiha Town;33.33;130.79;4022500;0.9135
4044700;筑前町下高場;ちくぜんまちしもたかば;Chikuzen Town Shimotakaba;33.44;130.61;4044700;1.2674
4044730;筑前町新町;ちくぜんまちしんまち;Chikuzen Town Shinmachi;33.43;130.64;4044700;1.0031
4044731;筑前町篠隈;ちくぜんまちしのくま;Chikuzen Town Shinokuma;33.46;130.59;4044700;1.3198
4044830;東峰村小石原;とうほうむらこいしわら;Toho Village Koishiwara;33.46;130.83;4044800;0.6689
4044831;東峰村宝珠山;とうほうむらほうしゅやま;Toho Village Hoshuyama;33.40;130.87;4044800;0.6689
4022820;朝倉市堤;あさくらしつつみ;Asakura City Tsutsumi;33.42;130.67;4022800;1.2065
4022831;朝倉市杷木池田;あさくらしはきいけだ;Asakura City Hakiikeda;33.36;130.81;4022500;1.2315
4022832;朝倉市宮野;あさくらしみやの;Asakura City Miyano;33.39;130.72;4022800;0.9600
4022930;みやま市瀬高町;みやましせたかまち;Miyama City Setaka Town;33.15;130.48;4022900;1.3880
4022933;みやま市山川町;みやましやまかわまち;Miyama City Yamakawa Town;33.12;130.52;4022900;0.9473
4022934;みやま市高田町;みやましたかたまち;Miyama City Takata Town;33.10;130.45;4022900;1.7490
4120200;唐津市西城内;からつしにしじょうない;Karatsu City Nishijonai;33.45;129.97;4120200;1.8484
4120220;唐津市鎮西町;からつしちんぜいまち;Karatsu City Chinzei Town;33.53;129.88;4120200;0.9709
4022530;うきは市吉井町;うきはしよしいまち;Ukiha City Yoshii Town;33.35;130.76;4022500;1.2674
4120221;唐津市竹木場;からつしたけこば;Karatsu City Takekoba;33.42;129.92;4120200;1.5117
4020731;柳川市大和町;やながわしやまとまち;Yanagawa City Yamato Town;33.13;130.43;4020700;1.9112
4020336;久留米市北野町;くるめしきたのまち;Kurume City Kitano Town;33.35;130.59;4020300;2.1939
4020536;飯塚市新立岩;いいづかししんたていわ;Iizuka City Shintateiwa;33.65;130.695;4020500;1.0767
4020537;飯塚市鹿毛馬;いいづかしかけのうま;Iizuka City Kakenoma;33.68;130.72;4020500;1.4038
4020630;田川市中央町;たがわしちゅうおうまち;Tagawa City Chuuo Town;33.64;130.81;4020600;1.0617
4040131;小竹町勝野;こたけまちかつの;Kotake Town Katsuno;33.70;130.71;4040100;1.4336
4040231;鞍手町小牧;くらてまちおまき;Kurate Town Omaki;33.79;130.69;4040200;1.5033
4042130;桂川町土居;けいせんまちとい;Keisen Town Toi;33.58;130.68;4042100;1.2005
4060130;香春町高野;かわらまちたかの;Kawara Town Takano;33.67;130.85;4060100;1.1729
4060230;添田町添田;そえだまちそえだ;Soeda Town Soeda;33.57;130.85;4060200;0.9347
4060430;糸田町役場;いとだまちやくば;Itoda Town Town Office;33.65;130.78;4060400;1.2563
4060530;福岡川崎町田原;ふくおかかわさきまちたばら;Fukuoka Kawasaki Town Tabara;33.60;130.81;4060500;0.9882
4060830;大任町大行事;おおとうまちだいぎょうじ;Oto Town Daigyoji;33.61;130.85;4060800;1.1841
4060930;赤村内田;あかむらうちだ;Aka Village Uchida;33.62;130.87;4060900;1.1898
4022633;宮若市福丸;みやわかしふくまる;Miyawaka City Fukumaru;33.73;130.63;4022600;1.3220
4022634;宮若市宮田;みやわかしみやた;Miyawaka City Miyata;33.72;130.67;4022600;1.2310
4020337;久留米市田主丸町;くるめしたぬしまるまち;Kurume City Tanushimaru Town;33.34;130.69;4020300;1.3202
4061000;福智町上野;ふくちまちあがの;Fukuchi Town Agano;33.72;130.79;4061000;0.8246
4061031;福智町赤池;ふくちまちあかいけ;Fukuchi Town Akaike;33.70;130.76;4061000;1.0319
4061033;福智町弁城;ふくちまちべんじょう;Fukuchi Town Benjo;33.69;130.79;4061000;1.2088
4022735;嘉麻市上臼井;かましかみうすい;Kama City Kamiusui;33.56;130.71;4022700;1.0009
4022736;嘉麻市岩崎;かましいわさき;Kama City Iwasaki;33.60;130.72;4022700;1.2568
4022737;嘉麻市上山田;かましかみやまだ;Kama City Kamiyamada;33.56;130.76;4022700;0.9284
4022738;嘉麻市大隈町;かましおおくままち;Kama City Okuma Town;33.55;130.74;4022700;1.1766
4020200;大牟田市笹林;おおむたしささばやし;Omuta City Sasabayashi;33.03;130.45;4020200;1.7490
4020220;大牟田市昭和町;おおむたししょうわまち;Omuta City Showa Town;33.02;130.45;4020200;1.1504
4020231;大牟田市有明町;おおむたしゆうめいまち;Omuta City Yumei Town;33.03;130.45499999999998;4020200;1.0085
4020300;久留米市津福本町;くるめしつぶくほんまち;Kurume City Tsubukuhon Town;33.30;130.49;4020300;1.2224
4020320;久留米市小森野町;くるめしこもりのまち;Kurume City Komorino Town;33.32;130.51;4020300;1.2106
4020330;久留米市城南町;くるめしじょうなんまち;Kurume City Jonan Town;33.32;130.515;4020300;1.1958
4020333;久留米市城島町;くるめしじょうじままち;Kurume City Jojima Town;33.25;130.43;4020300;2.0869
4020334;久留米市三潴町;くるめしみづままち;Kurume City Mizuma Town;33.26;130.47;4020300;1.4051
4061030;福智町金田;ふくちまちかなだ;Fukuchi Town Kanada;33.68;130.78;4061000;1.3178
4020535;飯塚市綱分;いいづかしつなわき;Iizuka City Tsunawaki;33.64;130.73;4020500;1.2963
4120222;唐津市厳木町;からつしきゅうらぎまち;Karatsu City Kyuragi Town;33.32;130.06;4120200;0.5689
4120239;唐津市北波多;からつしきたはた;Karatsu City Kitahata;33.38;129.95;4120200;1.1225
4134636;みやき町北茂安;みやきちょうきたしげやす;Miyaki Town Kitashigeyasu;33.32;130.45;4134600;1.8369
4120838;小城市三日月;おぎしみかつき;Ogi City Mikatsuki;33.27;130.22;4120800;1.9112
4120839;小城市小城;おぎしおぎ;Ogi City Ogi;33.29;130.20;4120800;1.2582
4120840;小城市芦刈;おぎしあしかり;Ogi City Ashikari;33.22;130.21;4120800;1.8952
4120841;小城市牛津;おぎしうしづ;Ogi City Ushizu;33.25;130.20;4120800;1.7490
4120900;嬉野市不動山;うれしのしふどうやま;Ureshino City Fudoyama;33.10;129.95;4120900;0.8125
4120932;嬉野市塩田;うれしのししおた;Ureshino City Shiota;33.13;130.06;4120900;1.7490
4120933;嬉野市下宿乙;うれしのししもじゅくおつ;Ureshino City Shimojukuotsu;33.10;129.99;4120900;0.9026
4132732;吉野ヶ里町三田川;よしのがりちょうみたがわ;Yoshinogari Town Mitagawa;33.32;130.40;4132700;1.9393
4132733;吉野ヶ里町東脊振;よしのがりちょうひがしせふり;Yoshinogari Town Higashisefuri;33.35;130.40;4132700;1.2554
4121034;神埼市千代田;かんざきしちよだ;Kanzaki City Chiyoda;33.27;130.37;4121000;2.0743
4121036;神埼市脊振;かんざきしせふり;Kanzaki City Sefuri;33.38;130.33;4121000;0.8796
4121037;神埼市神埼;かんざきしかんざき;Kanzaki City Kanzaki;33.31;130.37;4121000;1.8779
4220201;佐世保市干尽町;させぼしひづくしちょう;Sasebo City Hizukushi Town;33.16;129.73;4220201;1.4761
4134635;みやき町三根;みやきちょうみね;Miyaki Town Mine;33.30;130.43;4134500;1.9314
4220220;佐世保市八幡町;させぼしはちまんちょう;Sasebo City Hachiman Town;33.18;129.72;4220201;1.0590
4220236;佐世保市世知原町;させぼしせちばるちょう;Sasebo City Sechibaru Town;33.26;129.75;4220201;0.9994
4220237;佐世保市江迎町;させぼしえむかえちょう;Sasebo City Emukae Town;33.31;129.63;4220201;1.4425
4220239;佐世保市吉井町;させぼしよしいちょう;Sasebo City Yoshii Town;33.27;129.69;4220201;1.1788
4220240;佐世保市鹿町町;させぼししかまちちょう;Sasebo City Shika Town Cho;33.28;129.59;4220201;1.0238
4220701;平戸市岩の上町;ひらどしいわのうえちょう;Hirado City Iwanoue Town;33.36;129.55;4220700;0.9731
4220720;平戸市鏡川町;ひらどしかがみがわちょう;Hirado City Kagamigawa Town;33.36;129.54;4220700;0.8744
4220721;平戸市志々伎町;ひらどししじきちょう;Hirado City Shijiki Town;33.20;129.41;4220700;0.9126
4220731;平戸市生月町;ひらどしいきつきちょう;Hirado City Ikitsuki Town;33.39;129.43;4220700;0.9994
4220732;平戸市田平町;ひらどしたびらちょう;Hirado City Tabira Town;33.36;129.59;4220700;1.3090
4220734;平戸市大島村;ひらどしおおしまむら;Hirado City Oshima Village;33.48;129.55;4220700;0.9994
4220820;松浦市志佐町;まつうらししさちょう;Matsura City Shisa Town;33.34;129.71;4220800;1.0102
4220831;松浦市鷹島町;まつうらしたかしまちょう;Matsura City Takashima Town;33.43;129.76;4220800;0.9925
4220832;松浦市福島町;まつうらしふくしまちょう;Matsura City Fukushima Town;33.37;129.82;4220800;0.9147
4232120;東彼杵町蔵本;ひがしそのぎちょうくらもと;Higashisonogi Town Kuramoto;33.04;129.92;4232100;1.6399
4220232;佐世保市小佐々町;させぼしこさざちょう;Sasebo City Kosaza Town;33.22;129.60;4220201;0.8987
4120237;唐津市七山;からつしななやま;Karatsu City Nanayama;33.44;130.12;4120200;0.8944
4134633;みやき町中原;みやきちょうなかばる;Miyaki Town Nakabaru;33.35;130.44;4134600;1.2210
4142535;白石町有明;しろいしちょうありあけ;Shiroishi Town Ariake;33.15;130.12;4142500;1.7490
4120240;唐津市肥前;からつしひぜん;Karatsu City Hizen;33.44;129.81;4120200;0.8667
4120241;唐津市呼子;からつしよぶこ;Karatsu City Yobuko;33.54;129.89;4120200;0.9495
4120242;唐津市浜玉;からつしはまたま;Karatsu City Hamatama;33.45;130.04;4120200;1.8484
4120243;唐津市相知;からつしおうち;Karatsu City Ochi;33.35;130.01;4120200;1.3182
4120520;伊万里市立花町;いまりしたちばなちょう;Imari City Tachibana Town;33.26;129.88;4120500;1.1053
4138731;玄海町諸浦;げんかいちょうもろうら;Genkai Town Morora;33.47;129.87;4138700;0.9373
4140132;有田町本町;ありたちょうほんまち;Arita Town Hon Town;33.18;129.88;4140100;1.0822
4140133;有田町立部;ありたちょうたちべ;Arita Town Tachibe;33.21;129.85;4140100;1.1840
4120100;佐賀市駅前中央;さがしえきまえちゅうおう;Saga City Ekimaechuuo;33.27;130.31;4120100;2.0388
4120120;佐賀市富士町;さがしふじちょう;Saga City Fuji Town;33.37;130.21;4120100;0.5689
4120121;佐賀市栄町;さがしさかえまち;Saga City Sakaemachi;33.26;130.30;4120100;1.9435
4120137;佐賀市大和;さがしやまと;Saga City Yamato;33.31;130.28;4120100;1.1295
4120138;佐賀市三瀬;さがしみつせ;Saga City Mitsuse;33.43;130.28;4120100;0.7849
4120140;佐賀市東与賀;さがしひがしよか;Saga City Higashiyoka;33.21;130.29;4120100;2.1043
4144100;太良町多良;たらちょうたら;Tara Town Tara;33.02;130.18;4144100;1.8494
4120142;佐賀市久保田;さがしくぼた;Saga City Kubota;33.23;130.24;4120100;1.9855
4120144;佐賀市川副;さがしかわそえ;Saga City Kawasoe;33.19;130.32;4120100;2.1537
4120332;鳥栖市宿町;とすししゅくまち;Tosu City Shuku Town;33.38;130.50;4120300;0.9811
4120431;多久市北多久町;たくしきたたくまち;Taku City Kitataku Town;33.29;130.11;4120400;0.8880
4120621;武雄市武雄町武雄;たけおしたけおちょうたけお;Takeo City Takeo Town Takeo;33.19;130.03;4120600;1.0439
4120635;武雄市山内;たけおしやまうち;Takeo City Yamauchi;33.20;129.95;4120600;0.8361
4120637;武雄市武雄町昭和;たけおしたけおちょうしょうわ;Takeo City Takeo Town Showa;33.20;130.02;4120600;0.9515
4120638;武雄市北方;たけおしきたがた;Takeo City Kitagata;33.22;130.06;4120600;2.1192
4120720;佐賀鹿島市納富分;さがかしましのうどみぶん;Saga Kashima City Nodomibun;33.10;130.10;4120700;1.3521
4134131;基山町宮浦;きやまちょうみやうら;Kiyama Town Miyaura;33.43;130.52;4134100;0.9925
4134531;上峰町坊所;かみみねちょうぼうじょ;Kamimine Town Bojo;33.32;130.43;4134500;1.9258
4142331;大町町大町;おおまちちょうおおまち;O Town Chouo Town;33.21;130.12;4142300;1.7490
4142431;江北町山口;こうほくまちやまぐち;Kohoku Town Yamaguchi;33.22;130.16;4142400;1.7490
4142533;白石町福田;しろいしちょうふくた;Shiroishi Town Fukuta;33.18;130.14;4142500;1.9112
4142534;白石町福富;しろいちょうふくどみ;Shiroi Town Fukudomi;33.18;130.19;4142500;2.0140
4120143;佐賀市諸富;さがしもろどみ;Saga City Morodomi;33.22;130.35;4120100;2.1494
4020532;飯塚市忠隈;いいづかしただくま;Iizuka City Tadakuma;33.62;130.68;4020500;1.7093
4020531;飯塚市長尾;いいづかしながお;Iizuka City Nagao;33.57;130.65;4020500;1.1701
4020520;飯塚市立岩;いいづかしたていわ;Iizuka City Tateiwa;33.65;130.70;4020500;1.0439
3520850;岩国市周東町下久原;いわくにししゅうとうまちしもくばら;Iwakuni City Shuto Town Shimokubara;34.09;132.05;3520800;1.2143
3520851;岩国市玖珂支所;いわくにしくがししょ;Iwakuni City Kugashisho;34.09;132.08;3520800;1.1920
3521034;光市中央;ひかりしちゅうおう;Hikari City Chuuo;33.96;131.94;3521000;1.7490
3521036;光市岩田;ひかりしいわた;Hikari City Iwata;33.98;132.00;3521000;0.8838
3521233;柳井市南町;やないしみなみまち;Yanai City Minami Town;33.96;132.10;3521200;1.7490
3521234;柳井市大畠;やないしおおばたけ;Yanai City Obatake;33.96;132.17;3521200;1.4425
3532132;和木町和木;わきちょうわき;Waki Town Waki;34.20;132.22;3532100;0.5689
3534122;上関町室津;かみのせきちょうむろつ;Kaminoseki Town Murotsu;33.85;132.12;3534100;0.8387
3534133;上関町長島;かみのせきちょうながしま;Kaminoseki Town Nagashima;33.83;132.11;3534100;0.9874
3534302;田布施町下田布施;たぶせちょうしもたぶせ;Tabuse Town Shimotabuse;33.95;132.04;3534300;1.4009
3534433;平生町平生;ひらおちょうひらお;Hirao Town Hirao;33.94;132.07;3534400;1.5657
3530521;周防大島町平野;すおうおおしまちょうひらの;Suouoshima Town Hirano;33.91;132.36;3530500;0.8734
3530536;周防大島町小松;すおうおおしまちょうこまつ;Suouoshima Town Komatsu;33.93;132.20;3530500;1.7490
3530537;周防大島町西安下庄;すおうおおしまちょうにしあげのしょう;Suouoshima Town Nishiagenosho;33.90;132.28;3530500;1.4425
3520849;岩国市美川町四馬神;いわくにしみかわまちしめがみ;Iwakuni City Mikawa Town Shimegami;34.24;131.99;3520800;0.5689
3530539;周防大島町久賀;すおうおおしまちょうくか;Suouoshima Town Kuka;33.95;132.26;3530500;1.4425
3520302;山口市前町;やまぐちしまえまち;Yamaguchi City Mae Town;34.16;131.46;3520300;1.3191
3520322;山口市秋穂二島;やまぐちしあいおふたじま;Yamaguchi City Aiofutajima;34.01;131.41;3520300;1.5657
3520323;山口市阿東生雲;やまぐちしあとういくも;Yamaguchi City Atouikumo;34.38;131.60;3520300;0.8179
3520340;山口市秋穂東;やまぐちしあいおひがし;Yamaguchi City Aiohigashi;34.01;131.44;3520300;1.1128
3520341;山口市小郡下郷;やまぐちしおごおりしもごう;Yamaguchi City Ogorishimogo;34.10;131.39;3520300;0.8956
3520346;山口市阿東徳佐;やまぐちしあとうとくさ;Yamaguchi City Atotokusa;34.40;131.72;3520300;0.9325
3520348;山口市阿知須;やまぐちしあじす;Yamaguchi City Ajisu;34.01;131.36;3520300;1.4425
3520349;山口市徳地堀;やまぐちしとくぢほり;Yamaguchi City Tokujihori;34.19;131.66;3520300;1.0833
3520350;山口市大殿大路;やまぐちしおおどのおおじ;Yamaguchi City Odonooji;34.18;131.48;3520300;1.2563
3521522;周南市桜馬場通り;しゅうなんしさくらばばどおり;Shunan City Sakurababadori;34.05;131.81;3521500;1.3288
3521536;周南市熊毛中央町;しゅうなんしくまげちゅうおうちょう;Shunan City Kumage Chuo Town;34.05;131.97;3521500;1.0319
3521540;周南市岐山通り;しゅうなんしきさんどおり;Shunan City Kisandori;34.06;131.81;3521500;0.9434
3521542;周南市富田;しゅうなんしとんだ;Shunan City Tonda;34.07;131.75;3521500;1.4761
3521543;周南市鹿野上;しゅうなんしかのかみ;Shunan City Kanokami;34.23;131.82;3521500;0.7788
3530540;周防大島町東和総合支所;すおうおおしまちょうとうわそうごうししょ;Suouoshima Town Towasogoshisho;33.91;132.365;3530500;0.8339
3520601;防府市寿;ほうふしことぶき;Hofu City Kotobuki;34.05;131.56;3520600;1.0111
3520848;岩国市錦町広瀬;いわくにしにしきまちひろせ;Iwakuni City Nishiki Town Hirose;34.26;131.96;3520800;0.5689
3520843;岩国市美和町生見;いわくにしみわまちいきみ;Iwakuni City Miwa Town Ikimi;34.22;132.08;3520800;1.0240
3520443;萩市見島本村;はぎしみしまほんむら;Hagi City Mishimahon Village;34.76;131.15;3520400;1.4761
3521121;長門市深川中学校;ながとしふかわちゅうがっこう;Nagato City Fukawa Middle School;34.36;131.19;3521100;0.5689
3521132;長門市日置;ながとしへき;Nagato City Heki;34.38;131.10;3521100;1.2266
3521134;長門市東深川;ながとしひがしふかわ;Nagato City Higashifukawa;34.37;131.18;3521100;1.7490
3521136;長門市三隅;ながとしみすみ;Nagato City Misumi;34.36;131.25;3521100;0.9207
3521137;長門市新別名;ながとししんべつみょう;Nagato City Shinbetsumyo;34.37;131.06;3521100;0.9619
3521335;美祢市大嶺町;みねしおおみねちょう;Mine City Omine Town;34.17;131.21;3521300;0.8618
3521336;美祢市美東町大田;みねしみとうちょうおおた;Mine City Mito Town Ota;34.22;131.35;3521300;1.0227
3521337;美祢市秋芳町秋吉;みねししゅうほうちょうあきよし;Mine City Shuho Town Akiyoshi;34.21;131.29;3521300;0.9665
3550231;阿武町奈古;あぶちょうなご;Abu Town Nago;34.50;131.47;3550200;1.7490
3520100;下関市竹崎;しものせきしたけざき;Shimonoseki City Takezaki;33.95;130.93;3520100;1.7490
3520102;下関市豊浦町川棚;しものせきしとようらちょうかわたな;Shimonoseki City Toyora Town Kawatana;34.15;130.92;3520100;1.7490
3520120;下関市清末陣屋;しものせきしきよすえじんや;Shimonoseki City Kiyosuejinya;34.06;131.02;3520100;0.9911
3520121;下関市豊浦町浄水場;しものせきしとようらちょうじょうすいじょう;Shimonoseki City Toyora Town Josuijo;34.15;130.93;3520100;1.7490
3520847;岩国市本郷町本郷;いわくにしほんごうまちほんごう;Iwakuni City Hongo Town Hongo;34.29;132.04;3520800;0.8030
3520138;下関市豊北町角島;しものせきしほうほくちょうつのしま;Shimonoseki City Hohoku Town Tsunoshima;34.36;130.87;3520100;1.0783
3520143;下関市豊田町殿敷;しものせきしとよたちょうとのしき;Shimonoseki City Toyota Town Tonoshiki;34.20;131.08;3520100;1.1782
3520144;下関市役所;しものせきしやくしょ;Shimonoseki City Hall;33.96;130.94;3520100;1.0057
3520145;下関市菊川町下岡枝;しものせきしきくがわちょうしもおかえだ;Shimonoseki City Kikugawa Town Shimokaeda;34.12;131.03;3520100;2.0384
3520201;宇部市野中;うべしのなか;Ube City Nonaka;33.95;131.29;3520200;1.1167
3520220;宇部市東須恵;うべしひがしすえ;Ube City Higashisue;33.99;131.22;3520200;1.5657
3520233;宇部市常盤町;うべしときわちょう;Ube City Tokiwa Town;33.95;131.25;3520200;1.8586
3520234;宇部市船木;うべしふなき;Ube City Funaki;34.05;131.23;3520200;0.9126
3521632;山陽小野田市日の出;さんようおのだしひので;Sanyouonoda City Hinode;34.00;131.18;3521600;1.5657
3521633;山陽小野田市鴨庄;さんようおのだしかものしょう;Sanyouonoda City Kamonosho;34.06;131.16;3521600;2.1147
3520803;岩国市今津;いわくにしいまづ;Iwakuni City Imazu;34.17;132.22;3520800;1.5657
3520823;岩国市横山;いわくにしよこやま;Iwakuni City Yokoyama;34.17;132.18;3520800;1.8005
3520824;岩国市玖珂町阿山;いわくにしくがまちあやま;Iwakuni City Kuga Town Ayama;34.10;132.08;3520800;0.8605
3520825;岩国市美川町高ケ原;いわくにしみかわまちたかがはら;Iwakuni City Mikawa Town Takagahara;34.23;131.98;3520800;0.5689
3520840;岩国市由宇町;いわくにしゆうまち;Iwakuni City Yu Town;34.05;132.21;3520800;1.7490
3520140;下関市豊北町滝部;しものせきしほうほくちょうたきべ;Shimonoseki City Hohoku Town Takibe;34.29;130.95;3520100;1.0944
3520621;防府市西浦;ほうふしにしのうら;Hofu City Nishinora;34.03;131.53;3520600;1.7490
3520701;下松市瀬戸;くだまつしせと;Kudamatsu City Seto;34.06;131.87;3521500;0.5689
3520732;下松市大手町;くだまつしおおてまち;Kudamatsu City Ote Town;34.02;131.87;3520700;0.9242
4010132;北九州門司区大里東;きたきゅうしゅうもじくだいりひがし;Kitakyushu Moji Ward Dairihigashi;33.91;130.94;4010100;1.0199
4010330;北九州若松区桜町;きたきゅうしゅうわかまつくさくらまち;Kitakyushu Wakamatsu Ward Sakura Town;33.91;130.81;4010300;1.4761
4010531;北九州戸畑区新池;きたきゅうしゅうとばたくしんいけ;Kitakyushu Tobata Ward Shin'ike;33.90;130.83;4010500;1.7835
4010630;北九州小倉北区大手町;きたきゅうしゅうこくらきたくおおてまち;Kitakyushu Kokura Kita Ward Ote Town;33.88;130.87;4010600;1.0611
4010720;北九州小倉南区横代東町;きたきゅうしゅうこくらみなみくよこしろひがしまち;Kitakyushu Kokura Minami Ward Yokoshiro Higashi Town;33.83;130.90;4010700;0.9483
4010731;北九州小倉南区若園;きたきゅうしゅうこくらみなみくわかぞの;Kitakyushu Kokura Minami Ward Wakazono;33.85;130.89;4010700;0.9939
4010800;北九州八幡東区桃園;きたきゅうしゅうやはたひがしくももぞの;Kitakyushu Yahata Higashi Ward Momozono;33.86;130.79;4010800;0.8888
4010831;北九州八幡東区大谷;きたきゅうしゅうやはたひがしくおおたに;Kitakyushu Yahata Higashi Ward Otani;33.86;130.81;4010800;0.5689
4010931;北九州八幡西区相生町;きたきゅうしゅうやはたにしくあいおいちょう;Kitakyushu Yahata Nishi Ward Aioi Town;33.85;130.75;4010900;1.2777
4021320;行橋市今井;ゆくはししいまい;Yukuhashi City Imai;33.74;131.01;4021300;1.5657
4021330;行橋市中央;ゆくはししちゅうおう;Yukuhashi City Chuuo;33.73;130.98;4021300;1.8123
4021430;豊前市吉木;ぶぜんしよしき;Buzen City Yoshiki;33.61;131.13;4021400;1.0379
4021520;中間市長津;なかましながつ;Nakama City Nagatsu;33.83;130.71;4021500;1.0098
4021530;中間市中間;なかましなかま;Nakama City Nakama;33.82;130.71;4021500;1.2195
4023131;那珂川市西隈;なかがわしにしぐま;Nakagawa City Nishiguma;33.50;130.42;4023100;1.2278
4038132;芦屋町幸町;あしやまちさいわいまち;Ashiya Town Saiwai Town;33.89;130.66;4038100;1.7490
4038330;岡垣町野間;おかがきまちのま;Okagaki Town Noma;33.85;130.61;4038300;1.0646
4038430;遠賀町今古賀;おんがちょういまこが;Onga Town Imakoga;33.85;130.67;4038400;2.1281
4062100;苅田町若久;かんだまちわかひさ;Kanda Town Wakahisa;33.80;130.98;4062100;1.7490
4062130;苅田町京町;かんだまちきょうまち;Kanda Town Kyo Town;33.78;130.98;4062100;1.3776
4064230;吉富町広津;よしとみまちひろつ;Yoshitomi Town Hirotsu;33.60;131.18;4420300;1.8847
4064631;上毛町東下;こうげまちひがししも;Koge Town Higashishimo;33.55;131.15;4064600;0.6689
4064632;上毛町垂水;こうげまちたるみ;Koge Town Tarumi;33.58;131.16;4064600;1.0205
4064733;築上町椎田;ちくじょうまちしいだ;Chikujo Town Shiida;33.66;131.06;4064700;1.8369
4064734;築上町築城;ちくじょうまちついき;Chikujo Town Tsuiki;33.67;131.03;4064700;1.0552
4062531;みやこ町勝山上田;みやこまちかつやまうえだ;Miyako Town Katsuyamaueda;33.70;130.92;4062500;0.9820
4062533;みやこ町犀川本庄;みやこまちさいがわほんじょう;Miyako Town Saigawahonjo;33.65;130.94;4062500;1.2751
4062534;みやこ町豊津;みやこまちとよつ;Miyako Town Toyotsu;33.67;130.97;4062500;0.9218
4020431;直方市新町;のおがたししんまち;Nogata City Shinmachi;33.74;130.73;4020400;1.8386
4020501;飯塚市川島;いいづかしかわしま;Iizuka City Kawashima;33.65;130.69;4020500;1.3336
4038231;水巻町頃末;みずまきまちころすえ;Mizumaki Town Korosue;33.85;130.69;4038200;2.1204
4023033;糸島市前原西;いとしましまえばるにし;Itoshima City Maebarunishi;33.56;130.19;4023000;1.5657
4023031;糸島市二丈深江;いとしましにじょうふかえ;Itoshima City Nijofukae;33.52;130.15;4023000;1.7490
4023020;糸島市前原東;いとしましまえばるひがし;Itoshima City Maebaruhigashi;33.56;130.20;4023000;1.0287
4013120;福岡東区香椎駅東三丁目;ふくおかひがしくかしいえきひがしさんちょうめ;Fukuoka Higashi Ward Kashiiekihigashi 3-chome;33.66;130.45;4013100;1.1458
4013131;福岡東区千早;ふくおかひがしくちはや;Fukuoka Higashi Ward Chihaya;33.65;130.44;4013100;1.4761
4013201;福岡空港;ふくおかくうこう;Fukuoka Airport;33.58;130.44;4013200;2.1297
4013231;福岡博多区博多駅前;ふくおかはかたくはかたえきまえ;Fukuoka Hakata Ward Hakataekimae;33.58;130.42;4013200;1.7835
4013300;福岡中央区大濠;ふくおかちゅうおうくおおほり;Fukuoka Chuuo Ward Ohori;33.58;130.38;4013300;1.7490
4013330;福岡中央区舞鶴;ふくおかちゅうおうくまいづる;Fukuoka Chuuo Ward Maizuru;33.59;130.39;4013300;1.4425
4013430;福岡南区塩原;ふくおかみなみくしおばる;Fukuoka Minami Ward Shiobaru;33.57;130.43;4013200;2.0972
4013530;福岡西区今宿;ふくおかにしくいまじゅく;Fukuoka Nishi Ward Imajuku;33.57;130.28;4013500;1.3164
4013630;福岡城南区神松寺;ふくおかじょうなんくしんしょうじ;Fukuoka Jonan Ward Shinshoji;33.55;130.38;4013600;1.3546
4013700;福岡早良区板屋;ふくおかさわらくいたや;Fukuoka Sawara Ward Itaya;33.43;130.39;4013700;0.5689
4013730;福岡早良区百道浜;ふくおかさわらくももちはま;Fukuoka Sawara Ward Momochihama;33.59;130.36;4013700;1.4761
4021731;筑紫野市石崎;ちくしのしいしざき;Chikushino City Ishizaki;33.49;130.53;4021700;1.2869
4021831;春日市原町;かすがしはらまち;Kasuga City Hara Town;33.53;130.47;4021800;0.9612
4021930;大野城市曙町;おおのじょうしあけぼのまち;Onojo City Akebono Town;33.54;130.48;4021900;2.0337
4022020;宗像市江口神原;むなかたしえぐちかみのはら;Munakata City Eguchikaminohara;33.84;130.51;4022000;0.9094
4022030;宗像市東郷;むなかたしとうごう;Munakata City Togo;33.81;130.54;4022000;2.1323
4022033;宗像市大島;むなかたしおおしま;Munakata City Oshima;33.90;130.43;4022000;0.5689
4023000;糸島市志摩初;いとしまししまはつ;Itoshima City Shimahatsu;33.58;130.18;4023000;1.0179
4022431;福津市津屋崎;ふくつしつやざき;Fukutsu City Tsuyazaki;33.79;130.47;4022400;1.7490
4022430;福津市中央;ふくつしちゅうおう;Fukutsu City Chuuo;33.77;130.495;4022400;1.3281
4022400;福津市手光;ふくつしてびか;Fukutsu City Tebika;33.77;130.49;4022400;2.0744
4034930;粕屋町仲原;かすやまちなかばる;Kasuya Town Nakabaru;33.61;130.48;4034900;0.9591
4034830;久山町久原;ひさやままちくばら;Hisayama Town Kubara;33.65;130.50;4034800;0.9837
4232332;波佐見町宿;はさみちょうしゅく;Hasami Town Shuku;33.14;129.89;4232300;1.2089
4022330;福岡古賀市駅東;ふくおかこがしえきひがし;Fukuoka Koga City Ekihigashi;33.73;130.47;4022300;1.0411
4034430;須恵町須恵;すえまちすえ;Sue Town Sue;33.59;130.51;4034400;0.9186
4034330;志免町志免;しめまちしめ;Shime Town Shime;33.59;130.48;4034300;2.0538
4034230;篠栗町中央;ささぐりまちちゅうおう;Sasaguri Town Chuuo;33.62;130.53;4034200;0.9599
4034130;宇美町宇美;うみまちうみ;Umi Town Umi;33.57;130.51;4034100;1.2162
4022131;太宰府市観世音寺;だざいふしかんぜおんじ;Dazaifu City Kanzeonji;33.51;130.52;4022100;1.2263
4022034;宗像市神湊;むなかたしこうのみなと;Munakata City Konominato;33.85;130.50;4022000;1.4425
4034530;新宮町緑ヶ浜;しんぐうまちみどりがはま;Shingu Town Midorigahama;33.72;130.45;4034500;1.8484
2121938;郡上市白鳥町白鳥;ぐじょうししろとりちょうしろとり;Gujo City Shirotori Town Shirotori;35.88;136.86;2121900;0.7988
2121939;郡上市高鷲町;ぐじょうしたかすちょう;Gujo City Takasu Town;35.95;136.88;2121900;0.7549
2121936;郡上市明宝;ぐじょうしめいほう;Gujo City Meiho;35.85;137.03;2121900;0.7747
620730;上山市河崎;かみのやましかわさき;Kaminoyama City Kawasaki;38.15;140.27;0620700;1.0823
620830;村山市中央;むらやましちゅうおう;Murayama City Chuuo;38.48;140.38;0620800;1.1759
621030;天童市老野森;てんどうしおいのもり;Tendo City Oinomori;38.36;140.38;0621000;1.1375
621120;東根市中央;ひがしねしちゅうおう;Higashine City Chuuo;38.43;140.39;0621100;0.9008
630132;山辺町緑ケ丘;やまのべまちみどりがおか;Yamanobe Town Midorigaoka;38.29;140.26;0630100;0.8584
630231;中山町長崎;なかやままちながさき;Nakayama Town Nagasaki;38.33;140.28;0630200;1.9754
632101;河北町西里;かほくちょうにしざと;Kahoku Town Nishizato;38.41;140.28;0620600;1.1499
632132;河北町役場;かほくちょうやくば;Kahoku Town Town Office;38.43;140.31;0632100;1.1529
632220;西川町大井沢;にしかわまちおおいさわ;Nishikawa Town Ooisawa;38.39;139.99;0632200;0.6689
632230;西川町海味;にしかわまちかいしゅう;Nishikawa Town Kaishu;38.43;140.15;0632200;0.7919
632330;山形朝日町宮宿;やまがたあさひまちみやじゅく;Yamagata Asahi Town Miyajuku;38.30;140.15;0632300;0.8342
632430;大江町左沢;おおえまちあてらざわ;Ooe Town Aterazawa;38.38;140.21;0632400;0.8894
621220;尾花沢市若葉町;おばなざわしわかばちょう;Obanazawa City Wakaba Town;38.60;140.41;0621200;0.8703
634131;大石田町緑町;おおいしだまちみどりちょう;Ooishida Town Midori Town;38.59;140.37;0634100;1.5347
620630;寒河江市中央;さがえしちゅうおう;Sagae City Chuuo;38.38;140.28;0620600;1.0236
620200;米沢市駅前;よねざわしえきまえ;Yonezawa City Ekimae;37.91;140.12;0620200;1.0756
620220;米沢市林泉寺;よねざわしりんせんじ;Yonezawa City Rinsenji;37.90;140.10;0620200;1.0693
620231;米沢市金池;よねざわしかないけ;Yonezawa City Kanaike;37.92;140.12;0620200;1.0804
620932;長井市本町;ながいしもとまち;Nagai City Moto Town;38.11;140.03;0620900;1.0939
621330;南陽市三間通;なんようしみつまどおり;Nanyo City Mitsumadori;38.06;140.15;0621300;1.0681
638131;高畠町高畠;たかはたまちたかはた;Takahata Town Takahata;38.00;140.19;0638100;1.0907
638231;山形川西町上小松;やまがたかわにしまちかみこまつ;Yamagata Kawanishi Town Kamikomatsu;38.01;140.05;0638200;1.0963
640130;山形小国町小国小坂町;やまがたおぐにまちおぐにこさかまち;Yamagata Oguni Town Ogunikosaka Town;38.06;139.74;0640100;0.6689
640200;白鷹町黒鴨;しらたかまちくろがも;Shirataka Town Kurogamo;38.22;140.06;0640200;0.6689
640232;白鷹町荒砥;しらたかまちあらと;Shirataka Town Arato;38.18;140.10;0640200;0.8402
640320;飯豊町上原;いいでまちうわばら;Iide Town Uwabara;37.92;139.88;0640300;0.7873
640330;飯豊町椿;いいでまちつばき;Iide Town Tsubaki;38.05;139.99;0640300;1.0512
720101;福島市花園町;ふくしましはなぞのちょう;Fukushima City Hanazono Town;37.76;140.47;0720100;1.1831
720120;福島市桜木町;ふくしましさくらぎちょう;Fukushima City Sakuragi Town;37.76;140.48;0720100;1.5360
720131;福島市飯野町;ふくしましいいのまち;Fukushima City Iino Town;37.66;140.54;0720100;1.0403
620201;米沢市アルカディア;よねざわしあるかでぃあ;Yonezawa City Arcadia;37.91;140.14;0620200;1.0740
720132;福島市五老内町;ふくしましごろううちまち;Fukushima City Gorouchi Town;37.76;140.48499999999999;0720100;1.5390
620620;寒河江市西根;さがえしにしね;Sagae City Nishine;38.39;140.27;0620600;0.9966
620120;山形市薬師町;やまがたしやくしまち;Yamagata City Yakushi Town;38.26;140.355;0620100;1.1021
620332;鶴岡市上山添;つるおかしかみやまぞえ;Tsuruoka City Kamiyamazoe;38.68;139.85;0620300;1.2497
620334;鶴岡市羽黒町;つるおかしはぐろまち;Tsuruoka City Haguro Town;38.72;139.90;0620300;1.2852
620335;鶴岡市下名川;つるおかししもながわ;Tsuruoka City Shimonagawa;38.61;139.83;0620300;0.8502
620401;酒田市飛島;さかたしとびしま;Sakata City Tobishima;39.20;139.55;0620400;1.4319
620402;酒田市亀ケ崎;さかたしかめがさき;Sakata City Kamegasaki;38.91;139.84;0620400;2.1402
620420;酒田市宮野浦;さかたしみやのうら;Sakata City Miyanora;38.91;139.81;0620400;1.8484
620433;酒田市飛鳥;さかたしあすか;Sakata City Asuka;38.89;139.93;0620400;2.1433
620434;酒田市山田;さかたしやまだ;Sakata City Yamada;38.86;139.95;0620400;2.0990
620435;酒田市観音寺;さかたしかんのんじ;Sakata City Kannonji;38.97;139.94;0620400;1.2831
620436;酒田市本町;さかたしほんちょう;Sakata City Honcho;38.91;139.845;0620400;2.1305
642631;三川町横山;みかわまちよこやま;Mikawa Town Yokoyama;38.79;139.85;0642600;2.2117
646100;遊佐町遊佐;ゆざまちゆざ;Yuza Town Yuza;39.01;139.91;0646100;2.2073
646101;遊佐町小原田;ゆざまちおはらだ;Yuza Town Oharada;39.02;139.93;0646100;1.2543
646131;遊佐町舞鶴;ゆざまちまいづる;Yuza Town Maizuru;39.01;139.915;0646100;2.2014
620130;山形市旅篭町;やまがたしはたごまち;Yamagata City Hatago Town;38.26;140.34;0620100;1.1089
642820;庄内町清川;しょうないまちきよかわ;Shonai Town Kiyokawa;38.79;140.02;0642800;1.2300
642832;庄内町余目;しょうないまちあまるめ;Shonai Town Amarume;38.85;139.90;0642800;1.8070
620500;新庄市東谷地田町;しんじょうしひがしやちたまち;Shinjo City Higashiyachita Town;38.76;140.31;0620500;1.0590
620520;新庄市堀端町;しんじょうしほりばたまち;Shinjo City Horibata Town;38.77;140.30;0620500;1.0951
620531;新庄市住吉町;しんじょうしすみよしまち;Shinjo City Sumiyoshi Town;38.77;140.305;0620500;1.0852
636100;山形金山町中田;やまがたかねやままちなかだ;Yamagata Kaneyama Town Nakada;38.92;140.36;0636100;0.9994
636131;山形金山町金山;やまがたかねやままちかねやま;Yamagata Kaneyama Town Kaneyama;38.88;140.34;0636100;0.8231
636231;最上町向町;もがみまちむかいまち;Mogamimachimukai Town Town;38.76;140.52;0636200;0.9527
636331;舟形町舟形;ふながたまちふながた;Funagata Town Funagata;38.69;140.32;0636300;0.9692
636432;真室川町新町;まむろがわまちあらまち;Mamurogawa Town Ara Town;38.86;140.25;0636400;1.1359
636520;大蔵村肘折;おおくらむらひじおり;Okura Village Hijiori;38.61;140.16;0636500;1.2532
636531;大蔵村清水;おおくらむらしみず;Okura Village Shimizu;38.70;140.23;0636500;1.1614
636630;鮭川村佐渡;さけがわむらさど;Sakegawa Village Sado;38.80;140.22;0636600;1.1203
636730;戸沢村古口;とざわむらふるくち;Tozawa Village Furukuchi;38.74;140.14;0636700;0.9004
620100;山形市緑町;やまがたしみどりちょう;Yamagata City Midori Town;38.26;140.35;0620100;1.1010
642830;庄内町狩川;しょうないまちかりかわ;Shonai Town Karikawa;38.79;139.96;0642800;1.3227
620330;鶴岡市藤島;つるおかしふじしま;Tsuruoka City Fujishima;38.77;139.90;0620300;1.7912
720300;郡山市朝日;こおりやましあさひ;Koriyama City Asahi;37.40;140.36;0720300;1.0259
720321;郡山市湖南町;こおりやましこなんまち;Koriyama City Konan Town;37.40;140.13;0720300;0.8459
750331;平田村永田;ひらたむらながた;Hirata Village Nagata;37.22;140.58;0750300;0.8658
750430;浅川町浅川;あさかわまちあさかわ;Asakawa Town Asakawa;37.08;140.41;0750400;0.8345
750500;古殿町松川横川;ふるどのまちまつかわよこかわ;Furudono Town Matsukawayokokawa;37.09;140.56;0750500;0.5689
750530;古殿町松川新桑原;ふるどのまちまつかわしんくわばら;Furudono Town Matsukawashinkuwabara;37.09;140.565;0750500;0.9043
752131;三春町大町;みはるまちおおまち;Miharu Town Omachi;37.44;140.49;0752100;0.9065
752220;小野町中通;おのまちなかどおり;Ono Town Nakadori;37.28;140.63;0752200;0.8771
752230;小野町小野新町;おのまちおのにいまち;Ono Town Ononii Town;37.29;140.63;0752200;0.5689
721101;田村市船引町;たむらしふねひきまち;Tamura City Funehiki Town;37.44;140.58;0721100;0.5689
721131;田村市大越町;たむらしおおごえまち;Tamura City Ogoe Town;37.38;140.64;0721100;0.7842
721133;田村市常葉町;たむらしときわまち;Tamura City Tokiwa Town;37.44;140.64;0721100;0.8716
721134;田村市都路町;たむらしみやこじまち;Tamura City Miyakoji Town;37.44;140.79;0721100;0.5689
721135;田村市滝根町;たむらしたきねまち;Tamura City Takine Town;37.32;140.66;0721100;0.8779
721331;福島伊達市梁川町;ふくしまだてしやながわまち;Fukushima Date City Yanagawa Town;37.85;140.60;0721300;2.0010
721332;福島伊達市保原町;ふくしまだてしほばらまち;Fukushima Date City Hobara Town;37.82;140.56;0721300;1.5684
750230;玉川村小高;たまかわむらおたか;Tamakawa Village Otaka;37.21;140.41;0750200;1.1163
721335;福島伊達市月舘町;ふくしまだてしつきだてまち;Fukushima Date City Tsukidate Town;37.73;140.61;0721300;0.5689
721333;福島伊達市霊山町;ふくしまだてしりょうぜんまち;Fukushima Date City Ryozen Town;37.78;140.59;0721300;0.5689
721430;本宮市本宮;もとみやしもとみや;Motomiya City Motomiya;37.51;140.39;0721400;0.8558
721432;本宮市白岩;もとみやししらいわ;Motomiya City Shiraiwa;37.51;140.45;0721400;0.5689
720400;いわき市小名浜;いわきしおなはま;Iwaki City Onahama;36.95;140.90;0720400;1.4425
720401;いわき市三和町;いわきしみわまち;Iwaki City Miwa Town;37.10;140.80;0720400;0.5689
720420;いわき市平四ツ波;いわきしたいらよつなみ;Iwaki City Tairayotsunami;37.09;140.90;0720400;0.9062
720421;いわき市錦町;いわきしにしきまち;Iwaki City Nishiki Town;36.91;140.79;0720400;1.4425
720433;いわき市平梅本;いわきしたいらうめもと;Iwaki City Tairaumemoto;37.05;140.89;0720400;2.1204
720932;相馬市中村;そうましなかむら;Soma City Naka Village;37.80;140.92;0720900;1.5444
754120;福島広野町下北迫大谷地原;ふくしまひろのまちしもきたばおおやちはら;Fukushima Hirono Town Shimokitabaoyachihara;37.23;141.00;0754100;0.9273
754130;福島広野町下北迫苗代替;ふくしまひろのまちしもきたばなわしろがえ;Fukushima Hirono Town Shimokitabanawashirogae;37.21;141.00;0754100;1.0804
754230;楢葉町北田;ならはまちきただ;Naraha Town Kitada;37.28;140.99;0754200;0.9552
754330;富岡町本岡;とみおかまちもとおか;Tomioka Town Motoka;37.34;141.01;0754300;1.0209
754400;川内村下川内;かわうちむらしもかわうち;Kawauchi Village Shimokawauchi;37.37;140.87;0754400;0.5689
721336;福島伊達市前川原;ふくしまだてしまえかわら;Fukushima Date City Maekawara;37.82;140.51;0721300;1.5690
720320;郡山市開成;こおりやましかいせい;Koriyama City Kaisei;37.40;140.365;0720300;1.0282
750131;石川町長久保;いしかわまちながくぼ;Ishikawa Machinagakubo;37.16;140.45;0750100;1.0603
748331;塙町塙;はなわまちはなわ;Hanawa Town Hanawa;36.96;140.41;0748300;0.9496
720500;白河市郭内;しらかわしかくない;Shirakawa City Kakunai;37.13;140.22;0720500;0.8052
720520;白河市新白河;しらかわししんしらかわ;Shirakawa City Shinshirakawa;37.12;140.19;0720500;0.9171
720532;白河市東;しらかわしひがし;Shirakawa City Higashi;37.10;140.35;0720500;0.9634
720534;白河市表郷;しらかわしおもてごう;Shirakawa City Omotego;37.05;140.31;0720500;0.8055
720535;白河市大信;しらかわしたいしん;Shirakawa City Taishin;37.20;140.25;0720500;0.9788
720536;白河市八幡小路;しらかわしはちまんこうじ;Shirakawa City Hachimankoji;37.13;140.21;0720500;0.8553
720720;須賀川市八幡山;すかがわしはちまんやま;Sukagawa City Hachimanyama;37.28;140.37;0720700;1.2105
720731;須賀川市長沼支所;すかがわしながぬまししょ;Sukagawa City Naganumashisho;37.29;140.21;0720700;1.0424
720735;須賀川市岩瀬支所;すかがわしいわせししょ;Sukagawa City Iwaseshisho;37.32;140.28;0720700;1.0047
720737;須賀川市八幡町;すかがわしはちまんまち;Sukagawa City Hachiman Town;37.29;140.37;0720700;1.1767
721030;二本松市金色;にほんまつしかないろ;Nihonmatsu City Kanairo;37.59;140.43;0721000;0.9543
721031;二本松市油井;にほんまつしゆい;Nihonmatsu City Yui;37.61;140.46;0721000;0.9675
721032;二本松市小浜;にほんまつしおばま;Nihonmatsu City Obama;37.56;140.51;0721000;0.5689
721034;二本松市針道;にほんまつしはりみち;Nihonmatsu City Harimichi;37.60;140.58;0721000;0.8960
748430;鮫川村赤坂中野;さめがわむらあかさかなかの;Samegawa Village Akasakanakano;37.04;140.51;0748400;0.5689
730131;桑折町谷地;こおりまちやち;Kori Town Yachi;37.85;140.52;0730100;0.8773
730832;川俣町五百田;かわまたまちごひゃくだ;Kawamata Town Gohyakuda;37.66;140.60;0730800;0.5689
732201;大玉村南小屋;おおたまむらみなみごや;Otama Village Minamigoya;37.56;140.33;0732200;1.2192
732232;大玉村玉井;おおたまむらたまのい;Otama Village Tamanoi;37.53;140.37;0732200;1.1947
734230;鏡石町不時沼;かがみいしまちふじぬま;Kagamiishi Town Fujinuma;37.25;140.34;0734200;1.2619
734431;天栄村下松本;てんえいむらしもまつもと;Ten'ei Village Shimomatsumoto;37.26;140.25;0720700;0.9882
734432;天栄村湯本支所;てんえいむらゆもとししょ;Ten'ei Village Yumotoshisho;37.27;140.02;0734400;0.9994
746130;西郷村熊倉;にしごうむらくまくら;Nishigo Village Kumakura;37.14;140.16;0746100;0.9562
746431;泉崎村泉崎;いずみざきむらいずみざき;Izumizaki Village Izumizaki;37.15;140.30;0746400;0.9133
746532;中島村滑津;なかじまむらなめつ;Nakajima Village Nametsu;37.15;140.35;0746500;1.2378
746630;矢吹町一本木;やぶきまちいっぽんぎ;Yabuki Town Ippongi;37.20;140.34;0746600;1.2574
748101;棚倉町棚倉中居野;たなぐらまちたなぐらなかいの;Tanagura Town Tanaguranakaino;37.03;140.38;0748100;0.8196
748120;棚倉町棚倉舘ヶ丘;たなぐらまちたなぐらたてがおか;Tanagura Town Tanaguratategaoka;37.02;140.38;0748100;0.5689
748221;矢祭町戸塚;やまつりまちとつか;Yamatsuri Town Totsuka;36.89;140.42;0748200;1.0700
748230;矢祭町東舘;やまつりまちひがしたて;Yamatsuri Town Higashitate;36.87;140.42;0748200;1.0058
730334;国見町藤田;くにみまちふじた;Kunimi Town Fujita;37.88;140.55;0730300;1.2889
754420;川内村上川内小山平;かわうちむらかみかわうちこやまだいら;Kawauchi Village Kamikawauchikoyamadaira;37.34;140.81;0754400;0.5689
620321;鶴岡市道田町;つるおかしみちたまち;Tsuruoka City Michita Town;38.73;139.80;0620300;2.1044
620301;鶴岡市温海川;つるおかしあつみがわ;Tsuruoka City Atsumigawa;38.60;139.71;0620300;0.6689
420322;塩竈市今宮町;しおがましいまみやちょう;Shiogama City Imamiya Town;38.33;141.01;0420300;1.0622
420931;多賀城市中央;たがじょうしちゅうおう;Tagajo City Chuuo;38.30;141.01;0420900;1.3821
421433;東松島市小野;ひがしまつしましおの;Higashimatsushima City Ono;38.40;141.16;0421400;2.0658
421434;東松島市矢本;ひがしまつしましやもと;Higashimatsushima City Yamoto;38.43;141.21;0421400;1.7835
440101;松島町高城;まつしままちたかぎ;Matsushima Town Takagi;38.39;141.07;0440100;1.7490
440431;七ヶ浜町東宮浜;しちがはままちとうぐうはま;Shichigahama Town Toguhama;38.30;141.06;0440400;0.9962
440632;利府町利府;りふちょうりふ;Rifu Town Rifu;38.33;140.98;0440600;1.4317
442121;大和町吉岡;たいわちょうよしおか;Taiwa Town Yoshioka;38.45;140.89;0442400;2.0501
442231;大郷町粕川;おおさとちょうかすかわ;Osato Town Kasukawa;38.42;141.00;0442200;0.9129
442431;大衡村大衡;おおひらむらおおひら;Ohira Village Ohira;38.47;140.88;0442400;0.9188
458134;女川町女川;おながわちょうおながわ;Onagawa Town Onagawa;38.45;141.44;0458100;0.9203
421630;富谷市富谷;とみやしとみや;Tomiya City Tomiya;38.40;140.90;0421600;1.1963
520200;能代市緑町;のしろしみどりまち;Noshiro City Midori Town;40.20;140.03;0520200;1.8484
520201;能代市常盤山谷;のしろしときわやまや;Noshiro City Tokiwayamaya;40.27;140.16;0520200;1.0051
420241;石巻市雄勝町;いしのまきしおがつちょう;Ishinomaki City Ogatsu Town;38.51;141.50;0420200;0.5689
520220;能代市追分町;のしろしおいわけまち;Noshiro City Oiwake Town;40.20;140.035;0520200;1.9397
520233;能代市二ツ井町上台;のしろしふたついまちうわだい;Noshiro City Futatsui Town Uwadai;40.21;140.23;0520200;0.9340
520601;男鹿市男鹿中;おがしおがなか;Oga City Oganaka;39.92;139.81;0520600;0.9256
520632;男鹿市船川;おがしふながわ;Oga City Funagawa;39.89;139.85;0520600;0.9708
520633;男鹿市角間崎;おがしかくまざき;Oga City Kakumazaki;39.96;139.92;0520600;2.0049
534631;藤里町藤琴;ふじさとまちふじこと;Fujisato Town Fujikoto;40.28;140.26;0534600;1.2830
536100;五城目町西磯ノ目;ごじょうめまちにしいそのめ;Gojome Town Nishiisonome;39.94;140.11;0536100;1.9397
536332;八郎潟町大道;はちろうがたまちおおみち;Hachirogata Town Omichi;39.95;140.07;0536300;1.8779
536631;井川町北川尻;いかわまちきたかわしり;Ikawa Town Kitakawashiri;39.91;140.08;0536600;1.9397
536831;大潟村中央;おおがたむらちゅうおう;Ogata Village Chuuo;40.02;139.96;0536800;1.9731
521130;潟上市昭和大久保;かたがみししょうわおおくぼ;Katagami City Showaokubo;39.87;140.07;0521100;1.9397
521131;潟上市飯田川下虻川;かたがみしいいたがわしもあぶかわ;Katagami City Iitagawashimoabukawa;39.88;140.07;0521100;1.7490
521133;潟上市天王;かたがみしてんのう;Katagami City Tenno;39.86;140.01;0521100;1.8484
534820;三種町ことおか中央公園;みたねちょうことおかちゅうおうこうえん;Mitane Town Kotoka Chuo Park;40.04;140.09;0534800;1.4449
534832;三種町鵜川;みたねちょううかわ;Mitane Town Ukawa;40.10;140.00;0534800;2.0869
520232;能代市上町;のしろしかみまち;Noshiro City Kami Town;40.21;140.03;0520200;1.8484
534834;三種町鹿渡;みたねちょうかど;Mitane Town Kado;40.05;140.08;0534800;1.1158
420239;石巻市桃生町;いしのまきしものうちょう;Ishinomaki City Mono Town;38.56;141.24;0420200;1.8610
420235;石巻市相野谷;いしのまきしあいのや;Ishinomaki City Ainoya;38.52;141.32;0420200;0.8845
421535;大崎市田尻;おおさきしたじり;Osaki City Tajiri;38.60;141.06;0421500;2.0509
420620;白石市亘理町;しろいししわたりまち;Shiroishi City Watari Town;38.01;140.62;0420600;1.2042
420700;仙台空港;せんだいくうこう;Sendai Airport;38.14;140.93;0420700;1.4425
420730;名取市増田;なとりしますだ;Natori City Masuda;38.17;140.89;0420700;2.2158
420820;角田市角田;かくだしかくだ;Kakuda City Kakuda;37.98;140.78;0420800;2.0675
421120;岩沼市桜;いわぬましさくら;Iwanuma City Sakura;38.10;140.87;0421100;1.8586
430130;蔵王町円田;ざおうまちえんだ;Zao Town Enda;38.10;140.66;0430100;1.2260
430230;七ヶ宿町関;しちかしゅくまちせき;Shichikashuku Town Seki;37.99;140.44;0430200;0.6689
432131;大河原町新南;おおがわらまちしんみなみ;Ogawara Town Shinminami;38.05;140.73;0432100;1.7029
432230;村田町村田;むらたまちむらた;Murata Town Murata;38.12;140.72;0432200;0.9701
432300;柴田町船岡;しばたまちふなおか;Shibata Town Funaoka;38.05;140.76;0432300;0.9760
432430;宮城川崎町前川;みやぎかわさきまちまえかわ;Miyagi Kawasaki Town Maekawa;38.18;140.64;0432400;0.8377
434100;丸森町上滝;まるもりまちかみだき;Marumori Town Kamidaki;37.87;140.79;0434100;0.9994
434130;丸森町鳥屋;まるもりまちとりや;Marumori Town Toriya;37.91;140.77;0434100;2.0394
420237;石巻市前谷地;いしのまきしまえやち;Ishinomaki City Maeyachi;38.51;141.19;0420200;1.7490
436131;亘理町悠里;わたりちょうゆうり;Watari Town Yuri;38.04;140.87;0436100;1.8369
410101;仙台青葉区大倉;せんだいあおばくおおくら;Sendai Aoba Ward Okura;38.37;140.66;0410100;0.7888
410121;仙台青葉区作並;せんだいあおばくさくなみ;Sendai Aoba Ward Sakunami;38.32;140.64;0410100;0.8358
410142;仙台青葉区雨宮;せんだいあおばくあまみや;Sendai Aoba Ward Amamiya;38.28;140.87;0410100;0.9281
410143;仙台青葉区落合;せんだいあおばくおちあい;Sendai Aoba Ward Ochiai;38.27;140.79;0410100;1.0875
410201;仙台宮城野区五輪;せんだいみやぎのくごりん;Sendai Miyagino Ward Gorin;38.26;140.90;0410200;1.0817
410221;仙台宮城野区苦竹;せんだいみやぎのくにがたけ;Sendai Miyagino Ward Nigatake;38.27;140.93;0410200;2.1424
410341;仙台若林区遠見塚;せんだいわかばやしくとおみづか;Sendai Wakabayashi Ward Tomizuka;38.24;140.91;0410300;2.1902
410441;仙台太白区山田;せんだいたいはくくやまだ;Sendai Taihaku Ward Yamada;38.22;140.83;0410400;0.8819
410541;仙台泉区将監;せんだいいずみくしょうげん;Sendai Izumi Ward Shogen;38.34;140.89;0410500;0.9720
420202;石巻市泉町;いしのまきしいずみちょう;Ishinomaki City Izumi Town;38.43;141.30;0420200;0.9714
420203;石巻市大瓜;いしのまきしおうり;Ishinomaki City Ori;38.46;141.35;0420200;1.1128
420225;石巻市鮎川浜;いしのまきしあゆかわはま;Ishinomaki City Ayukawahama;38.30;141.51;0420200;0.9454
420226;石巻市大街道南;いしのまきしおおかいどうみなみ;Ishinomaki City Okaidominami;38.43;141.28;0420200;1.4425
420227;石巻市北上町;いしのまきしきたかみちょう;Ishinomaki City Kitakami Town;38.57;141.43;0420200;1.7490
436231;山元町浅生原;やまもとちょうあそうはら;Yamamoto Town Asohara;37.96;140.88;0436200;1.0414
620320;鶴岡市温海;つるおかしあつみ;Tsuruoka City Atsumi;38.62;139.59;0620300;0.6689
534835;三種町森岳;みたねちょうもりたけ;Mitane Town Moritake;40.10;140.08;0534800;1.4636
534932;八峰町峰浜目名潟;はっぽうちょうみねはまめながた;Happo Town Minehamamenagata;40.32;140.04;0534900;0.9490
520338;横手市山内土渕;よこてしさんないつちぶち;Yokote City Sannaitsuchibuchi;39.28;140.62;0520300;0.8568
520339;横手市平鹿町浅舞;よこてしひらかまちあさまい;Yokote City Hiraka Town Asamai;39.26;140.49;0520300;1.1917
520340;横手市十文字町;よこてしじゅうもんじまち;Yokote City Jumonji Town;39.22;140.52;0520300;1.1632
520700;湯沢市沖鶴;ゆざわしおきつる;Yuzawa City Okitsuru;39.17;140.48;0520700;1.1698
520720;湯沢市寺沢;ゆざわしてらさわ;Yuzawa City Terasawa;39.04;140.45;0520700;1.0843
520731;湯沢市川連町;ゆざわしかわつらちょう;Yuzawa City Kawatsura Town;39.15;140.57;0520700;0.8636
520734;湯沢市佐竹町;ゆざわしさたけちょう;Yuzawa City Satake Town;39.16;140.50;0520700;0.6689
520735;湯沢市横堀;ゆざわしよこぼり;Yuzawa City Yokobori;39.06;140.45;0520700;1.1086
520736;湯沢市皆瀬;ゆざわしみなせ;Yuzawa City Minase;39.07;140.59;0520700;0.8208
546331;羽後町西馬音内;うごまちにしもない;Ugo Town Nishimonai;39.20;140.41;0546300;1.1780
546420;東成瀬村椿川;ひがしなるせむらつばきかわ;Higashinaruse Village Tsubakikawa;39.15;140.72;0546400;0.6689
546430;東成瀬村田子内;ひがしなるせむらたごない;Higashinaruse Village Tagonai;39.18;140.65;0546400;0.8132
543400;秋田美郷町六郷東根;あきたみさとちょうろくごうひがしね;Akita Misato Town Rokugohigashine;39.40;140.63;0543400;0.6689
543430;秋田美郷町土崎;あきたみさとちょうつちざき;Akita Misato Town Tsuchizaki;39.46;140.58;0543400;1.1839
520337;横手市大雄;よこてしたいゆう;Yokote City Taiyu;39.33;140.47;0520300;1.2318
521220;大仙市協和境唐松岳;だいせんしきょうわさかいからまつだけ;Daisen City Kyowasakaikaramatsudake;39.61;140.32;0521200;1.1720
521233;大仙市北長野;だいせんしきたながの;Daisen City Kitanagano;39.54;140.54;0521200;1.9886
521235;大仙市南外;だいせんしなんがい;Daisen City Nangai;39.45;140.36;0521200;1.2372
521237;大仙市太田町太田;だいせんしおおたちょうおおた;Daisen City Ota Town Ota;39.51;140.60;0521200;1.1695
521238;大仙市大曲花園町;だいせんしおおまがりはなぞのちょう;Daisen City Omagarihanazono Town;39.45;140.48;0521200;2.0842
521239;大仙市高梨;だいせんしたかなし;Daisen City Takanashi;39.46;140.51;0521200;1.2732
521240;大仙市神宮寺;だいせんしじんぐうじ;Daisen City Jinguji;39.49;140.43;0521200;1.6550
521501;仙北市角館町中菅沢;せんぼくしかくのだてまちなかすがざわ;Senboku City Kakunodate Town Nakasugazawa;39.59;140.57;0521500;1.9618
521520;仙北市西木町上桧木内;せんぼくしにしきちょうかみひのきない;Senboku City Nishiki Town Kamihinokinai;39.81;140.58;0521500;0.9231
521521;仙北市田沢湖生保内上清水;せんぼくしたざわこおぼないかみしみず;Senboku City Tazawakobonaikamishimizu;39.70;140.72;0521500;0.8523
521522;仙北市角館町小勝田;せんぼくしかくのだてまちおがた;Senboku City Kakunodate Town Ogata;39.60;140.56;0521500;1.9623
521523;仙北市田沢湖田沢;せんぼくしたざわこたざわ;Senboku City Tazawakotazawa;39.77;140.67;0521500;0.7922
521530;仙北市田沢湖生保内宮ノ後;せんぼくしたざわこおぼないみやのうしろ;Senboku City Tazawakobonaimiyanoshiro;39.70;140.73;0521500;0.8569
521531;仙北市西木町上荒井;せんぼくしにしきちょうかみあらい;Senboku City Nishiki Town Kamiarai;39.66;140.57;0521500;1.1522
620300;鶴岡市馬場町;つるおかしばばちょう;Tsuruoka City Baba Town;38.73;139.83;0620300;1.3458
521232;大仙市刈和野;だいせんしかりわの;Daisen City Kariwano;39.55;140.37;0521200;2.0561
534920;八峰町八森木戸の沢;はっぽうちょうはちもりきどのさわ;Happo Town Hachimorikidonosawa;40.39;139.98;0534900;1.1167
520333;横手市大森町;よこてしおおもりまち;Yokote City Omori Town;39.34;140.43;0520300;1.9957
520330;横手市中央町;よこてしちゅうおうまち;Yokote City Chuuo Town;39.31;140.57;0520300;1.1762
520100;秋田市山王;あきたしさんのう;Akita City Sanno;39.72;140.10;0520100;1.8779
520101;秋田市雄和女米木;あきたしゆうわめめき;Akita City Yuwamemeki;39.54;140.21;0520100;2.1124
520120;秋田市八橋運動公園;あきたしやばせうんどうこうえん;Akita City Yabase Sports Park;39.72;140.105;0520100;2.1801
520131;秋田市河辺和田;あきたしかわべわだ;Akita City Kawabewada;39.65;140.21;0520100;2.0505
520134;秋田市雄和新波;あきたしゆうわあらわ;Akita City Yuwaarawa;39.53;140.23;0520100;2.0762
521000;由利本荘市石脇;ゆりほんじょうしいしわき;Yurihonjo City Ishiwaki;39.40;140.05;0521000;1.8484
521020;由利本荘市桜小路;ゆりほんじょうしさくらこうじ;Yurihonjo City Sakurakoji;39.38;140.05;0521000;1.1722
521021;由利本荘市鳥海町伏見;ゆりほんじょうしちょうかいまちふしみ;Yurihonjo City Chokai Town Fushimi;39.19;140.19;0521000;1.0573
521032;由利本荘市岩城内道川;ゆりほんじょうしいわきうちみちかわ;Yurihonjo City Iwakiuchimichikawa;39.54;140.06;0521000;0.9377
521034;由利本荘市西目町沼田;ゆりほんじょうしにしめまちぬまた;Yurihonjo City Nishime Town Numata;39.35;140.02;0521000;1.8484
521035;由利本荘市東由利老方;ゆりほんじょうしひがしゆりおいかた;Yurihonjo City Higashiyurioikata;39.30;140.29;0521000;1.0403
521038;由利本荘市矢島町矢島町;ゆりほんじょうしやしままちやしままち;Yurihonjo City Yashima Town Yashima Town;39.23;140.13;0521000;0.9994
521039;由利本荘市岩谷町;ゆりほんじょうしいわやまち;Yurihonjo City Iwaya Town;39.44;140.10;0521000;1.7898
521040;由利本荘市前郷;ゆりほんじょうしまえごう;Yurihonjo City Maego;39.32;140.11;0521000;0.9287
520331;横手市増田町増田;よこてしますだまちますだ;Yokote City Masuda Town Masuda;39.20;140.54;0520300;1.1446
521430;にかほ市平沢;にかほしひらさわ;Nikaho City Hirasawa;39.29;139.96;0521400;1.8484
521432;にかほ市象潟町浜ノ田;にかほしきさかたまちはまのた;Nikaho City Kisakata Town Hamanota;39.20;139.91;0521400;1.2982
520400;大館市比内町味噌内;おおだてしひないまちみそない;Odate City Hinai Town Misonai;40.19;140.63;0520400;0.6689
520420;大館市桜町;おおだてしさくらちょう;Odate City Sakura Town;40.27;140.57;0520400;0.9331
520431;大館市比内町扇田;おおだてしひないまちおうぎた;Odate City Hinai Town Ogita;40.22;140.58;0520400;1.1923
520433;大館市早口;おおだてしはやぐち;Odate City Hayaguchi;40.27;140.45;0520400;1.2018
520931;鹿角市花輪;かづのしはなわ;Kazuno City Hanawa;40.22;140.79;0520900;1.1333
530320;小坂町小坂砂森;こさかまちこさかすなもり;Kosaka Town Kosakasunamori;40.33;140.74;0530300;1.0930
532730;上小阿仁村小沢田;かみこあにむらこさわだ;Kamikoani Village Kosawada;40.06;140.30;0532700;1.1370
521300;北秋田市花園町;きたあきたしはなぞのちょう;Kitaakita City Hanazono Town;40.23;140.37;0521300;1.1051
521320;北秋田市阿仁水無;きたあきたしあにみずなし;Kitaakita City Animizunashi;39.99;140.40;0521300;0.8347
521333;北秋田市米内沢;きたあきたしよないざわ;Kitaakita City Yonaizawa;40.12;140.38;0521300;0.9005
521334;北秋田市新田目;きたあきたしにいだめ;Kitaakita City Niidame;40.16;140.33;0521300;1.0424
520301;横手市雄物川町今宿;よこてしおものがわまちいましゅく;Yokote City Omonogawa Town Imashuku;39.29;140.43;0520300;1.2153
520320;横手市安田柳堤地内;よこてしやすだやなぎつつみちない;Yokote City Yasudayanagitsutsumichinai;39.30;140.56;0520300;1.1645
521431;にかほ市金浦;にかほしこのうら;Nikaho City Konora;39.25;139.92;0521400;1.3888
421533;大崎市岩出山;おおさきしいわでやま;Osaki City Iwadeyama;38.65;140.88;0421500;1.2054
754430;川内村上川内早渡;かわうちむらかみかわうちはやわた;Kawauchi Village Kamikawauchihayawata;37.34;140.815;0754400;0.5689
754531;大熊町大川原;おおくままちおおがわら;Okuma Town Ogawara;37.38;140.96;0754500;1.0544
921300;那須塩原市蟇沼;なすしおばらしひきぬま;Nasushiobara City Hikinuma;36.97;139.92;0921300;0.9967
921320;那須塩原市鍋掛;なすしおばらしなべかけ;Nasushiobara City Nabekake;36.94;140.08;0921300;1.0077
921321;那須塩原市中塩原;なすしおばらしなかしおばら;Nasushiobara City Nakashiobara;36.99;139.80;0921300;0.8618
921330;那須塩原市共墾社;なすしおばらしきょうこんしゃ;Nasushiobara City Kyokonsha;36.96;140.05;0921300;1.0453
921331;那須塩原市あたご町;なすしおばらしあたごちょう;Nasushiobara City Atago Town;36.88;139.98;0921300;1.0868
921333;那須塩原市塩原庁舎;なすしおばらししおばらちょうしゃ;Nasushiobara City Shiobara Government Office;36.98;139.81;0921300;0.8924
920100;宇都宮市明保野町;うつのみやしあけぼのちょう;Utsunomiya City Akebono Town;36.55;139.87;0920100;1.1899
920120;宇都宮市塙田;うつのみやしはなわだ;Utsunomiya City Hanawada;36.57;139.89;0920100;1.3282
920130;宇都宮市旭;うつのみやしあさひ;Utsunomiya City Asahi;36.55;139.88;0920100;1.1488
920131;宇都宮市中里町;うつのみやしなかざとちょう;Utsunomiya City Nakazato Town;36.68;139.90;0920100;1.2996
920133;宇都宮市中岡本町;うつのみやしなかおかもとちょう;Utsunomiya City Nakaokamoto Town;36.62;139.94;0920100;1.7842
920231;足利市大正町;あしかがしたいしょうちょう;Ashikaga City Taisho Town;36.34;139.45;0920200;1.1256
920300;栃木市旭町;とちぎしあさひちょう;Tochigi City Asahi Town;36.38;139.74;0920300;1.0669
920331;栃木市大平町富田;とちぎしおおひらまちとみだ;Tochigi City Ohira Town Tomida;36.34;139.70;0920300;1.2936
940730;那須町寺子;なすまちてらこ;Nasu Town Terako;37.02;140.12;0940700;1.1218
920332;栃木市藤岡町藤岡;とちぎしふじおかまちふじおか;Tochigi City Fujioka Town Fujioka;36.26;139.65;0920300;1.5401
920335;栃木市万町;とちぎしよろずちょう;Tochigi City Yorozu Town;36.38;139.73;0920300;1.0901
920336;栃木市岩舟町静;とちぎしいわふねまちしずか;Tochigi City Iwafune Town Shizuka;36.32;139.66;0920300;1.4052
920337;栃木市都賀町原宿;とちぎしつがまちはらじゅく;Tochigi City Tsuga Town Harajuku;36.43;139.74;0920300;1.0205
920420;佐野市中町;さのしなかちょう;Sano City Naka Town;36.39;139.61;0920400;0.8686
920434;佐野市葛生東;さのしくずうひがし;Sano City Kuzuhigashi;36.40;139.61;0920400;0.8693
920435;佐野市高砂町;さのしたかさごちょう;Sano City Takasago Town;36.31;139.58;0920400;1.3563
920436;佐野市田沼町;さのしたぬまちょう;Sano City Tanuma Town;36.38;139.57;0920400;0.9496
920520;鹿沼市晃望台;かぬましこうぼうだい;Kanuma City Kobodai;36.56;139.77;0920500;1.5024
920531;鹿沼市口粟野;かぬましくちあわの;Kanuma City Kuchiawano;36.52;139.67;0920500;0.7683
920532;鹿沼市今宮町;かぬましいまみやちょう;Kanuma City Imamiya Town;36.57;139.75;0920500;1.0906
920820;小山市神鳥谷;おやましひととのや;Oyama City Hitotonoya;36.29;139.80;0920800;1.6165
920831;小山市中央町;おやましちゅうおうちょう;Oyama City Chuuo Town;36.31;139.80;0920800;1.5061
920920;真岡市田町;もおかしたまち;Moka City Ta Town;36.44;140.02;0920900;1.2467
920932;真岡市荒町;もおかしあらまち;Moka City Ara Town;36.44;140.01;0920900;1.4274
920334;栃木市西方町本城;とちぎしにしかたまちほんじょう;Tochigi City Nishikata Town Honjo;36.47;139.75;0920300;0.9822
920933;真岡市石島;もおかしいしじま;Moka City Ishijima;36.39;139.97;0920900;1.3777
938431;塩谷町玉生;しおやまちたまにゅう;Shioya Town Tamanyu;36.78;139.86;0938400;0.9187
921034;大田原市湯津上;おおたわらしゆづかみ;Otawara City Yuzukami;36.82;140.10;0921000;1.4493
823032;かすみがうら市大和田;かすみがうらしおおわだ;Kasumigaura City Owada;36.09;140.33;0823000;1.4164
823033;かすみがうら市上土田;かすみがうらしかみつちだ;Kasumigaura City Kamitsuchida;36.15;140.24;0823000;1.3575
823230;神栖市溝口;かみすしみぞぐち;Kamisu City Mizoguchi;35.89;140.66;0823200;1.7033
823232;神栖市波崎;かみすしはさき;Kamisu City Hasaki;35.76;140.81;0823200;1.4445
823332;行方市玉造;なめがたしたまつくり;Namegata City Tamatsukuri;36.10;140.42;0823300;1.4439
823333;行方市麻生;なめがたしあそう;Namegata City Aso;35.99;140.49;0823300;1.4678
823334;行方市山田;なめがたしやまだ;Namegata City Yamada;36.08;140.53;0823300;1.6625
823133;桜川市岩瀬;さくらがわしいわせ;Sakuragawa City Iwase;36.36;140.11;0823100;1.3674
823134;桜川市真壁;さくらがわしまかべ;Sakuragawa City Makabe;36.27;140.09;0823100;1.3211
823135;桜川市羽田;さくらがわしはねだ;Sakuragawa City Haneda;36.33;140.09;0823100;0.8048
823400;鉾田市鉾田;ほこたしほこた;Hokota City Hokota;36.16;140.52;0823400;1.5543
823432;鉾田市汲上;ほこたしくみあげ;Hokota City Kumiage;36.10;140.57;0823400;1.2704
823433;鉾田市造谷;ほこたしつくりや;Hokota City Tsukuriya;36.23;140.54;0823400;1.2070
821133;常総市新石下;じょうそうししんいしげ;Joso City Shin'ishige;36.12;139.98;0821100;2.5049
921130;矢板市本町;やいたしほんちょう;Yaita City Honcho;36.81;139.92;0921100;1.2247
821134;常総市水海道諏訪町;じょうそうしみつかいどうすわまち;Joso City Mitsukaidosuwa Town;36.02;139.99;0821100;2.0314
823533;つくばみらい市福田;つくばみらいしふくだ;Tsukubamirai City Fukuda;35.96;140.04;0823500;2.7888
920601;日光市瀬川;にっこうしせがわ;Nikko City Segawa;36.73;139.69;0920600;1.2715
920602;日光市中宮祠;にっこうしちゅうぐうし;Nikko City Chugushi;36.74;139.50;0920600;0.7639
920620;日光市鬼怒川温泉大原;にっこうしきぬがわおんせんおおはら;Nikko City Kinugawa Onsen Ohara;36.82;139.72;0920600;0.8638
920621;日光市湯元;にっこうしゆもと;Nikko City Yumoto;36.81;139.42;0920600;0.7885
920623;日光市足尾町中才;にっこうしあしおまちなかさい;Nikko City Ashio Town Nakasai;36.63;139.44;0920600;0.7145
920624;日光市芹沼;にっこうしせりぬま;Nikko City Serinuma;36.75;139.71;0920600;0.9115
920635;日光市足尾町通洞;にっこうしあしおまちつうどう;Nikko City Ashio Town Tsudo;36.63;139.445;0920600;0.6722
920636;日光市藤原庁舎;にっこうしふじはらちょうしゃ;Nikko City Fujihara Government Office;36.82;139.725;0920600;0.7609
920637;日光市御幸町;につこうしごこうまち;Nitsuko City Goko Town;36.75;139.61;0920600;0.7601
920638;日光市黒部;にっこうしくろべ;Nikko City Kurobe;36.87;139.60;0920600;0.7830
920639;日光市今市本町;にっこうしいまいちほんちょう;Nikko City Imaichihoncho Town;36.72;139.70;0920600;1.2632
921000;大田原市黒羽田町;おおたわらしくろばねたまち;Otawara City Kurobaneta Town;36.86;140.12;0921000;1.0747
921033;大田原市本町;おおたわらしほんちょう;Otawara City Honcho;36.87;140.02;0921000;1.1209
823531;つくばみらい市加藤;つくばみらいしかとう;Tsukubamirai City Kato;35.99;140.01;0823500;2.8314
822735;筑西市二木成;ちくせいしにぎなり;Chikusei City Niginari;36.30;139.97;0822700;1.3503
930130;上三川町しらさぎ;かみのかわまちしらさぎ;Kaminokawa Town Shirasagi;36.44;139.91;0930100;1.1730
934321;茂木町北高岡天矢場;もてぎまちきたたかおかてんやば;Motegi Town Kitatakaokatenyaba;36.53;140.16;0934300;0.9659
1042920;東吾妻町本宿;ひがしあがつままちもとじゅく;Higashiagatsuma Town Motojuku;36.51;138.75;1042900;0.9373
1042931;東吾妻町奥田;ひがしあがつままちおくだ;Higashiagatsuma Town Okuda;36.55;138.90;1042900;0.7860
1044832;群馬昭和村糸井;ぐんましょうわむらいとい;Gunma Showa Village Itoi;36.64;139.07;1044800;0.8803
1020101;前橋市昭和町;まえばしししょうわまち;Maebashi City Showa Town;36.41;139.06;1020100;0.9448
1020120;前橋市駒形町;まえばししこまがたまち;Maebashi City Komagata Town;36.35;139.14;1020100;1.0148
1020130;前橋市大手町;まえばししおおてまち;Maebashi City Ote Town;36.39;139.06;1020100;1.1589
1020131;前橋市堀越町;まえばししほりこしまち;Maebashi City Horikoshi Town;36.42;139.16;1020100;1.3779
1020133;前橋市粕川町;まえばししかすかわまち;Maebashi City Kasukawa Town;36.41;139.21;1020100;1.0046
1020134;前橋市富士見町;まえばししふじみまち;Maebashi City Fujimi Town;36.45;139.08;1020100;1.1218
1020135;前橋市鼻毛石町;まえばししはなげいしまち;Maebashi City Hanageishi Town;36.44;139.18;1020100;1.0141
1020230;高崎市高松町;たかさきしたかまつちょう;Takasaki City Takamatsu Town;36.32;139.00;1020200;1.4046
1020231;高崎市倉渕町;たかさきしくらぶちまち;Takasaki City Kurabuchi Town;36.43;138.79;1020200;0.7749
1020232;高崎市箕郷町;たかさきしみさとまち;Takasaki City Misato Town;36.39;138.96;1020200;1.0397
1020233;高崎市足門町;たかさきしあしかどまち;Takasaki City Ashikado Town;36.40;139.00;1020200;1.0809
1042901;東吾妻町原町;ひがしあがつままちはらまち;Higashiagatsuma Town Hara Town;36.57;138.82;1042900;0.9353
1020234;高崎市新町;たかさきししんまち;Takasaki City Shinmachi;36.28;139.11;1020200;1.1261
1020236;高崎市吉井町吉井川;たかさきしよしいまちよしいかわ;Takasaki City Yoshii Town Yoshiikawa;36.25;138.99;1020200;1.0437
1020301;桐生市錦町;きりゅうしにしきちょう;Kiryu City Nishiki Town;36.40;139.33;1020300;1.0409
1020320;桐生市元宿町;きりゅうしもとじゅくちょう;Kiryu City Motojuku Town;36.41;139.33;1020300;1.0075
1020331;桐生市黒保根町;きりゅうしくろほねちょう;Kiryu City Kurohone Town;36.50;139.28;1020300;0.8120
1020332;桐生市新里町;きりゅうしにいさとちょう;Kiryu City Niisato Town;36.42;139.24;1020300;1.0038
1020431;伊勢崎市今泉町;いせさきしいまいずみちょう;Isesaki City Imaizumi Town;36.31;139.20;1020400;1.2514
1020432;伊勢崎市西久保町;いせさきしにしくぼちょう;Isesaki City Nishikubo Town;36.38;139.23;1020400;1.2038
1020434;伊勢崎市境;いせさきしさかい;Isesaki City Sakai;36.28;139.25;1020400;1.2741
1020435;伊勢崎市東町;いせさきしあずまちょう;Isesaki City Azu Town;36.34;139.25;1020400;1.1391
1020520;太田市西本町;おおたしにしほんちょう;Ota City Nishihon Town;36.29;139.36;1020500;1.3930
1020530;太田市浜町;おおたしはまちょう;Ota City Hama Town;36.29;139.38;1020500;1.5497
1020531;太田市粕川町;おおたしかすかわちょう;Ota City Kasukawa Town;36.26;139.30;1020500;1.4582
1020532;太田市新田金井町;おおたしにったかないちょう;Ota City Nittakanai Town;36.30;139.30;1020500;1.2444
1020534;太田市大原町;おおたしおおばらちょう;Ota City Obara Town;36.36;139.30;1020500;1.0768
1020235;高崎市下室田;たかさきししもむろだ;Takasaki City Shimomuroda;36.38;138.88;1020200;0.8264
934200;益子町益子;ましこまちましこ;Mashiko Town Mashiko;36.47;140.09;0934200;1.5157
1044931;みなかみ町布施;みなかみまちふせ;Minakami Town Fuse;36.69;138.93;1044900;0.8813
1044920;みなかみ町鹿野沢;みなかみまちかのさわ;Minakami Town Kanosawa;36.78;138.97;1044900;0.7590
934330;茂木町茂木;もてぎまちもてぎ;Motegi Town Motegi;36.53;140.19;0934300;0.8687
934430;市貝町市塙;いちかいまちいちはな;Ichikai Town Ichihana;36.54;140.10;0934400;1.1178
934531;芳賀町祖母井;はがまちうばがい;Haga Town Ubagai;36.55;140.06;0934500;1.3159
936131;壬生町壬生甲;みぶまちみぶこう;Mibu Town Mibuko;36.44;139.81;0936100;1.3161
936430;野木町丸林;のぎまちまるばやし;Nogi Town Marubayashi;36.23;139.74;0936400;1.7178
938630;高根沢町石末;たかねざわまちいしずえ;Takanezawa Town Ishizue;36.63;139.99;0938600;1.3419
921430;栃木さくら市氏家;とちぎさくらしうじいえ;Tochigi Sakura City Ujiie;36.69;139.97;0921400;1.1141
921432;栃木さくら市喜連川;とちぎさくらしきつれがわ;Tochigi Sakura City Kitsuregawa;36.72;140.02;0921400;1.0287
921501;那須烏山市神長;なすからすやましかなが;Nasukarasuyama City Kanaga;36.66;140.13;0921500;1.1286
921530;那須烏山市大金;なすからすやましおおがね;Nasukarasuyama City Ogane;36.66;140.09;0921500;1.2799
921531;那須烏山市役所;なすからすやましやくしょ;Nasukarasuyama City Hall;36.66;140.15;0921500;1.2155
941132;栃木那珂川町馬頭;とちぎなかがわまちばとう;Tochigi Nakagawa Town Bato;36.74;140.17;0941100;0.7830
941133;栃木那珂川町小川;とちぎなかがわまちおがわ;Tochigi Nakagawa Town Ogawa;36.76;140.13;0941100;1.0591
921633;下野市田中;しもつけしたなか;Shimotsuke City Tanaka;36.39;139.88;0921600;1.2153
1044930;みなかみ町後閑;みなかみまちごかん;Minakami Town Gokan;36.68;139.00;1044900;0.7965
921634;下野市笹原;しもつけしささはら;Shimotsuke City Sasahara;36.39;139.85;0921600;1.4015
1020601;沼田市西倉内町;ぬまたしにしくらうちまち;Numata City Nishikurauchi Town;36.65;139.04;1020600;1.2030
1020602;沼田市尾瀬高等学校;ぬまたしおぜこうとうがっこう;Numata City Oze High School;36.73;139.22;1044300;0.8801
1020620;沼田市下久屋町;ぬまたししもくやまち;Numata City Shimokuya Town;36.66;139.08;1020600;1.3792
1020631;沼田市白沢町;ぬまたししらさわまち;Numata City Shirasawa Town;36.66;139.14;1020600;1.1126
1020634;沼田市利根町;ぬまたしとねまち;Numata City Tone Town;36.70;139.21;1020600;0.7490
1042100;中之条町日影;なかのじょうまちひかげ;Nakanojo Town Hikage;36.56;138.64;1042400;0.9099
1042130;中之条町中之条町;なかのじょうまちなかのじょうまち;Nakanojo Town Nakanojo Town;36.59;138.84;1042100;0.8931
1042132;中之条町入山;なかのじょうまちいりやま;Nakanojo Town Iriyama;36.65;138.65;1042100;0.7830
1042431;長野原町長野原;ながのはらまちながのはら;Nagano Hara Town Naganohara;36.54;138.65;1042400;0.7830
1042530;嬬恋村大前;つまごいむらおおまえ;Tsumagoi Village Omae;36.52;138.53;1042500;0.8274
1042620;草津町草津;くさつまちくさつ;Kusatsu Town Kusatsu;36.62;138.59;1042600;0.9181
1042832;群馬高山村中山;ぐんまたかやまむらなかやま;Gunma Takayama Village Nakayama;36.62;138.94;1042800;0.8836
1044320;片品村鎌田;かたしなむらかまだ;Katashina Village Kamada;36.77;139.22;1044300;0.7830
1044432;川場村谷地;かわばむらやち;Kawaba Village Yachi;36.69;139.10;1044400;0.8887
921635;下野市大松山;しもつけしおおまつやま;Shimotsuke City Omatsuyama;36.43;139.86;0921600;1.3765
754520;大熊町野上;おおくままちのがみ;Okuma Town Nogami;37.41;140.96;0754500;0.8914
822734;筑西市海老ヶ島;ちくせいしえびがしま;Chikusei City Ebigashima;36.25;140.04;0822700;1.3276
822700;筑西市舟生;ちくせいしふにゅう;Chikusei City Funyu;36.25;139.93;0822700;1.5145
742232;湯川村清水田;ゆがわむらしみずだ;Yugawa Village Shimizuda;37.57;139.89;0742200;1.1183
742300;柳津町大成沢;やないづまちおおなりさわ;Yanaizu Town Onarisawa;37.41;139.70;0742300;0.6689
742331;柳津町柳津;やないづまちやないづ;Yanaizu Town Yanaizu;37.53;139.72;0742300;0.9698
744430;三島町宮下;みしままちみやした;Mishima Town Miyashita;37.47;139.64;0744400;1.3147
744530;福島金山町川口;ふくしまかねやままちかわぐち;Fukushima Kaneyama Town Kawaguchi;37.45;139.52;0744500;0.6689
744631;福島昭和村下中津川;ふくしましょうわむらしもなかつがわ;Fukushima Showa Village Shimonakatsugawa;37.34;139.61;0744600;0.6689
744733;会津美里町本郷庁舎;あいづみさとまちほんごうちょうしゃ;Aizumisato Town Hongo Government Office;37.45;139.88;0744700;1.0758
744734;会津美里町新鶴庁舎;あいづみさとまちにいつるちょうしゃ;Aizumisato Town Niitsuru Government Office;37.51;139.83;0744700;1.0851
744735;会津美里町高田庁舎;あいづみさとまちたかだちょうしゃ;Aizumisato Town Takada Government Office;37.47;139.83;0744700;1.0768
736801;南会津町田島;みなみあいづまちたじま;Minamiaizu Town Tajima;37.20;139.77;0736800;0.7668
736820;南会津町界;みなみあいづまちさかい;Minamiaizu Town Sakai;37.27;139.54;0736800;0.6689
736821;南会津町滝原;みなみあいづまちたきはら;Minamiaizu Town Takihara;37.07;139.68;0736800;0.6689
736831;南会津町古町;みなみあいづまちふるまち;Minamiaizu Town Furu Town;37.18;139.53;0736800;0.8353
736832;南会津町山口;みなみあいづまちやまぐち;Minamiaizu Town Yamaguchi;37.22;139.54;0736800;0.6689
742130;会津坂下町市中三番甲;あいづばんげまちいちなかさんばんこう;Aizubange Town Ichinakasanbanko;37.56;139.82;0742100;1.1065
736833;南会津町松戸原;みなみあいづまちまっとのはら;Minamiaizu Town Mattonohara;37.09;139.53;0736800;0.7326
820121;水戸市千波町;みとしせんばちょう;Mito City Senba Town;36.37;140.45;0820100;1.3240
820132;水戸市内原町;みとしうちはらちょう;Mito City Uchihara Town;36.36;140.36;0820100;1.3782
820133;水戸市栗崎町;みとしくりさきちょう;Mito City Kurisaki Town;36.35;140.52;0820100;1.4890
820220;日立市助川小学校;ひたちしすけがわしょうがっこう;Hitachi City Sukegawa Elementary School;36.59;140.65;0820200;1.1398
820232;日立市役所;ひたちしやくしょ;Hitachi City Hall;36.60;140.65;0820200;1.1754
820233;日立市十王町友部;ひたちしじゅうおうちょうともべ;Hitachi City Juuo Town Tomobe;36.68;140.68;0820200;1.1212
821200;常陸太田市町屋町;ひたちおおたしまちやちょう;Hitachiota City Machiya Town;36.61;140.57;0821200;0.7830
821232;常陸太田市町田町;ひたちおおたしまちだちょう;Hitachiota City Machida Town;36.62;140.48;0821200;0.8906
821235;常陸太田市高柿町;ひたちおおたしたかがきちょう;Hitachiota City Takagaki Town;36.55;140.46;0821200;2.3348
821236;常陸太田市金井町;ひたちおおたしかないちょう;Hitachiota City Kanai Town;36.54;140.53;0821200;1.9578
821237;常陸太田市大中町;ひたちおおたしおおなかちょう;Hitachiota City Onaka Town;36.73;140.49;0821200;0.7587
821420;高萩市安良川;たかはぎしあらかわ;Takahagi City Arakawa;36.71;140.71;0821400;1.4418
821432;高萩市本町;たかはぎしほんちょう;Takahagi City Honcho;36.71;140.715;0821400;1.5426
821530;北茨城市磯原町;きたいばらきしいそはらちょう;Kitaibaraki City Isohara Town;36.80;140.75;0821500;0.9684
820101;水戸市金町;みとしかねまち;Mito City Kane Town;36.38;140.47;0820100;1.3282
821540;北茨城市中郷町;きたいばらきしなかごうちょう;Kitaibaraki City Nakago Town;36.78;140.73;0821500;1.5827
740821;猪苗代町下園;いなわしろまちしもぞの;Inawashiro Town Shimozono;37.56;140.12;0740800;1.8666
740731;磐梯町磐梯;ばんだいまちばんだい;Bandai Town Bandai;37.56;139.99;0740700;1.2866
754633;双葉町長塚;ふたばまちながつか;Futaba Town Nagatsuka;37.45;141.01;0754600;1.3827
754700;浪江町幾世橋;なみえまちきよはし;Namie Town Kiyohashi;37.49;141.00;0754700;2.0923
754830;葛尾村落合落合;かつらおむらおちあいおちあい;Katsurao Village Ochiaiochiai;37.50;140.76;0754800;0.8638
756132;新地町谷地小屋;しんちまちやちごや;Shinchi Town Yachigoya;37.88;140.92;0756100;1.7490
756431;飯舘村伊丹沢;いいたてむらいたみざわ;Iitate Village Itamizawa;37.68;140.74;0756400;0.5689
721200;南相馬市原町区三島町;みなみそうましはらまちくみしまちょう;Minamisoma City Hara Town Kumishima Town;37.64;140.96;0721200;0.9928
721201;南相馬市鹿島区栃窪;みなみそうましかしまくとちくぼ;Minamisoma City Kashima Ward Tochikubo;37.72;140.89;0721200;0.6689
721220;南相馬市原町区高見町;みなみそうましはらまちくたかみちょう;Minamisoma City Hara Town Kutakami Town;37.64;140.99;0721200;1.0493
721230;南相馬市原町区本町;みなみそうましはらまちくもとまち;Minamisoma City Hara Town Kumoto Town;37.64;140.965;0721200;1.0186
721233;南相馬市鹿島区西町;みなみそうましかしまくにしまち;Minamisoma City Kashima Ward Nishi Town;37.70;140.97;0721200;1.8267
721235;南相馬市小高区;みなみそうましおだかく;Minamisoma City Odaka Ward;37.57;140.99;0721200;0.9941
720201;会津若松市材木町;あいづわかまつしざいもくまち;Aizuwakamatsu City Zaimoku Town;37.49;139.91;0720200;1.0887
720231;会津若松市北会津町;あいづわかまつしきたあいづまち;Aizuwakamatsu City Kitaaizu Town;37.49;139.87;0720200;1.0887
720232;会津若松市河東町;あいづわかまつしかわひがしまち;Aizuwakamatsu City Kawahigashi Town;37.55;139.93;0720200;1.3748
740800;猪苗代町城南;いなわしろまちしろみなみ;Inawashiro Town Shirominami;37.56;140.10;0740800;1.9073
720234;会津若松市東栄町;あいづわかまつしひがしさかえまち;Aizuwakamatsu City Higashisakae Town;37.50;139.93;0720200;1.0774
720831;喜多方市熱塩加納町;きたかたしあつしおかのうまち;Kitakata City Atsushiokano Town;37.72;139.87;0720800;0.8176
720834;喜多方市高郷町;きたかたしたかさとまち;Kitakata City Takasato Town;37.60;139.76;0720800;0.8294
720835;喜多方市御清水;きたかたしおしみず;Kitakata City Oshimizu;37.65;139.88;0720800;1.0872
720836;喜多方市塩川町;きたかたししおかわまち;Kitakata City Shiokawa Town;37.60;139.89;0720800;1.1035
720837;喜多方市山都町;きたかたしやまとまち;Kitakata City Yamato Town;37.64;139.77;0720800;0.8234
736220;下郷町高陦;しもごうまちたかしま;Shimogo Town Takashima;37.31;139.90;0736200;0.7655
736230;下郷町塩生;しもごうまちしおのう;Shimogo Town Shiono;37.26;139.87;0736200;0.7961
736420;檜枝岐村上河原;ひのえまたむらかみがわら;Hinoemata Village Kamigawara;37.02;139.38;0736400;0.5689
736432;檜枝岐村下ノ原;ひのえまたむらしものはら;Hinoemata Village Shimonohara;37.02;139.39;0736400;0.5689
736720;只見町黒谷;ただみまちくろたに;Tadami Town Kurotani;37.30;139.36;0736700;0.7745
736730;只見町只見;ただみまちただみ;Tadami Town Tadami;37.35;139.32;0736700;0.8237
740231;北塩原村北山;きたしおばらむらきたやま;Kitashiobara Village Kitayama;37.66;139.94;0740200;0.6689
740501;西会津町野沢;にしあいづまちのざわ;Nishiaizu Town Nozawa;37.59;139.65;0740500;0.8844
740520;西会津町登世島;にしあいづまちとせじま;Nishiaizu Town Tosejima;37.60;139.65;0740500;0.8506
720820;喜多方市松山町;きたかたしまつやままち;Kitakata City Matsuyama Town;37.65;139.86;0720800;1.0806
822733;筑西市門井;ちくせいしかどい;Chikusei City Kadoi;36.33;140.03;0822700;1.5092
821620;笠間市石井;かさましいしい;Kasama City Ishii;36.39;140.24;0821600;0.9211
821632;笠間市下郷;かさまししもごう;Kasama City Shimogo;36.30;140.29;0821600;1.4195
821033;下妻市本城町;しもつましもとしろちょう;Shimotsuma City Motoshiro Town;36.18;139.97;0821000;1.9585
821034;下妻市鬼怒;しもつましきぬ;Shimotsuma City Kinu;36.16;139.96;0821000;2.0629
821720;取手市寺田;とりでしてらだ;Toride City Terada;35.91;140.05;0821700;1.4862
821730;取手市井野;とりでしいの;Toride City Ino;35.91;140.07;0821700;2.4403
821731;取手市藤代;とりでしふじしろ;Toride City Fujishiro;35.92;140.11;0821700;2.9598
821931;牛久市中央;うしくしちゅうおう;Ushiku City Chuuo;35.98;140.15;0821900;1.4541
822020;つくば市天王台;つくばしてんのうだい;Tsukuba City Tennodai;36.13;140.09;0822000;1.6760
822032;つくば市研究学園;つくばしけんきゅうがくえん;Tsukuba City Kenkyugakuen;36.08;140.08;0822000;1.4222
822033;つくば市小茎;つくばしおぐき;Tsukuba City Oguki;35.99;140.11;0822000;1.6471
822201;茨城鹿嶋市鉢形;いばらきかしましはちがた;Ibaraki Kashima City Hachigata;35.97;140.65;0822200;1.0823
822220;茨城鹿嶋市宮中;いばらきかしましきゅうちゅう;Ibaraki Kashima City Kyuchu;35.98;140.63;0822200;1.4076
822300;潮来市堀之内;いたこしほりのうち;Itako City Horinochi;35.97;140.53;0822300;1.9759
822331;潮来市辻;いたこしつじ;Itako City Tsuji;35.95;140.56;0822300;1.7484
844230;美浦村受領;みほむらうけりょう;Miho Village Ukeryo;36.00;140.30;0844200;1.6709
820831;龍ケ崎市役所;りゅうがさきしやくしょ;Ryugasaki City Hall;35.91;140.18;0820800;2.2885
844331;阿見町中央;あみまちちゅうおう;Ami Town Chuuo;36.03;140.21;0844300;1.6169
852131;八千代町菅谷;やちよまちすがや;Yachiyo Town Sugaya;36.18;139.89;0852100;1.4590
854230;五霞町小福田;ごかまちこふくだ;Goka Town Kofukuda;36.11;139.75;0854200;1.9404
854631;境町旭町;さかいまちあさひちょう;Sakai Town Asahi Town;36.11;139.79;0854600;1.8627
822431;守谷市大柏;もりやしおおがしわ;Moriya City Ogashiwa;35.95;139.98;0822400;1.5487
856400;利根町布川;とねまちふかわ;Tone Town Fukawa;35.86;140.14;0856400;1.1805
822800;坂東市岩井;ばんどうしいわい;Bando City Iwai;36.04;139.88;0822800;1.5621
822820;坂東市馬立;ばんどうしまたて;Bando City Matate;36.07;139.91;0822800;1.6075
822834;坂東市役所;ばんどうしやくしょ;Bando City Hall;36.05;139.89;0822800;1.6205
822835;坂東市山;ばんどうしやま;Bando City Yama;36.12;139.88;0822800;1.5400
822920;稲敷市江戸崎甲;いなしきしえどさきこう;Inashiki City Edosakiko;35.95;140.32;0822900;2.3338
822934;稲敷市役所;いなしきしやくしょ;Inashiki City Hall;35.97;140.30;0822900;1.3095
822935;稲敷市伊佐津;いなしきしいさつ;Inashiki City Isatsu;35.91;140.29;0822900;1.4109
822936;稲敷市結佐;いなしきしけっさ;Inashiki City Kessa;35.93;140.46;0822900;2.0817
822937;稲敷市須賀津;いなしきしすかつ;Inashiki City Sukatsu;35.97;140.41;0822900;1.6270
844730;河内町源清田;かわちまちげんせいだ;Kawachi Town Genseida;35.88;140.24;0844700;2.9299
821631;笠間市中央;かさましちゅうおう;Kasama City Chuuo;36.35;140.30;0821600;1.3993
820731;結城市中央町;ゆうきしちゅうおうちょう;Yuki City Chuuo Town;36.29;139.87;0820700;1.5751
820532;石岡市八郷;いしおかしやさと;Ishioka City Yasato;36.25;140.20;0820500;1.1775
821634;笠間市笠間;かさましかさま;Kasama City Kasama;36.38;140.25;0821600;0.8814
822100;ひたちなか市山ノ上町;ひたちなかしやまのうえちょう;Hitachinaka City Yamanoue Town;36.34;140.59;0822100;1.2370
822120;ひたちなか市南神敷台;ひたちなかしみなみかみしきだい;Hitachinaka City Minamikamishikidai;36.35;140.60;0822100;1.1354
822131;ひたちなか市東石川;ひたちなかしひがしいしかわ;Hitachinaka City Higashiishikawa;36.40;140.54;0822100;1.1059
830231;茨城町小堤;いばらきまちおづつみ;Ibaraki Machiozutsumi;36.29;140.42;0830200;2.2623
830931;大洗町磯浜町;おおあらいまちいそはまちょう;Ooarai Town Isohama Town;36.32;140.58;0830900;1.2415
834132;東海村東海;とうかいむらとうかい;Tokai Village Tokai;36.47;140.57;0834100;1.3370
836430;大子町池田;だいごまちいけだ;Daigo Town Ikeda;36.78;140.36;0836400;0.7844
822500;常陸大宮市中富町;ひたちおおみやしなかとみちょう;Hitachiomiya City Nakatomi Town;36.54;140.41;0822500;1.2257
822521;常陸大宮市北町;ひたちおおみやしきたちょう;Hitachiomiya City Kita Town;36.55;140.41;0822500;1.0093
822535;常陸大宮市高部;ひたちおおみやしたかぶ;Hitachiomiya City Takabu;36.66;140.30;0822500;0.6515
822536;常陸大宮市上小瀬;ひたちおおみやしかみおせ;Hitachiomiya City Kamiose;36.61;140.32;0822500;0.8893
822537;常陸大宮市山方;ひたちおおみやしやまがた;Hitachiomiya City Yamagata;36.63;140.40;0822500;0.9961
822538;常陸大宮市野口;ひたちおおみやしのぐち;Hitachiomiya City Noguchi;36.56;140.32;0822500;1.0228
820533;石岡市石岡;いしおかしいしおか;Ishioka City Ishioka;36.19;140.29;0820500;1.6279
822630;那珂市福田;なかしふくだ;Naka City Fukuda;36.46;140.49;0822600;1.3355
831034;城里町石塚;しろさとまちいしつか;Shirosato Town Ishitsuka;36.48;140.38;0831000;1.1791
831035;城里町阿波山;しろさとまちあわやま;Shirosato Town Awayama;36.52;140.37;0831000;1.2766
831037;城里町徳蔵;しろさとまちとくら;Shirosato Town Tokura;36.46;140.26;0831000;0.7131
823633;小美玉市小川;おみたましおがわ;Omitama City Ogawa;36.18;140.36;0823600;1.5873
823634;小美玉市堅倉;おみたましかたくら;Omitama City Katakura;36.24;140.35;0823600;1.5144
823635;小美玉市上玉里;おみたましかみたまり;Omitama City Kamitamari;36.16;140.34;0823600;1.5779
820301;土浦市常名;つちうらしひたな;Tsuchiura City Hitana;36.10;140.19;0820300;1.4913
820332;土浦市田中;つちうらしたなか;Tsuchiura City Tanaka;36.09;140.19;0820300;1.8215
820333;土浦市藤沢;つちうらしふじさわ;Tsuchiura City Fujisawa;36.13;140.16;0820300;1.3472
820432;茨城古河市仁連;いばらきこがしにれい;Ibaraki Koga City Nirei;36.19;139.82;0820400;1.6931
820433;茨城古河市長谷町;いばらきこがしはせまち;Ibaraki Koga City Hase Town;36.18;139.70;0820400;1.8679
820434;茨城古河市下大野;いばらきこがししもおおの;Ibaraki Koga City Shimoono;36.18;139.76;0820400;1.5977
820500;石岡市柿岡;いしおかしかきおか;Ishioka City Kakioka;36.23;140.19;0820500;1.1737
820520;石岡市若宮;いしおかしわかみや;Ishioka City Wakamiya;36.20;140.27;0820500;1.5090
822631;那珂市瓜連;なかしうりづら;Naka City Urizura;36.50;140.44;0822600;1.3463
421532;大崎市鹿島台;おおさきしかしまだい;Osaki City Kashimadai;38.48;141.10;0421500;2.1192
421531;大崎市三本木;おおさきしさんぼんぎ;Osaki City Sanbongi;38.52;140.94;0421500;1.0301
421530;大崎市松山;おおさきしまつやま;Osaki City Matsuyama;38.51;141.06;0421500;1.3018
148520;初山別村初山別;しょさんべつむらしょさんべつ;Shosanbetsu Village Shosanbetsu;44.53;141.77;0148500;1.8952
148620;遠別町本町;えんべつちょうほんちょう;Enbetsu Town Honcho;44.72;141.79;0148600;1.9638
148720;天塩町川口;てしおちょうかわぐち;Teshio Town Kawaguchi;44.88;141.75;0148700;1.8484
121201;留萌市大町;るもいしおおまち;Rumoi City O Town;43.95;141.63;0121200;1.5769
121220;留萌市幸町;るもいしさいわいちょう;Rumoi City Saiwai Town;43.94;141.64;0121200;0.9533
148120;増毛町見晴町;ましけちょうみはらしちょう;Mashike Town Miharashi Town;43.85;141.53;0148100;0.8874
148121;増毛町岩尾;ましけちょういわお;Mashike Town Iwao;43.77;141.37;0148100;0.8389
148220;小平町鬼鹿;おびらちょうおにしか;Obira Town Onishika;44.15;141.66;0148200;1.1167
148221;小平町達布;おびらちょうたっぷ;Obira Town Tappu;44.05;141.86;0148200;0.8850
121401;稚内市恵北;わっかないしけいほく;Wakkanai City Keihoku;45.32;141.89;0121400;0.8855
121402;稚内市開運;わっかないしかいうん;Wakkanai City Kaiun;45.42;141.68;0121400;1.4761
121420;稚内市中央;わっかないしちゅうおう;Wakkanai City Chuuo;45.42;141.67;0121400;1.1167
121421;稚内市宗谷岬;わっかないしそうやみさき;Wakkanai City Soyamisaki;45.51;141.95;0121400;0.9215
121423;稚内市沼川;わっかないしぬまかわ;Wakkanai City Numakawa;45.25;141.85;0121400;2.0978
148500;初山別村有明;しょさんべつむらありあけ;Shosanbetsu Village Ariake;44.40;141.85;0148500;1.0348
151121;猿払村浅茅野;さるふつむらあさじの;Sarufutsu Village Asajino;45.21;142.23;0151100;1.9258
151620;豊富町西６条;とよとみちょうにしろくじょう;Toyotomi Town Nishi 6-jo;45.10;141.77;0151600;1.3876
152031;幌延町宮園町;ほろのべちょうみやぞのまち;Horonobe Town Miyazono Town;45.02;141.85;0152000;1.0174
151220;浜頓別町クッチャロ;はまとんべつちょうくっちゃろ;Hamatonbetsu Town Kutcharo;45.13;142.35;0151200;1.2185
151320;中頓別町中頓別;なかとんべつちょうなかとんべつ;Nakatonbetsu Town Nakatonbetsu;44.97;142.29;0151300;1.2681
151401;宗谷枝幸町岬町;そうやえさしちょうみさきちょう;Soyaesashi Town Misaki Town;44.96;142.58;0151400;0.9804
151403;宗谷枝幸町本町;そうやえさしちょうほんちょう;Soyaesashi Town Honcho;44.94;142.59;0151400;1.5769
151420;宗谷枝幸町栄町;そうやえさしちょうさかえちょう;Soyaesashi Town Sakae Town;44.94;142.57;0151400;0.9994
151421;宗谷枝幸町歌登東町;そうやえさしちょううたのぼりひがしまち;Soyaesashi Town Utanobori Higashi Town;44.84;142.48;0151400;1.4300
151422;宗谷枝幸町風烈布;そうやえさしちょうふうれっぷ;Soyaesashi Town Fureppu;44.74;142.76;0151400;1.5534
151700;礼文町上泊埼;れぶんちょううえどまりさき;Rebun Town Uedomarisaki;45.42;141.07;0151700;0.0000
151720;礼文町香深;れぶんちょうかふか;Rebun Town Kafuka;45.30;141.05;0151700;0.0000
151721;礼文町船泊;れぶんちょうふなどまり;Rebun Town Funadomari;45.44;141.04;0151700;0.9068
151831;利尻町沓形;りしりちょうくつがた;Rishiri Town Kutsugata;45.19;141.14;0151800;0.0000
151900;利尻富士町鬼脇;りしりふじちょうおにわき;Rishirifuji Town Oniwaki;45.14;141.31;0151900;1.2623
151122;猿払村浜鬼志別;さるふつむらはまおにしべつ;Sarufutsu Village Hamaonishibetsu;45.33;142.17;0151100;1.2691
151920;利尻富士町鴛泊;りしりふじちょうおしどまり;Rishirifuji Town Oshidomari;45.25;141.22;0151900;0.0000
148420;羽幌町南町;はぼろちょうみなみまち;Haboro Town Minami Town;44.36;141.70499999999998;0148400;1.2010
148400;羽幌町南３条;はぼろちょうみなみさんじょう;Haboro Town Minami 3-jo;44.36;141.70;0148400;1.2028
146420;和寒町西町;わっさむちょうにしまち;Wassamu Town Nishi Town;44.02;142.41;0146400;1.0380
146531;剣淵町仲町;けんぶちちょうなかまち;Kenbuchi Town Naka Town;44.10;142.36;0146500;1.0114
146820;下川町北町;しもかわちょうきたまち;Shimokawa Town Kita Town;44.31;142.64;0146800;0.8393
146920;美深町西町;びふかちょうにしまち;Bifuka Town Nishi Town;44.48;142.34;0146900;1.9670
146921;美深町仁宇布;びふかちょうにうぷ;Bifuka Town Niupu;44.54;142.57;0146900;0.9994
147020;音威子府村音威子府;おといねっぷむらおといねっぷ;Otoineppu Village Otoineppu;44.73;142.26;0147000;1.1815
147120;上川中川町中川;かみかわなかがわちょうなかがわ;Kamikawanakagawa Town Nakagawa;44.81;142.07;0147100;2.0566
147220;幌加内町平和;ほろかないちょうへいわ;Horokanai Town Heiwa;44.01;142.15;0147200;1.9038
147221;幌加内町朱鞠内;ほろかないちょうしゅまりない;Horokanai Town Shumarinai;44.28;142.16;0147200;0.9220
120401;旭川市宮前１条;あさひかわしみやまえいちじょう;Asahikawa City 1-jo;43.76;142.37;0120400;1.1328
120420;旭川市７条;あさひかわしななじょう;Asahikawa City 7-jo;43.77;142.36;0120400;1.1419
145231;鷹栖町南１条;たかすちょうみなみいちじょう;Takasu Town Minami 1-jo;43.84;142.35;0145200;1.1392
145332;東神楽町南１条;ひがしかぐらちょうみなみいちじょう;Higashikagura Town Minami 1-jo;43.70;142.45;0145300;1.0988
145431;当麻町３条;とうまちょうさんじょう;Toma Town 3-jo;43.83;142.51;0145400;1.1137
148401;羽幌町焼尻;はぼろちょうやぎしり;Haboro Town Yagishiri;44.43;141.42;0148400;1.1167
145531;比布町北町;ぴっぷちょうきたまち;Pippu Town Kita Town;43.88;142.48;0145500;1.1107
145701;上川地方上川町越路;かみかわちほうかみかわちょうこしじ;Kamikawachihokamikawa Town Koshiji;43.88;142.74;0145700;0.5689
145720;上川地方上川町花園町;かみかわちほうかみかわちょうはなぞのちょう;Kamikawachihokamikawa Town Hanazono Town;43.85;142.77;0145700;0.8082
145721;上川地方上川町清川;かみかわちほうかみかわちょうきよかわ;Kamikawachihokamikawa Town Kiyokawa;43.77;142.90;0145700;1.1351
145830;東川町東町;ひがしかわちょうひがしまち;Higashikawa Town Higashi Town;43.70;142.51;0145800;1.0799
145920;美瑛町本町;びえいちょうもとまち;Biei Town Moto Town;43.59;142.47;0145900;1.0727
145921;美瑛町忠別;びえいちょうちゅうべつ;Biei Town Chubetsu;43.62;142.68;0145900;0.9882
122900;富良野市若松町;ふらのしわかまつちょう;Furano City Wakamatsu Town;43.35;142.38;0122900;1.9458
122920;富良野市末広町;ふらのしすえひろちょう;Furano City Suehiro Town;43.34;142.38;0122900;1.9397
146000;上富良野町大町;かみふらのちょうおおまち;Kamifurano Town O Town;43.46;142.47;0146000;1.0767
146131;中富良野町本町;なかふらのちょうもとまち;Nakafurano Town Moto Town;43.41;142.43;0146100;1.4033
146200;南富良野町幾寅;みなみふらのちょういくとら;Minamifurano Town Ikutora;43.17;142.59;0146200;1.2761
146220;南富良野町役場;みなみふらのちょうやくば;Minamifurano Town Town Office;43.17;142.57;0146200;0.9220
146320;占冠村中央;しむかっぷむらちゅうおう;Shimukappu Village Chuuo;42.98;142.40;0146300;0.8097
148331;苫前町旭;とままえちょうあさひ;Tomamae Town Asahi;44.31;141.65;0148300;1.1259
145620;愛別町南町;あいべつちょうみなみまち;Aibetsu Town Minami Town;43.91;142.57;0145600;1.0739
122131;名寄市風連町;なよろしふうれんちょう;Nayoro City Furen Town;44.29;142.41;0122100;1.1557
121100;網走市台町;あばしりしだいまち;Abashiri City Dai Town;44.02;144.28;0121100;1.0264
154301;美幌町東３条;びほろちょうひがしさんじょう;Bihoro Town Higashi 3-jo;43.82;144.10;0154300;0.9623
158432;洞爺湖町栄町;とうやこちょうさかえちょう;Toyako Town Sakae Town;42.55;140.76;0158400;1.4425
158433;洞爺湖町洞爺町;とうやこちょうとうやまち;Toyako Town Toya Town;42.65;140.83;0158400;1.1097
120501;室蘭市山手町;むろらんしやまてちょう;Muroran City Yamate Town;42.31;140.98;0120500;0.9205
120520;室蘭市寿町;むろらんしことぶきちょう;Muroran City Kotobuki Town;42.35;141.03;0120500;1.7490
121301;苫小牧市末広町;とまこまいしすえひろちょう;Tomakomai City Suehiro Town;42.64;141.61;0121300;1.4425
121320;苫小牧市旭町;とまこまいしあさひまち;Tomakomai City Asahi Town;42.63;141.61;0121300;1.8484
123000;登別市鉱山;のぼりべつしこうざん;Noboribetsu City Kozan;42.47;141.03;0123000;0.6689
123020;登別市桜木町;のぼりべつしさくらぎちょう;Noboribetsu City Sakuragi Town;42.42;141.08;0123000;1.5263
157801;白老町竹浦;しらおいちょうたけうら;Shiraoi Town Takeura;42.49;141.25;0157800;2.2209
157820;白老町緑丘;しらおいちょうみどりがおか;Shiraoi Town Midorigaoka;42.56;141.35;0157800;2.2889
158100;厚真町鹿沼;あつまちょうしかぬま;Atsuma Town Shikanuma;42.62;141.92;0158100;1.5716
158131;厚真町京町;あつまちょうきょうまち;Atsuma Town Kyo Town;42.72;141.88;0158100;1.9397
158520;安平町早来北進;あびらちょうはやきたほくしん;Abira Town Hayakitahokushin;42.77;141.82;0158500;1.3026
158521;安平町追分柏が丘;あびらちょうおいわけかしわがおか;Abira Town Oiwakekashiwagaoka;42.87;141.82;0158500;1.3036
157520;壮瞥町滝之町;そうべつちょうたきのまち;Sobetsu Town Takino Town;42.55;140.89;0157500;1.0647
158620;むかわ町松風;むかわちょうまつかぜ;Mukawa Town Matsukaze;42.57;141.93;0158600;1.9393
160120;日高地方日高町日高;ひだかちほうひだかちょうひだか;Hidakachihohidaka Town Hidaka;42.88;142.45;0160100;0.8076
160121;日高地方日高町門別;ひだかちほうひだかちょうもんべつ;Hidakachihohidaka Town Monbetsu;42.48;142.05;0160100;1.4425
160200;平取町仁世宇;びらとりちょうにせう;Biratori Town Niseu;42.78;142.36;0160200;0.9781
160220;平取町本町;びらとりちょうほんちょう;Biratori Town Honcho;42.59;142.13;0160200;1.1881
160221;平取町振内;びらとりちょうふれない;Biratori Town Furenai;42.73;142.30;0160200;0.8837
160431;新冠町北星町;にいかっぷちょうほくせいちょう;Niikappu Town Hokusei Town;42.36;142.32;0160400;2.1645
161001;新ひだか町静内山手町;しんひだかちょうしずないやまてちょう;Shinhidaka Town Shizunaiyamate Town;42.34;142.36;0161000;1.8952
161002;新ひだか町静内御園;しんひだかちょうしずないみその;Shinhidaka Town Shizunaimisono;42.41;142.47;0161000;0.9251
161020;新ひだか町静内御幸町;しんひだかちょうしずないみゆきちょう;Shinhidaka Town Shizunaimiyuki Town;42.34;142.37;0161000;2.1904
161021;新ひだか町三石旭町;しんひだかちょうみついしあさひまち;Shinhidaka Town Mitsuishiasahi Town;42.25;142.56;0161000;0.9176
161022;新ひだか町静内農屋;しんひだかちょうしずないのや;Shinhidaka Town Shizunainoya;42.42;142.50;0161000;1.1515
160701;浦河町野深;うらかわちょうのぶか;Urakawa Town Nobuka;42.28;142.75;0160700;0.8662
160702;浦河町潮見;うらかわちょうしおみ;Urakawa Town Shiomi;42.16;142.78;0160700;1.4425
160720;浦河町築地;うらかわちょうつきじ;Urakawa Town Tsukiji;42.17;142.77;0160700;0.9308
158621;むかわ町穂別;むかわちょうほべつ;Mukawa Town Hobetsu;42.76;142.13;0158600;0.6689
121121;網走市北２条;あばしりしきたにじょう;Abashiri City Kita 2-jo;44.02;144.26;0121100;1.7835
157120;豊浦町大岸;とようらちょうおおきし;Toyora Town Okishi;42.59;140.64;0157100;1.7490
123320;胆振伊達市末永町;いぶりだてしすえながちょう;Iburidate City Suenaga Town;42.47;140.87;0123300;1.4693
154420;津別町幸町;つべつちょうさいわいまち;Tsubetsu Town Saiwai Town;43.71;144.03;0154400;0.9010
154500;斜里町本町;しゃりちょうほんまち;Shari Town Hon Town;43.91;144.67;0154500;2.0388
154521;斜里町ウトロ香川;しゃりちょううとろかがわ;Shari Town Utorokagawa;44.07;145.00;0154500;1.1167
154631;清里町羽衣町;きよさとちょうはごろもまち;Kiyosato Town Hagoromo Town;43.84;144.59;0154600;1.2936
154721;小清水町小清水;こしみずちょうこしみず;Koshimizu Town Koshimizu;43.86;144.46;0154700;1.6734
156432;大空町東藻琴;おおぞらちょうひがしもこと;Ozora Town Higashimokoto;43.84;144.29;0156400;1.2247
156433;大空町女満別西３条;おおぞらちょうめまんべつにしさんじょう;Ozora Town Nishi 3-jo;43.91;144.17;0156400;1.5472
120800;北見市公園町;きたみしこうえんちょう;Kitami City Park Cho;43.82;143.90;0120800;1.3630
120803;北見市常呂町東浜;きたみしところちょうひがしはま;Kitami City Tokoro Town Higashihama;44.12;144.09;0120800;1.0627
120804;北見市留辺蘂町温根湯温泉;きたみしるべしべちょうおんねゆおんせん;Kitami City Rubeshibe Town Onneyu Onsen;43.76;143.51;0120800;0.9121
120820;北見市南仲町;きたみしみなみなかまち;Kitami City Minaminaka Town;43.80;143.90;0120800;0.9399
120821;北見市常呂町常呂;きたみしところちょうところ;Kitami City Tokoro Town Tokoro;44.12;144.07;0120800;1.4425
120822;北見市留辺蘂町栄町;きたみしるべしべちょうさかえまち;Kitami City Rubeshibechosakae Town Town;43.78;143.61;0120800;0.8828
120823;北見市留辺蘂町富士見;きたみしるべしべちょうふじみ;Kitami City Rubeshibe Town Fujimi;43.67;143.31;0120800;0.6689
123321;胆振伊達市大滝区本町;いぶりだてしおおたきくほんちょう;Iburidate City Otaki Ward Honcho;42.67;141.08;0123300;0.8607
120831;北見市端野町二区;きたみしたんのちょうにく;Kitami City Tanno Town Ni Ward;43.86;143.95;0120800;1.0382
155020;置戸町拓殖;おけとちょうたくしょく;Oketo Town Takushoku;43.67;143.58;0155000;0.9420
121901;紋別市南が丘町;もんべつしみなみがおかちょう;Monbetsu City Minamigaoka Town;44.35;143.36;0121900;1.4761
121921;紋別市北浜町;もんべつしきたはまちょう;Monbetsu City Kitahama Town;44.37;143.35;0121900;1.1650
155500;遠軽町丸瀬布金湧山;えんがるちょうまるせっぷきんゆうざん;Engaru Town Maruseppukinyuzan;44.01;143.36;0155500;0.5689
155520;遠軽町学田;えんがるちょうがくでん;Engaru Town Gakuden;44.09;143.53;0155500;1.1900
155521;遠軽町白滝;えんがるちょうしらたき;Engaru Town Shirataki;43.88;143.17;0155500;0.7756
155531;遠軽町生田原;えんがるちょういくたはら;Engaru Town Ikutahara;43.92;143.53;0155500;0.8087
155920;湧別町栄町;ゆうべつちょうさかえまち;Yubetsu Town Sakaemachi;44.22;143.62;0155900;1.9750
155931;湧別町上湧別;ゆうべつちょうかみゆうべつ;Yubetsu Town Kamiyubetsu;44.15;143.57;0155900;1.2657
156020;滝上町旭町;たきのうえちょうあさひまち;Takinoue Town Asahi Town;44.19;143.08;0156000;1.0230
156120;興部町興部;おこっぺちょうおこっぺ;Okoppe Town Okoppe;44.48;143.13;0156100;1.9750
156220;西興部村西興部;にしおこっぺむらにしおこっぺ;Nishiokoppe Village Nishiokoppe;44.33;142.95;0156200;0.8471
156301;雄武町雄武;おうむちょうおうむ;Omu Town Omu;44.58;142.96;0156300;1.1579
123300;胆振伊達市梅本;いぶりだてしうめもと;Iburidate City Umemoto;42.47;140.88;0123300;1.3200
154931;訓子府町東町;くんねっぷちょうひがしまち;Kunneppu Town Higashi Town;43.73;143.74;0154900;1.1514
160820;様似町栄町;さまにちょうさかえまち;Samani Town Sakaemachi;42.13;142.94;0160800;1.7490
122120;名寄市西５条;なよろしにしごじょう;Nayoro City Nishi 5-jo;44.36;142.45;0122100;1.9397
122021;士別市東３条;しべつしひがしさんじょう;Shibetsu City Higashi 3-jo;44.18;142.39;0122000;1.9307
120201;函館市尾札部町;はこだてしおさつべちょう;Hakodate City Osatsube Town;41.89;141.03;0120200;1.2366
120202;函館市美原;はこだてしみはら;Hakodate City Mihara;41.82;140.75;0120200;1.0902
120220;函館市大森町;はこだてしおおもりちょう;Hakodate City Omori Town;41.77;140.74;0120200;1.4425
120221;函館市泊町;はこだてしとまりまち;Hakodate City Tomari Town;41.72;141.00;0120200;0.6689
120222;函館市新浜町;はこだてししんはまちょう;Hakodate City Shinha Town;41.83;141.14;0120200;1.3049
120223;函館市川汲町;はこだてしかっくみちょう;Hakodate City Kakkumi Town;41.91;140.97;0120200;0.9316
120231;函館市日ノ浜町;はこだてしひのはまちょう;Hakodate City Hinohama Town;41.79;141.11;0120200;1.1785
133701;七飯町桜町;ななえちょうさくらまち;Nanae Town Sakura Town;41.90;140.69;0133700;1.1687
133720;七飯町本町;ななえちょうほんちょう;Nanae Town Honcho;41.90;140.70;0133700;0.8455
134320;鹿部町宮浜;しかべちょうみやはま;Shikabe Town Miyahama;42.04;140.81;0134300;1.4454
134503;渡島森町御幸町;おしまもりまちみゆきちょう;Oshima Mori Town Miyuki Town;42.11;140.58;0134500;1.4425
134520;渡島森町上台町;おしまもりまちうわだいちょう;Oshima Mori Town Uwadai Town;42.10;140.56;0134500;1.2737
134531;渡島森町砂原;おしまもりまちさわら;Oshima Mori Town Sawara;42.12;140.67;0134500;1.2652
123632;渡島北斗市中央;おしまほくとしちゅうおう;Oshima Mahokuto City Chuuo;41.82;140.65;0123600;1.4425
134720;長万部町平里;おしゃまんべちょうひらさと;Oshamanbe Town Hirasato;42.49;140.35;0134700;1.7835
123633;渡島北斗市本町;おしまほくとしほんちょう;Oshima Hokuto City Honcho;41.88;140.64;0123600;1.2708
133101;渡島松前町清部;おしままつまえちょうきよべ;Oshima Matsumae Town Kiyobe;41.52;140.01;0133100;0.8860
133220;福島町福島;ふくしまちょうふくしま;Fukushima Town Fukushima;41.49;140.25;0133200;1.4148
133300;知内町小谷石;しりうちちょうこたにいし;Shiriuchi Town Kotaniishi;41.53;140.41;0133300;0.8125
133331;知内町重内;しりうちちょうおもない;Shiriuchi Town Omonai;41.60;140.42;0133300;1.4425
133421;木古内町木古内;きこないちょうきこない;Kikonai Town Kikonai;41.68;140.43;0133400;1.5058
136101;檜山江差町姥神;ひやまえさしちょううばがみ;Hiyamaesashi Town Ubagami;41.87;140.12;0136100;0.0000
136120;檜山江差町中歌町;ひやまえさしちょうなかうたちょう;Hiyamaesashi Town Nakauta Town;41.87;140.13;0136100;1.8779
136220;上ノ国町湯ノ岱;かみのくにちょうゆのたい;Kaminokuni Town Yunotai;41.75;140.25;0136200;0.6689
136221;上ノ国町小砂子;かみのくにちょうちいさご;Kaminokuni Town Chiisago;41.65;140.00;0136200;1.0910
136231;上ノ国町大留;かみのくにちょうおおどめ;Kaminokuni Town Odome;41.80;140.12;0136200;1.9397
136320;厚沢部町木間内;あっさぶちょうきまない;Assabu Town Kimanai;41.94;140.37;0136300;0.8292
136331;厚沢部町新町;あっさぶちょうしんまち;Assabu Town Shinmachi;41.92;140.23;0136300;1.9931
136431;乙部町緑町;おとべちょうみどりまち;Otobe Town Midori Town;41.97;140.14;0136400;0.9932
137020;今金町今金;いまかねちょういまかね;Imakane Town Imakane;42.43;140.02;0137000;0.8845
133100;渡島松前町福山;おしままつまえちょうふくやま;Oshimamatsumae Town Fukuyama;41.43;140.11;0133100;1.5327
137100;せたな町北檜山区豊岡;せたなちょうきたひやまくとよおか;Setana Town Kitahiyama Ward Toyoka;42.42;139.88;0137100;2.1685
134621;八雲町熊石雲石町;やくもちょうくまいしうんせきちょう;Yakumo Town Kumaishiunseki Town;42.13;139.98;0134600;1.2074
134601;八雲町上の湯;やくもちょうかみのゆ;Yakumo Town Kaminoyu;42.12;140.37;0134600;0.8636
123501;石狩市聚富;いしかりししっぷ;Ishikari City Shippu;43.28;141.42;0123500;1.0331
123520;石狩市厚田;いしかりしあつた;Ishikari City Atsuta;43.40;141.43;0123500;1.4425
123521;石狩市浜益;いしかりしはまます;Ishikari City Hamamasu;43.60;141.39;0123500;0.9072
123522;石狩市花畔;いしかりしばんなぐろ;Ishikari City Bannaguro;43.17;141.30;0123500;1.4425
130320;当別町白樺;とうべつちょうしらかば;Tobetsu Town Shirakaba;43.22;141.52;0130300;1.7470
130431;新篠津村第４７線;しんしのつむらだいよんじゅうななせん;Shinshinotsu Village 47th Line;43.23;141.65;0130400;1.7942
110100;札幌中央区北２条;さっぽろちゅうおうくきたにじょう;Sapporo Chuuo Ward Kita 2-jo;43.06;141.33;0110100;1.3041
110140;札幌中央区南４条;さっぽろちゅうおうくみなみよじょう;Sapporo Chuuo Ward Minami 4-jo;43.05;141.34;0110100;1.2668
110220;札幌北区太平;さっぽろきたくたいへい;Sapporo Kita Ward Taihei;43.14;141.35;0110200;2.3090
110240;札幌北区篠路;さっぽろきたくしのろ;Sapporo Kita Ward Shinoro;43.14;141.36;0110200;2.2989
110241;札幌北区新琴似;さっぽろきたくしんことに;Sapporo Kita Ward Shinkotoni;43.11;141.33;0110200;2.2236
110341;札幌東区元町;さっぽろひがしくもとまち;Sapporo Higashi Ward Motomachi;43.09;141.37;0110300;2.1974
110441;札幌白石区北郷;さっぽろしろいしくきたごう;Sapporo Shiroishi Ward Kitago;43.06;141.42;0110400;1.4985
110540;札幌豊平区月寒東;さっぽろとよひらくつきさむひがし;Sapporo Toyohira Ward Tsukisamuhigashi;43.03;141.40;0110500;1.4057
134620;八雲町住初町;やくもちょうすみぞめちょう;Yakumo Town Sumizome Town;42.26;140.26;0134600;1.9397
110621;札幌南区定山渓温泉;さっぽろみなみくじょうざんけいおんせん;Sapporo Minami Ward Jozankei Onsen;42.97;141.18;0110600;0.7904
110643;札幌南区石山;さっぽろみなみくいしやま;Sapporo Minami Ward Ishiyama;42.97;141.33;0110600;0.8255
110740;札幌西区琴似;さっぽろにしくことに;Sapporo Nishi Ward Kotoni;43.07;141.30;0110700;1.2561
110840;札幌厚別区もみじ台;さっぽろあつべつくもみじだい;Sapporo Atsubetsu Ward Momijidai;43.03;141.49;0110800;1.3036
110940;札幌手稲区前田;さっぽろていねくまえだ;Sapporo Teine Ward Maeda;43.12;141.26;0110900;2.1574
121700;江別市高砂町;えべつしたかさごちょう;Ebetsu City Takasago Town;43.10;141.54;0121700;1.5503
121720;江別市緑町;えべつしみどりまち;Ebetsu City Midori Town;43.12;141.55;0121700;2.2284
111040;札幌清田区平岡;さっぽろきよたくひらおか;Sapporo Kiyota Ward Hiraoka;43.00;141.44;0111000;1.3317
122400;千歳市北栄;ちとせしほくえい;Chitose City Hokuei;42.83;141.64;0122400;1.4905
122401;新千歳空港;しんちとせくうこう;Shinchitose Airport;42.78;141.68;0122400;1.6309
122420;千歳市若草;ちとせしわかくさ;Chitose City Wakakusa;42.79;141.60;0122400;1.3956
122421;千歳市支笏湖温泉;ちとせししこつこおんせん;Chitose City Shikotsuko Onsen;42.78;141.40;0122400;0.6689
123100;恵庭市漁平;えにわしいざりだいら;Eniwa City Izaridaira;42.84;141.45;0123100;1.3612
123130;恵庭市京町;えにわしきょうまち;Eniwa City Kyo Town;42.88;141.58;0123100;1.2447
123421;北広島市中の沢;きたひろしましなかのさわ;Kitahiroshima City Nakanosawa;42.97;141.52;0123400;1.3937
110642;札幌南区川沿;さっぽろみなみくかわぞえ;Sapporo Minami Ward Kawazoe;43.00;141.33;0110600;1.2000
122100;名寄市大通;なよろしおおどおり;Nayoro City Odori;44.36;142.46;0122100;1.1755
137120;せたな町大成区都;せたなちょうたいせいくみやこ;Setana Town Taisei Ward Miyako;42.23;139.82;0137100;0.8507
137122;せたな町瀬棚区北島歌;せたなちょうせたなくきたしまうた;Setana Town Setana Ward Kitashimauta;42.59;139.83;0137100;0.6689
143700;北竜町竜西;ほくりゅうちょうりゅうさい;Hokuryu Town Ryusai;43.75;141.72;0143700;0.6689
143731;北竜町和;ほくりゅうちょうやわら;Hokuryu Town Yawara;43.73;141.88;0143700;1.2397
143820;沼田町沼田;ぬまたちょうぬまた;Numata Town Numata;43.80;141.93;0143800;2.0428
121600;芦別市旭町;あしべつしあさひちょう;Ashibetsu City Asahi Town;43.51;142.22;0121600;0.6689
121620;芦別市北２条;あしべつしきたにじょう;Ashibetsu City Kita 2-jo;43.52;142.19;0121600;0.8841
121831;赤平市泉町;あかびらしいずみまち;Akabira City Izumi Town;43.56;142.04;0121800;1.1723
122500;滝川市大町;たきかわしおおまち;Takikawa City O Town;43.56;141.91;0122500;1.2721
122520;滝川市新町;たきかわししんまち;Takikawa City Shinmachi;43.55;141.92;0122500;1.3206
122632;砂川市西７条;すながわしにしななじょう;Sunagawa City Nishi 7-jo;43.49;141.90;0122600;1.9397
122731;歌志内市本町;うたしないしほんちょう;Utashinai City Honcho;43.52;142.03;0122700;0.8588
142432;奈井江町奈井江;ないえちょうないえ;Naie Town Naie;43.43;141.88;0142400;1.2929
142532;上砂川町上砂川;かみすながわちょうかみすながわ;Kamisunagawa Town Kamisunagawa;43.48;141.98;0142500;0.6689
143130;浦臼町ウラウスナイ;うらうすちょううらうすない;Urausu Town Urausunai;43.43;141.82;0143100;1.2833
143232;新十津川町中央;しんとつかわちょうちゅうおう;Shintotsukawa Town Chuuo;43.55;141.88;0143200;1.6492
143431;秩父別町役場;ちっぷべつちょうやくば;Chippubetsu Town Town Office;43.77;141.96;0143400;1.5760
143632;雨竜町フシコウリウ;うりゅうちょうふしこうりう;Uryu Town Fushikoriu;43.64;141.89;0143600;1.0761
121000;岩見沢市５条;いわみざわしごじょう;Iwamizawa City 5-jo;43.21;141.79;0121000;0.9401
121021;岩見沢市鳩が丘;いわみざわしはとがおか;Iwamizawa City Hatogaoka;43.20;141.78;0121000;0.9709
121032;岩見沢市北村赤川;いわみざわしきたむらあかがわ;Iwamizawa City Kita Village Akagawa;43.26;141.70;0121000;2.2351
121034;岩見沢市栗沢町東本町;いわみざわしくりさわちょうひがしほんちょう;Iwamizawa City Kurisawa Town Higashihon Town;43.12;141.75;0121000;0.9489
121501;美唄市西５条;びばいしにしごじょう;Bibai City Nishi 5-jo;43.33;141.85;0121500;1.2712
121520;美唄市西３条;びばいしにしさんじょう;Bibai City Nishi 3-jo;43.33;141.86;0121500;1.2680
122231;三笠市幸町;みかさしさいわいちょう;Mikasa City Saiwai Town;43.25;141.88;0122200;0.8963
142331;南幌町栄町;なんぽろちょうさかえまち;Nanporo Town Sakaemachi;43.06;141.65;0142300;2.2163
142720;由仁町新光;ゆにちょうしんこう;Yuni Town Shinko;43.00;141.79;0142700;1.9955
142831;長沼町中央;ながぬまちょうちゅうおう;Naganuma Town Chuuo;43.01;141.70;0142800;2.1385
142931;栗山町松風;くりやまちょうまつかぜ;Kuriyama Town Matsukaze;43.06;141.78;0142900;2.0209
143020;月形町円山公園;つきがたちょうまるやまこうえん;Tsukigata Town Maruyama Park;43.34;141.66;0143000;0.9471
122001;士別市朝日町;しべつしあさひちょう;Shibetsu City Asahi Town;44.12;142.59;0122000;0.5689
122002;士別市東６条;しべつしひがしろくじょう;Shibetsu City Higashi 6-jo;44.18;142.40;0122000;1.9129
120900;夕張市若菜;ゆうばりしわかな;Yubari City Wakana;43.03;141.97;0120900;0.6689
137121;せたな町瀬棚区本町;せたなちょうせたなくほんちょう;Setana Town Setana Ward Honcho;42.45;139.85;0137100;1.4425
143331;妹背牛町妹背牛;もせうしちょうもせうし;Moseushi Town Moseushi;43.70;141.96;0143300;2.1191
136732;奥尻町奥尻;おくしりちょうおくしり;Okushiri Town Okushiri;42.17;139.51;0136700;1.1325
137131;せたな町北檜山区徳島;せたなちょうきたひやまくとくしま;Setana Town Kitahiyama Ward Tokushima;42.42;139.885;0137100;2.1508
120300;小樽市勝納町;おたるしかつないちょう;Otaru City Katsunai Town;43.18;141.02;0120300;0.8781
120320;小樽市花園町;おたるしはなぞのちょう;Otaru City Hanazono Town;43.19;140.99;0120300;0.8822
140500;積丹町日司町;しゃこたんちょうひづかちょう;Shakotan Town Hizuka Town;43.35;140.47;0140500;0.6689
140520;積丹町美国町;しゃこたんちょうびくにちょう;Shakotan Town Bikuni Town;43.29;140.60;0140500;1.4098
140521;積丹町余別町;しゃこたんちょうよべつちょう;Shakotan Town Yobetsu Town;43.32;140.38;0140500;1.2937
140632;古平町浜町;ふるびらちょうはまちょう;Furubira Town Hama Town;43.26;140.64;0140600;1.4364
140731;仁木町西町;にきちょうにしまち;Niki Town Nishi Town;43.15;140.77;0140700;1.3778
140800;余市町朝日町;よいちちょうあさひちょう;Yoichi Town Asahi Town;43.20;140.78;0140800;1.4425
140820;余市町浜中町;よいちちょうはまなかちょう;Yoichi Town Hamanaka Town;43.20;140.785;0140800;0.0000
140920;赤井川村赤井川;あかいがわむらあかいがわ;Akaigawa Village Akaigawa;43.08;140.82;0140900;0.9320
139520;ニセコ町中央通;にせこちょうちゅうおうどおり;Niseko Town Chuuodori;42.81;140.69;0139500;0.9882
139632;真狩村真狩;まっかりむらまっかり;Makkari Village Makkari;42.76;140.80;0139600;0.9882
139731;留寿都村留寿都;るすつむらるすつ;Rusutsu Village Rusutsu;42.74;140.88;0139700;1.3418
122820;深川市１条;ふかがわしいちじょう;Fukagawa City 1-jo;43.72;142.05;0122800;2.0386
139820;喜茂別町喜茂別;きもべつちょうきもべつ;Kimobetsu Town Kimobetsu;42.80;140.94;0139800;0.9428
140000;倶知安町南１条;くっちゃんちょうみなみいちじょう;Kutchan Town Minami 1-jo;42.90;140.76;0140000;1.9707
140020;倶知安町北４条;くっちゃんちょうきたよじょう;Kutchan Town Kita 4-jo;42.91;140.77;0140000;0.9414
139100;島牧村江ノ島;しままきむらえのしま;Shimamaki Village Enoshima;42.65;140.04;0139100;0.9994
139120;島牧村泊;しままきむらとまり;Shimamaki Village Tomari;42.70;140.06;0139100;1.4425
139201;寿都町新栄;すっつちょうしんえい;Suttsu Town Shin'ei;42.80;140.22;0139200;0.8853
139220;寿都町渡島;すっつちょうとしま;Suttsu Town Toshima;42.79;140.23;0139200;0.9240
139321;黒松内町黒松内;くろまつないちょうくろまつない;Kuromatsunai Town Kuromatsunai;42.67;140.30;0139300;0.9264
139420;蘭越町蘭越;らんこしちょうらんこし;Rankoshi Town Rankoshi;42.81;140.53;0139400;1.2858
140131;共和町南幌似;きょうわちょうみなみほろに;Kyowa Town Minamihoroni;42.98;140.61;0140100;1.7571
140201;岩内町高台;いわないちょうたかだい;Iwanai Town Takadai;42.98;140.52;0140200;1.2498
140220;岩内町清住;いわないちょうきよずみ;Iwanai Town Kiyozumi;42.98;140.51;0140200;1.8484
140331;泊村茅沼村;とまりむらかやぬまむら;Tomari Village Kayanuma Village;43.06;140.50;0140300;0.8641
140420;神恵内村神恵内;かもえないむらかもえない;Kamoenai Village Kamoenai;43.14;140.44;0140400;0.6689
136701;奥尻町松江;おくしりちょうまつえ;Okushiri Town Matsue;42.08;139.47;0136700;0.8883
139931;京極町京極;きょうごくちょうきょうごく;Kyogoku Town Kyogoku;42.86;140.88;0139900;1.0730
160900;えりも町本町;えりもちょうほんちょう;Erimo Town Honcho;42.02;143.15;0160900;0.9967
160921;えりも町目黒;えりもちょうめぐろ;Erimo Town Meguro;42.13;143.32;0160900;0.0000
160922;えりも町えりも岬;えりもちょうえりもみさき;Erimo Town Erimomisaki;41.94;143.24;0160900;1.0833
350700;岩手洋野町種市;いわてひろのちょうたねいち;Iwate Hirono Town Taneichi City;40.41;141.72;0350700;1.8251
350731;岩手洋野町大野;いわてひろのちょうおおの;Iwate Hirono Town Ono;40.28;141.62;0350700;0.8040
320300;大船渡市大船渡町;おおふなとしおおふなとちょう;Ofunato City Ofunato Town;39.07;141.71;0320300;0.8561
320301;大船渡市猪川町;おおふなとしいかわちょう;Ofunato City Ikawa Town;39.08;141.66;0320300;0.5689
320320;大船渡市盛町;おおふなとしさかりちょう;Ofunato City Sakari Town;39.08;141.71;0320300;1.2993
321033;陸前高田市高田町;りくぜんたかたしたかたちょう;Rikuzentakata City Takata Town;39.03;141.62;0321000;0.9733
321100;釜石市只越町;かまいししただこえちょう;Kamaishi City Tadakoe Town;39.28;141.89;0321100;0.5689
321120;釜石市中妻町;かまいししなかつまちょう;Kamaishi City Nakatsuma Town;39.27;141.86;0321100;1.4196
344131;住田町世田米;すみたちょうせたまい;Sumita Town Setamai;39.14;141.58;0344100;0.8516
346133;大槌町上町;おおつちちょうかみちょう;Otsuchi Town Kami Town;39.36;141.90;0346100;0.5689
320100;盛岡市山王町;もりおかしさんのうちょう;Morioka City Sanno Town;39.70;141.17;0320100;0.8125
320120;盛岡市馬場町;もりおかしばばちょう;Morioka City Baba Town;39.70;141.15;0320100;0.9369
320121;盛岡市薮川;もりおかしやぶかわ;Morioka City Yabukawa;39.78;141.33;0320100;0.5689
320130;盛岡市渋民;もりおかししぶたみ;Morioka City Shibutami;39.85;141.17;0320100;0.8351
350330;野田村野田;のだむらのだ;Noda Village Noda;40.11;141.82;0350300;1.7490
321301;二戸市福岡;にのへしふくおか;Ninohe City Fukuoka;40.27;141.30;0321300;0.8503
321330;二戸市浄法寺町;にのへしじょうぼうじまち;Ninohe City Joboji Town;40.18;141.16;0321300;0.9479
330101;雫石町千刈田;しずくいしちょうせんがりた;Shizukuishi Town Sengarita;39.70;140.98;0330100;1.0761
330102;雫石町西根上駒木野;しずくいしちょうにしねかみこまきの;Shizukuishi Town Nishinekamikomakino;39.74;140.95;0330100;1.0622
330200;葛巻町葛巻元木;くずまきまちくずまきもとき;Kuzumaki Town Kuzumakimotoki;39.99;141.33;0330200;0.5689
330220;葛巻町消防分署;くずまきまちしょうぼうぶんしょ;Kuzumaki Town Shobobunsho;40.04;141.45;0330200;0.5689
330231;葛巻町役場;くずまきまちやくば;Kuzumaki Town Town Office;40.04;141.44;0330200;0.8733
330330;岩手町五日市;いわてまちいつかいち;Iwate Machiitsukaichi City;39.97;141.21;0330300;0.9882
352430;一戸町高善寺;いちのへまちこうぜんじ;Ichinohe Town Kozenji;40.21;141.30;0352400;1.0185
321400;八幡平市大更;はちまんたいしおおぶけ;Hachimantai City Obuke;39.93;141.10;0321400;1.4365
321420;八幡平市田頭;はちまんたいしでんどう;Hachimantai City Dendo;39.92;141.08;0321400;1.3703
321431;八幡平市叺田;はちまんたいしかますだ;Hachimantai City Kamasuda;40.10;141.05;0321400;0.9144
321433;八幡平市野駄;はちまんたいしのだ;Hachimantai City Noda;39.96;141.07;0321400;1.0289
350131;軽米町軽米;かるまいまちかるまい;Karumai Town Karumai;40.33;141.46;0350100;1.2411
350631;九戸村伊保内;くのへむらいぼない;Kunohe Village Ibonai;40.21;141.42;0350600;0.9276
321321;二戸市石切所;にのへしいしきりどころ;Ninohe City Ishikiridokoro;40.26;141.29;0321300;0.8567
332232;矢巾町南矢幅;やはばちょうみなみやはば;Yahaba Town Minamiyahaba;39.61;141.14;0332200;0.8806
348532;普代村銅屋;ふだいむらどうや;Fudai Village Doya;40.01;141.89;0348500;1.4113
348400;田野畑村田野畑;たのはたむらたのはた;Tanohata Village Tanohata;39.94;141.86;0348400;0.5689
241232;おいらせ町上明堂;おいらせちょうかみあけどう;Oirase Town Kamiakedo;40.60;141.43;0241200;2.2209
220800;むつ市金曲;むつしかなまがり;Mutsu City Kanamagari;41.28;141.21;0220800;2.2655
220801;むつ市大畑町奥薬研;むつしおおはたまちおくやげん;Mutsu City Ohata Town Okuyagen;41.38;141.04;0220800;0.6689
220820;むつ市金谷;むつしかなや;Mutsu City Kanaya;41.29;141.20;0220800;1.4425
220824;むつ市大畑町中島;むつしおおはたまちなかじま;Mutsu City Ohata Town Nakajima;41.41;141.17;0220800;1.7953
220830;むつ市川内町;むつしかわうちまち;Mutsu City Kawauchi Town;41.20;141.00;0220800;2.1780
220832;むつ市脇野沢;むつしわきのさわ;Mutsu City Wakinosawa;41.15;140.81;0220800;0.9283
242331;大間町大間;おおままちおおま;Oma Town Oma;41.52;140.91;0242300;0.9870
242400;東通村砂子又蒲谷地;ひがしどおりむらすなごまたがまやち;Higashidori Village Sunagomatagamayachi;41.27;141.34;0242400;0.9090
242420;東通村尻屋;ひがしどおりむらしりや;Higashidori Village Shiriya;41.41;141.45;0242400;1.3164
242422;東通村白糠;ひがしどおりむらしらぬか;Higashidori Village Shiranuka;41.17;141.38;0242400;1.4218
242431;東通村砂子又沢内;ひがしどおりむらすなごまたさわうち;Higashidori Village Sunagomatasawauchi;41.28;141.33;0242400;0.9064
242530;風間浦村易国間;かざまうらむらいこくま;Kazamaura Village Ikokuma;41.49;141.00;0242500;0.0000
242620;佐井村長後;さいむらちょうご;Sai Village Chogo;41.33;140.81;0242600;0.5689
348430;田野畑村役場;たのはたむらやくば;Tanohata Village Town Office;39.93;141.89;0348400;0.8178
242631;佐井村佐井;さいむらさい;Sai Village Sai;41.43;140.86;0242600;1.7490
320201;宮古市長沢;みやこしながさわ;Miyako City Nagasawa;39.58;141.82;0320200;0.5689
320220;宮古市五月町;みやこしさつきちょう;Miyako City Satsuki Town;39.65;141.95;0320200;0.8300
320222;宮古市川井;みやこしかわい;Miyako City Kawai;39.60;141.68;0320200;0.5689
320223;宮古市区界;みやこしくざかい;Miyako City Kuzakai;39.63;141.44;0320200;0.5689
320224;宮古市田老;みやこしたろう;Miyako City Taro;39.74;141.97;0320200;1.1163
320230;宮古市茂市;みやこしもいち;Miyako City Moichi City;39.63;141.79;0320200;0.5689
320700;久慈市川崎町;くじしかわさきちょう;Kuji City Kawasaki Town;40.19;141.78;0320700;1.7490
320701;久慈市枝成沢;くじしえだなりさわ;Kuji City Edanarisawa;40.21;141.71;0320700;0.9994
320720;久慈市長内町;くじしおさないちょう;Kuji City Osanai Town;40.18;141.76;0320700;0.8933
320731;久慈市山形町;くじしやまがたちょう;Kuji City Yamagata Town;40.15;141.57;0320700;1.0925
348201;山田町八幡町;やまだまちはちまんちょう;Yamada Town Hachiman Town;39.47;141.95;0348200;0.5689
348221;山田町大沢;やまだまちおおさわ;Yamada Town Osawa;39.49;141.97;0348200;0.5689
348320;岩泉町大川;いわいずみちょうおおかわ;Iwaizumi Town Okawa;39.80;141.66;0348300;0.5689
348330;岩泉町岩泉;いわいずみちょういわいずみ;Iwaizumi Town Iwaizumi;39.84;141.80;0348300;0.5689
320200;宮古市鍬ヶ崎;みやこしくわがさき;Miyako City Kuwagasaki;39.65;141.97;0320200;1.0710
241231;おいらせ町中下田;おいらせちょうなかしもだ;Oirase Town Nakashimoda;40.60;141.40;0241200;1.7757
332132;紫波町紫波中央駅前;しわちょうしわちゅうおうえきまえ;Shiwa Town Shiwachuuouekimae;39.55;141.16;0332100;0.9321
320500;花巻市大迫町;はなまきしおおはさままち;Hanamaki City Ohasama Town;39.48;141.29;0320500;0.5689
444532;宮城加美町宮崎;みやぎかみまちみやざき;Miyagi Kami Town Miyazaki;38.61;140.76;0444500;0.9509
444431;色麻町四竈;しかまちょうしかま;Shikama Town Shikama;38.55;140.85;0444400;1.2459
450100;涌谷町新町裏;わくやちょうしんまちうら;Wakuya Town Shinmachi Ura;38.54;141.13;0450100;1.8021
421300;栗原市栗駒;くりはらしくりこま;Kurihara City Kurikoma;38.83;140.99;0421300;1.2526
421321;栗原市築館;くりはらしつきだて;Kurihara City Tsukidate;38.73;141.03;0421300;0.9418
421334;栗原市鶯沢;くりはらしうぐいすざわ;Kurihara City Uguisuzawa;38.81;140.95;0421300;1.2498
421337;栗原市花山;くりはらしはなやま;Kurihara City Hanayama;38.79;140.85;0421300;0.8750
421339;栗原市瀬峰;くりはらしせみね;Kurihara City Semine;38.66;141.07;0421300;0.9756
421340;栗原市志波姫;くりはらししわひめ;Kurihara City Shiwahime;38.76;141.07;0421300;1.1188
421341;栗原市高清水;くりはらしたかしみず;Kurihara City Takashimizu;38.66;141.01;0421300;0.9861
421342;栗原市金成;くりはらしかんなり;Kurihara City Kannari;38.81;141.07;0421300;1.0341
421343;栗原市若柳;くりはらしわかやなぎ;Kurihara City Wakayanagi;38.77;141.12;0421300;2.0781
421344;栗原市一迫;くりはらしいちはさま;Kurihara City Ichihasama;38.74;140.95;0421300;1.2309
421200;登米市中田町;とめしなかだちょう;Tome City Nakada Town;38.71;141.24;0421200;1.7973
444531;宮城加美町小野田;みやぎかみまちおのだ;Miyagi Kami Town Onoda;38.58;140.78;0444500;1.1455
421220;登米市東和町;とめしとうわちょう;Tome City Towa Town;38.73;141.31;0421200;0.5689
421231;登米市登米町;とめしとよままち;Tome City Toyoma Town;38.66;141.28;0421200;0.9195
421234;登米市南方町;とめしみなみかたまち;Tome City Minamikata Town;38.66;141.16;0421200;1.4922
421236;登米市迫町;とめしはさまちょう;Tome City Hasa Town;38.69;141.19;0421200;2.0939
421237;登米市石越町;とめしいしこしまち;Tome City Ishikoshi Town;38.76;141.18;0421200;1.0301
421238;登米市津山町;とめしつやまちょう;Tome City Tsuyama Town;38.61;141.30;0421200;2.0998
421239;登米市米山町;とめしよねやまちょう;Tome City Yoneyama Town;38.63;141.19;0421200;2.1458
460602;南三陸町志津川;みなみさんりくちょうしづがわ;Minamisanriku Town Shizugawa;38.68;141.46;0460600;1.4833
460621;南三陸町歌津;みなみさんりくちょううたつ;Minamisanriku Town Utatsu;38.72;141.52;0460600;0.9896
450530;宮城美里町北浦;みやぎみさとまちきたうら;Miyagi Misato Town Kitaura;38.54;141.06;0450500;1.0348
450531;宮城美里町木間塚;みやぎみさとまちきまつか;Miyagi Misato Town Kimatsuka;38.49;141.14;0450500;2.1699
421500;大崎市古川三日町;おおさきしふるかわみっかまち;Osaki City Furukawamikka Town;38.57;140.96;0421500;1.6917
421501;大崎市古川大崎;おおさきしふるかわおおさき;Osaki City Furukawaosaki;38.60;140.91;0421500;2.0875
421523;大崎市鳴子;おおさきしなるこ;Osaki City Naruko;38.75;140.72;0421500;0.9667
421524;大崎市古川旭;おおさきしふるかわあさひ;Osaki City Furukawaasahi;38.57;140.98;0421500;1.7135
421222;登米市豊里町;とめしとよさとちょう;Tome City Toyosato Town;38.59;141.25;0421200;0.9777
321630;滝沢市鵜飼;たきざわしうかい;Takizawa City Ukai;39.73;141.08;0321600;0.8682
444530;宮城加美町中新田;みやぎかみまちなかにいだ;Miyagi Kami Town Nakaniida;38.57;140.86;0444500;2.1404
420530;気仙沼市唐桑町;けせんぬましからくわちょう;Kesennuma City Karakuwa Town;38.90;141.65;0420500;0.8855
320520;花巻市石鳥谷町;はなまきしいしどりやちょう;Hanamaki City Ishidoriya Town;39.48;141.15;0320500;1.5008
320531;花巻市大迫総合支所;はなまきしおおはさまそうごうししょ;Hanamaki City Ohasamasogoshisho;39.47;141.29;0320500;1.0002
320535;花巻市材木町;はなまきしざいもくちょう;Hanamaki City Zaimoku Town;39.39;141.11;0320500;1.0136
320537;花巻市東和町;はなまきしとうわちょう;Hanamaki City Towa Town;39.39;141.23;0320500;0.9984
320600;北上市柳原町;きたかみしやなぎはらちょう;Kitakami City Yanagihara Town;39.29;141.11;0320600;1.0280
320621;北上市相去町;きたかみしあいさりちょう;Kitakami City Aisari Town;39.26;141.10;0320600;0.9892
320821;遠野市青笹町;とおのしあおざさちょう;Tono City Aozasa Town;39.33;141.56;0320800;0.9264
320831;遠野市宮守町;とおのしみやもりちょう;Tono City Miyamori Town;39.34;141.36;0320800;0.9994
320902;一関市大東町;いちのせきしだいとうちょう;Ichinoseki City Daito Town;39.02;141.40;0320900;0.8613
320921;一関市竹山町;いちのせきしたけやまちょう;Ichinoseki City Takeyama Town;38.93;141.13;0320900;1.3045
320935;一関市花泉町;いちのせきしはないずみちょう;Ichinoseki City Hanaizumi Town;38.83;141.18;0320900;0.9124
320936;一関市千厩町;いちのせきしせんまやちょう;Ichinoseki City Senmaya Town;38.92;141.33;0320900;1.0767
320937;一関市東山町;いちのせきしひがしやまちょう;Ichinoseki City Higashiyama Town;39.00;141.25;0320900;1.0096
320938;一関市室根町;いちのせきしむろねちょう;Ichinoseki City Murone Town;38.94;141.44;0320900;0.9576
420531;気仙沼市本吉町津谷;けせんぬましもとよしちょうつや;Kesennuma City Motoyoshi Town Tsuya;38.79;141.50;0420500;1.4110
320939;一関市藤沢町;いちのせきしふじさわちょう;Ichinoseki City Fujisawa Town;38.86;141.35;0320900;0.9767
338131;金ケ崎町西根;かねがさきちょうにしね;Kanegasaki Town Nishine;39.20;141.12;0338100;1.5695
340231;平泉町平泉;ひらいずみちょうひらいずみ;Hiraizumi Town Hiraizumi;38.99;141.11;0340200;0.9012
336620;西和賀町川尻;にしわがまちかわしり;Nishiwaga Town Kawashiri;39.32;140.78;0336600;0.7868
336621;西和賀町沢内川舟;にしわがまちさわうちかわふね;Nishiwaga Town Sawauchikawafune;39.52;140.83;0336600;1.0104
336631;西和賀町沢内太田;にしわがまちさわうちおおた;Nishiwaga Town Sawauchiota;39.43;140.75;0336600;0.8054
321500;奥州市水沢大鐘町;おうしゅうしみずさわおおがねちょう;Oshu City Mizusawaogane Town;39.13;141.14;0321500;1.1239
321520;奥州市水沢佐倉河;おうしゅうしみずさわさくらかわ;Oshu City Mizusawasakurakawa;39.15;141.15;0321500;1.2200
321530;奥州市江刺;おうしゅうしえさし;Oshu City Esashi;39.19;141.17;0321500;1.9887
321531;奥州市前沢;おうしゅうしまえさわ;Oshu City Maesawa;39.05;141.12;0321500;0.9386
321535;奥州市胆沢;おうしゅうしいさわ;Oshu City Isawa;39.12;141.07;0321500;1.0680
321536;奥州市衣川;おうしゅうしころもがわ;Oshu City Koromogawa;39.04;141.06;0321500;0.8771
420500;気仙沼市赤岩;けせんぬましあかいわ;Kesennuma City Akaiwa;38.88;141.57;0420500;1.3271
420501;気仙沼市本吉町西川内;けせんぬましもとよしちょうにしかわうち;Kesennuma City Motoyoshi Town Nishikawauchi;38.81;141.47;0420500;1.0184
420520;気仙沼市笹が陣;けせんぬましささがじん;Kesennuma City Sasagajin;38.90;141.57;0420500;1.1413
320940;一関市川崎町;いちのせきしかわさきちょう;Ichinoseki City Kawasaki Town;38.90;141.26;0320900;1.7942
245031;新郷村戸来;しんごうむらへらい;Shingo Village Herai;40.47;141.17;0245000;0.9882
244632;階上町道仏;はしかみちょうどうぶつ;Hashikami Town Dobutsu;40.45;141.62;0244600;1.5117
244536;青森南部町平;あおもりなんぶちょうたいら;Aomori Nanbu Town Taira;40.42;141.33;0244500;1.0003
120621;釧路市阿寒町中央;くしろしあかんちょうちゅうおう;Kushiro City Akan Town Chuuo;43.11;144.12;0120600;1.2698
120623;釧路市阿寒町阿寒湖温泉;くしろしあかんちょうあかんこおんせん;Kushiro City Akan Town Akanko Onsen;43.44;144.09;0120600;0.0000
120641;釧路市音別町中園;くしろしおんべつちょうなかぞの;Kushiro City Onbetsu Town Nakazono;42.89;143.93;0120600;1.5392
166131;釧路町別保;くしろちょうべっぽ;Kushiro Town Beppo;43.00;144.47;0166100;1.2574
166200;厚岸町尾幌;あっけしちょうおぼろ;Akkeshi Town Oboro;43.00;144.69;0166200;1.3189
166220;厚岸町真栄;あっけしちょうしんえい;Akkeshi Town Shin'ei;43.05;144.85;0166200;1.4761
166300;浜中町湯沸;はまなかちょうとうふつ;Hamanaka Town Tofutsu;43.08;145.16;0166300;1.3490
166321;浜中町茶内;はまなかちょうちゃない;Hamanaka Town Chanai;43.13;145.03;0166300;1.3519
166420;標茶町川上;しべちゃちょうかわかみ;Shibecha Town Kawakami;43.30;144.60;0166400;1.4096
166421;標茶町塘路;しべちゃちょうとうろ;Shibecha Town Toro;43.15;144.50;0166400;1.3053
166720;鶴居村鶴居東;つるいむらつるいひがし;Tsurui Village Tsuruihigashi;43.23;144.33;0166700;1.3446
166820;白糠町西１条;しらぬかちょうにしいちじょう;Shiranuka Town Nishi 1-jo;42.96;144.07;0166800;1.7490
169200;中標津町養老牛;なかしべつちょうようろううし;Nakashibetsu Town Yoroushi;43.59;144.72;0169200;1.2405
169220;中標津町丸山;なかしべつちょうまるやま;Nakashibetsu Town Maruyama;43.55;144.97;0169200;1.5603
120620;釧路市黒金町;くしろしくろがねちょう;Kushiro City Kurogane Town;42.98;144.38;0120600;2.0140
169300;標津町古多糠;しべつちょうこたぬか;Shibetsu Town Kotanuka;43.78;145.00;0169300;1.2981
169321;標津町薫別;しべつちょうくんべつ;Shibetsu Town Kunbetsu;43.79;145.06;0169300;1.6036
169400;羅臼町春日;らうすちょうかすが;Rausu Town Kasuga;43.94;145.12;0169400;0.6689
169420;羅臼町緑町;らうすちょうみどりちょう;Rausu Town Midori Town;44.02;145.19;0169400;1.2537
169421;羅臼町岬町;らうすちょうみさきちょう;Rausu Town Misaki Town;44.11;145.25;0169400;1.4425
169100;別海町常盤;べつかいちょうときわ;Betsukai Town Tokiwa;43.39;145.12;0169100;1.7556
169120;別海町西春別;べつかいちょうにししゅんべつ;Betsukai Town Nishishunbetsu;43.41;144.77;0169100;1.4262
169122;別海町本別海;べつかいちょうほんべつかい;Betsukai Town Honbetsukai;43.39;145.28;0169100;2.3746
122300;根室市弥栄;ねむろしやさかえ;Nemuro City Yasakae;43.33;145.59;0122300;1.4115
122301;根室市豊里;ねむろしとよさと;Nemuro City Toyosato;43.37;145.74;0122300;1.4979
122320;根室市牧の内;ねむろしまきのうち;Nemuro City Makinochi;43.33;145.60;0122300;1.3344
122321;根室市厚床;ねむろしあっとこ;Nemuro City Attoko;43.23;145.26;0122300;1.5350
122322;根室市落石東;ねむろしおちいしひがし;Nemuro City Ochiishihigashi;43.19;145.52;0122300;1.3044
122323;根室市珸瑤瑁;ねむろしごようまい;Nemuro City Goyomai;43.37;145.80;0122300;1.5109
220100;青森市花園;あおもりしはなぞの;Aomori City Hanazono;40.82;140.77;0220100;1.9258
169320;標津町北２条;しべつちょうきたにじょう;Shibetsu Town Kita 2-jo;43.66;145.13;0169300;1.8484
220120;青森市中央;あおもりしちゅうおう;Aomori City Chuuo;40.82;140.75;0220100;1.9955
120602;釧路市音別町尺別;くしろしおんべつちょうしゃくべつ;Kushiro City Onbetsu Town Shakubetsu;42.91;143.83;0120600;0.6689
166521;弟子屈町サワンチサップ;てしかがちょうさわんちさっぷ;Teshikaga Town Sawanchisappu;43.64;144.39;0166500;1.2800
163320;上士幌町清水谷;かみしほろちょうしみずだに;Kamishihoro Town Shimizudani;43.32;143.30;0163300;0.8065
163331;上士幌町上士幌;かみしほろちょうかみしほろ;Kamishihoro Town Kamishihoro;43.23;143.30;0163300;1.1661
163431;鹿追町東町;しかおいちょうひがしまち;Shikaoi Town Higashi Town;43.10;142.99;0163400;1.1255
163520;新得町２条;しんとくちょうにじょう;Shintoku Town 2-jo;43.07;142.84;0163500;1.2301
163521;新得町トムラウシ;しんとくちょうとむらうし;Shintoku Town Tomuraushi;43.33;142.95;0163500;0.6689
164700;足寄町上螺湾;あしょろちょうかみらわん;Ashoro Town Kamirawan;43.30;143.77;0164700;0.6689
164720;足寄町南１条;あしょろちょうみなみいちじょう;Ashoro Town Minami 1-jo;43.24;143.55;0164700;0.8814
164820;陸別町陸別;りくべつちょうりくべつ;Rikubetsu Town Rikubetsu;43.47;143.75;0164800;0.9624
120700;帯広市東４条;おびひろしひがしよじょう;Obihiro City Higashi 4-jo;42.92;143.21;0120700;1.2367
120720;帯広市東６条;おびひろしひがしろくじょう;Obihiro City Higashi 6-jo;42.93;143.21;0120700;1.2380
163131;音更町元町;おとふけちょうもとまち;Otofuke Town Motomachi;42.99;143.20;0163100;1.2213
163220;士幌町士幌;しほろちょうしほろ;Shihoro Town Shihoro;43.17;143.24;0163200;1.2001
163600;十勝清水町南４条;とかちしみずちょうみなみよじょう;Tokachishimizu Town Minami 4-jo;43.01;142.88;0163600;1.2200
163732;芽室町東２条;めむろちょうひがしにじょう;Memuro Town Higashi 2-jo;42.91;143.05;0163700;1.1911
120601;釧路市幸町;くしろしさいわいちょう;Kushiro City Saiwai Town;42.99;144.38;0120600;1.4425
164300;幕別町忠類明和;まくべつちょうちゅうるいめいわ;Makubetsu Town Churuimeiwa;42.62;143.36;0164300;0.8602
164334;幕別町本町;まくべつちょうもとまち;Makubetsu Town Moto Town;42.91;143.36;0164300;1.1418
164420;十勝池田町西１条;とかちいけだちょうにしいちじょう;Tokachiikeda Town Nishi 1-jo;42.93;143.45;0164400;2.0910
164531;豊頃町茂岩本町;とよころちょうもいわほんまち;Toyokoro Town Moiwahon Town;42.80;143.51;0164500;2.1423
164600;本別町北２丁目;ほんべつちょうきたにちょうめ;Honbetsu Town Kita 2-chome;43.12;143.61;0164600;1.1173
164620;本別町向陽町;ほんべつちょうこうようちょう;Honbetsu Town Koyo Town;43.12;143.62;0164600;0.8610
164920;浦幌町桜町;うらほろちょうさくらまち;Urahoro Town Sakura Town;42.81;143.66;0164900;1.2674
163820;中札内村東２条;なかさつないむらひがしにじょう;Nakasatsunai Village Higashi 2-jo;42.70;143.14;0163800;1.1102
163931;更別村更別;さらべつむらさらべつ;Sarabetsu Village Sarabetsu;42.65;143.19;0163900;1.1278
164120;十勝大樹町東本通;とかちたいきちょうひがしほんどおり;Tokachitaiki Town Higashihondori;42.50;143.28;0164100;0.9482
164121;十勝大樹町生花;とかちたいきちょうせいか;Tokachitaiki Town Seika;42.62;143.42;0164100;1.0069
164200;広尾町並木通;ひろおちょうなみきどおり;Hiro Town Namikidori;42.29;143.32;0164200;1.4761
164201;広尾町白樺通;ひろおちょうしらかばどおり;Hiro Town Shirakabadori;42.29;143.30;0164200;1.0020
166501;弟子屈町美里;てしかがちょうみさと;Teshikaga Town Misato;43.48;144.44;0166500;1.4137
166520;弟子屈町弟子屈;てしかがちょうてしかが;Teshikaga Town Teshikaga;43.51;144.45;0166500;1.3859
164333;幕別町忠類錦町;まくべつちょうちゅうるいにしきまち;Makubetsu Town Churuinishiki Town;42.57;143.31;0164300;1.1024
220130;青森市浪岡;あおもりしなみおか;Aomori City Namioka;40.71;140.60;0220100;1.0993
220500;五所川原市栄町;ごしょがわらしさかえまち;Goshogawara City Sakaemachi;40.80;140.44;0220500;2.2265
220501;五所川原市太田;ごしょがわらしおおた;Goshogawara City Ota;41.06;140.41;0220500;1.2565
236731;田舎館村田舎館;いなかだてむらいなかだて;Inakadate Village Inakadate;40.63;140.55;0236700;1.2569
221030;平川市猿賀;ひらかわしさるか;Hirakawa City Saruka;40.62;140.57;0221000;1.1095
221033;平川市碇ヶ関;ひらかわしいかりがせき;Hirakawa City Ikarigaseki;40.47;140.63;0221000;0.6689
221034;平川市柏木町;ひらかわしかしわぎまち;Hirakawa City Kashiwagi Town;40.58;140.57;0221000;0.9869
220301;八戸市島守;はちのへししまもり;Hachinohe City Shimamori;40.38;141.51;0220300;0.8818
220302;八戸市湊町;はちのへしみなとまち;Hachinohe City Minato Town;40.53;141.52;0220300;1.8725
220320;八戸市内丸;はちのへしうちまる;Hachinohe City Uchimaru;40.51;141.49;0220300;1.5199
220331;八戸市南郷;はちのへしなんごう;Hachinohe City Nango;40.40;141.44;0220300;1.0272
220621;十和田市西二番町;とわだしにしにばんちょう;Towada City Nishiniban Town;40.62;141.21;0220600;1.2628
220630;十和田市西十二番町;とわだしにしじゅうにばんちょう;Towada City Nishijuniban Town;40.61;141.21;0220600;1.2288
220632;十和田市奥瀬;とわだしおくせ;Towada City Okuse;40.59;141.11;0220600;1.1563
220731;三沢市桜町;みさわしさくらちょう;Misawa City Sakura Town;40.68;141.37;0220700;1.4435
240120;野辺地町田狭沢;のへじまちたばさみざわ;Noheji Town Tabasamizawa;40.87;141.14;0240100;1.4759
240131;野辺地町野辺地;のへじまちのへじ;Noheji Town Noheji;40.86;141.13;0240100;0.9696
236230;大鰐町大鰐;おおわにまちおおわに;Owani Town Owani;40.52;140.57;0236200;1.1331
240200;七戸町北天間舘;しちのへまちきたてんまだて;Shichinohe Town Kitatenmadate;40.79;141.06;0240200;0.6689
240232;七戸町七戸;しちのへまちしちのへ;Shichinohe Town Shichinohe;40.70;141.15;0240200;1.0813
240531;六戸町犬落瀬;ろくのへまちいぬおとせ;Rokunohe Town Inuotose;40.61;141.33;0240500;2.2447
240620;横浜町林ノ脇;よこはままちはやしのわき;Yokohama Machihayashinowaki;41.08;141.26;0240600;1.3298
240630;横浜町寺下;よこはままちてらした;Yokohama Machiterashita;41.08;141.25;0240600;1.5375
240831;東北町上北南;とうほくまちかみきたみなみ;Tohoku Town Kamikitaminami;40.73;141.26;0240800;2.1666
240832;東北町塔ノ沢山;とうほくまちとうのさわやま;Tohoku Town Tonosawayama;40.78;141.22;0240800;1.2455
241100;六ヶ所村尾駮;ろっかしょむらおぶち;Rokkasho Village Obuchi;40.97;141.37;0241100;1.8484
241101;六ヶ所村出戸;ろっかしょむらでと;Rokkasho Village Deto;41.01;141.37;0241100;1.3282
244131;三戸町在府小路町;さんのへまちざいふこうじまち;Sannohe Town Zaifukoji Town;40.38;141.26;0244100;1.1959
244200;五戸町古舘;ごのへまちふるだて;Gonohe Town Furudate;40.53;141.31;0244200;1.2480
244231;五戸町倉石中市;ごのへまちくらいしなかいち;Gonohe Town Kurai City;40.51;141.25;0244200;0.9416
244331;田子町田子;たっこまちたっこ;Takko Town Takko;40.34;141.15;0244300;0.8747
244530;青森南部町沖田面;あおもりなんぶちょうおきたおもて;Aomori Nanbu Town Okitaomote;40.41;141.28;0244500;1.2081
244534;青森南部町苫米地;あおもりなんぶちょうとまべち;Aomori Nanbu Town Tomabechi;40.47;141.38;0244500;1.2176
240231;七戸町森ノ上;しちのへまちもりのかみ;Shichinohe Town Morinokami;40.74;141.16;0240200;1.1294
236132;藤崎町水木;ふじさきまちみずき;Fujisaki Town Mizuki;40.67;140.54;0236100;1.3044
236130;藤崎町西豊田;ふじさきまちにしとよだ;Fujisaki Town Nishitoyoda;40.66;140.50;0236100;2.1959
234331;西目屋村田代;にしめやむらたしろ;Nishimeya Village Tashiro;40.58;140.30;0234300;0.8539
220520;五所川原市敷島町;ごしょがわらししきしまちょう;Goshogawara City Shikishima Town;40.82;140.45;0220500;1.9638
220533;五所川原市相内;ごしょがわらしあいうち;Goshogawara City Aiuchi;41.06;140.35;0220500;1.0664
220534;五所川原市金木町;ごしょがわらしかなぎちょう;Goshogawara City Kanagi Town;40.90;140.46;0220500;2.1474
230100;平内町小湊;ひらないまちこみなと;Hiranai Town Kominato;40.93;140.95;0230100;1.7490
230120;平内町東田沢;ひらないまちひがしたざわ;Hiranai Town Higashitazawa;40.99;140.92;0230100;0.6689
230330;今別町今別;いまべつまちいまべつ;Imabetsu Town Imabetsu;41.18;140.48;0230300;1.4948
230431;蓬田村阿弥陀川;よもぎたむらあみだがわ;Yomogita Village Amidagawa;40.97;140.65;0230400;1.8779
238132;板柳町板柳;いたやなぎまちいたやなぎ;Itayanagi Town Itayanagi;40.70;140.46;0238100;1.7326
238430;鶴田町鶴田;つるたまちつるた;Tsuruta Town Tsuruta;40.76;140.43;0238400;1.7927
220932;つがる市柏;つがるしかしわ;Tsugaru City Kashiwa;40.79;140.41;0220900;2.0677
220936;つがる市森田町;つがるしもりたちょう;Tsugaru City Morita Town;40.78;140.33;0220900;1.3819
220938;つがる市稲垣町;つがるしいながきちょう;Tsugaru City Inagaki Town;40.88;140.40;0220900;1.9930
220939;つがる市車力町;つがるししゃりきちょう;Tsugaru City Shariki Town;40.95;140.36;0220900;1.2533
220940;つがる市木造;つがるしきづくり;Tsugaru City Kizukuri;40.81;140.38;0220900;2.1152
230733;外ヶ浜町平舘;そとがはままちたいらだて;Sotogahama Town Tairadate;41.15;140.63;0230700;1.2037
230734;外ヶ浜町三厩;そとがはままちみんまや;Sotogahama Town Minmaya;41.19;140.43;0230700;0.9147
230735;外ヶ浜町蟹田;そとがはままちかにた;Sotogahama Town Kanita;41.04;140.63;0230700;1.0778
232332;深浦町岩崎;ふかうらまちいわさき;Fukaura Town Iwasaki;40.58;139.93;0232300;1.7490
232320;深浦町深浦中沢;ふかうらまちふかうらなかざわ;Fukaura Town Fukauranakazawa;40.64;139.93;0232300;1.3216
232302;深浦町深浦岡町;ふかうらまちふかうらおかまち;Fukaura Town Fukauraoka Town;40.65;139.93;0232300;1.4425
232301;深浦町長慶平;ふかうらまちちょうけいだいら;Fukaura Town Chokeidaira;40.60;140.00;0232300;0.9994
232120;鰺ヶ沢町舞戸町小夜;あじがさわまちまいとまちさよ;Ajigasawa Town Maito Town Sayo;40.78;140.21;0232100;1.5484
232101;鰺ヶ沢町舞戸町鳴戸;あじがさわまちまいとまちなると;Ajigasawa Town Maito Town Naruto;40.78;140.23;0232100;1.0092
2121937;郡上市大和町;ぐじょうしやまとちょう;Gujo City Yamato Town;35.81;136.90;2121900;0.9091
220430;黒石市市ノ町;くろいししいちのまち;Kuroishi City Ichino Town;40.64;140.59;0220400;1.2196
220230;弘前市賀田;ひろさきしよした;Hirosaki City Yoshita;40.62;140.42;0220200;1.4417
220220;弘前市城東中央;ひろさきしじょうとうちゅうおう;Hirosaki City Jotochuuo;40.60;140.50;0220200;1.2254
220201;弘前市弥生;ひろさきしやよい;Hirosaki City Yayoi;40.65;140.36;0220200;1.2202
220200;弘前市和田町;ひろさきしわだちょう;Hirosaki City Wada Town;40.61;140.46;0220200;1.2506
238734;中泊町中里;なかどまりまちなかさと;Nakadomari Town Nakasato;40.96;140.43;0238700;1.8586
238733;中泊町小泊;なかどまりまちこどまり;Nakadomari Town Kodomari;41.13;140.30;0238700;1.4425
220232;弘前市五所;ひろさきしごしょ;Hirosaki City Gosho;40.59;140.40;0220200;1.3035
1020730;館林市城町;たてばやしししろまち;Tatebayashi City Shiro Town;36.25;139.54;1020700;1.4957
1020721;館林市上三林町;たてばやししかみみばやしちょう;Tatebayashi City Kamimibayashi Town;36.22;139.48;1020700;1.4066
1020830;渋川市石原;しぶかわしいしはら;Shibukawa City Ishihara;36.49;139.00;1020800;1.0096
1721136;能美市寺井町;のみしてらいまち;Nomi City Terai Town;36.44;136.50;1721100;1.3789
1721230;野々市市三納;ののいちしさんのう;Nonoichi City Sanno;36.52;136.61;1721200;1.2566
1820100;福井市豊島;ふくいしとよしま;Fukui City Toyoshima;36.06;136.22;1820100;2.0998
1820121;福井市蒲生町;ふくいしがもうちょう;Fukui City Gamo Town;36.04;136.01;1820100;1.7490
1820122;福井市原目町;ふくいしはらめちょう;Fukui City Harame Town;36.07;136.27;1820100;1.9397
1820131;福井市美山町;ふくいしみやまちょう;Fukui City Miyama Town;36.00;136.36;1820100;1.0583
1820134;福井市小羽町;ふくいしおばちょう;Fukui City Oba Town;36.03;136.14;1820100;2.0834
1820137;福井市茱崎町;ふくいしぐみざきちょう;Fukui City Gumizaki Town;36.04;136.015;1820100;0.6689
1820522;大野市貝皿;おおのしかいざら;Ono City Kaizara;35.91;136.67;1820500;0.7649
1820533;大野市天神町;おおのしてんじんちょう;Ono City Tenjin Town;35.98;136.49;1820500;1.1037
1820600;勝山市旭町;かつやましあさひまち;Katsuyama City Asahi Town;36.05;136.51;1820600;0.8591
1820731;鯖江市水落町;さばえしみずおちちょう;Sabae City Mizuochi Town;35.96;136.19;1820700;2.0664
1832231;永平寺町松岡春日;えいへいじちょうまつおかかすが;Eiheiji Town Matsuokakasuga;36.09;136.30;1832200;0.6689
1832233;永平寺町東古市;えいへいじちょうひがしふるいち;Eiheiji Town Higa City;36.10;136.33;1832200;1.2187
1721135;能美市来丸町;のみしらいまるまち;Nomi City Raimaru Town;36.45;136.55;1721100;1.2074
1832234;永平寺町山王;えいへいじちょうさんのう;Eiheiji Town Sanno;36.08;136.40;1832200;1.1376
1842330;越前町道口;えちぜんちょうみちぐち;Echizen Town Michiguchi;35.94;136.00;1842300;0.5689
1842334;越前町織田;えちぜんちょうおた;Echizen Town Ota;35.96;136.05;1842300;0.8606
1842335;越前町江波;えちぜんちょうえなみ;Echizen Town Enami;35.94;136.07;1842300;0.9382
1842337;越前町西田中;えちぜんちょうにしたなか;Echizen Town Nishitanaka;35.97;136.13;1842300;1.7594
1820832;あわら市市姫;あわらしいちひめ;Awara City Ichihime;36.21;136.23;1820800;2.1656
1820833;あわら市国影;あわらしくにかげ;Awara City Kunikage;36.22;136.20;1820800;1.9750
1840433;南越前町河野;みなみえちぜんちょうこうの;Minamiechizen Town Kono;35.82;136.07;1840400;0.0000
1840434;南越前町東大道;みなみえちぜんちょうひがしだいどう;Minamiechizen Town Higashidaido;35.84;136.19;1840400;1.1757
1840435;南越前町今庄;みなみえちぜんちょういまじょう;Minamiechizen Town Imajo;35.77;136.20;1840400;0.5689
1820900;越前市高瀬;えちぜんしたかせ;Echizen City Takase;35.90;136.16;1820900;1.2438
1820920;越前市村国;えちぜんしむらくに;Echizen City Murakuni;35.91;136.17;1820900;1.2575
1820932;越前市粟田部;えちぜんしあわたべ;Echizen City Awatabe;35.92;136.25;1820900;0.6689
1821001;福井坂井市三国町陣ケ岡;ふくいさかいしみくにちょうじんがおか;Fukui Sakai City Mikuni Town Jingaoka;36.24;136.14;1821000;1.1871
1821022;福井坂井市三国町中央;ふくいさかいしみくにちょうちゅうおう;Fukui Sakai City Mikuni Town Chuuo;36.22;136.16;1821000;2.0743
1838230;福井池田町稲荷;ふくいいけだちょういなり;Fukui Ikeda Town Inari;35.89;136.34;1838200;0.9358
1821030;福井坂井市丸岡町西里丸岡;ふくいさかいしまるおかちょうにしさとまるおか;Fukui Sakai City Maruoka Town Nishisatomaruoka;36.15;136.27;1821000;1.3503
1721133;能美市中町;のみしなかまち;Nomi City Nakamachi;36.45;136.46;1721100;1.8484
1721039;白山市市原;はくさんしいちはら;Hakusan City Ichihara;36.32;136.65;1721000;0.6689
1738420;志賀町香能;しかまちかのう;Shika Town Kano;37.16;136.69;1738400;0.9822
1738431;志賀町末吉千古;しかまちすえよしせんこ;Shika Town Sueyoshisenko;37.01;136.78;1738400;1.7490
1746121;穴水町大町;あなみずまちおおまち;Anamizu Town O Town;37.23;136.91;1746100;1.7490
1738633;宝達志水町子浦;ほうだつしみずちょうしお;Hodatsushimizu Town Shio;36.86;136.80;1738600;1.3322
1738634;宝達志水町今浜;ほうだつしみずちょういまはま;Hodatsushimizu Town Imahama;36.83;136.75;1738600;1.8369
1740733;中能登町末坂;なかのとまちすえざか;Nakanoto Town Suezaka;36.99;136.90;1740700;1.2581
1740736;中能登町井田;なかのとまちいだ;Nakanoto Town Ida;36.97;136.91;1740700;1.1876
1740737;中能登町能登部下;なかのとまちのとべしも;Nakanoto Town Notobeshimo;36.96;136.87;1740700;1.4317
1746301;能登町宇出津;のとちょううしつ;Noto Town Ushitsu;37.31;137.15;1746300;1.4425
1746334;能登町柳田;のとちょうやなぎだ;Noto Town Yanagida;37.37;137.10;1746300;0.8739
1746335;能登町松波;のとちょうまつなみ;Noto Town Matsunami;37.35;137.24;1746300;2.1114
1720100;金沢市西念;かなざわしさいねん;Kanazawa City Sainen;36.59;136.63;1720100;2.0388
1720120;金沢市弥生;かなざわしやよい;Kanazawa City Yayoi;36.54;136.64;1720100;1.2846
1720300;小松市小馬出町;こまつしこんまでまち;Komatsu City Konmade Town;36.41;136.44;1720300;1.9750
1721040;白山市女原;はくさんしおなばら;Hakusan City Onabara;36.28;136.65;1721000;0.5689
1720320;小松市向本折町;こまつしむかいもとおりまち;Komatsu City Mukaimotori Town;36.40;136.44;1720300;1.9397
1720620;加賀市大聖寺南町;かがしだいしょうじみなみちょう;Kaga City Daishoji Minami Town;36.30;136.32;1720600;1.4441
1720632;加賀市山中温泉本町;かがしやまなかおんせんほんまち;Kaga City Yamanaka Onsen Hon Town;36.25;136.37;1720600;0.6689
1732431;川北町壱ツ屋;かわきたまちひとつや;Kawakita Town Hitotsuya;36.47;136.54;1732400;1.2553
1736101;津幡町加賀爪;つばたまちかがつめ;Tsubata Town Kagatsume;36.67;136.73;1736100;1.7835
1736532;内灘町大学;うちなだまちだいがく;Uchinada Town Daigaku;36.65;136.65;1736500;1.8343
1720921;かほく市浜北;かほくしはまきた;Kahoku City Hamakita;36.73;136.70;1720900;1.8484
1720932;かほく市宇野気;かほくしうのけ;Kahoku City Unoke;36.72;136.71;1720900;1.8369
1720933;かほく市高松;かほくしたかまつ;Kahoku City Takamatsu;36.77;136.73;1720900;1.8484
1721020;白山市別宮町;はくさんしべっくまち;Hakusan City Bekku Town;36.36;136.60;1721000;0.9595
1721021;白山市白峰;はくさんししらみね;Hakusan City Shiramine;36.18;136.62;1721000;0.5689
1721030;白山市倉光;はくさんしくらみつ;Hakusan City Kuramitsu;36.51;136.57;1721000;1.2539
1721036;白山市美川浜町;はくさんしみかわはままち;Hakusan City Mikawahama Town;36.49;136.49;1721000;1.3830
1721037;白山市鶴来本町;はくさんしつるぎほんまち;Hakusan City Tsurugihon Town;36.45;136.63;1721000;0.6689
1721038;白山市河内町口直海;はくさんしかわちまちくちのみ;Hakusan City Kawachi Town Kuchinomi;36.40;136.63;1721000;0.8179
1720600;加賀市直下町;かがしそそりまち;Kaga City Sosori Town;36.28;136.33;1720600;1.3627
1738400;志賀町富来領家町;しかまちとぎりょうけまち;Shika Town Togiryoke Town;37.14;136.73;1738400;1.8484
1821032;福井坂井市坂井町下新庄;ふくいさかいしさかいちょうしもしんじょう;Fukui Sakai City Sakai Town Shimoshinjo;36.17;136.23;1821000;1.9030
1820200;敦賀市松栄町;つるがしまつえちょう;Tsuruga City Matsue Town;35.65;136.06;1820200;1.8123
1921034;甲斐市島上条;かいししまかみじょう;Kai City Shimakamijo;35.69;138.52;1921000;1.0281
1921131;笛吹市一宮町末木;ふえふきしいちのみやちょうすえき;Fuefuki City Ichinomiya Town Sueki;35.65;138.69;1921100;0.8884
1921135;笛吹市境川町藤垈;ふえふきしさかいがわちょうふじぬた;Fuefuki City Sakaigawa Town Fujinuta;35.59;138.62;1921100;0.7869
1921136;笛吹市御坂町夏目原;ふえふきしみさかちょうなつめばら;Fuefuki City Misaka Town Natsumebara;35.62;138.66;1921100;0.8447
1921137;笛吹市芦川町中芦川;ふえふきしあしがわちょうなかあしがわ;Fuefuki City Ashigawa Town Nakaashigawa;35.55;138.67;1921100;0.6689
1921139;笛吹市八代町南;ふえふきしやつしろちょうみなみ;Fuefuki City Yatsushiro Town Minami;35.62;138.64;1921100;1.0473
1921140;笛吹市役所;ふえふきしやくしょ;Fuefuki City Hall;35.65;138.64;1921100;1.0648
1921141;笛吹市春日居町寺本;ふえふきしかすがいちょうてらもと;Fuefuki City Kasugai Town Teramoto;35.67;138.65;1921100;1.0645
1920920;山梨北杜市健康ランド須玉;やまなしほくとしけんこうらんどすたま;Yamanashi Hokuto City Kenkorandosutama;35.79;138.42;1920900;0.8881
1920930;山梨北杜市明野町;やまなしほくとしあけのちょう;Yamanashi Hokuto City Akeno Town;35.77;138.44;1920900;1.2406
1920932;山梨北杜市高根町;やまなしほくとしたかねちょう;Yamanashi Hokuto City Takane Town;35.84;138.41;1920900;1.2858
1920938;山梨北杜市武川町;やまなしほくとしむかわちょう;Yamanashi Hokuto City Mukawa Town;35.78;138.38;1920900;0.9931
1920939;山梨北杜市長坂町;やまなしほくとしながさかちょう;Yamanashi Hokuto City Nagasaka Town;35.83;138.37;1920900;1.3011
1920940;山梨北杜市白州町;やまなしほくとしはくしゅうちょう;Yamanashi Hokuto City Hakushu Town;35.81;138.34;1920900;0.7765
1921033;甲斐市下今井;かいししもいまい;Kai City Shimoimai;35.69;138.49;1921000;1.2711
1920941;山梨北杜市役所;やまなしほくとしやくしょ;Yamanashi Hokuto City Hall;35.78;138.42;1920900;1.0028
1920943;山梨北杜市小淵沢町;やまなしほくとしこぶちさわちょう;Yamanashi Hokuto City Kobuchisawa Town;35.86;138.32;1920900;1.2514
1934630;市川三郷町上野;いちかわみさとちょううえの;Ichikawamisato Town Ueno;35.56;138.52;1934600;0.6689
1934631;市川三郷町役場;いちかわみさとちょうやくば;Ichikawamisato Town Town Office;35.57;138.50;1934600;1.0708
1934632;市川三郷町六郷支所;いちかわみさとちょうろくごうししょ;Ichikawamisato Town Rokugoshisho;35.50;138.46;1934600;0.6689
1921300;甲州市塩山下於曽;こうしゅうしえんざんしもおぞ;Koshu City Enzanshimozo;35.70;138.72;1921300;0.8259
1921320;甲州市塩山上於曽;こうしゅうしえんざんかみおぞ;Koshu City Enzankamiozo;35.70;138.73;1921300;0.8227
1921332;甲州市大和町初鹿野;こうしゅうしやまとちょうはじかの;Koshu City Yamato Town Hajikano;35.64;138.78;1921300;0.7387
1921333;甲州市役所;こうしゅうしやくしょ;Koshu City Hall;35.70;138.73499999999999;1921300;0.7975
1921335;甲州市勝沼町勝沼;こうしゅうしかつぬまちょうかつぬま;Koshu City Katsunuma Town Katsunuma;35.67;138.72;1921300;0.8241
1921430;中央市大鳥居;ちゅうおうしおおとりい;Chuuo City Otorii;35.57;138.56;1921400;0.8061
1921431;中央市成島;ちゅうおうしなるしま;Chuuo City Narushima;35.60;138.54;1921400;1.3652
1921432;中央市臼井阿原;ちゅうおうしうすいあはら;Chuuo City Usuiahara;35.60;138.52;1921400;1.9714
1936832;富士川町鰍沢;ふじかわちょうかじかざわ;Fujikawa Town Kajikazawa;35.54;138.46;1936800;1.1453
1936833;富士川町天神中条;ふじかわちょうてんじんなかじょう;Fujikawa Town Tenjinnakajo;35.56;138.46;1936800;1.0534
1920942;山梨北杜市大泉町;やまなしほくとしおおいずみちょう;Yamanashi Hokuto City Ooizumi Town;35.86;138.39;1920900;1.2877
1821033;福井坂井市春江町随応寺;ふくいさかいしはるえちょうずいおうじ;Fukui Sakai City Harue Town Zuioji;36.13;136.22;1821000;2.2188
1921030;甲斐市篠原;かいししのはら;Kai City Shinohara;35.66;138.52;1921000;1.0683
1920837;南アルプス市榎原;みなみあるぷすしえのきはら;Minamiarupusu City Enokihara;35.66;138.48;1920800;1.0390
1820420;小浜市四谷町;おばましよつやちょう;Obama City Yotsuya Town;35.50;135.75;1820400;1.7490
1844200;福井美浜町新庄;ふくいみはまちょうしんじょう;Fukui Mihama Town Shinjo;35.53;135.98;1844200;0.9782
1844230;福井美浜町郷市;ふくいみはまちょうごいち;Fukui Mihama Town Goichi City;35.60;135.94;1844200;1.2980
1848101;高浜町宮崎;たかはまちょうみやざき;Takahama Town Miyazaki;35.49;135.55;1848100;1.4425
1850131;福井若狭町市場;ふくいわかさちょういちば;Fukui Wakasa Town Ichiba;35.46;135.86;1850100;1.1717
1850132;福井若狭町中央;ふくいわかさちょうちゅうおう;Fukui Wakasa Town Chuuo;35.55;135.91;1850100;1.2572
1848332;福井おおい町名田庄久坂;ふくいおおいちょうなたしょうひささか;Fukui Ooi Town Natashohisasaka;35.40;135.68;1848300;0.5689
1848333;福井おおい町本郷;ふくいおおいちょうほんごう;Fukui Ooi Town Hongo;35.48;135.62;1848300;1.7490
1920100;甲府市飯田;こうふしいいだ;Kofu City Iida;35.67;138.55;1920100;1.0678
1920120;甲府市相生;こうふしあいおい;Kofu City Aioi;35.66;138.57;1920100;1.0668
1920133;甲府市古関町;こうふしふるせきまち;Kofu City Furuseki Town;35.53;138.61;1920100;0.8395
1920134;甲府市下曽根町;こうふししもそねちょう;Kofu City Shimosone Town;35.60;138.59;1920100;1.0612
1920531;山梨市牧丘町窪平;やまなししまきおかちょうくぼだいら;Yamanashi City Makioka Town Kubodaira;35.74;138.71;1920500;0.7714
1920533;山梨市小原西;やまなししこばらにし;Yamanashi City Kobaranishi;35.69;138.69;1920500;0.9070
1920838;南アルプス市寺部;みなみあるぷすしてらべ;Minamiarupusu City Terabe;35.61;138.49;1920800;1.0570
1920534;山梨市三富川浦;やまなししみとみかわうら;Yamanashi City Mitomikawaura;35.79;138.74;1920500;0.7482
1936420;早川町保;はやかわちょうほ;Hayakawa Town Ho;35.43;138.33;1936400;0.6689
1936431;早川町薬袋;はやかわちょうみない;Hayakawa Town Minai;35.41;138.37;1936400;0.6689
1936500;身延町大磯小磯;みのぶちょうおおいそこいそ;Minobu Town Ooisokoiso;35.50;138.54;1936500;0.6689
1936530;身延町梅平;みのぶちょううめだいら;Minobu Town Umedaira;35.37;138.44;1936500;0.6689
1936532;身延町役場;みのぶちょうやくば;Minobu Town Town Office;35.47;138.44;1936500;0.9314
1936533;身延町常葉;みのぶちょうときわ;Minobu Town Tokiwa;35.45;138.48;1936500;0.7972
1936620;山梨南部町栄小学校;やまなしなんぶちょうさかえしょうがっこう;Yamanashi Nanbu Town Sakae Elementary School;35.28;138.47;1936600;0.6689
1936630;山梨南部町内船;やまなしなんぶちょううつぶな;Yamanashi Nanbu Town Utsubuna;35.28;138.46;1936600;1.0208
1936631;山梨南部町福士;やまなしなんぶちょうふくし;Yamanashi Nanbu Town Fukushi;35.24;138.49;1936600;1.0374
1938430;昭和町押越;しょうわちょうおしこし;Showa Town Oshikoshi;35.63;138.53;1938400;1.0744
1920820;南アルプス市芦安芦倉;みなみあるぷすしあしやすあしくら;Minamiarupusu City Ashiyasuashikura;35.64;138.38;1920800;0.6689
1920834;南アルプス市鮎沢;みなみあるぷすしあゆざわ;Minamiarupusu City Ayuzawa;35.59;138.47;1920800;1.0597
1920835;南アルプス市飯野;みなみあるぷすしいいの;Minamiarupusu City Iino;35.64;138.46;1920800;1.0314
1920836;南アルプス市小笠原;みなみあるぷすしおがさわら;Minamiarupusu City Ogasawara;35.61;138.47;1920800;1.0528
1920730;韮崎市水神;にらさきしすいじん;Nirasaki City Suijin;35.71;138.45;1920700;1.2972
1920221;富士吉田市上吉田;ふじよしだしかみよしだ;Fujiyoshida City Kamiyoshida;35.47;138.81;1920200;1.3167
1720721;羽咋市旭町;はくいしあさひまち;Hakui City Asahi Town;36.89;136.78;1720700;1.8484
1720521;珠洲市大谷町;すずしおおたにまち;Suzu City Otani Town;37.50;137.18;1720500;0.9419
1534231;弥彦村矢作;やひこむらやはぎ;Yahiko Village Yahagi;37.69;138.86;1534200;2.1476
1558131;関川村下関;せきかわむらしもせき;Sekikawa Village Shimoseki;38.09;139.57;1558100;1.6071
1558600;粟島浦村笹畑;あわしまうらむらささばたけ;Awashimaura Village Sasabatake;38.46;139.25;1558600;1.1286
1558631;粟島浦村日ノ見山;あわしまうらむらひのみやま;Awashimaura Village Hinomiyama;38.47;139.25;1558600;0.6689
1522300;阿賀野市畑江;あがのしはたえ;Agano City Hatae;37.82;139.31;1522300;0.5689
1522330;阿賀野市岡山町;あがのしおかやまちょう;Agano City Okayama Town;37.83;139.23;1522300;1.8325
1522333;阿賀野市山崎;あがのしやまざき;Agano City Yamazaki;37.84;139.27;1522300;2.0931
1522335;阿賀野市姥ヶ橋;あがのしうばがはし;Agano City Ubagahashi;37.84;139.18;1522300;1.9397
1522336;阿賀野市かがやき;あがのしかがやき;Agano City Kagayaki;37.78;139.25;1522300;1.2767
1538531;阿賀町鹿瀬;あがまちかのせ;Aga Town Kanose;37.69;139.48;1538500;0.8941
1538532;阿賀町豊川;あがまちとよかわ;Aga Town Toyokawa;37.63;139.46;1538500;1.0634
1538533;阿賀町白崎;あがまちしろさき;Aga Town Shirosaki;37.71;139.38;1538500;0.9089
1538534;阿賀町津川;あがまちつがわ;Aga Town Tsugawa;37.68;139.46;1538500;0.8839
1522700;胎内市新和町;たいないししんわちょう;Tainai City Shinwa Town;38.06;139.41;1522700;1.2676
1530731;聖籠町諏訪山;せいろうまちすわやま;Seiro Town Suwayama;37.97;139.27;1530700;1.8484
1522720;胎内市大川町;たいないしおおかわちょう;Tainai City Okawa Town;38.05;139.41;1522700;1.2428
1510131;新潟北区東栄町;にいがたきたくとうえいちょう;Niigata Kita Ward Touei Town;37.91;139.22;1510100;2.1814
1510200;新潟空港;にいがたくうこう;Niigata Airport;37.95;139.11;1510200;1.8484
1510231;新潟東区下木戸;にいがたひがしくしもきど;Niigata Higashi Ward Shimokido;37.92;139.09;1510200;1.8484
1510301;新潟中央区美咲町;にいがたちゅうおうくみさきちょう;Niigata Chuuo Ward Misaki Town;37.89;139.02;1510300;2.2008
1510320;新潟中央区関屋;にいがたちゅうおうくせきや;Niigata Chuuo Ward Sekiya;37.91;139.01;1510300;1.8484
1510331;新潟中央区新潟市役所;にいがたちゅうおうくにいがたしやくしょ;Niigata Chuuo Ward Niigata City Hall;37.92;139.04;1510300;2.2240
1510430;新潟江南区泉町;にいがたこうなんくいずみちょう;Niigata Konan Ward Izumi Town;37.87;139.09;1510400;2.1706
1510500;新潟秋葉区程島;にいがたあきはくほどじま;Niigata Akiha Ward Hodojima;37.79;139.11;1510500;2.2000
1510520;新潟秋葉区新津東町;にいがたあきはくにいつひがしちょう;Niigata Akiha Ward Niitsu Higashi Town;37.80;139.15;1510500;1.8539
1510630;新潟南区白根;にいがたみなみくしろね;Niigata Minami Ward Shirone;37.77;139.02;1510600;2.3279
1510731;新潟西区寺尾東;にいがたにしくてらおひがし;Niigata Nishi Ward Teraohigashi;37.87;138.97;1510700;2.1402
1510820;新潟西蒲区巻甲;にいがたにしかんくまきこう;Niigata Nishikan Ward Makiko;37.76;138.88;1510800;2.1832
1522401;佐渡市相川金山;さどしあいかわきんざん;Sado City Aikawakinzan;38.04;138.26;1522400;0.6689
1522402;佐渡市相川三町目;さどしあいかわさんちょうめ;Sado City Aikawasan Town Me;38.03;138.24;1522400;1.4761
1522731;胎内市黒川;たいないしくろかわ;Tainai City Kurokawa;38.07;139.44;1522700;1.1983
1522420;佐渡市岩谷口;さどしいわやぐち;Sado City Iwayaguchi;38.26;138.43;1522400;0.0000
1521830;五泉市太田;ごせんしおおた;Gosen City Ota;37.74;139.18;1521800;1.3506
1521801;五泉市村松乙;ごせんしむらまつおつ;Gosen City Muramatsuotsu;37.69;139.17;1521800;0.9748
1546130;湯沢町神立;ゆざわまちかんだつ;Yuzawa Town Kandatsu;36.93;138.82;1546100;1.0004
1548231;津南町下船渡;つなんまちしもふなと;Tsunan Town Shimofunato;37.01;138.65;1548200;1.0174
1550433;刈羽村割町新田;かりわむらわりまちしんでん;Kariwa Village Wari Town Shinden;37.42;138.62;1550400;2.1425
1522501;魚沼市下折立;うおぬまししもおりたて;Uonuma City Shimoritate;37.21;139.06;1522500;0.7807
1522533;魚沼市今泉;うおぬましいまいずみ;Uonuma City Imaizumi;37.26;138.98;1522500;1.1286
1522536;魚沼市堀之内;うおぬましほりのうち;Uonuma City Horinochi;37.24;138.92;1522500;0.8980
1522537;魚沼市須原;うおぬましすはら;Uonuma City Suhara;37.32;139.01;1522500;0.7969
1522538;魚沼市穴沢;うおぬましあなざわ;Uonuma City Anazawa;37.36;139.07;1522500;0.8086
1522539;魚沼市小出島;うおぬましこいでじま;Uonuma City Koidejima;37.24;138.96;1522500;1.0812
1522540;魚沼市大沢;うおぬましおおさわ;Uonuma City Osawa;37.23;139.01;1522500;0.6689
1522600;南魚沼市六日町;みなみうおぬましむいかまち;Minamiuonuma City Muika Town;37.07;138.88;1522600;1.0970
1522620;南魚沼市塩沢小学校;みなみうおぬまししおざわしょうがっこう;Minamiuonuma City Shiozawa Elementary School;37.04;138.85;1522600;1.0798
1522630;南魚沼市浦佐;みなみうおぬましうらさ;Minamiuonuma City Urasa;37.16;138.93;1522600;1.9397
1522632;南魚沼市塩沢庁舎;みなみうおぬまししおざわちょうしゃ;Minamiuonuma City Shiozawa Government Office;37.04;138.855;1522600;1.0831
1521821;五泉市愛宕甲;ごせんしあたごこう;Gosen City Atagoko;37.69;139.19;1521800;1.0315
1520620;新発田市本町;しばたしほんちょう;Shibata City Honcho;37.95;139.34;1520600;1.3662
1520633;新発田市住田;しばたしすみだ;Shibata City Sumida;37.99;139.37;1520600;2.0848
1520635;新発田市中央町;しばたしちゅうおうちょう;Shibata City Chuuo Town;37.95;139.33;1520600;1.3890
1520636;新発田市真野原外;しばたしまのはらそと;Shibata City Manoharasoto;38.02;139.32;1520600;1.8484
1521200;村上市塩町;むらかみししおまち;Murakami City Shio Town;38.23;139.47;1521200;1.7490
1521220;村上市片町;むらかみしかたまち;Murakami City Kata Town;38.23;139.49;1521200;1.3779
1521221;村上市寒川;むらかみしかんがわ;Murakami City Kangawa;38.45;139.50;1521200;1.4636
1521231;村上市三之町;むらかみしさんのちょう;Murakami City Sanno Town;38.22;139.48;1521200;0.9865
1521232;村上市山口;むらかみしやまぐち;Murakami City Yamaguchi;38.12;139.44;1521200;1.3798
1521236;村上市岩船駅前;むらかみしいわふねえきまえ;Murakami City Iwafuneekimae;38.18;139.46;1521200;2.1626
1521237;村上市府屋;むらかみしふや;Murakami City Fuya;38.51;139.53;1521200;0.6689
1521238;村上市岩沢;むらかみしいわさわ;Murakami City Iwasawa;38.27;139.54;1521200;1.0186
1521336;燕市秋葉町;つばめしあきばちょう;Tsubame City Akiba Town;37.66;138.92;1521300;1.8229
1521338;燕市吉田西太田;つばめしよしだにしおおた;Tsubame City Yoshidanishiota;37.67;138.88;1521300;2.2075
1521339;燕市分水桜町;つばめしぶんすいさくらまち;Tsubame City Bunsuisakura Town;37.63;138.84;1521300;1.7883
1520631;新発田市乙次;しばたしおとじ;Shibata City Otoji;37.92;139.31;1520600;1.3559
1720700;羽咋市柳田町;はくいしやないだまち;Hakui City Yanaida Town;36.93;136.78;1720700;0.9678
1522421;佐渡市両津湊;さどしりょうつみなと;Sado City Ryotsuminato;38.07;138.44;1522400;1.9112
1522430;佐渡市千種;さどしちぐさ;Sado City Chigusa;38.02;138.37;1522400;1.3625
1620830;砺波市栄町;となみしさかえまち;Tonami City Sakaemachi;36.65;136.96;1620800;1.2211
1620832;砺波市庄川町;となみししょうがわまち;Tonami City Shogawa Town;36.58;136.99;1620800;1.1553
1620901;小矢部市泉町;おやべしいずみちょう;Oyabe City Izumi Town;36.67;136.87;1620900;2.0289
1620920;小矢部市水牧;おやべしみずまき;Oyabe City Mizumaki;36.67;136.90;1620900;1.2731
1621001;南砺市天池;なんとしあまいけ;Nanto City Amaike;36.54;136.88;1621000;0.9986
1621020;南砺市荒木;なんとしあらき;Nanto City Araki;36.56;136.89;1621000;1.1724
1621021;南砺市利賀村上百瀬;なんとしとがむらかみももせ;Nanto City Toga Village Kamimomose;36.44;137.04;1621000;0.8293
1621030;南砺市城端;なんとしじょうはな;Nanto City Johana;36.51;136.90;1621000;0.8887
1621031;南砺市下梨;なんとししもなし;Nanto City Shimonashi;36.43;136.95;1621000;0.9994
1621032;南砺市上平細島;なんとしかみたいらほそじま;Nanto City Kamitairahosojima;36.40;136.90;1621000;0.9994
1621034;南砺市井波;なんとしいなみ;Nanto City Inami;36.56;136.97;1621000;1.0982
1621036;南砺市苗島;なんとしのじま;Nanto City Nojima;36.59;136.92;1621000;1.1933
1621037;南砺市蛇喰;なんとしじゃばみ;Nanto City Jabami;36.54;136.93;1621000;0.9281
1621121;射水市久々湊;いみずしくぐみなと;Imizu City Kuguminato;36.76;137.09;1621100;1.9750
1620531;氷見市加納;ひみしかのう;Himi City Kano;36.87;136.97;1620500;1.7490
1621134;射水市小島;いみずしこじま;Imizu City Kojima;36.73;137.06;1621100;1.4451
1621136;射水市橋下条;いみずしはしげじょう;Imizu City Hashigejo;36.72;137.08;1621100;2.2070
1621137;射水市二口;いみずしふたくち;Imizu City Futakuchi;36.72;137.05;1621100;1.4110
1621138;射水市加茂中部;いみずしかもちゅうぶ;Imizu City Kamochubu;36.74;137.15;1621100;2.0226
1720200;七尾市本府中町;ななおしもとふちゅうまち;Nanao City Motofuchu Town;37.03;136.97;1720200;0.9570
1720220;七尾市袖ヶ江町;ななおしそでがえちょう;Nanao City Sodegae Town;37.04;136.97;1720200;1.8123
1720236;七尾市垣吉町;ななおしかきよしまち;Nanao City Kakiyoshi Town;37.06;136.90;1720200;0.9406
1720237;七尾市能登島向田町;ななおしのとじまこうだまち;Nanao City Notojimakoda Town;37.13;137.00;1720200;1.4531
1720238;七尾市中島町中島;ななおしなかじままちなかじま;Nanao City Nakajima Town Nakajima;37.12;136.85;1720200;1.7490
1720401;輪島市舳倉島;わじましへぐらじま;Wajima City Hegurajima;37.85;136.92;1720400;1.6592
1720402;輪島市鳳至町;わじましふげしまち;Wajima City Fugeshi Town;37.39;136.90;1720400;2.0892
1720420;輪島市河井町;わじましかわいまち;Wajima City Kawai Town;37.39;136.91;1720400;0.8928
1720431;輪島市門前町走出;わじましもんぜんまちはしりで;Wajima City Monzen Town Hashiride;37.29;136.77;1720400;1.3071
1720500;珠洲市三崎町;すずしみさきまち;Suzu City Misaki Town;37.45;137.36;1720500;1.4518
1720520;珠洲市正院町;すずししょういんまち;Suzu City Shouin Town;37.45;137.29;1720500;1.8952
1621135;射水市本町;いみずしほんまち;Imizu City Hon Town;36.78;137.08;1621100;1.9112
1522424;佐渡市松ヶ崎;さどしまつがさき;Sado City Matsugasaki;37.92;138.50;1522400;1.4425
1620233;高岡市福岡町;たかおかしふくおかまち;Takaoka City Fukuoka Town;36.71;136.92;1620200;2.0464
1620200;高岡市伏木;たかおかしふしき;Takaoka City Fushiki;36.79;137.06;1620200;1.7835
1522433;佐渡市河原田本町;さどしかわはらだほんまち;Sado City Kawaharadahon Town;38.00;138.32;1522400;1.8484
1522435;佐渡市畑野;さどしはたの;Sado City Hatano;37.99;138.40;1522400;0.9312
1522438;佐渡市羽茂本郷;さどしはもちほんごう;Sado City Hamochihongo;37.85;138.32;1522400;1.3100
1522440;佐渡市真野新町;さどしまのしんまち;Sado City Manoshin Town;37.97;138.35;1522400;1.8484
1522441;佐渡市赤泊;さどしあかどまり;Sado City Akadomari;37.87;138.41;1522400;1.4425
1522443;佐渡市相川栄町;さどしあいかわさかえまち;Sado City Aikawasakae Town;38.04;138.24;1522400;0.8967
1522446;佐渡市新穂瓜生屋;さどしにいぼうりゅうや;Sado City Niiboryuya;38.02;138.43;1522400;0.9292
1522447;佐渡市小木町;さどしおぎまち;Sado City Ogi Town;37.82;138.28;1522400;1.1053
1620100;富山市石坂;とやましいしさか;Toyama City Ishisaka;36.71;137.20;1620100;2.1461
1620102;富山市八尾町福島;とやましやつおまちふくじま;Toyama City Yatsuo Town Fukujima;36.58;137.14;1620100;0.8544
1620123;富山市今泉;とやましいまいずみ;Toyama City Imaizumi;36.67;137.21;1620100;1.3099
1620130;富山市新桜町;とやまししんさくらまち;Toyama City Shinsakura Town;36.70;137.21;1620100;2.1971
1620133;富山市婦中町笹倉;とやましふちゅうまちささくら;Toyama City Fuchu Town Sasakura;36.66;137.15;1620100;2.1267
1620136;富山市花崎;とやましはなさき;Toyama City Hanasaki;36.61;137.28;1620100;1.1147
1620232;高岡市広小路;たかおかしひろこうじ;Takaoka City Hirokoji;36.75;137.03;1620200;1.2317
1620137;富山市上二杉;とやましかみふたすぎ;Toyama City Kamifutasugi;36.59;137.20;1620100;0.9672
1620139;富山市楡原;とやましにれはら;Toyama City Nirehara;36.53;137.23;1620100;0.8230
1620400;魚津市釈迦堂;うおづししゃかどう;Uozu City Shakado;36.83;137.41;1620400;1.2779
1620420;魚津市本江;うおづしほんごう;Uozu City Hongo;36.82;137.42;1620400;1.0706
1620630;滑川市寺家町;なめりかわしじけまち;Namerikawa City Jike Town;36.76;137.34;1620600;2.0226
1620720;黒部市宇奈月町下立;くろべしうなづきまちおりたて;Kurobe City Unazuki Town Oritate;36.86;137.53;1620700;0.8165
1620732;黒部市植木;くろべしうえき;Kurobe City Ueki;36.88;137.46;1620700;1.2349
1632130;舟橋村仏生寺;ふなはしむらぶっしょうじ;Funahashi Village Busshoji;36.70;137.31;1632100;1.3424
1632231;上市町稗田;かみいちまちひえだ;Kamiichimachihieda City;36.70;137.35;1632200;1.2609
1632300;立山町吉峰;たてやままちよしみね;Tateyama Town Yoshimine;36.61;137.33;1632300;0.7957
1632320;立山町芦峅寺;たてやままちあしくらじ;Tateyama Town Ashikuraji;36.58;137.39;1632300;0.7630
1632330;立山町米沢;たてやままちよねざわ;Tateyama Town Yonezawa;36.66;137.32;1632300;1.1530
1634231;入善町入膳;にゅうぜんまちにゅうぜん;Nyuzen Town Nyuzen;36.92;137.50;1634200;1.2271
1634300;富山朝日町道下;とやまあさひまちどうげ;Toyama Asahi Town Doge;36.95;137.56;1634300;1.2707
1634320;富山朝日町境;とやまあさひまちさかい;Toyama Asahi Town Sakai;36.98;137.63;1521600;1.4425
1620138;富山市山田湯;とやましやまだゆ;Toyama City Yamadayu;36.58;137.08;1620100;0.8375
1020821;渋川市有馬;しぶかわしありま;Shibukawa City Arima;36.46;139.01;1034500;1.1218
1920232;富士吉田市下吉田;ふじよしだししもよしだ;Fujiyoshida City Shimoyoshida;35.49;138.81;1920200;1.3529
1920601;大月市大月;おおつきしおおつき;Otsuki City Otsuki;35.61;138.94;1920600;1.0492
2120345;高山市久々野町;たかやましくぐのちょう;Takayama City Kuguno Town;36.05;137.28;2120300;0.8252
2160430;白川村鳩谷;しらかわむらはとがや;Shirakawa Village Hatogaya;36.27;136.90;2160400;0.8606
2121701;飛騨市神岡町殿;ひだしかみおかちょうとの;Hida City Kamioka Town Tono;36.32;137.31;2121700;0.7622
2121720;飛騨市河合町元田;ひだしかわいちょうげんだ;Hida City Kawai Town Genda;36.27;137.03;2121700;0.5689
2121730;飛騨市古川町;ひだしふるかわちょう;Hida City Furukawa Town;36.24;137.19;2121700;0.8673
2121731;飛騨市河合町角川;ひだしかわいちょうつのがわ;Hida City Kawai Town Tsunogawa;36.30;137.10;2121700;0.5689
2121735;飛騨市宮川町;ひだしみやがわちょう;Hida City Miyagawa Town;36.33;137.14;2121700;0.8601
2121736;飛騨市神岡町東町;ひだしかみおかちょうひがしまち;Hida City Kamioka Town Higashi Town;36.33;137.30;2121700;0.7789
2122000;下呂市森;げろしもり;Gero City Mori;35.81;137.24;2122000;0.8894
2122021;下呂市下呂小学校;げろしげろしょうがっこう;Gero City Gero Elementary School;35.80;137.25;2122000;0.8957
2122031;下呂市小坂町;げろしおさかちょう;Gero City Osaka Town;35.95;137.26;2122000;0.7499
2122032;下呂市金山町;げろしかなやまちょう;Gero City Kanayama Town;35.66;137.16;2122000;0.5689
2122033;下呂市馬瀬;げろしまぜ;Gero City Maze;35.87;137.17;2122000;0.5689
2122034;下呂市萩原町;げろしはぎわらちょう;Gero City Hagiwara Town;35.88;137.21;2122000;0.8632
2120344;高山市上宝町本郷;たかやましかみたからちょうほんごう;Takayama City Kamitakara Town Hongo;36.29;137.36;2120300;0.7562
2120430;多治見市三笠町;たじみしみかさちょう;Tajimi City Mikasa Town;35.33;137.13;2120400;1.0386
2120600;中津川市かやの木町;なかつがわしかやのきちょう;Nakatsugawa City Kayanoki Town;35.49;137.50;2120600;1.0305
2120620;中津川市本町;なかつがわしほんまち;Nakatsugawa City Hon Town;35.50;137.50;2120600;0.9242
2120621;中津川市小栗山;なかつがわしこぐりやま;Nakatsugawa City Koguriyama;35.66;137.43;2120600;0.8703
2120630;中津川市坂下;なかつがわしさかした;Nakatsugawa City Sakashita;35.57;137.53;2120600;0.7967
2120632;中津川市加子母;なかつがわしかしも;Nakatsugawa City Kashimo;35.72;137.37;2120600;0.5689
2120634;中津川市福岡;なかつがわしふくおか;Nakatsugawa City Fukuoka;35.56;137.45;2120600;0.8184
2120637;中津川市川上;なかつがわしかわうえ;Nakatsugawa City Kawaue;35.61;137.50;2120600;0.5689
2120638;中津川市付知町;なかつがわしつけちちょう;Nakatsugawa City Tsukechi Town;35.66;137.435;2120600;0.9994
2120639;中津川市蛭川;なかつがわしひるかわ;Nakatsugawa City Hirukawa;35.52;137.38;2120600;0.9994
2120640;中津川市山口;なかつがわしやまぐち;Nakatsugawa City Yamaguchi;35.56;137.54;2120600;0.9037
2120831;瑞浪市上平町;みずなみしうえだいらちょう;Mizunami City Uedaira Town;35.36;137.25;2120800;0.8374
2121020;恵那市長島小学校;えなしおさしましょうがっこう;Ena City Osashima Elementary School;35.45;137.40;2121000;0.9245
2121031;恵那市岩村町;えなしいわむらちょう;Ena City Iwa Village Cho;35.36;137.44;2121000;0.5689
2121033;恵那市明智町;えなしあけちちょう;Ena City Akechi Town;35.30;137.39;2121000;0.9927
2120431;多治見市笠原町;たじみしかさはらちょう;Tajimi City Kasahara Town;35.30;137.16;2120400;0.8300
2121035;恵那市上矢作町;えなしかみやはぎちょう;Ena City Kamiyahagi Town;35.30;137.50;2121000;0.7612
2120343;高山市国府町;たかやましこくふちょう;Takayama City Kokufu Town;36.22;137.21;2120300;0.8697
2120340;高山市清見町;たかやましきよみちょう;Takayama City Kiyomi Town;36.13;137.19;2120300;0.9723
2041032;根羽村役場;ねばむらやくば;Neba Village Town Office;35.26;137.58;2041000;0.5689
2041130;下條村睦沢;しもじょうむらむつざわ;Shimojo Village Mutsuzawa;35.40;137.79;2041100;0.8206
2041231;売木村役場;うるぎむらやくば;Urugi Village Town Office;35.27;137.71;2041200;0.8046
2041321;天龍村清水;てんりゅうむらしみず;Tenryu Village Shimizu;35.29;137.86;2041300;0.5689
2041330;天龍村平岡;てんりゅうむらひらおか;Tenryu Village Hiraoka;35.28;137.85;2041300;0.5689
2041400;泰阜村梨久保;やすおかむらなしくぼ;Yasuoka Village Nashikubo;35.36;137.86;2041400;0.5689
2041431;泰阜村役場;やすおかむらやくば;Yasuoka Village Town Office;35.38;137.85;2041400;1.0613
2041530;喬木村役場;たかぎむらやくば;Takagi Village Town Office;35.51;137.87;2041500;0.8103
2041630;豊丘村神稲;とよおかむらくましろ;Toyoka Village Kumashiro;35.55;137.90;2041600;0.7586
2041720;大鹿村大河原;おおしかむらおおかわら;Oshika Village Okawara;35.58;138.03;2041700;0.5689
2042231;上松町役場;あげまつまちやくば;Agematsu Town Town Office;35.78;137.69;2042200;0.7434
2042320;南木曽町読書小学校;なぎそまちよみかきしょうがっこう;Nagiso Town Yomikaki Elementary School;35.61;137.61;2042300;0.7746
2042330;南木曽町役場;なぎそまちやくば;Nagiso Town Town Office;35.60;137.61;2042300;0.7584
2042531;木祖村薮原;きそむらやぶはら;Kiso Village Yabuhara;35.94;137.78;2042500;0.5689
2120342;高山市高根町;たかやましたかねまち;Takayama City Takane Town;36.04;137.49;2120300;0.5689
2042920;王滝村鈴ヶ沢;おうたきむらすずがさわ;Otaki Village Suzugasawa;35.81;137.53;2042900;0.5689
2043031;大桑村長野;おおくわむらながの;Okuwa Village Nagano;35.69;137.67;2043000;0.7809
2043220;木曽町新開;きそまちしんかい;Kiso Town Shinkai;35.86;137.71;2043200;0.5689
2043232;木曽町開田高原西野;きそまちかいだこうげんにしの;Kiso Town Kaidakogennishino;35.94;137.60;2043200;0.7151
2043233;木曽町三岳;きそまちみたけ;Kiso Town Mitake;35.85;137.63;2043200;0.5689
2043235;木曽町日義;きそまちひよし;Kiso Town Hiyoshi;35.88;137.76;2043200;0.5689
2043236;木曽町福島;きそまちふくしま;Kiso Town Fukushima;35.85;137.70;2043200;0.7954
2120301;高山市丹生川町森部;たかやましにゅうかわちょうもりぶ;Takayama City Nyukawa Town Moribu;36.23;137.31;2120300;0.5689
2120302;高山市桐生町;たかやましきりうまち;Takayama City Kiriu Town;36.16;137.25;2120300;1.0112
2120320;高山市消防署;たかやまししょうぼうしょ;Takayama City Fire Station;36.15;137.25;2120300;1.0059
2120321;高山市奥飛騨温泉郷栃尾;たかやましおくひだおんせんごうとちお;Takayama City Okuhida Onsen Gotochio;36.25;137.52;2120300;0.5689
2120330;高山市丹生川町坊方;たかやましにゅうかわちょうぼうかた;Takayama City Nyukawa Town Bokata;36.17;137.31;2120300;0.7876
2120333;高山市一之宮町;たかやましいちのみやまち;Takayama City Ichinomiya Town;36.08;137.24;2120300;0.8392
2120335;高山市朝日町;たかやましあさひちょう;Takayama City Asahi Town;36.09;137.35;2120300;0.7457
2120339;高山市荘川町;たかやまししょうかわちょう;Takayama City Shokawa Town;36.03;136.96;2120300;0.5689
2042930;王滝村役場;おうたきむらやくば;Otaki Village Town Office;35.81;137.55;2042900;0.7221
2040931;平谷村役場;ひらやむらやくば;Hiraya Village Town Office;35.32;137.63;2040900;0.7564
2121036;恵那市山岡町;えなしやまおかちょう;Ena City Yamaoka Town;35.35;137.38;2121000;0.8862
2121038;恵那市長島町;えなしおさしまちょう;Ena City Osashi Town;35.45;137.41;2121000;0.9365
2136131;垂井町役場;たるいちょうやくば;Tarui Town Town Office;35.37;136.54;2136100;1.2759
2136231;関ケ原町関ケ原;せきがはらちょうせきがはら;Sekigahara Town Sekigahara;35.37;136.47;2136200;0.8201
2138131;神戸町神戸;ごうどちょうごうど;Godo Town Godo;35.42;136.61;2138100;1.3262
2138230;輪之内町四郷;わのうちちょうよごう;Wanochi Town Yogo;35.29;136.64;2138200;2.3035
2138330;安八町氷取;あんぱちちょうこおりとり;Anpachi Town Koritori;35.34;136.67;2138300;1.8660
2140102;揖斐川町三輪;いびがわちょうみわ;Ibigawa Town Miwa;35.49;136.57;2140100;1.1986
2140120;揖斐川町東杉原;いびがわちょうひがしすぎはら;Ibigawa Town Higashisugihara;35.64;136.49;2140100;0.5689
2140121;揖斐川町中籠橋;いびがわちょうなかかごばし;Ibigawa Town Nakakagobashi;35.48;136.57;2140100;1.2197
2140130;揖斐川町谷汲;いびがわちょうたにぐみ;Ibigawa Town Tanigumi;35.53;136.61;2140100;1.0965
2140133;揖斐川町西横山;いびがわちょうにしよこやま;Ibigawa Town Nishiyokoyama;35.58;136.46;2140100;0.5689
2140134;揖斐川町坂内;いびがわちょうさかうち;Ibigawa Town Sakauchi;35.60;136.41;2140100;0.8028
2140135;揖斐川町春日;いびがわちょうかすが;Ibigawa Town Kasuga;35.47;136.48;2140100;0.5689
2140136;揖斐川町東津汲;いびがわちょうひがしつくみ;Ibigawa Town Higashitsukumi;35.56;136.51;2140100;0.5689
2140330;大野町大野;おおのちょうおおの;Ono Town Ono;35.47;136.63;2140300;1.2699
2134130;養老町高田;ようろうちょうたかだ;Yoro Town Takada;35.31;136.56;2134100;1.3774
2140430;岐阜池田町六之井;ぎふいけだちょうろくのい;Gifu Ikeda Town Rokunoi;35.44;136.57;2140400;1.2540
2121630;瑞穂市別府;みずほしべっぷ;Mizuho City Beppu;35.39;136.69;2121600;2.2335
2121632;瑞穂市宮田;みずほしみやでん;Mizuho City Miyaden;35.40;136.65;2121600;2.2092
2121501;岐阜山県市谷合運動場;ぎふやまがたしたにあいうんどうじょう;Gifu Yamagata City Taniaiundojo;35.59;136.74;2121500;0.8387
2121520;岐阜山県市美山支所;ぎふやまがたしみやまししょ;Gifu Yamagata City Miyamashisho;35.59;136.745;2121500;0.8143
2121531;岐阜山県市大門;ぎふやまがたしだいもん;Gifu Yamagata City Daimon;35.53;136.73;2121500;1.2197
2121532;岐阜山県市高富;ぎふやまがたしたかとみ;Gifu Yamagata City Takatomi;35.50;136.79;2121500;1.2546
2121830;本巣市文殊;もとすしもんじゅ;Motosu City Monju;35.48;136.68;2121800;1.2494
2121833;本巣市根尾;もとすしねお;Motosu City Neo;35.63;136.62;2121800;0.5689
2121834;本巣市下真桑;もとすししもまくわ;Motosu City Shimomakuwa;35.43;136.66;2121800;1.3403
2121835;本巣市早野;もとすしはやの;Motosu City Hayano;35.46;136.67;2121800;1.2827
2121900;郡上市八幡町島谷;ぐじょうしはちまんちょうしまだに;Gujo City Hachiman Town Shimadani;35.75;136.96;2121900;0.8066
2121920;郡上市八幡町旭;ぐじょうしはちまんちょうあさひ;Gujo City Hachiman Town Asahi;35.76;136.98;2121900;0.8130
2121922;郡上市白鳥町長滝;ぐじょうししろとりちょうながたき;Gujo City Shirotori Town Nagataki;35.92;136.83;2121900;0.5689
2121935;郡上市和良町;ぐじょうしわらちょう;Gujo City Wara Town;35.75;137.09;2121900;0.8797
2142132;北方町北方;きたがたちょうきたがた;Kitagata Town Kitagata;35.44;136.68;2142100;1.6917
2121037;恵那市串原;えなしくしはら;Ena City Kushihara;35.26;137.41;2121000;0.5689
2130331;笠松町司町;かさまつちょうつかさまち;Kasamatsu Town Tsukasa Town;35.37;136.76;2130300;1.7942
2121333;各務原市那加桜町;かかみがはらしなかさくらまち;Kakamigahara City Nakasakura Town;35.40;136.85;2121300;1.0013
2121100;美濃加茂市太田町;みのかもしおおたちょう;Minokamo City Ota Town;35.44;137.02;2121100;1.1778
2121120;美濃加茂市西町;みのかもしにしまち;Minokamo City Nishi Town;35.44;137.00;2150100;1.1695
2121220;土岐市泉町;ときしいずみちょう;Toki City Izumi Town;35.39;137.22;2120800;0.9221
2121230;土岐市肥田;ときしひだ;Toki City Hida;35.36;137.20;2121200;0.8279
2121430;可児市広見;かにしひろみ;Kani City Hiromi;35.43;137.06;2121400;0.8942
2121432;可児市兼山;かにしかねやま;Kani City Kaneyama;35.46;137.09;2150500;0.8254
2150130;坂祝町取組;さかほぎちょうとりくみ;Sakahogi Town Torikumi;35.43;136.99;2150100;0.8910
2150230;富加町滝田;とみかちょうたきだ;Tomika Town Takida;35.48;136.98;2150200;0.9085
2150331;川辺町中川辺;かわべちょうなかかわべ;Kawabe Town Nakakawabe;35.49;137.07;2150300;0.8778
2150430;七宗町上麻生;ひちそうちょうかみあそう;Hichiso Town Kamiaso;35.54;137.12;2150400;0.8661
2150530;八百津町八百津;やおつちょうやおつ;Yaotsu Town Yaotsu;35.48;137.14;2150500;0.8436
2150600;白川町黒川;しらかわちょうくろかわ;Shirakawa Town Kurokawa;35.60;137.35;2150600;0.5689
2150630;白川町河岐;しらかわちょうかわまた;Shirakawa Town Kawamata;35.58;137.19;2150600;0.8407
2150730;東白川村神土;ひがししらかわむらかんど;Higashishirakawa Village Kando;35.64;137.32;2150700;0.8970
2130232;岐南町八剣;ぎなんちょうやつるぎ;Ginan Town Yatsurugi;35.39;136.78;2130200;2.1402
2152130;御嵩町御嵩;みたけちょうみたけ;Mitake Town Mitake;35.43;137.13;2152100;0.8678
2120121;岐阜市京町;ぎふしきょうまち;Gifu City Kyo Town;35.42;136.76;2120100;1.3258
2120130;岐阜市柳津町;ぎふしやないづちょう;Gifu City Yanaizu Town;35.37;136.74;2120100;1.8286
2120231;大垣市上石津町;おおがきしかみいしづちょう;Ogaki City Kamiishizu Town;35.28;136.47;2120200;0.8426
2120233;大垣市墨俣町;おおがきしすのまたちょう;Ogaki City Sunomata Town;35.36;136.68;2120200;2.2679
2120234;大垣市丸の内;おおがきしまるのうち;Ogaki City Marunochi;35.36;136.61;2120200;1.8847
2120530;関市若草通り;せきしわかくさどおり;Seki City Wakakusadori;35.50;136.92;2120500;0.9522
2120532;関市板取;せきしいたどり;Seki City Itadori;35.70;136.80;2120500;0.5689
2120533;関市武芸川町;せきしむげがわちょう;Seki City Mugegawa Town;35.53;136.84;2120500;1.1130
2120536;関市中之保;せきしなかのほ;Seki City Nakanoho;35.57;137.01;2120500;0.8526
2120537;関市洞戸市場;せきしほらどいちば;Seki City Horadoichiba City;35.60;136.82;2120500;0.9935
2120538;関市上之保;せきしかみのほ;Seki City Kaminoho;35.61;137.04;2120500;0.5689
2120730;美濃市役所;みのしやくしょ;Mino City Hall;35.54;136.91;2120700;0.8826
2120932;羽島市竹鼻町;はしましたけはなちょう;Hashima City Takehana Town;35.32;136.70;2120900;2.2986
2121332;各務原市川島河田町;かかみがはらしかわしまこうだまち;Kakamigahara City Kawashimakoda Town;35.36;136.83;2121300;1.3076
2120100;岐阜市加納二之丸;ぎふしかのうにのまる;Gifu City Kanoninomaru;35.40;136.76;2120100;1.3593
1920431;都留市上谷;つるしかみや;Tsuru City Kamiya;35.55;138.91;1920400;0.6689
2040733;阿智村清内路;あちむらせいないじ;Achi Village Seinaiji;35.50;137.70;2040700;0.5689
2040730;阿智村駒場;あちむらこまば;Achi Village Komaba;35.44;137.75;2040700;0.8062
2048130;長野池田町池田;ながのいけだまちいけだ;Nagano Ikeda Town Ikeda;36.42;137.87;2048200;0.9975
2048230;松川村役場;まつかわむらやくば;Matsukawa Village Town Office;36.42;137.85;2048200;0.9970
2048520;白馬村北城;はくばむらほくじょう;Hakuba Village Hokujo;36.70;137.86;2048500;0.9781
2048630;小谷村中小谷;おたりむらなかおたり;Otari Village Nakaotari;36.78;137.91;2048600;0.7699
2052130;坂城町坂城;さかきまちさかき;Sakaki Town Sakaki;36.46;138.18;2052100;1.0276
2054130;小布施町小布施;おぶせまちおぶせ;Obuse Town Obuse;36.70;138.31;2054100;1.0365
2054331;長野高山村高井;ながのたかやまむらたかい;Nagano Takayama Village Takai;36.68;138.36;2054300;0.7623
2056100;山ノ内町平穏;やまのうちまちひらお;Yamanochi Town Hirao;36.74;138.41;2056100;0.9907
2056120;山ノ内町消防署;やまのうちまちしょうぼうしょ;Yamanochi Town Fire Station;36.74;138.415;2056100;0.7735
2056231;木島平村往郷;きじまだいらむらおうごう;Kijimadaira Village Ogo;36.86;138.41;2056200;1.0185
2056330;野沢温泉村豊郷;のざわおんせんむらとよさと;Nozawa Onsen Muratoyosato;36.92;138.44;2056300;1.2276
2058320;信濃町柏原東裏;しなのまちかしわばらひがしうら;Shinano Town Kashiwabarahigashiura;36.81;138.21;2058300;1.2247
2058830;小川村高府;おがわむらたかふ;Ogawa Village Takafu;36.62;137.97;2058800;0.9994
2060230;栄村北信;さかえむらほくしん;Sakae Village Hokushin;36.99;138.58;2060200;1.0294
2021320;飯山市飯山福寿町;いいやましいいやまふくじゅまち;Iiyama City Iiyamafukuju Town;36.85;138.37;2021300;1.3406
2060240;栄村小赤沢;さかえむらこあかさわ;Sakae Village Koakasawa;36.87;138.63;2060200;0.8125
2021832;千曲市戸倉;ちくましとぐら;Chikuma City Togura;36.49;138.15;2021800;1.0369
2021834;千曲市杭瀬下;ちくましくいせけ;Chikuma City Kuiseke;36.53;138.11;2021800;1.9397
2059032;飯綱町芋川;いいづなまちいもがわ;Iizuna Town Imogawa;36.76;138.25;2059000;0.9249
2059033;飯綱町牟礼;いいづなまちむれ;Iizuna Town Mure;36.75;138.24;2059000;0.9673
2020201;松本市沢村;まつもとしさわむら;Matsumoto City Sawa Village;36.25;137.97;2020200;0.7742
2020220;松本市美須々;まつもとしみすず;Matsumoto City Misuzu;36.26;137.98;2020200;0.9852
2020221;松本市安曇;まつもとしあづみ;Matsumoto City Azumi;36.18;137.79;2020200;0.5689
2020231;松本市会田;まつもとしあいだ;Matsumoto City Aida;36.35;137.99;2020200;0.8564
2020233;松本市梓川梓;まつもとしあずさがわあずさ;Matsumoto City Azusagawaazusa;36.22;137.87;2020200;0.8574
2020234;松本市丸の内;まつもとしまるのうち;Matsumoto City Marunochi;36.24;137.97;2020200;0.9971
2020235;松本市波田;まつもとしはた;Matsumoto City Hata;36.20;137.86;2020200;1.0543
2020236;松本市奈川;まつもとしながわ;Matsumoto City Nagawa;36.09;137.68;2020200;0.7209
2020240;松本市寿;まつもとしことぶき;Matsumoto City Kotobuki;36.18;137.98;2020200;0.9803
2020301;上田市築地;うえだしついじ;Ueda City Tsuiji;36.40;138.21;2020300;1.0228
2021831;千曲市上山田温泉;ちくましかみやまだおんせん;Chikuma City Kamiyamada Onsen;36.47;138.15;2021800;1.9397
2020321;上田市大手;うえだしおおて;Ueda City Ote;36.40;138.25;2020300;0.8664
2021240;大町市美麻;おおまちしみあさ;O Town Shimiasa;36.61;137.90;2021200;0.6689
2021220;大町市大町図書館;おおまちしおおまちとしょかん;O Town Shio Town Toshokan;36.51;137.85;2021200;0.9810
1920621;大月市御太刀;おおつきしみたち;Otsuki City Mitachi;35.61;138.95;1920600;0.6689
1920631;大月市役所;おおつきしやくしょ;Otsuki City Hall;35.61;138.945;1920600;0.6689
1921202;上野原市四方津;うえのはらししおつ;Uenohara City Shiotsu;35.61;139.08;1921200;0.6689
1921232;上野原市秋山;うえのはらしあきやま;Uenohara City Akiyama;35.57;139.08;1921200;0.6689
1921233;上野原市役所;うえのはらしやくしょ;Uenohara City Hall;35.63;139.11;1921200;1.1375
1942232;道志村釜之前;どうしむらかまのまえ;Doshi Village Kamanomae;35.51;139.00;1942200;0.6689
1942332;西桂町小沼;にしかつらちょうおぬま;Nishikatsura Town Onuma;35.52;138.85;1942300;1.1979
1942432;忍野村忍草;おしのむらしぼくさ;Oshino Village Shibokusa;35.46;138.85;1942400;0.8160
1942531;山中湖村山中;やまなかこむらやまなか;Yamanakako Village Yamanaka;35.41;138.86;1942500;1.3102
1942932;鳴沢村役場;なるさわむらやくば;Narusawa Village Town Office;35.48;138.71;1942900;1.3468
1943002;富士河口湖町船津;ふじかわぐちこまちふなつ;Fujikawaguchiko Town Funatsu;35.50;138.76;1943000;1.3421
1943021;富士河口湖町本栖;ふじかわぐちこまちもとす;Fujikawaguchiko Town Motosu;35.47;138.61;1943000;1.2488
1943034;富士河口湖町勝山;ふじかわぐちこまちかつやま;Fujikawaguchiko Town Katsuyama;35.51;138.74;1943000;1.3185
1943036;富士河口湖町役場;ふじかわぐちこまちやくば;Fujikawaguchiko Town Town Office;35.50;138.75;1943000;1.3703
2021230;大町市八坂;おおまちしやさか;O Town Shiyasaka;36.49;137.91;2021200;0.9994
1943037;富士河口湖町長浜;ふじかわぐちこまちながはま;Fujikawaguchiko Town Nagahama;35.51;138.71;1943000;0.6689
1944321;丹波山村丹波;たばやまむらたば;Tabayama Village Taba;35.79;138.92;1944300;0.7427
2020100;長野市箱清水;ながのしはこしみず;Nagano City Hakoshimizu;36.66;138.19;2020100;0.7821
2020102;長野市松代;ながのしまつしろ;Nagano City Matsushiro;36.54;138.21;2020100;0.6689
2020120;長野市鶴賀緑町;ながのしつるがみどりちょう;Nagano City Tsurugamidori Town;36.65;138.19;2020100;1.0421
2020130;長野市戸隠;ながのしとがくし;Nagano City Togakushi;36.70;138.09;2020100;1.2142
2020131;長野市鬼無里;ながのしきなさ;Nagano City Kinasa;36.68;138.00;2020100;0.8200
2020134;長野市豊野町豊野;ながのしとよのまちとよの;Nagano City Toyono Town Toyono;36.71;138.28;2020100;1.8581
2020135;長野市大岡;ながのしおおおか;Nagano City Ooka;36.51;137.99;2020100;0.9994
2020137;長野市信州新町新町;ながのししんしゅうしんまちしんまち;Nagano City Shinshushinmachi Shinmachi;36.57;138.01;2020100;0.8803
2020138;長野市中条;ながのしなかじょう;Nagano City Nakajo;36.61;138.03;2020100;0.6689
2020730;須坂市須坂;すざかしすざか;Suzaka City Suzaka;36.65;138.31;2020700;1.0207
2021131;中野市豊津;なかのしとよつ;Nakano City Toyotsu;36.77;138.32;2021100;0.8858
2021132;中野市三好町;なかのしみよしちょう;Nakano City Miyoshi Town;36.74;138.37;2021100;1.0267
2021200;大町市役所;おおまちしやくしょ;O Town City Hall;36.50;137.85;2021200;0.9833
1944233;小菅村小菅小学校;こすげむらこすげしょうがっこう;Kosuge Village Kosuge Elementary School;35.76;138.94;1944200;0.8088
2040731;阿智村浪合;あちむらなみあい;Achi Village Namiai;35.37;137.69;2040700;0.5689
2020330;上田市上丸子;うえだしかみまるこ;Ueda City Kamimaruko;36.32;138.27;2020300;0.9983
2020333;上田市下武石;うえだししもたけし;Ueda City Shimotakeshi;36.28;138.23;2020300;0.8204
2035020;長和町古町;ながわまちふるまち;Nagawa Town Furu Town;36.27;138.26;2035000;0.7798
2035030;長和町和田;ながわまちわだ;Nagawa Town Wada;36.21;138.21;2035000;0.6689
2022001;安曇野市穂高支所;あづみのしほたかししょ;Azumino City Hotakashisho;36.34;137.89;2022000;1.0040
2022020;安曇野市穂高福祉センター;あづみのしほたかふくしせんたー;Azumino City Hotaka Welfare Center;36.34;137.87;2022000;0.9994
2022033;安曇野市堀金;あづみのしほりがね;Azumino City Horigane;36.29;137.88;2022000;1.0056
2022034;安曇野市明科;あづみのしあかしな;Azumino City Akashina;36.36;137.93;2022000;0.8599
2022035;安曇野市豊科;あづみのしとよしな;Azumino City Toyoshina;36.31;137.91;2022000;1.0171
2022036;安曇野市三郷;あづみのしみさと;Azumino City Misato;36.26;137.89;2022000;0.9232
2045201;筑北村坂井;ちくほくむらさかい;Chikuhoku Village Sakai;36.45;138.07;2045200;0.9856
2045230;筑北村西条;ちくほくむらにしじょう;Chikuhoku Village Nishijo;36.40;138.01;2045200;0.8254
2045231;筑北村坂北;ちくほくむらさかきた;Chikuhoku Village Sakakita;36.43;138.02;2045200;0.9738
2020502;飯田市高羽町;いいだしたかはちょう;Iida City Takaha Town;35.52;137.82;2020500;1.0936
2020520;飯田市上郷黒田;いいだしかみさとくろだ;Iida City Kamisatokuroda;35.52;137.84;2020500;1.0576
2020533;飯田市大久保町;いいだしおおくぼちょう;Iida City Okubo Town;35.52;137.825;2020500;1.1051
2030932;佐久穂町高野町;さくほまちたかのまち;Sakuho Town Takano Town;36.16;138.48;2030900;0.7549
2020534;飯田市上村;いいだしかみむら;Iida City Kami Village;35.39;137.97;2020500;0.5689
2020900;伊那市高遠町荊口;いなしたかとおまちばらぐち;Ina City Takato Town Baraguchi;35.88;138.13;2020900;0.5689
2020920;伊那市下新田;いなししもしんでん;Ina City Shimoshinden;35.83;137.95;2020900;0.8860
2020930;伊那市高遠町西高遠;いなしたかとおまちにしたかとお;Ina City Takato Town Nishitakato;35.84;138.06;2020900;0.7347
2020931;伊那市長谷溝口;いなしはせみぞくち;Ina City Hasemizokuchi;35.79;138.09;2020900;0.9425
2021020;駒ヶ根市赤須町;こまがねしあかずまち;Komagane City Akazu Town;35.73;137.93;2021000;1.0730
2038200;辰野町中央;たつのまちちゅうおう;Tatsuno Town Chuuo;35.98;137.99;2038200;0.9911
2038330;箕輪町中箕輪;みのわまちなかみのわ;Minowa Town Nakaminowa;35.92;137.98;2038300;1.0403
2038401;飯島町飯島;いいじままちいいじま;Iijima Town Iijima;35.68;137.92;2038400;0.7648
2038530;南箕輪村役場;みなみみのわむらやくば;Minamiminowa Village Town Office;35.87;137.98;2038500;0.8625
2038630;中川村大草;なかがわむらおおくさ;Nakagawa Village Okusa;35.63;137.95;2038600;1.0008
2038830;宮田村役場;みやだむらやくば;Miyada Village Town Office;35.77;137.94;2038800;0.7743
2040230;松川町元大島;まつかわまちもとおおじま;Matsukawa Town Motoojima;35.60;137.91;2040200;0.8193
2040330;長野高森町下市田;ながのたかもりまちしもいちだ;Nagano Takamori Town City Moichida;35.55;137.88;2040300;0.8638
2040430;阿南町東條;あなんちょうひがしじょう;Anan Town Higashijo;35.32;137.82;2040400;0.6689
2020535;飯田市南信濃;いいだしみなみしなの;Iida City Minamishinano;35.32;137.93;2020500;0.8763
2020332;上田市真田町長;うえだしさなだまちおさ;Ueda City Sanada Town Osa;36.44;138.30;2020300;0.7681
2021931;東御市大日向;とうみしおおひなた;Tomi City Ohinata;36.33;138.35;2021900;0.9291
2045131;朝日村役場;あさひむらやくば;Asahi Village Town Office;36.13;137.87;2045100;1.0595
2020431;岡谷市幸町;おかやしさいわいちょう;Okaya City Saiwai Town;36.07;138.05;2020400;0.8936
2020600;諏訪市湖岸通り;すわしこがんどおり;Suwa City Kogandori;36.05;138.11;2020600;1.9112
2020630;諏訪市高島;すわしたかしま;Suwa City Takashima;36.04;138.11;2020600;1.8586
2020820;小諸市小諸消防署;こもろしこもろしょうぼうしょ;Komoro City Komoro Fire Station;36.33;138.43;2020800;1.2405
2020831;小諸市文化センター;こもろしぶんかせんたー;Komoro City Cultural Center;36.31;138.44;2020800;1.3301
2021432;茅野市葛井公園;ちのしくずいこうえん;Chino City Kuzui Park;36.00;138.14;2021400;1.7490
2021520;塩尻市楢川保育園;しおじりしならかわほいくえん;Shiojiri City Narakawa Preschool;35.97;137.83;2021500;0.5689
2021530;塩尻市広丘高出;しおじりしひろおかたかいで;Shiojiri City Hirokatakaide;36.12;137.95;2021500;1.1281
2021532;塩尻市木曽平沢;しおじりしきそひらさわ;Shiojiri City Kisohirasawa;35.97;137.82;2021500;0.7278
2021700;佐久市下小田切;さくししもおたぎり;Saku City Shimotagiri;36.19;138.48;2021700;0.9923
2021733;佐久市中込;さくしなかごみ;Saku City Nakagomi;36.25;138.48;2021700;1.4283
2021735;佐久市望月;さくしもちづき;Saku City Mochizuki;36.26;138.36;2021700;0.7944
2021736;佐久市臼田;さくしうすだ;Saku City Usuda;36.20;138.49;2021700;0.9882
2021737;佐久市甲;さくしこう;Saku City Ko;36.27;138.41;2021700;1.0548
2021930;東御市県;とうみしあがた;Tomi City Agata;36.36;138.33;2021900;1.2752
2030320;小海町豊里;こうみまちとよさと;Komi Town Toyosato;36.10;138.48;2030300;0.7906
2030530;長野南牧村海ノ口;ながのみなみまきむらうみのくち;Nagano Minamimaki Village Uminokuchi;36.02;138.49;2030500;0.8125
2030630;南相木村見上;みなみあいきむらみあげ;Minamiaiki Village Miage;36.04;138.55;2030600;0.5689
2030730;北相木村役場;きたあいきむらやくば;Kitaaiki Village Town Office;36.06;138.55;2030700;0.7331
2032101;軽井沢町追分;かるいざわまちおいわけ;Karuizawa Town Oiwake;36.34;138.55;2032100;1.2752
2032130;軽井沢町長倉;かるいざわまちながくら;Karuizawa Town Nagakura;36.35;138.60;2032100;0.7536
2032331;御代田町役場;みよたまちやくば;Miyota Town Town Office;36.32;138.51;2032300;1.3193
2032432;立科町芦田;たてしなまちあしだ;Tateshina Town Ashida;36.27;138.32;2032400;0.8157
2034930;青木村田沢青木;あおきむらたざわあおき;Aoki Village Tazawaaoki;36.37;138.13;2034900;0.7653
2036130;下諏訪町役場;しもすわまちやくば;Shimosuwa Town Town Office;36.07;138.08;2036100;1.7835
2036230;富士見町落合;ふじみまちおちあい;Fujimi Town Ochiai;35.91;138.24;2036200;1.3221
2036330;原村役場;はらむらやくば;Hara Village Town Office;35.96;138.22;2036300;1.2942
2044630;麻績村麻;おみむらお;Omi Village O;36.46;138.05;2044600;0.9791
2044830;生坂村役場;いくさかむらやくば;Ikusaka Village Town Office;36.43;137.93;2044800;0.9994
2045030;山形村役場;やまがたむらやくば;Yamagata Mura Town Office;36.17;137.88;2045000;1.0857
2030430;長野川上村大深山;ながのかわかみむらおおみやま;Nagano Kawakami Village Omiyama;35.98;138.58;2030400;0.9994
1540500;出雲崎町米田;いずもざきまちこめだ;Izumozaki Town Komeda;37.53;138.71;1540500;1.0057
1540530;出雲崎町川西;いずもざきまちかわにし;Izumozaki Town Kawanishi;37.53;138.715;1540500;1.1893
1521131;見附市昭和町;みつけししょうわまち;Mitsuke City Showa Town;37.53;138.91;1521100;2.1110
1241030;横芝光町宮川;よこしばひかりまちみやがわ;Yokoshibahikari Town Miyagawa;35.67;140.50;1241000;1.4725
1241032;横芝光町栗山;よこしばひかりまちくりやま;Yokoshibahikari Town Kuriyama;35.66;140.50;1241000;1.5850
1223700;山武市松尾町富士見台;さんむしまつおまちふじみだい;Sanmu City Matsuo Town Fujimidai;35.64;140.45;1223700;1.5510
1223721;山武市蓮沼ニ;さんむしはすぬまに;Sanmu City Hasunumani;35.59;140.50;1223700;1.6999
1223734;山武市埴谷;さんむしはにや;Sanmu City Haniya;35.64;140.38;1223700;1.4236
1223735;山武市殿台;さんむしとのだい;Sanmu City Tonodai;35.60;140.41;1223700;1.4924
1223736;山武市蓮沼ハ;さんむしはすぬまは;Sanmu City Hasunumaha;35.60;140.50;1223700;1.7360
1223737;山武市松尾町五反田;さんむしまつおまちごたんだ;Sanmu City Matsuo Town Gotanda;35.64;140.46;1223700;1.2046
1223930;大網白里市大網;おおあみしらさとしおおあみ;Ooamishirasato City Ooami;35.52;140.32;1223900;1.6246
1210101;千葉中央区中央港;ちばちゅうおうくちゅうおうこう;Chiba Chuuo Ward Chuuoko;35.60;140.10;1210100;1.6794
1210240;千葉花見川区花島町;ちばはなみがわくはなしまちょう;Chiba Hanamigawa Ward Hanashima Town;35.68;140.10;1210200;1.3798
1210340;千葉稲毛区園生町;ちばいなげくそんのうちょう;Chiba Inage Ward Sonno Town;35.65;140.13;1210400;1.4144
1210420;千葉若葉区野呂町;ちばわかばくのろちょう;Chiba Wakaba Ward Noro Town;35.59;140.24;1210400;1.3686
1210440;千葉若葉区小倉台;ちばわかばくおぐらだい;Chiba Wakaba Ward Oguradai;35.63;140.17;1210400;1.6107
1223633;香取市岩部;かとりしいわべ;Katori City Iwabe;35.81;140.50;1223600;1.2094
1210540;千葉緑区おゆみ野;ちばみどりくおゆみの;Chiba Midori Ward Oyumino;35.56;140.18;1210500;1.3978
1210620;千葉美浜区稲毛海岸;ちばみはまくいなげかいがん;Chiba Mihama Ward Inagekaigan;35.63;140.08;1210600;1.7170
1220320;市川市大町;いちかわしおおまち;Ichikawa City O Town;35.77;139.97;1220300;1.4647
1220321;市川市本行徳;いちかわしほんぎょうとく;Ichikawa City Hongyotoku;35.69;139.92;1220300;2.0456
1220332;市川市八幡;いちかわしやわた;Ichikawa City Yawata;35.72;139.93;1220300;1.7284
1220431;船橋市湊町;ふなばししみなとちょう;Funabashi City Minato Town;35.69;139.98;1220400;1.7578
1220731;松戸市根本;まつどしねもと;Matsudo City Nemoto;35.79;139.90;1220700;1.5442
1220740;松戸市西馬橋;まつどしにしまばし;Matsudo City Nishimabashi;35.81;139.91;1220700;1.5124
1220832;野田市鶴奉;のだしつるほう;Noda City Tsuruho;35.96;139.87;1220800;1.6706
1220833;野田市東宝珠花;のだしひがしほうしゅばな;Noda City Higashihoshubana;36.03;139.82;1220800;1.5709
1221101;成田国際空港;なりたこくさいくうこう;Narita International Airport;35.77;140.38;1221100;1.4596
1221102;成田市名古屋;なりたしなごや;Narita City Nagoya;35.86;140.36;1221100;1.4256
1221120;成田市中台;なりたしなかだい;Narita City Nakadai;35.78;140.31;1221100;1.4901
1221133;成田市役所;なりたしやくしょ;Narita City Hall;35.78;140.32;1221100;1.5642
1221134;成田市猿山;なりたしさるやま;Narita City Saruyama;35.88;140.35;1221100;1.7302
1210600;千葉美浜区ひび野;ちばみはまくひびの;Chiba Mihama Ward Hibino;35.64;140.04;1210600;2.0561
1221135;成田市松子;なりたしまつこ;Narita City Matsuko;35.83;140.42;1221100;1.1928
1223632;香取市仁良;かとりしにら;Katori City Nira;35.80;140.58;1223600;1.4662
1223630;香取市役所;かとりしやくしょ;Katori City Hall;35.90;140.50;1223600;2.1020
1136330;長瀞町本野上;ながとろまちほんのがみ;Nagatoro Town Honnogami;36.11;139.11;1136300;0.7057
1136500;小鹿野町両神薄;おがのまちりょうかみすすき;Ogano Town Ryokamisusuki;36.02;138.90;1136500;0.5974
1136532;小鹿野町小鹿野;おがのまちおがの;Ogano Town Ogano;36.02;139.01;1136500;0.7999
1220200;銚子市川口町;ちょうししかわぐちちょう;Choshi City Kawaguchi Town;35.74;140.86;1220200;1.2906
1220202;銚子市小畑新町;ちょうししこばたけしんまち;Choshi City Kobatakeshin Town;35.72;140.86;1220200;1.3073
1220220;銚子市若宮町;ちょうししわかみやちょう;Choshi City Wakamiya Town;35.74;140.83;0823200;0.0000
1221030;茂原市道表;もばらしどうびょう;Mobara City Dobyo;35.43;140.29;1221000;1.2094
1221300;東金市東新宿;とうがねしひがししんじゅく;Togane City Higashishinjuku;35.56;140.37;1221300;1.6372
1221320;東金市日吉台;とうがねしひよしだい;Togane City Hiyoshidai;35.57;140.34;1221300;1.7080
1221331;東金市東岩崎;とうがねしひがしいわさき;Togane City Higashiiwasaki;35.56;140.375;1221300;1.9581
1221531;旭市南堀之内;あさひしみなみほりのうち;Asahi City Minamihorinochi;35.77;140.62;1221500;1.2094
1221532;旭市高生;あさひしたかおい;Asahi City Takaoi;35.73;140.69;1221500;1.5821
1221533;旭市萩園;あさひしはぎぞの;Asahi City Hagizono;35.71;140.71;1221500;1.4436
1221535;旭市ニ;あさひしに;Asahi City Ni;35.72;140.65;1221500;1.8414
1223631;香取市羽根川;かとりしはねかわ;Katori City Hanekawa;35.85;140.60;1223600;2.4254
1234230;神崎町神崎本宿;こうざきまちこうざきほんじゅく;Kozaki Town Kozakihonjuku;35.90;140.40;1234200;1.3847
1234931;東庄町笹川;とうのしょうまちささがわ;Tonosho Town Sasagawa;35.84;140.67;1234900;1.8069
1240330;九十九里町片貝;くじゅうくりまちかたかい;Kujukuri Town Katakai;35.53;140.44;1240300;1.5153
1240931;芝山町小池;しばやままちこいけ;Shibayama Town Koike;35.69;140.41;1240900;1.4191
1242101;一宮町一宮;いちのみやまちいちのみや;Ichinomiya Town Ichinomiya;35.37;140.37;1242100;1.3298
1242230;睦沢町下之郷;むつざわまちしものごう;Mutsuzawa Town Shimonogo;35.36;140.32;1242200;1.5214
1242330;長生村本郷;ちょうせいむらほんごう;Chosei Village Hongo;35.41;140.35;1242300;1.9915
1242431;白子町関;しらこまちせき;Shirako Town Seki;35.45;140.37;1242400;1.7243
1242630;長柄町桜谷;ながらまちさくらや;Nagara Town Sakuraya;35.43;140.23;1242600;1.3032
1242700;長南町総合グラウンド;ちょうなんまちそうごうぐらうんど;Chonan Town Sogoguraundo;35.38;140.24;1242700;0.9813
1242732;長南町長南;ちょうなんまちちょうなん;Chonan Town Chonan;35.39;140.24;1242700;0.9810
1223530;匝瑳市八日市場ハ;そうさしようかいちばは;Sosa City Yokaichibaha City;35.71;140.56;1223500;1.6645
1223532;匝瑳市今泉;そうさしいまいずみ;Sosa City Imaizumi;35.66;140.57;1223500;1.5698
1223602;香取市佐原平田;かとりしさわらひらた;Katori City Sawarahirata;35.89;140.51;1223600;1.4789
1223620;香取市佐原諏訪台;かとりしさわらすわだい;Katori City Sawarasuwadai;35.89;140.49;1223600;1.4067
1234700;多古町多古;たこまちたこ;Tako Town Tako;35.74;140.47;1234700;1.4627
1136320;長瀞町野上下郷;ながとろまちのがみしもごう;Nagatoro Town Nogamishimogo;36.12;139.10;1136300;0.6614
1221231;千葉佐倉市海隣寺町;ちばさくらしかいりんじまち;Chiba Sakura City Kairinji Town;35.72;140.22;1221200;1.3487
1221701;柏市旭町;かしわしあさひちょう;Kashiwa City Asahi Town;35.86;139.96;1221700;1.6970
1244330;御宿町須賀;おんじゅくまちすか;Onjuku Town Suka;35.19;140.35;1244300;0.9814
1246330;鋸南町下佐久間;きょなんまちしもさくま;Kyonan Town Shimosakuma;35.11;139.84;1246300;1.6739
1223831;いすみ市大原;いすみしおおはら;Isumi City Ohara;35.25;140.39;1223800;1.8354
1223834;いすみ市岬町長者;いすみしみさきちょうちょうじゃ;Isumi City Misaki Town Choja;35.30;140.38;1223800;2.0528
1223835;いすみ市弥正;いすみしやまさ;Isumi City Yamasa;35.29;140.31;1223800;1.6935
1223400;南房総市上堀;みなみぼうそうしかみほり;Minamiboso City Kamihori;35.04;139.89;1223400;0.9471
1223430;南房総市富浦町青木;みなみぼうそうしとみうらちょうあおき;Minamiboso City Tomiura Town Aoki;35.04;139.84;1223400;1.1424
1223433;南房総市白浜町白浜;みなみぼうそうししらはまちょうしらはま;Minamiboso City Shirahama Town Shirahama;34.91;139.90;1223400;1.0057
1223435;南房総市岩糸;みなみぼうそうしいわいと;Minamiboso City Iwaito;35.02;139.96;1223400;1.5242
1223438;南房総市久枝;みなみぼうそうしくし;Minamiboso City Kushi;35.10;139.85;1223400;1.2094
1223439;南房総市和田町;みなみぼうそうしわだちょう;Minamiboso City Wada Town;35.04;140.02;1223400;1.1685
1223440;南房総市谷向;みなみぼうそうしやむかい;Minamiboso City Yamukai;35.03;139.90;1223400;1.2756
1223441;南房総市千倉町瀬戸;みなみぼうそうしちくらちょうせと;Minamiboso City Chikura Town Seto;34.98;139.96;1223400;1.2622
1310100;東京千代田区大手町;とうきょうちよだくおおてまち;Tokyo Chiyoda Ward Ote Town;35.69;139.76;1310100;1.6812
1244130;大多喜町大多喜;おおたきまちおおたき;Otaki Town Otaki;35.29;140.25;1244100;1.4295
1310134;東京千代田区富士見;とうきょうちよだくふじみ;Tokyo Chiyoda Ward Fujimi;35.70;139.75;1310100;1.7794
1310230;東京中央区築地;とうきょうちゅうおうくつきじ;Tokyo Chuuo Ward Tsukiji;35.67;139.77;1310200;1.3081
1310250;東京中央区日本橋兜町;とうきょうちゅうおうくにほんばしかぶとちょう;Tokyo Chuuo Ward Nihonbashikabuto Town;35.68;139.78;1310200;1.5063
1310253;東京中央区勝どき;とうきょうちゅうおうくかちどき;Tokyo Chuuo Ward Kachidoki;35.66;139.78;1310200;1.6609
1310300;東京港区海岸;とうきょうみなとくかいがん;Tokyo Minato Ward Kaigan;35.64;139.75;1310300;1.4004
1310330;東京港区芝公園;とうきょうみなとくしばこうえん;Tokyo Minato Ward Shiba Park;35.66;139.75;1310300;1.5078
1310352;東京港区南青山;とうきょうみなとくみなみあおやま;Tokyo Minato Ward Minamiaoyama;35.67;139.72;1310300;1.5538
1310353;東京港区白金;とうきょうみなとくしろかね;Tokyo Minato Ward Shirokane;35.64;139.73;1310300;1.5415
1310400;東京新宿区西新宿;とうきょうしんじゅくくにししんじゅく;Tokyo Shinjuku Ward Nishishinjuku;35.69;139.70;1310400;1.3594
1310420;東京新宿区上落合;とうきょうしんじゅくくかみおちあい;Tokyo Shinjuku Ward Kamiochiai;35.71;139.69;1311400;1.6018
1310432;東京新宿区歌舞伎町;とうきょうしんじゅくくかぶきちょう;Tokyo Shinjuku Ward Kabuki Town;35.69;139.70499999999998;1310400;1.2881
1310451;東京新宿区百人町;とうきょうしんじゅくくひゃくにんちょう;Tokyo Shinjuku Ward Hyakunin Town;35.71;139.70;1310400;1.4114
1310531;東京文京区スポーツセンタ;とうきょうぶんきょうくすぽーつせんた;Tokyo Bunkyo Ward Sports Center;35.72;139.74;1310500;1.4879
1310550;東京文京区本郷;とうきょうぶんきょうくほんごう;Tokyo Bunkyo Ward Hongo;35.71;139.76;1310500;1.2711
1310551;東京文京区大塚;とうきょうぶんきょうくおおつか;Tokyo Bunkyo Ward Otsuka;35.72;139.73;1310500;1.4512
1310151;東京千代田区麹町;とうきょうちよだくこうじまち;Tokyo Chiyoda Ward Koji Town;35.68;139.74;1310100;1.2960
1221632;習志野市鷺沼;ならしのしさぎぬま;Narashino City Saginuma;35.68;140.03;1221600;1.3569
1222931;袖ケ浦市坂戸市場;そでがうらしさかどいちば;Sodegaura City Sakadoichiba City;35.43;139.95;1222900;1.4319
1222531;君津市久保;きみつしくぼ;Kimitsu City Kubo;35.33;139.90;1222500;2.1186
1221732;柏市柏;かしわしかしわ;Kashiwa City Kashiwa;35.87;139.98;1221700;1.5272
1221733;柏市大島田;かしわしおおしまた;Kashiwa City Oshimata;35.84;140.01;1221700;1.4876
1221920;市原市姉崎;いちはらしあねさき;Ichihara City Anesaki;35.47;140.05;1221900;1.6323
1221930;市原市国分寺台中央;いちはらしこくぶんじだいちゅうおう;Ichihara City Kokubunjidaichuuo;35.50;140.12;1221900;1.5661
1222030;流山市平和台;ながれやましへいわだい;Nagareyama City Heiwadai;35.86;139.90;1222000;1.7062
1222131;八千代市大和田新田;やちよしおおわだしんでん;Yachiyo City Owadashinden;35.72;140.10;1222100;1.5879
1222230;我孫子市我孫子;あびこしあびこ;Abiko City Abiko;35.86;140.03;1222200;1.8189
1222431;鎌ケ谷市新鎌ケ谷;かまがやししんかまがや;Kamagaya City Shinkamagaya;35.78;140.00;1222400;1.5192
1222700;浦安市日の出;うらやすしひので;Urayasu City Hinode;35.64;139.92;1222700;2.3108
1222732;浦安市猫実;うらやすしねこざね;Urayasu City Nekozane;35.65;139.90;1222700;2.1246
1222831;四街道市鹿渡;よつかいどうししかわたし;Yotsukaido City Shikawatashi;35.67;140.17;1222800;1.5669
1223031;八街市八街;やちまたしやちまた;Yachimata City Yachimata;35.67;140.32;1223000;1.4016
1223130;印西市大森;いんざいしおおもり;Inzai City Omori;35.83;140.15;1223100;1.4690
1223132;印西市笠神;いんざいしかさがみ;Inzai City Kasagami;35.82;140.20;1223100;1.3296
1222631;富津市下飯野;ふっつししもいいの;Futtsu City Shimoiino;35.30;139.86;1222600;1.7815
1223134;印西市美瀬;いんざいしみせ;Inzai City Mise;35.78;140.20;1223100;1.5232
1223232;白井市復;しろいしふく;Shiroi City Fuku;35.79;140.06;1223200;1.6413
1232931;栄町安食台;さかえまちあじきだい;Sakaemachi Ajikidai;35.84;140.24;1232900;1.3707
1223330;富里市七栄;とみさとしななえ;Tomisato City Nanae;35.73;140.34;1223300;1.4547
1220501;館山市長須賀;たてやましながすか;Tateyama City Nagasuka;34.99;139.87;1220500;2.0594
1220531;館山市北条;たてやましほうじょう;Tateyama City Hojo;35.00;139.87;1220500;1.8015
1220601;木更津市太田;きさらづしおおだ;Kisarazu City Oda;35.38;139.94;1220600;1.1711
1220631;木更津市富士見;きさらづしふじみ;Kisarazu City Fujimi;35.38;139.92;1220600;1.4527
1221800;勝浦市墨名;かつうらしとな;Katsura City Tona;35.15;140.31;1221800;1.0866
1221820;勝浦市新官;かつうらししんかん;Katsura City Shinkan;35.15;140.32;1221800;0.9808
1222300;鴨川市八色;かもがわしやいろ;Kamogawa City Yairo;35.11;140.10;1222300;1.8398
1222301;鴨川市内浦;かもがわしうちうら;Kamogawa City Uchiura;35.16;140.20;1222300;1.0834
1222320;鴨川市横渚;かもがわしよこすか;Kamogawa City Yokosuka;35.11;140.105;1222300;1.8205
1222330;鴨川市天津;かもがわしあまつ;Kamogawa City Amatsu;35.12;140.15;1222300;0.9211
1222520;君津市久留里市場;きみつしくるりいちば;Kimitsu City Kururiichiba City;35.30;140.07;1222500;1.3434
1232231;酒々井町中央台;しすいまちちゅうおうだい;Shisui Town Chuuodai;35.72;140.27;1232200;1.1924
1136230;皆野町皆野;みなのまちみなの;Minano Town Minano;36.07;139.10;1136200;0.8596
1136130;横瀬町横瀬;よこぜまちよこぜ;Yokoze Town Yokoze;35.99;139.10;1136100;0.8316
1120735;秩父市大滝;ちちぶしおおたき;Chichibu City Otaki;35.95;138.94;1120700;0.6424
1120631;行田市南河原;ぎょうだしみなみかわら;Gyoda City Minamikawara;36.18;139.44;1120600;1.7772
1121030;加須市三俣;かぞしみつまた;Kazo City Mitsumata;36.13;139.60;1121000;2.0500
1121031;加須市騎西;かぞしきさい;Kazo City Kisai;36.10;139.57;1121000;1.9684
1121032;加須市北川辺;かぞしきたかわべ;Kazo City Kitakawabe;36.19;139.66;1121000;2.2083
1121033;加須市大利根;かぞしおおとね;Kazo City Otone;36.14;139.66;1121000;2.6362
1121101;本庄市児玉町;ほんじょうしこだまちょう;Honjo City Kodama Town;36.19;139.13;1121100;1.1636
1121120;本庄市本庄;ほんじょうしほんじょう;Honjo City Honjo;36.24;139.19;1121100;1.2684
1121220;東松山市市ノ川;ひがしまつやましいちのかわ;Higashimatsuyama City Ichinokawa;36.05;139.39;1121200;1.0971
1121230;東松山市松葉町;ひがしまつやましまつばちょう;Higashimatsuyama City Matsuba Town;36.04;139.40;1121200;1.1118
1121630;羽生市東;はにゅうしひがし;Hanyu City Higashi;36.17;139.55;1121600;1.8370
1121730;鴻巣市中央;こうのすしちゅうおう;Konosu City Chuuo;36.07;139.52;1121700;1.6831
1121733;鴻巣市川里;こうのすしかわさと;Konosu City Kawasato;36.11;139.51;1121700;1.5853
1121734;鴻巣市吹上富士見;こうのすしふきあげふじみ;Konosu City Fukiagefujimi;36.10;139.45;1121700;2.3671
1121834;深谷市花園;ふかやしはなぞの;Fukaya City Hanazono;36.13;139.23;1121800;0.8834
1120630;行田市本丸;ぎょうだしほんまる;Gyoda City Honmaru;36.14;139.46;1120600;1.8801
1121835;深谷市普済寺;ふかやしふさいじ;Fukaya City Fusaiji;36.20;139.24;1121800;1.0745
1121837;深谷市菅沼;ふかやしすがぬま;Fukaya City Suganuma;36.14;139.29;1121800;0.9866
1123200;久喜市下早見;くきししもはやみ;Kuki City Shimohayami;36.06;139.67;1123200;1.9385
1123220;久喜市青葉;くきしあおば;Kuki City Aoba;36.07;139.70;1123200;2.9482
1123230;久喜市菖蒲;くきししょうぶ;Kuki City Shobu;36.06;139.60;1123200;1.8181
1123231;久喜市栗橋;くきしくりはし;Kuki City Kurihashi;36.13;139.70;1123200;2.5380
1123232;久喜市鷲宮;くきしわしみや;Kuki City Washimiya;36.10;139.67;1123200;2.4103
1134130;滑川町福田;なめがわまちふくだ;Namegawa Town Fukuda;36.07;139.36;1134100;1.2402
1134230;嵐山町杉山;らんざんまちすぎやま;Ranzan Town Sugiyama;36.06;139.32;1134200;0.8621
1134320;小川町大塚;おがわまちおおつか;Ogawa Town Otsuka;36.06;139.26;1134300;0.8214
1134730;吉見町下細谷;よしみまちしもほそや;Yoshimi Town Shimohosoya;36.04;139.45;1134700;1.8326
1134800;鳩山町大豆戸;はとやままちまめど;Hatoyama Town Mamedo;35.98;139.33;1134800;0.8750
1136930;東秩父村御堂;ひがしちちぶむらみどう;Higashichichibu Village Mido;36.06;139.19;1136900;0.6624
1138130;埼玉美里町木部;さいたまみさとまちきべ;Saitama Misato Town Kibe;36.18;139.18;1138100;1.3568
1138333;埼玉神川町植竹;さいたまかみかわまちうえたけ;Saitama Kamikawa Town Uetake;36.21;139.10;1138300;0.9805
1121836;深谷市仲町;ふかやしなかちょう;Fukaya City Naka Town;36.20;139.28;1121800;1.1022
1138334;埼玉神川町下阿久原;さいたまかみかわまちしもあぐはら;Saitama Kamikawa Town Shimoaguhara;36.15;139.05;1138300;0.8064
1120232;熊谷市江南;くまがやしこうなん;Kumagaya City Konan;36.12;139.34;1120200;1.0701
1120230;熊谷市大里;くまがやしおおさと;Kumagaya City Osato;36.10;139.41;1120200;1.7746
1020831;渋川市北橘町;しぶかわしほっきつまち;Shibukawa City Hokkitsu Town;36.48;139.05;1020800;1.1218
1020833;渋川市吹屋;しぶかわしふきや;Shibukawa City Fukiya;36.52;139.01;1020800;1.2718
1020834;渋川市村上;しぶかわしむらかみ;Shibukawa City Murakami;36.55;138.94;1020800;1.0104
1020836;渋川市赤城町;しぶかわしあかぎまち;Shibukawa City Akagi Town;36.53;139.04;1020800;1.0036
1020837;渋川市伊香保町;しぶかわしいかほまち;Shibukawa City Ikaho Town;36.50;138.92;1020800;0.8800
1020930;藤岡市中栗須;ふじおかしなかくりす;Fujioka City Nakakurisu;36.26;139.08;1020900;1.0533
1020932;藤岡市鬼石;ふじおかしおにし;Fujioka City Onishi;36.16;139.06;1020900;0.8124
1021000;富岡市七日市;とみおかしなのかいち;Tomioka City Nanokaichi City;36.26;138.88;1021000;0.8573
1021030;富岡市妙義町;とみおかしみょうぎまち;Tomioka City Myogi Town;36.29;138.82;1021100;1.0855
1021121;安中市松井田町;あんなかしまついだまち;Annaka City Matsuida Town;36.35;138.72;1021100;0.7203
1021130;安中市安中;あんなかしあんなか;Annaka City Annaka;36.33;138.89;1021100;1.2802
1034431;榛東村新井;しんとうむらあらい;Shinto Village Arai;36.44;138.97;1034400;1.1218
1034530;吉岡町下野田;よしおかまちしものだ;Yoshioka Town Shimonoda;36.45;139.01;1034500;1.1219
1036720;神流町生利;かんなまちしょうり;Kanna Town Shori;36.12;138.93;1036700;0.6067
1120231;熊谷市妻沼;くまがやしめぬま;Kumagaya City Menuma;36.22;139.37;1120200;1.6085
1036731;神流町神ヶ原;かんなまちかがはら;Kanna Town Kagahara;36.09;138.83;1036700;0.5791
1038220;下仁田町下小坂;しもにたまちしもおさか;Shimonita Town Shimosaka;36.23;138.76;1038200;0.7804
1038330;群馬南牧村大日向;ぐんまなんもくむらおおひなた;Gunma Nanmoku Village Ohinata;36.16;138.71;1038300;0.6161
1038430;甘楽町小幡;かんらまちおばた;Kanra Town Obata;36.24;138.92;1038400;1.0606
1046430;玉村町下新田;たまむらまちしもしんでん;Tama Village Machishimoshinden;36.30;139.12;1046400;1.1017
1052101;板倉町板倉;いたくらまちいたくら;Itakura Town Itakura;36.22;139.60;1052100;1.4985
1052231;群馬明和町新里;ぐんまめいわまちにっさと;Gunma Meiwa Town Nissato;36.21;139.53;1052200;1.9270
1052330;千代田町赤岩;ちよだまちあかいわ;Chiyoda Town Akaiwa;36.22;139.44;1052300;1.4915
1052430;大泉町日の出;おおいずみまちひので;Ooizumi Town Hinode;36.25;139.41;1052400;1.5026
1052531;邑楽町中野;おうらまちなかの;Ora Town Nakano;36.25;139.46;1052500;1.6421
1021230;みどり市東町;みどりしあずまちょう;Midori City Azu Town;36.52;139.31;1021200;0.8731
1021231;みどり市笠懸町;みどりしかさかけちょう;Midori City Kasakake Town;36.40;139.28;1021200;0.8959
1021232;みどり市大間々町;みどりしおおままちょう;Midori City Omama Town;36.43;139.27;1021200;1.0026
1120200;熊谷市桜町;くまがやしさくらちょう;Kumagaya City Sakura Town;36.15;139.38;1120200;1.2321
1120220;熊谷市宮町;くまがやしみやちょう;Kumagaya City Miya Town;36.15;139.39;1120200;1.4072
1036631;群馬上野村川和;ぐんまうえのむらかわわ;Gunma Ueno Village Kawawa;36.08;138.78;1036600;0.6324
1138530;上里町七本木;かみさとまちしちほんぎ;Kamisato Town Shichihongi;36.25;139.14;1138500;0.9759
1140830;寄居町寄居;よりいまちよりい;Yorii Town Yorii;36.12;139.19;1140800;0.8061
1134930;ときがわ町桃木;ときがわまちもものき;Tokigawa Town Momonoki;36.00;139.27;1134900;0.7715
1124230;日高市南平沢;ひだかしみなみひらさわ;Hidaka City Minamihirasawa;35.91;139.34;1124200;1.0867
1124331;吉川市きよみ野;よしかわしきよみの;Yoshikawa City Kiyomino;35.90;139.86;1124300;2.3065
1130130;伊奈町中央;いなまちちゅうおう;Ina Town Chuuo;36.00;139.62;1130100;1.6012
1132430;埼玉三芳町藤久保;さいたまみよしまちふじくぼ;Saitama Miyoshi Town Fujikubo;35.83;139.53;1132400;1.3174
1132630;毛呂山町中央;もろやままちちゅうおう;Moroyama Town Chuuo;35.94;139.32;1132600;1.3115
1132730;越生町越生;おごせまちおごせ;Ogose Town Ogose;35.96;139.29;1132700;0.8055
1134631;川島町下八ツ林;かわじままちしもやつばやし;Kawajima Town Shimoyatsubayashi;35.99;139.48;1134600;2.2176
1144231;宮代町笠原;みやしろまちかさはら;Miyashiro Town Kasahara;36.02;139.72;1144200;2.5830
1146430;杉戸町清地;すぎとまちせいじ;Sugito Town Seiji;36.03;139.74;1146400;2.3776
1146530;松伏町松伏;まつぶしまちまつぶし;Matsubushi Town Matsubushi;35.93;139.82;1146500;2.3270
1110230;さいたま北区宮原;さいたまきたくみやはら;Saitama Kita Ward Miyahara;35.93;139.62;1110200;1.6405
1110320;さいたま大宮区天沼町;さいたまおおみやくあまぬまちょう;Saitamaomiya Ward Amanuma Town;35.91;139.65;1110400;1.4223
1110331;さいたま大宮区大門;さいたまおおみやくだいもん;Saitamaomiya Ward Daimon;35.91;139.63;1110300;1.6210
1110430;さいたま見沼区堀崎;さいたまみぬまくほりさき;Saitamaminuma Ward Horisaki;35.94;139.65;1110400;1.6154
1124130;鶴ヶ島市三ツ木;つるがしましみつぎ;Tsurugashima City Mitsugi;35.93;139.39;1124100;1.4136
1110530;さいたま中央区下落合;さいたまちゅうおうくしもおちあい;Saitama Chuo Ward Shimochiai;35.88;139.63;1110500;2.0319
1110700;さいたま浦和区高砂;さいたまうらわくたかさご;Saitamaurawa Ward Takasago;35.86;139.65;1110700;1.8348
1110730;さいたま浦和区常盤;さいたまうらわくときわ;Saitamaurawa Ward Tokiwa;35.86;139.64;1110500;2.1509
1110831;さいたま南区別所;さいたまみなみくべっしょ;Saitama Minami Ward Bessho;35.84;139.64;1110800;1.9901
1110930;さいたま緑区中尾;さいたまみどりくなかお;Saitamamidori Ward Nakao;35.87;139.68;1110900;1.7668
1111031;さいたま岩槻区本丸;さいたまいわつきくほんまる;Saitamaiwatsuki Ward Honmaru;35.95;139.70;1111000;1.3956
1124530;ふじみ野市福岡;ふじみのしふくおか;Fujimino City Fukuoka;35.88;139.52;1124500;1.5645
1124532;ふじみ野市大井;ふじみのしおおい;Fujimino City Ooi;35.86;139.51;1124500;1.1963
1124630;白岡市千駄野;しらおかしせんだの;Shiraoka City Sendano;36.02;139.68;1124600;1.7735
1120701;秩父市上町;ちちぶしかみまち;Chichibu City Kami Town;35.99;139.07;1120700;0.8299
1120720;秩父市近戸町;ちちぶしちかとまち;Chichibu City Chikato Town;36.00;139.07;1120700;0.8721
1120721;秩父市中津川;ちちぶしなかつがわ;Chichibu City Nakatsugawa;36.00;138.80;1120700;0.5599
1120731;秩父市吉田;ちちぶしよしだ;Chichibu City Yoshida;36.04;139.02;1120700;0.8228
1120733;秩父市荒川;ちちぶしあらかわ;Chichibu City Arakawa;35.96;139.03;1120700;0.7875
1120734;秩父市熊木町;ちちぶしくまぎまち;Chichibu City Kumagi Town;35.99;139.09;1120700;0.8406
1110630;さいたま桜区道場;さいたまさくらくどうじょう;Saitamasakura Ward Dojo;35.86;139.61;1110600;2.1755
1124030;幸手市東;さってしひがし;Satte City Higashi;36.08;139.73;1124000;2.9012
1123930;坂戸市千代田;さかどしちよだ;Sakado City Chiyoda;35.96;139.40;1123900;1.3137
1123830;蓮田市黒浜;はすだしくろはま;Hasuda City Kurohama;35.99;139.66;1123800;1.7320
1134931;ときがわ町玉川;ときがわまちたまがわ;Tokigawa Town Tamagawa;36.01;139.30;1134900;0.8953
1120100;川越市旭町;かわごえしあさひちょう;Kawagoe City Asahi Town;35.90;139.47;1120100;1.2667
1120121;川越市新宿町;かわごえしあらじゅくまち;Kawagoe City Arajuku Town;35.90;139.48;1120100;1.3160
1120320;川口市中青木分室;かわぐちしなかあおきぶんしつ;Kawaguchi City Nakaaokibunshitsu;35.81;139.72;1120300;2.2425
1120331;川口市三ツ和;かわぐちしみつわ;Kawaguchi City Mitsuwa;35.83;139.74;1120300;2.0358
1120333;川口市安行領家;かわぐちしあんぎょうりょうけ;Kawaguchi City Angyoryoke;35.85;139.76;1120300;1.9398
1120820;所沢市北有楽町;ところざわしきたゆうらくちょう;Tokorozawa City Kitayuraku Town;35.80;139.47;1120800;1.4951
1120831;所沢市並木;ところざわしなみき;Tokorozawa City Namiki;35.80;139.475;1120800;1.5201
1120901;飯能市下直竹;はんのうししもなおたけ;Hanno City Shimonaotake;35.84;139.28;1120900;0.8048
1120920;飯能市征矢町;はんのうしそやちょう;Hanno City Soya Town;35.84;139.32;1120900;0.9952
1120930;飯能市双柳;はんのうしなみやなぎ;Hanno City Namiyanagi;35.86;139.33;1120900;1.2190
1120931;飯能市名栗;はんのうしなぐり;Hanno City Naguri;35.88;139.18;1120900;0.6346
1121421;春日部市粕壁;かすかべしかすかべ;Kasukabe City Kasukabe;35.98;139.75;1121400;2.3721
1121430;春日部市金崎;かすかべしかなさき;Kasukabe City Kanasaki;35.99;139.80;1121400;1.6615
1121440;春日部市谷原新田;かすかべしやはらしんでん;Kasukabe City Yaharashinden;35.96;139.74;1121400;2.2532
1121530;狭山市入間川;さやましいるまがわ;Sayama City Irumagawa;35.85;139.41;1121500;1.5006
1121931;上尾市本町;あげおしほんちょう;Ageo City Honcho;35.98;139.59;1121900;1.4689
1123731;三郷市中央;みさとしちゅうおう;Misato City Chuuo;35.83;139.88;1123700;2.1290
1123530;富士見市鶴馬;ふじみしつるま;Fujimi City Tsuruma;35.86;139.55;1123500;1.9403
1123431;八潮市中央;やしおしちゅうおう;Yashio City Chuuo;35.82;139.84;1123400;2.5509
1123331;北本市本町;きたもとしほんちょう;Kitamoto City Honcho;36.03;139.53;1123300;1.3725
1123132;桶川市泉;おけがわしいずみ;Okegawa City Izumi;36.00;139.56;1123100;1.5188
1123031;新座市野火止;にいざしのびとめ;Niiza City Nobitome;35.79;139.57;1123000;1.3630
1536130;田上町原ケ崎新田;たがみまちはらがさきしんでん;Tagami Town Haragasakishinden;37.70;139.06;1536100;2.1244
1122930;和光市広沢;わこうしひろさわ;Wako City Hirosawa;35.78;139.61;1122900;1.6055
1122730;朝霞市本町;あさかしほんちょう;Asaka City Honcho;35.80;139.59;1122700;1.4886
1122530;入間市豊岡;いるましとよおか;Iruma City Toyoka;35.84;139.39;1122500;1.0808
1122431;戸田市上戸田;とだしかみとだ;Toda City Kamitoda;35.82;139.68;1122300;2.1722
1122331;蕨市中央;わらびしちゅうおう;Warabi City Chuuo;35.83;139.68;1122300;1.8382
1122231;越谷市越ヶ谷;こしがやしこしがや;Koshigaya City Koshigaya;35.89;139.79;1122200;1.7981
1122132;草加市中央;そうかしちゅうおう;Soka City Chuuo;35.83;139.81;1122100;2.2526
1122832;志木市中宗岡;しきしなかむねおか;Shiki City Nakamuneoka;35.84;139.58;1122800;2.1180
1310650;東京台東区千束;とうきょうたいとうくせんぞく;Tokyo Taito Ward Senzoku;35.72;139.80;1310600;1.7023
1310632;東京台東区東上野;とうきょうたいとうくひがしうえの;Tokyo Taito Ward Higashiueno;35.71;139.78;1310600;1.3756
1310730;東京墨田区吾妻橋;とうきょうすみだくあづまばし;Tokyo Sumida Ward Azumabashi;35.71;139.80;1310700;1.4923
1413742;川崎麻生区片平;かわさきあさおくかたひら;Kawasakiasao Ward Katahira;35.59;139.50;1413700;1.0189
1420100;横須賀市光の丘;よこすかしひかりのおか;Yokosuka City Hikarinoka;35.23;139.66;1420100;1.0189
1420120;横須賀市坂本町;よこすかしさかもとちょう;Yokosuka City Sakamoto Town;35.27;139.66;1420100;1.0189
1420321;平塚市浅間町;ひらつかしせんげんちょう;Hiratsuka City Sengen Town;35.33;139.34;1420300;1.5887
1420420;鎌倉市御成町;かまくらしおなりまち;Kamakura City Onari Town;35.32;139.55;1420400;1.3505
1420521;藤沢市朝日町;ふじさわしあさひちょう;Fujisawa City Asahi Town;35.34;139.49;1420500;1.5518
1420700;茅ヶ崎市茅ヶ崎;ちがさきしちがさき;Chigasaki City Chigasaki;35.33;139.40;1420700;1.5124
1420830;逗子市桜山;ずししさくらやま;Zushi City Sakurayama;35.30;139.59;1420800;1.7758
1421021;三浦市三崎町;みうらしみさきまち;Miura City Misaki Town;35.16;139.64;1421000;1.1865
1421332;大和市下鶴間;やまとししもつるま;Yamato City Shimotsuruma;35.49;139.46;1421300;1.4461
1421530;海老名市大谷;えびなしおおや;Ebina City Oya;35.44;139.39;1421500;2.2367
1421631;座間市相武台;ざましそうぶだい;Zama City Sobudai;35.49;139.40;1421600;1.6563
1421831;綾瀬市深谷中;あやせしふかやなか;Ayase City Fukayanaka;35.43;139.43;1421800;1.3611
1430130;葉山町堀内;はやままちほりうち;Hayama Town Horiuchi;35.27;139.59;1430100;0.9432
1432130;寒川町宮山;さむかわまちみややま;Samukawa Town Miyayama;35.37;139.38;1432100;1.4485
1434131;大磯町月京;おおいそまちがっきょう;Ooiso Town Gakkyo;35.31;139.28;1434100;1.3295
1434230;二宮町中里;にのみやまちなかざと;Ninomiya Town Nakazato;35.31;139.25;1434200;1.7001
1420600;小田原市久野;おだわらしくの;Odawara City Kuno;35.27;139.09;1420600;0.9276
1420621;小田原市荻窪;おだわらしおぎくぼ;Odawara City Ogikubo;35.26;139.15;1420600;1.1213
1421100;秦野市曽屋;はだのしそや;Hadano City Soya;35.38;139.21;1421100;1.3547
1421120;秦野市平沢;はだのしひらさわ;Hadano City Hirasawa;35.38;139.20;1421100;1.4000
1421220;厚木市中町;あつぎしなかちょう;Atsugi City Naka Town;35.44;139.36;1421200;1.8344
1421248;厚木市下津古久;あつぎししもつこく;Atsugi City Shimotsukoku;35.40;139.35;1421400;2.3581
1421432;伊勢原市伊勢原;いせはらしいせはら;Isehara City Isehara;35.40;139.31;1421400;1.6569
1421731;南足柄市関本;みなみあしがらしせきもと;Minamiashigara City Sekimoto;35.32;139.10;1421700;1.0666
1436131;中井町比奈窪;なかいまちひなくぼ;Nakai Town Hinakubo;35.33;139.22;1436100;1.2544
1436230;神奈川大井町金子;かながわおおいまちかねこ;Kanagawa Ooi Town Kaneko;35.33;139.16;1436200;1.0146
1436330;松田町松田惣領;まつだまちまつだそうりょう;Matsuda Town Matsudasoryo;35.35;139.14;1436300;0.9293
1436420;山北町山北;やまきたまちやまきた;Yamakita Town Yamakita;35.36;139.08;1436400;1.0977
1413740;川崎麻生区万福寺;かわさきあさおくまんぷくじ;Kawasakiasao Ward Manpukuji;35.60;139.51;1413700;1.0189
1413641;川崎宮前区野川;かわさきみやまえくのがわ;Kawasakimiyamae Ward Nogawa;35.57;139.61;1413600;1.7329
1413640;川崎宮前区宮前平;かわさきみやまえくみやまえだいら;Kawasakimiyamae Ward Miyamaedaira;35.59;139.59;1413600;1.5101
1413540;川崎多摩区登戸;かわさきたまくのぼりと;Kawasakitama Ward Noborito;35.62;139.56;1413500;1.2223
1410940;横浜港北区大倉山;よこはまこうほくくおおくらやま;Yokohama Kohoku Ward Okurayama;35.52;139.62;1410900;2.9944
1410941;横浜港北区日吉本町;よこはまこうほくくひよしほんちょう;Yokohama Kohoku Ward Hiyoshihon Town;35.55;139.63;1410900;1.6101
1310700;東京墨田区横川;とうきょうすみだくよこかわ;Tokyo Sumida Ward Yokokawa;35.70;139.82;1310800;2.4084
1411040;横浜戸塚区平戸町;よこはまとつかくひらどちょう;Yokohama Totsuka Ward Hirado Town;35.43;139.56;1411000;1.0189
1411041;横浜戸塚区戸塚町;よこはまとつかくとつかちょう;Yokohama Totsuka Ward Totsuka Town;35.39;139.53;1411000;1.0193
1411042;横浜戸塚区鳥が丘;よこはまとつかくとりがおか;Yokohama Totsuka Ward Torigaoka;35.41;139.52;1411000;1.5693
1411142;横浜港南区野庭町;よこはまこうなんくのばちょう;Yokohama Konan Ward Noba Town;35.39;139.57;1411100;1.0189
1411143;横浜港南区丸山台北部;よこはまこうなんくまるやまだいほくぶ;Yokohama Konan Ward Northern Maruyamadai;35.40;139.57;1411100;1.2488
1411220;横浜旭区大池町;よこはまあさひくおおいけちょう;Yokohama Asahi Ward Ooike Town;35.45;139.54;1411200;1.1966
1411240;横浜旭区今宿東町;よこはまあさひくいまじゅくひがしちょう;Yokohama Asahi Ward Imajuku Higashi Town;35.48;139.53;1411200;1.0221
1411242;横浜旭区川井宿町;よこはまあさひくかわいしゅくちょう;Yokohama Asahi Ward Kawaishuku Town;35.49;139.52;1411200;1.5539
1411341;横浜緑区十日市場町;よこはまみどりくとおかいちばちょう;Yokohama Midori Ward Tokaichiba Town;35.53;139.51;1411300;1.4049
1411342;横浜緑区鴨居;よこはまみどりくかもい;Yokohama Midori Ward Kamoi;35.51;139.57;1411300;1.5718
1411440;横浜瀬谷区中屋敷;よこはませやくなかやしき;Yokohama Seya Ward Nakayashiki;35.48;139.48;1411400;1.6831
1436631;開成町延沢;かいせいまちのぶさわ;Kaisei Town Nobusawa;35.34;139.12;1436600;1.0467
1411441;横浜瀬谷区三ツ境;よこはませやくみつきょう;Yokohama Seya Ward Mitsukyo;35.46;139.50;1411400;1.3418
1411541;横浜栄区小菅ケ谷;よこはまさかえくこすがや;Yokohama Sakae Ward Kosugaya;35.37;139.55;1411500;1.0189
1411640;横浜泉区岡津町;よこはまいずみくおかつちょう;Yokohama Izumi Ward Okatsu Town;35.43;139.52;1411600;1.4671
1411641;横浜泉区和泉中央北;よこはまいずみくいずみちゅうおうきた;Yokohama Izumi Ward Izumichuuokita;35.42;139.49;1411600;1.5714
1411742;横浜青葉区美しが丘;よこはまあおばくうつくしがおか;Yokohama Aoba Ward Utsukushigaoka;35.58;139.55;1411700;1.0189
1411743;横浜青葉区鴨志田町;よこはまあおばくかもしだちょう;Yokohama Aoba Ward Kamoshida Town;35.56;139.50;1411700;1.3278
1411840;横浜都筑区池辺町;よこはまつづきくいこのべちょう;Yokohama Tsuzuki Ward Ikonobe Town;35.52;139.57;1411800;1.6753
1411842;横浜都筑区茅ケ崎;よこはまつづきくちがさき;Yokohama Tsuzuki Ward Chigasaki;35.54;139.57;1411800;1.6550
1413120;川崎川崎区宮前町;かわさきかわさきくみやまえちょう;Kawasakikawasaki Ward Miyamae Town;35.53;139.71;1413100;1.9603
1413141;川崎川崎区千鳥町;かわさきかわさきくちどりちょう;Kawasakikawasaki Ward Chidori Town;35.52;139.75;1413100;2.1456
1413142;川崎川崎区中島;かわさきかわさきくなかじま;Kawasakikawasaki Ward Nakajima;35.53;139.715;1413100;2.0259
1413241;川崎幸区戸手本町;かわさきさいわいくとでほんまち;Kawasakisaiwai Ward Todehon Town;35.54;139.69;1413200;2.0371
1413300;川崎中原区小杉陣屋町;かわさきなかはらくこすぎじんやちょう;Kawasakinakahara Ward Kosugijinya Town;35.59;139.66;1311100;1.6022
1413340;川崎中原区小杉町;かわさきなかはらくこすぎまち;Kawasakinakahara Ward Kosugi Town;35.58;139.66;1413300;1.8608
1413440;川崎高津区下作延;かわさきたかつくしもさくのべ;Kawasakitakatsu Ward Shimosakunobe;35.60;139.61;1413400;1.4737
1411540;横浜栄区桂台南;よこはまさかえくかつらだいみなみ;Yokohama Sakae Ward Katsuradaiminami;35.35;139.56;1411500;1.0191
1410842;横浜金沢区釜利谷南;よこはまかなざわくかまりやみなみ;Yokohama Kanazawa Ward Kamariyaminami;35.34;139.60;1410800;1.0189
1438230;箱根町湯本;はこねまちゆもと;Hakone Town Yumoto;35.23;139.11;1438200;0.9289
1438401;湯河原町中央;ゆがわらまちちゅうおう;Yugawara Town Chuuo;35.15;139.11;1438400;1.0754
1520200;長岡市幸町;ながおかしさいわいちょう;Nagaoka City Saiwai Town;37.44;138.84;1520200;1.3026
1520220;長岡市寺泊一里塚;ながおかしてらどまりいちりづか;Nagaoka City Teradomariichirizuka;37.65;138.77;1520200;1.4425
1520221;長岡市千手;ながおかしせんじゅ;Nagaoka City Senju;37.44;138.845;1520200;1.2859
1520231;長岡市浦;ながおかしうら;Nagaoka City Ura;37.39;138.79;1520200;2.1052
1520232;長岡市上岩井;ながおかしかみいわい;Nagaoka City Kamiiwai;37.49;138.78;1520200;0.9169
1520234;長岡市小国町法坂;ながおかしおぐにまちほうざか;Nagaoka City Oguni Town Hozaka;37.31;138.71;1520200;1.1030
1520237;長岡市小島谷;ながおかしおじまや;Nagaoka City Ojimaya;37.57;138.77;1520200;1.3162
1520240;長岡市山古志竹沢;ながおかしやまこしたけざわ;Nagaoka City Yamakoshitakezawa;37.33;138.89;1520200;0.9994
1520242;長岡市寺泊敦ケ曽根;ながおかしてらどまりつるがそね;Nagaoka City Teradomaritsurugasone;37.62;138.82;1520200;2.0998
1520243;長岡市寺泊烏帽子平;ながおかしてらどまりえぼしだいら;Nagaoka City Teradomarieboshidaira;37.64;138.77;1520200;0.9725
1520244;長岡市東川口;ながおかしひがしかわぐち;Nagaoka City Higashikawaguchi;37.27;138.86;1520200;1.1258
1520245;長岡市中之島;ながおかしなかのしま;Nagaoka City Nakanoshima;37.55;138.88;1520200;2.1821
1520247;長岡市与板町与板;ながおかしよいたまちよいた;Nagaoka City Yoita Town Yoita;37.54;138.81;1520200;1.7029
1520248;長岡市中央公園;ながおかしちゅうおうこうえん;Nagaoka City Chuuo Park;37.48;138.99;1520200;0.9994
1520431;三条市西裏館;さんじょうしにしうらだて;Sanjo City Nishiuradate;37.64;138.96;1520400;2.1772
1520432;三条市荻堀;さんじょうしおぎぼり;Sanjo City Ogibori;37.57;139.03;1520400;1.2190
1520433;三条市新堀;さんじょうしにいぼり;Sanjo City Niibori;37.59;138.92;1520400;2.1474
1520534;柏崎市西山町池浦;かしわざきしにしやまちょういけうら;Kashiwazaki City Nishiyama Town Ikeura;37.46;138.67;1520500;1.2344
1520536;柏崎市高柳町岡野町;かしわざきしたかやなぎちょうおかのまち;Kashiwazaki City Takayanagi Town Okano Town;37.22;138.64;1520500;0.8578
1520537;柏崎市日石町;かしわざきしにっせきちょう;Kashiwazaki City Nisseki Town;37.37;138.56;1520500;1.8484
1520800;小千谷市城内;おぢやしじょうない;Ojiya City Jonai;37.31;138.79;1520800;0.9550
1520821;小千谷市旭町;おぢやしあさひちょう;Ojiya City Asahi Town;37.30;138.81;1520800;0.8891
1520930;加茂市幸町;かもしさいわいちょう;Kamo City Saiwai Town;37.67;139.04;1520900;2.1487
1521021;十日町市下条;とおかまちしげじょう;Toka Town Shigejo;37.20;138.78;1521000;0.8649
1521031;十日町市千歳町;とおかまちしちとせちょう;Toka Town Shichitose Town;37.13;138.76;1521000;0.8738
1521037;十日町市上山;とおかまちしうわやま;Toka Town Shiuwayama;37.05;138.70;1521000;1.0674
1521039;十日町市松代;とおかまちしまつだい;Toka Town Shimatsudai;37.13;138.61;1521000;0.9548
1521040;十日町市水口沢;とおかまちしみなくちさわ;Toka Town Shiminakuchisawa;37.16;138.74;1521000;0.8684
1521041;十日町市松之山;とおかまちしまつのやま;Toka Town Shimatsunoyama;37.09;138.61;1521000;0.9994
1521735;妙高市田口;みょうこうしたぐち;Myoko City Taguchi;36.87;138.21;1521700;0.9699
1521734;妙高市関山;みょうこうしせきやま;Myoko City Sekiyama;36.93;138.23;1521700;1.2935
1521733;妙高市栄町;みょうこうしさかえちょう;Myoko City Sakae Town;37.03;138.25;1521700;1.1703
1521720;妙高市田町;みょうこうしたまち;Myoko City Ta Town;37.02;138.25;1521700;1.1688
1440131;愛川町角田;あいかわまちすみだ;Aikawa Town Sumida;35.53;139.32;1440100;1.3617
1440230;清川村煤ヶ谷;きよかわむらすすがや;Kiyokawa Village Susugaya;35.48;139.28;1440200;0.8118
1415200;相模原中央区中央;さがみはらちゅうおうくちゅうおう;Sagamihara Chuo Ward Chuuo;35.57;139.37;1415200;1.3631
1415341;相模原南区磯部;さがみはらみなみくいそべ;Sagamihara Minami Ward Isobe;35.50;139.38;1415300;1.2100
1415100;相模原緑区若柳;さがみはらみどりくわかやなぎ;Sagamiharamidori Ward Wakayanagi;35.60;139.21;1415100;0.7309
1415120;相模原緑区大島;さがみはらみどりくおおしま;Sagamiharamidori Ward Oshima;35.57;139.33;1415100;1.1802
1415121;相模原緑区小渕;さがみはらみどりくおぶち;Sagamiharamidori Ward Obuchi;35.62;139.16;1415100;0.6616
1415130;相模原緑区中野;さがみはらみどりくなかの;Sagamiharamidori Ward Nakano;35.59;139.26;1415100;1.1163
1415131;相模原緑区与瀬;さがみはらみどりくよせ;Sagamiharamidori Ward Yose;35.61;139.19;1415100;0.0000
1415133;相模原緑区久保沢;さがみはらみどりくくぼさわ;Sagamiharamidori Ward Kubosawa;35.60;139.30;1415100;1.3760
1521600;糸魚川市一の宮;いといがわしいちのみや;Itoigawa City Ichinomiya;37.04;137.86;1521600;1.7490
1521620;糸魚川市大野;いといがわしおおの;Itoigawa City Ono;37.02;137.86;1521600;1.2089
1521632;糸魚川市青海;いといがわしおうみ;Itoigawa City Omi;37.02;137.80;1521600;0.5689
1521633;糸魚川市能生;いといがわしのう;Itoigawa City No;37.10;137.99;1521600;1.7490
1438331;真鶴町岩;まなづるまちいわ;Manazuru Town Iwa;35.16;139.14;1438300;1.0038
1522201;上越市中ノ俣;じょうえつしなかのまた;Jouetsu City Nakanomata;37.11;138.16;1522200;0.9994
1522230;上越市木田;じょうえつしきだ;Jouetsu City Kida;37.15;138.24;1522200;1.9397
1522231;上越市安塚区安塚;じょうえつしやすづかくやすづか;Jouetsu City Yasuzuka Ward Yasuzuka;37.13;138.45;1522200;0.9994
1522232;上越市浦川原区釜淵;じょうえつしうらがわらくかまぶち;Jouetsu City Uragawara Ward Kamabuchi;37.16;138.43;1522200;0.9994
1522234;上越市牧区柳島;じょうえつしまきくやなぎしま;Jouetsu City Maki Ward Yanagishima;37.08;138.38;1522200;1.0339
1522235;上越市柿崎区柿崎;じょうえつしかきざきくかきざき;Jouetsu City Kakizaki Ward Kakizaki;37.28;138.39;1522200;1.8484
1522236;上越市大潟区土底浜;じょうえつしおおがたくどそこはま;Jouetsu City Ogata Ward Dosokohama;37.23;138.33;1522200;1.8484
1522237;上越市頸城区百間町;じょうえつしくびきくひゃくけんまち;Jouetsu City Kubiki Ward Hyakuken Town;37.19;138.33;1522200;2.1429
1522238;上越市吉川区原之町;じょうえつしよしかわくはらのまち;Jouetsu City Yoshikawa Ward Harano Town;37.22;138.41;1522200;2.0476
1522239;上越市中郷区藤沢;じょうえつしなかごうくふじさわ;Jouetsu City Nakago Ward Fujisawa;36.98;138.23;1522200;1.2923
1522241;上越市清里区荒牧;じょうえつしきよさとくあらまき;Jouetsu City Kiyosato Ward Aramaki;37.08;138.33;1522200;0.8845
1522242;上越市三和区井ノ口;じょうえつしさんわくいのくち;Jouetsu City Sanwa Ward Inokuchi;37.12;138.35;1522200;1.2827
1522244;上越市大島区岡;じょうえつしおおしまくおか;Jouetsu City Oshima Ward Oka;37.15;138.51;1522200;0.9994
1522245;上越市板倉区針;じょうえつしいたくらくはり;Jouetsu City Itakura Ward Hari;37.05;138.29;1522200;1.2377
1522246;上越市名立区名立大町;じょうえつしなだちくなだちおおまち;Jouetsu City Nadachi Ward Nadachio Town;37.16;138.09;1522200;1.4009
1522202;上越市大手町;じょうえつしおおてまち;Jouetsu City Ote Town;37.11;138.25;1522200;1.7942
1410841;横浜金沢区寺前;よこはまかなざわくてらまえ;Yokohama Kanazawa Ward Teramae;35.34;139.63;1410800;1.4309
1410942;横浜港北区綱島西;よこはまこうほくくつなしまにし;Yokohama Kohoku Ward Tsunashimanishi;35.54;139.63;1410900;1.5282
1410840;横浜金沢区白帆;よこはまかなざわくしらほ;Yokohama Kanazawa Ward Shiraho;35.38;139.65;1410800;0.0000
1311931;東京板橋区高島平;とうきょういたばしくたかしまだいら;Tokyo Itabashi Ward Takashimadaira;35.79;139.66;1311900;2.0345
1311950;東京板橋区板橋;とうきょういたばしくいたばし;Tokyo Itabashi Ward Itabashi;35.75;139.71;1311900;1.5419
1311951;東京板橋区相生町;とうきょういたばしくあいおいちょう;Tokyo Itabashi Ward Aioi Town;35.78;139.68;1311900;1.6269
1312031;東京練馬区豊玉北;とうきょうねりまくとよたまきた;Tokyo Nerima Ward Toyotamakita;35.74;139.65;1312000;1.4469
1312051;東京練馬区東大泉;とうきょうねりまくひがしおおいずみ;Tokyo Nerima Ward Higashiooizumi;35.75;139.59;1312000;1.4168
1312052;東京練馬区光が丘;とうきょうねりまくひかりがおか;Tokyo Nerima Ward Hikarigaoka;35.76;139.63;1312000;1.3067
1312130;東京足立区中央本町;とうきょうあだちくちゅうおうほんちょう;Tokyo Adachi Ward Chuuohon Town;35.77;139.80;1312100;2.5210
1312152;東京足立区神明南;とうきょうあだちくしんめいみなみ;Tokyo Adachi Ward Shinmeiminami;35.79;139.83;1312100;2.3751
1312153;東京足立区千住中居町;とうきょうあだちくせんじゅなかいちょう;Tokyo Adachi Ward Senjunakai Town;35.75;139.80;1312100;1.8937
1312154;東京足立区伊興;とうきょうあだちくいこう;Tokyo Adachi Ward Iko;35.79;139.78;1312100;2.4533
1312230;東京葛飾区立石;とうきょうかつしかくたていし;Tokyo Katsushika Ward Tateishi;35.74;139.85;1312200;2.1750
1312252;東京葛飾区金町;とうきょうかつしかくかなまち;Tokyo Katsushika Ward Kana Town;35.76;139.87;1312200;1.9356
1312300;東京江戸川区中央;とうきょうえどがわくちゅうおう;Tokyo Edogawa Ward Chuuo;35.71;139.87;1312300;2.5265
1312351;東京江戸川区鹿骨;とうきょうえどがわくししぼね;Tokyo Edogawa Ward Shishibone;35.71;139.89;1312300;1.6669
1312352;東京江戸川区船堀;とうきょうえどがわくふなぼり;Tokyo Edogawa Ward Funabori;35.68;139.87;1312300;2.3242
1320100;八王子市大横町;はちおうじしおおよこちょう;Hachioji City Oyoko Town;35.66;139.33;1320100;0.9755
1320120;八王子市堀之内;はちおうじしほりのうち;Hachioji City Horinochi;35.63;139.40;1320100;1.1459
1320150;八王子市石川町;はちおうじしいしかわまち;Hachioji City Ishikawa Town;35.67;139.36;1320100;1.5622
1320231;立川市泉町;たちかわしいずみちょう;Tachikawa City Izumi Town;35.72;139.41;1320200;1.2063
1320331;武蔵野市緑町;むさしのしみどりちょう;Musashino City Midori Town;35.72;139.57;1320300;1.5076
1320352;武蔵野市吉祥寺東町;むさしのしきちじょうじひがしちょう;Musashino City Kichijoji Higashi Town;35.71;139.58;1320300;1.4862
1320433;三鷹市新川;みたかししんかわ;Mitaka City Shinkawa;35.68;139.56;1320800;1.4547
1320631;東京府中市寿町;とうきょうふちゅうしことぶきちょう;Tokyo Fuchu City Kotobuki Town;35.67;139.48;1320600;1.2538
1320651;東京府中市朝日町;とうきょうふちゅうしあさひちょう;Tokyo Fuchu City Asahi Town;35.67;139.52;1320600;1.1902
1320730;昭島市田中町;あきしましたなかちょう;Akishima City Tanaka Town;35.71;139.35;1320700;0.9658
1320830;調布市小島町;ちょうふしこじまちょう;Chofu City Kojima Town;35.65;139.54;1320800;1.1507
1320850;調布市西つつじヶ丘;ちょうふしにしつつじがおか;Chofu City Nishitsutsujigaoka;35.66;139.57;1320800;1.4084
1320921;町田市忠生;まちだしただお;Machida City Tadao;35.58;139.41;1320900;1.3932
1320952;町田市本町田;まちだしほんまちだ;Machida City Hon Town Da;35.56;139.44;1320900;1.1946
1311850;東京荒川区東尾久;とうきょうあらかわくひがしおぐ;Tokyo Arakawa Ward Higashiogu;35.75;139.77;1311800;2.3818
1321020;小金井市本町;こがねいしほんちょう;Koganei City Honcho;35.70;139.50;1321000;1.6205
1311830;東京荒川区荒川;とうきょうあらかわくあらかわ;Tokyo Arakawa Ward Arakawa;35.74;139.78;1311800;2.4528
1311730;東京北区西ヶ原;とうきょうきたくにしがはら;Tokyo Kita Ward Nishigahara;35.75;139.74;1311700;1.8996
1310750;東京墨田区東向島;とうきょうすみだくひがしむこうじま;Tokyo Sumida Ward Higashimukojima;35.72;139.82;1310700;2.4377
1310800;東京江東区青海;とうきょうこうとうくあおみ;Tokyo Koto Ward Aomi;35.62;139.78;1310800;1.6667
1310820;東京江東区越中島;とうきょうこうとうくえっちゅうじま;Tokyo Koto Ward Etchujima;35.67;139.79;1310800;1.9794
1310831;東京江東区東陽;とうきょうこうとうくとうよう;Tokyo Koto Ward Toyo;35.67;139.82;1310800;2.1285
1310850;東京江東区森下;とうきょうこうとうくもりした;Tokyo Koto Ward Morishita;35.68;139.81;1310800;2.3308
1310852;東京江東区亀戸;とうきょうこうとうくかめいど;Tokyo Koto Ward Kameido;35.70;139.83;1310800;2.5143
1310854;東京江東区枝川;とうきょうこうとうくえだがわ;Tokyo Koto Ward Edagawa;35.66;139.81;1310800;2.0938
1310931;東京品川区広町;とうきょうしながわくひろまち;Tokyo Shinagawa Ward Hiro Town;35.61;139.73;1310900;1.5147
1310950;東京品川区北品川;とうきょうしながわくきたしながわ;Tokyo Shinagawa Ward Kitashinagawa;35.62;139.74;1310900;1.4843
1310951;東京品川区平塚;とうきょうしながわくひらつか;Tokyo Shinagawa Ward Hiratsuka;35.61;139.71;1310900;1.6383
1311030;東京目黒区中央町;とうきょうめぐろくちゅうおうちょう;Tokyo Meguro Ward Chuuo Town;35.63;139.69;1311000;1.7720
1311102;東京国際空港;とうきょうこくさいくうこう;Tokyo International Airport;35.54;139.80;1311100;2.3215
1311130;東京大田区蒲田;とうきょうおおたくかまた;Tokyo Ota Ward Kamata;35.56;139.72;1311100;1.6906
1311150;東京大田区大森東;とうきょうおおたくおおもりひがし;Tokyo Ota Ward Omorihigashi;35.58;139.74;1311100;1.4943
1311152;東京大田区本羽田;とうきょうおおたくほんはねだ;Tokyo Ota Ward Honhaneda;35.55;139.73;1311100;1.6236
1311153;東京大田区多摩川;とうきょうおおたくたまがわ;Tokyo Ota Ward Tamagawa;35.56;139.70;1311100;1.9311
1311231;東京世田谷区世田谷;とうきょうせたがやくせたがや;Tokyo Setagaya Ward Setagaya;35.65;139.65;1311200;1.3430
1311250;東京世田谷区三軒茶屋;とうきょうせたがやくさんげんぢゃや;Tokyo Setagaya Ward Sangenjaya;35.64;139.67;1311200;1.6409
1311252;東京世田谷区中町;とうきょうせたがやくなかまち;Tokyo Setagaya Ward Nakamachi;35.61;139.65;1311200;1.7355
1311253;東京世田谷区成城;とうきょうせたがやくせいじょう;Tokyo Setagaya Ward Seijo;35.64;139.60;1311200;1.7161
1311331;東京渋谷区宇田川町;とうきょうしぶやくうだがわちょう;Tokyo Shibuya Ward Udagawa Town;35.66;139.70;1311300;1.2358
1311350;東京渋谷区本町;とうきょうしぶやくほんまち;Tokyo Shibuya Ward Hon Town;35.68;139.68;1311300;1.7837
1311431;東京中野区中野;とうきょうなかのくなかの;Tokyo Nakano Ward Nakano;35.71;139.66;1311400;1.4342
1311451;東京中野区江古田;とうきょうなかのくえこた;Tokyo Nakano Ward Ekota;35.73;139.67;1311400;1.3526
1311452;東京中野区中央;とうきょうなかのくちゅうおう;Tokyo Nakano Ward Chuuo;35.70;139.67;1311400;1.3320
1311501;東京杉並区阿佐谷;とうきょうすぎなみくあさがや;Tokyo Suginami Ward Asagaya;35.70;139.64;1311500;1.6147
1311550;東京杉並区桃井;とうきょうすぎなみくももい;Tokyo Suginami Ward Momoi;35.71;139.61;1311500;1.4615
1311551;東京杉並区高井戸;とうきょうすぎなみくたかいど;Tokyo Suginami Ward Takaido;35.69;139.62;1311500;1.5983
1311631;東京豊島区南池袋;とうきょうとしまくみなみいけぶくろ;Tokyo Toshima Ward Minamiikebukuro;35.73;139.72;1311600;1.4251
1311753;東京北区赤羽南;とうきょうきたくあかばねみなみ;Tokyo Kita Ward Akabaneminami;35.78;139.72;1311700;1.9002
1321131;小平市小川町;こだいらしおがわちょう;Kodaira City Ogawa Town;35.73;139.48;1321100;1.4105
1320932;町田市森野;まちだしもりの;Machida City Morino;35.55;139.44;1320900;1.5041
1336431;神津島村役場;こうづしまむらやくば;Kozushima Village Town Office;34.21;139.13;1336400;1.9451
1340200;青ヶ島村;あおがしまむら;Aogashima Village;32.46;139.76;1340200;0.8125
1340121;八丈町富士グランド;はちじょうまちふじぐらんど;Hachijo Town Fujigurando;33.12;139.80;1340100;1.3403
1340104;八丈町三根;はちじょうまちみつね;Hachijo Town Mitsune;33.11;139.79;1340100;1.3956
1340103;八丈町樫立;はちじょうまちかしたて;Hachijo Town Kashitate;33.07;139.80;1340100;0.8125
1338200;御蔵島村西川;みくらじまむらにしかわ;Mikurajima Village Nishikawa;33.89;139.59;1338200;0.8125
1338120;三宅村阿古;みやけむらあこ;Miyake Village Ako;34.08;139.48;1338100;1.2767
1342100;小笠原村父島西町;おがさわらむらちちじまにしまち;Ogasawara Village Chichijima Nishi Town;27.09;142.19;1342100;0.6689
1338104;三宅村坪田;みやけむらつぼた;Miyake Village Tsubota;34.06;139.55;1338100;1.2595
1336330;新島村本村;にいじまむらほんそん;Niijima Village Hon Village;34.38;139.26;1336300;0.8125
1336301;新島村式根島;にいじまむらしきねじま;Niijima Village Shikinejima;34.33;139.21;1336300;0.8125
1336300;新島村大原;にいじまむらおおはら;Niijima Village Ohara;34.36;139.27;1336300;1.3291
1336200;東京利島村東山;とうきょうとしまむらひがしやま;Tokyo Toshima Village Higashiyama;34.52;139.29;1336200;0.8125
1336121;伊豆大島町波浮港;いずおおしままちはぶみなと;Izuoshima Town Habuminato;34.69;139.44;1336100;1.2958
1336104;伊豆大島町元町;いずおおしままちもとまち;Izuoshima Town Motomachi;34.75;139.36;1336100;1.2435
1338103;三宅村神着;みやけむらかみつき;Miyake Village Kamitsuki;34.12;139.52;1338100;1.1814
1342101;小笠原村父島三日月山;おがさわらむらちちじまみかづきやま;Ogasawara Village Chichijimamikazukiyama;27.10;142.18;1342100;0.0000
1342103;小笠原村母島;おがさわらむらははじま;Ogasawara Village Hahajima;26.63;142.18;1342100;0.6689
1410141;横浜鶴見区鶴見;よこはまつるみくつるみ;Yokohama Tsurumi Ward Tsurumi;35.51;139.69;1410100;2.1043
1410741;横浜磯子区洋光台;よこはまいそごくようこうだい;Yokohama Isogo Ward Yokodai;35.37;139.60;1410700;1.0189
1410740;横浜磯子区磯子;よこはまいそごくいそご;Yokohama Isogo Ward Isogo;35.40;139.62;1410700;1.3085
1410641;横浜保土ケ谷区上菅田町;よこはまほどがやくかみすげだちょう;Yokohama Hodogaya Ward Kamisugeda Town;35.49;139.57;1410600;1.0189
1410640;横浜保土ケ谷区神戸町;よこはまほどがやくごうどちょう;Yokohama Hodogaya Ward Godo Town;35.45;139.60;1410600;1.5652
1410542;横浜南区大岡;よこはまみなみくおおおか;Yokohama Minami Ward Ooka;35.41;139.61;1410700;1.6003
1410541;横浜南区六ツ川;よこはまみなみくむつかわ;Yokohama Minami Ward Mutsukawa;35.42;139.59;1410500;1.0455
1410442;横浜中区日本大通;よこはまなかくにほんおおどおり;Yokohama Naka Ward Nihon'odori;35.45;139.64;1410400;1.1795
1410441;横浜中区山吹町;よこはまなかくやまぶきちょう;Yokohama Naka Ward Yamabuki Town;35.44;139.63;1410400;1.7329
1410440;横浜中区山下町;よこはまなかくやましたちょう;Yokohama Naka Ward Yamashita Town;35.44;139.64;1410400;2.0641
1410400;横浜中区山手町;よこはまなかくやまてちょう;Yokohama Naka Ward Yamate Town;35.44;139.65;1410400;1.7515
1410341;横浜西区浜松町;よこはまにしくはままつちょう;Yokohama Nishi Ward Hamamatsu Town;35.45;139.61;1410300;1.5090
1410340;横浜西区みなとみらい;よこはまにしくみなとみらい;Yokohama Nishi Ward Minatomirai;35.46;139.64;1410400;1.4722
1410242;横浜神奈川区広台太田町;よこはまかながわくひろだいおおたまち;Yokohama Kanagawa Ward Hirodaiota Town;35.48;139.63;1410200;1.4899
1410240;横浜神奈川区神大寺;よこはまかながわくかんだいじ;Yokohama Kanagawa Ward Kandaiji;35.49;139.61;1410200;1.3846
1410143;横浜鶴見区末広町;よこはまつるみくすえひろちょう;Yokohama Tsurumi Ward Suehiro Town;35.49;139.69;1410100;1.6736
1336103;伊豆大島町差木地;いずおおしままちさしきじ;Izuoshima Town Sashikiji;34.68;139.41;1336100;1.2638
1321230;日野市神明;ひのししんめい;Hino City Shinmei;35.67;139.40;1321200;1.1318
4738120;竹富町上原青年会館;たけとみちょううえはらせいねんかいかん;Taketomi Town Uehara Youth Center;24.43;123.78;4738100;1.7490
1330852;奥多摩町氷川;おくたままちひかわ;Okutama Town Hikawa;35.80;139.09;1330800;0.6536
1321451;国分寺市泉町;こくぶんじしいずみちょう;Kokubunji City Izumi Town;35.70;139.47;1321400;1.4242
1321852;福生市福生;ふっさしふっさ;Fussa City Fussa;35.74;139.33;1321800;1.0578
1321931;狛江市和泉本町;こまえしいずみほんちょう;Komae City Izumihon Town;35.63;139.58;1321900;1.2688
1322030;東大和市中央;ひがしやまとしちゅうおう;Higashiyamato City Chuuo;35.75;139.43;1322000;1.2337
1322141;清瀬市中里;きよせしなかざと;Kiyose City Nakazato;35.79;139.53;1322100;1.5794
1322152;清瀬市中清戸;きよせしなかきよと;Kiyose City Nakakiyoto;35.78;139.53;1322100;1.5583
1336401;神津島村金長;こうづしまむらきんなが;Kozushima Village Kinnaga;34.19;139.13;1336400;1.2406
1322231;東久留米市本町;ひがしくるめしほんちょう;Higashikurume City Honcho;35.76;139.53;1322200;1.3780
1322331;武蔵村山市本町;むさしむらやましほんまち;Musashi Village Yama City Hon Town;35.75;139.39;1322300;1.0637
1322431;多摩市関戸;たましせきど;Tama City Sekido;35.64;139.45;1322400;1.0247
1322941;西東京市中町;にしとうきょうしなかまち;Nishitokyo City Nakamachi;35.74;139.56;1322900;1.4362
1322450;多摩市鶴牧;たましつるまき;Tama City Tsurumaki;35.62;139.42;1322400;0.9758
1321402;国分寺市並木町;こくぶんじしなみきちょう;Kokubunji City Namiki Town;35.72;139.45;1321400;1.4916
1321351;東村山市美住町;ひがしむらやましみすみちょう;Higashi Village Yama City Misumi Town;35.75;139.45;1321300;1.2617
1322730;羽村市緑ヶ丘;はむらしみどりがおか;Ha Village Shimidorigaoka;35.77;139.31;1322700;0.8943
1330331;瑞穂町箱根ヶ崎;みずほまちはこねがさき;Mizuho Town Hakonegasaki;35.77;139.35;1330300;1.0523
1320501;青梅市東青梅;おうめしひがしおうめ;Ome City Higashiome;35.79;139.28;1320500;0.8691
1321331;東村山市本町;ひがしむらやましほんちょう;Higashi Village Yama City Honcho;35.76;139.47;1321300;1.4481
1320550;青梅市日向和田;おうめしひなたわだ;Ome City Hinatawada;35.79;139.24;1320500;0.6102
1322851;あきる野市伊奈;あきるのしいな;Akiruno City Ina;35.73;139.26;1322800;0.8078
1330540;日の出町平井;ひのでまちひらい;Hinode Town Hirai;35.74;139.26;1330500;0.7898
1330721;檜原村本宿;ひのはらむらもとしゅく;Hinohara Village Motoshuku;35.73;139.15;1330700;0.6139
1330740;檜原村役場;ひのはらむらやくば;Hinohara Village Town Office;35.73;139.155;1330700;0.6137
1322530;稲城市東長沼;いなぎしひがしながぬま;Inagi City Higashinaganuma;35.64;139.50;1322500;1.2930
1321530;国立市富士見台;くにたちしふじみだい;Kunitachi City Fujimidai;35.68;139.44;1321500;1.1899
;小鹿野町両神振興会館;おがのちょうりょうかみしんこうかいかん;Ogano Town Ryokami Promotion Hall;36.01;138.97;1136500;0.6710
;佐渡市両津市民センター;さどしりょうつしみんせんたー;Sado City Ryotsu Civic Center;38.08;138.44;1522400;1.6447
;相模原緑区橋本;さがみはらみどりくはしもと;Sagamihara Midori Ward Hashimoto;35.60;139.35;1415100;1.2845
;新潟西蒲区巻仮設庁舎;にいがたにしかんくまきかせつちょうしゃ;Niigata Nishikan Ward Maki Temporary Government Office;37.76;138.89;1510800;1.8935
;相模原南区相模大野;さがみはらみなみくさがみおおの;Sagamihara Minami Ward Sagamiono;35.53;139.43;1415300;1.4890
;山形小国町あけぼの;やまがたおぐにちょうあけぼの;Yamagata Oguni Town Akebono;38.05;139.76;0640100;1.0805
;佐呂間町西冨;さろまちょうにしとみ;Saroma Town Nishitomi;44.02;143.77;0155200;1.2159
;さいたま西区西大宮;さいたまにしくにしおおみや;Saitama Nishi Ward Nishiomiya;35.93;139.58;1110100;1.3474
;箕面市今宮;みのおしいまみや;Mino City Imamiya;34.83;135.50;2722000;1.1849
;串本町上野山;くしもとちょううえのやま;Kushimoto Town Uenoyama;33.52;135.83;3042800;0.6689
;相模原中央区田名;さがみはらちゅうおたな;Sagamihara Chuuo Ward Tana;35.55;139.34;1415200;1.2125
;朝倉市甘木;あさくらしあまぎ;Asakura City Amagi;33.41;130.66;4022800;1.0413
