depth,distance,p_time,s_time
0,0,0.0,0.0
0,2,0.416,0.703
0,4,0.831,1.403
0,6,1.243,2.099
0,8,1.65,2.786
0,10,2.052,3.465
0,12,2.448,4.135
0,14,2.838,4.794
0,16,3.221,5.444
0,18,3.6,6.084
0,20,3.972,6.715
0,22,4.34,7.338
0,24,4.703,7.954
0,26,5.062,8.564
0,28,5.418,9.167
0,30,5.771,9.766
0,32,6.121,10.36
0,34,6.469,10.951
0,36,6.816,11.54
0,38,7.162,12.127
0,40,7.507,12.713
0,42,7.852,13.298
0,44,8.196,13.882
0,46,8.539,14.465
0,48,8.883,15.047
0,50,9.226,15.63
0,55,10.083,17.085
0,60,10.939,18.538
0,65,11.792,19.99
0,70,12.644,21.438
0,75,13.492,22.884
0,80,14.338,24.325
0,85,15.18,25.763
0,90,16.018,27.196
0,95,16.853,28.625
0,100,17.683,30.048
0,105,18.509,31.467
0,110,19.331,32.879
0,115,20.147,34.283
0,120,20.959,35.682
0,125,21.766,37.073
0,130,22.566,38.457
0,135,23.357,39.834
0,140,24.137,41.196
0,145,24.904,42.546
0,150,25.667,43.879
0,155,26.416,45.193
0,160,27.148,46.503
0,165,27.868,47.786
0,170,28.579,49.045
0,175,29.283,50.286
0,180,29.979,51.516
0,185,30.671,52.736
0,190,31.36,53.944
0,195,32.04,55.145
0,200,32.717,56.345
0,210,34.057,58.712
0,220,35.385,61.056
0,230,36.703,63.381
0,240,38.012,65.691
0,250,39.316,67.989
0,260,40.617,70.277
0,270,41.914,72.561
0,280,43.209,74.839
0,290,44.502,77.114
0,300,45.792,79.387
0,310,47.081,81.657
0,320,48.368,83.924
0,330,49.654,86.19
0,340,50.938,88.455
0,350,52.221,90.717
0,360,53.502,92.979
0,370,54.781,95.24
0,380,56.059,97.498
0,390,57.336,99.756
0,400,58.612,102.013
0,410,59.887,104.27
0,420,61.161,106.527
0,430,62.434,108.781
0,440,63.707,111.033
0,450,64.978,113.285
0,460,66.248,115.537
0,470,67.517,117.789
0,480,68.785,120.04
0,490,70.052,122.29
0,500,71.319,124.539
0,510,72.585,126.788
0,520,73.851,129.036
0,530,75.115,131.285
0,540,76.379,133.533
0,550,77.642,135.782
0,560,78.904,138.03
0,570,80.166,140.278
0,580,81.427,142.525
0,590,82.689,144.772
0,600,83.95,147.019
0,610,85.21,149.266
0,620,86.47,151.511
0,630,87.73,153.757
0,640,88.989,156.002
0,650,90.248,158.247
0,660,91.506,160.491
0,670,92.763,162.735
0,680,94.021,164.979
0,690,95.278,167.222
0,700,96.536,169.465
0,710,97.793,171.708
0,720,99.05,173.951
0,730,100.307,176.193
0,740,101.564,178.435
0,750,102.821,180.677
0,760,104.077,182.919
0,770,105.333,185.162
0,780,106.59,187.404
0,790,107.845,189.644
0,800,109.101,191.885
0,810,110.356,194.125
0,820,111.612,196.365
0,830,112.867,198.605
0,840,114.121,200.845
0,850,115.373,203.085
0,860,116.623,205.325
0,870,117.873,207.565
0,880,119.121,209.805
0,890,120.369,212.045
0,900,121.617,214.285
0,910,122.864,216.525
0,920,124.11,218.765
0,930,125.356,221.005
0,940,126.601,223.245
0,950,127.846,225.485
0,960,129.09,227.724
0,970,130.333,229.964
0,980,131.577,232.203
0,990,132.819,234.443
0,1000,134.06,236.682
0,1010,135.302,238.922
0,1020,136.542,241.161
0,1030,137.782,243.4
0,1040,139.021,245.639
0,1050,140.26,247.879
0,1060,141.498,250.118
0,1070,142.736,252.356
0,1080,143.974,254.595
0,1090,145.211,256.834
0,1100,146.448,259.073
0,1110,147.685,261.311
0,1120,148.921,263.55
0,1130,150.155,265.788
0,1140,151.387,268.026
0,1150,152.617,270.263
0,1160,153.845,272.499
0,1170,155.071,274.735
0,1180,156.293,276.972
0,1190,157.515,279.194
0,1200,158.734,281.411
0,1210,159.953,283.625
0,1220,161.17,285.838
0,1230,162.387,288.051
0,1240,163.603,290.264
0,1250,164.817,292.476
0,1260,166.031,294.688
0,1270,167.244,296.896
0,1280,168.456,299.096
0,1290,169.668,301.29
0,1300,170.877,303.473
0,1310,172.086,305.656
0,1320,173.293,307.839
0,1330,174.5,310.021
0,1340,175.706,312.2
0,1350,176.912,314.377
0,1360,178.116,316.552
0,1370,179.32,318.725
0,1380,180.523,320.897
0,1390,181.726,323.067
0,1400,182.928,325.238
0,1410,184.129,327.405
0,1420,185.329,329.57
0,1430,186.528,331.733
0,1440,187.727,333.896
0,1450,188.926,336.059
0,1460,190.123,338.221
0,1470,191.32,340.38
0,1480,192.517,342.537
0,1490,193.714,344.694
0,1500,194.911,346.851
0,1510,196.105,349.007
0,1520,197.295,351.16
0,1530,198.478,353.312
0,1540,199.658,355.463
0,1550,200.837,357.614
0,1560,202.015,359.764
0,1570,203.192,361.913
0,1580,204.367,364.061
0,1590,205.542,366.208
0,1600,206.716,368.356
0,1610,207.889,370.502
0,1620,209.061,372.649
0,1630,210.232,374.788
0,1640,211.403,376.911
0,1650,212.572,379.032
0,1660,213.741,381.147
0,1670,214.908,383.26
0,1680,216.075,385.367
0,1690,217.24,387.474
0,1700,218.404,389.579
0,1710,219.568,391.683
0,1720,220.73,393.787
0,1730,221.891,395.891
0,1740,223.049,397.993
0,1750,224.205,400.094
0,1760,225.36,402.193
0,1770,226.515,404.292
0,1780,227.668,406.39
0,1790,228.821,408.482
0,1800,229.973,410.57
0,1810,231.124,412.655
0,1820,232.274,414.735
0,1830,233.424,416.815
0,1840,234.572,418.893
0,1850,235.72,420.971
0,1860,236.867,423.049
0,1870,238.014,425.125
0,1880,239.161,427.199
0,1890,240.307,429.269
0,1900,241.451,431.337
0,1910,242.58,433.402
0,1920,243.709,435.466
0,1930,244.836,437.53
0,1940,245.963,439.594
0,1950,247.089,441.658
0,1960,248.214,443.721
0,1970,249.337,445.783
0,1980,250.46,447.845
0,1990,251.583,449.88
0,2000,252.705,451.912
10,0,1.773,3.007
10,2,1.808,3.066
10,4,1.909,3.238
10,6,2.066,3.504
10,8,2.267,3.846
10,10,2.502,4.244
10,12,2.761,4.684
10,14,3.038,5.155
10,16,3.329,5.649
10,18,3.63,6.159
10,20,3.937,6.682
10,22,4.251,7.214
10,24,4.569,7.754
10,26,4.89,8.3
10,28,5.213,8.85
10,30,5.539,9.404
10,32,5.866,9.96
10,34,6.194,10.519
10,36,6.524,11.079
10,38,6.854,11.641
10,40,7.184,12.203
10,42,7.515,12.767
10,44,7.847,13.331
10,46,8.178,13.896
10,48,8.51,14.461
10,50,8.842,15.027
10,55,9.671,16.44
10,60,10.499,17.854
10,65,11.326,19.266
10,70,12.15,20.675
10,75,12.973,22.081
10,80,13.792,23.485
10,85,14.609,24.884
10,90,15.422,26.279
10,95,16.232,27.669
10,100,17.037,29.054
10,105,17.838,30.434
10,110,18.632,31.807
10,115,19.42,33.17
10,120,20.199,34.525
10,125,20.969,35.867
10,130,21.732,37.197
10,135,22.49,38.512
10,140,23.235,39.825
10,145,23.966,41.118
10,150,24.687,42.392
10,155,25.399,43.647
10,160,26.105,44.887
10,165,26.804,46.117
10,170,27.496,47.338
10,175,28.188,48.548
10,180,28.872,49.75
10,185,29.55,50.951
10,190,30.225,52.142
10,195,30.895,53.324
10,200,31.563,54.502
10,210,32.889,56.84
10,220,34.205,59.16
10,230,35.514,61.468
10,240,36.818,63.763
10,250,38.118,66.05
10,260,39.415,68.333
10,270,40.71,70.61
10,280,42.002,72.885
10,290,43.293,75.157
10,300,44.581,77.426
10,310,45.868,79.693
10,320,47.154,81.959
10,330,48.438,84.224
10,340,49.721,86.486
10,350,51.002,88.747
10,360,52.281,91.008
10,370,53.559,93.266
10,380,54.836,95.524
10,390,56.111,97.781
10,400,57.386,100.038
10,410,58.66,102.295
10,420,59.934,104.548
10,430,61.206,106.8
10,440,62.477,109.052
10,450,63.747,111.304
10,460,65.016,113.556
10,470,66.284,115.807
10,480,67.551,118.056
10,490,68.818,120.305
10,500,70.084,122.554
10,510,71.349,124.802
10,520,72.614,127.051
10,530,73.878,129.299
10,540,75.141,131.548
10,550,76.403,133.796
10,560,77.664,136.044
10,570,78.926,138.291
10,580,80.187,140.538
10,590,81.448,142.785
10,600,82.709,145.032
10,610,83.969,147.277
10,620,85.228,149.523
10,630,86.488,151.768
10,640,87.746,154.013
10,650,89.004,156.257
10,660,90.262,158.501
10,670,91.519,160.744
10,680,92.777,162.988
10,690,94.034,165.231
10,700,95.291,167.474
10,710,96.548,169.717
10,720,97.805,171.959
10,730,99.062,174.201
10,740,100.319,176.443
10,750,101.576,178.685
10,760,102.832,180.927
10,770,104.088,183.169
10,780,105.344,185.409
10,790,106.599,187.65
10,800,107.855,189.89
10,810,109.11,192.13
10,820,110.365,194.37
10,830,111.62,196.61
10,840,112.872,198.85
10,850,114.122,201.091
10,860,115.371,203.331
10,870,116.619,205.571
10,880,117.867,207.811
10,890,119.115,210.051
10,900,120.362,212.29
10,910,121.608,214.53
10,920,122.854,216.77
10,930,124.1,219.01
10,940,125.344,221.25
10,950,126.588,223.489
10,960,127.832,225.729
10,970,129.075,227.969
10,980,130.317,230.208
10,990,131.559,232.447
10,1000,132.8,234.687
10,1010,134.04,236.926
10,1020,135.28,239.165
10,1030,136.52,241.404
10,1040,137.758,243.644
10,1050,138.997,245.882
10,1060,140.234,248.121
10,1070,141.472,250.36
10,1080,142.709,252.599
10,1090,143.947,254.838
10,1100,145.183,257.076
10,1110,146.419,259.315
10,1120,147.653,261.553
10,1130,148.885,263.791
10,1140,150.115,266.027
10,1150,151.343,268.264
10,1160,152.569,270.5
10,1170,153.792,272.736
10,1180,155.013,274.957
10,1190,156.233,277.173
10,1200,157.451,279.387
10,1210,158.669,281.6
10,1220,159.886,283.813
10,1230,161.101,286.025
10,1240,162.316,288.238
10,1250,163.53,290.45
10,1260,164.743,292.656
10,1270,165.955,294.856
10,1280,167.166,297.049
10,1290,168.376,299.232
10,1300,169.585,301.415
10,1310,170.792,303.598
10,1320,171.999,305.78
10,1330,173.205,307.959
10,1340,174.411,310.135
10,1350,175.616,312.31
10,1360,176.82,314.483
10,1370,178.023,316.655
10,1380,179.225,318.825
10,1390,180.427,320.996
10,1400,181.628,323.163
10,1410,182.829,325.328
10,1420,184.028,327.491
10,1430,185.227,329.654
10,1440,186.425,331.816
10,1450,187.623,333.978
10,1460,188.82,336.137
10,1470,190.017,338.295
10,1480,191.214,340.452
10,1490,192.41,342.608
10,1500,193.605,344.764
10,1510,194.795,346.917
10,1520,195.979,349.069
10,1530,197.159,351.22
10,1540,198.338,353.371
10,1550,199.516,355.521
10,1560,200.693,357.669
10,1570,201.869,359.818
10,1580,203.044,361.965
10,1590,204.218,364.112
10,1600,205.391,366.259
10,1610,206.563,368.405
10,1620,207.734,370.544
10,1630,208.905,372.667
10,1640,210.074,374.788
10,1650,211.243,376.903
10,1660,212.411,379.016
10,1670,213.577,381.123
10,1680,214.743,383.23
10,1690,215.907,385.335
10,1700,217.071,387.439
10,1710,218.233,389.543
10,1720,219.394,391.647
10,1730,220.552,393.749
10,1740,221.709,395.85
10,1750,222.864,397.949
10,1760,224.019,400.048
10,1770,225.173,402.146
10,1780,226.325,404.238
10,1790,227.477,406.326
10,1800,228.629,408.411
10,1810,229.779,410.492
10,1820,230.928,412.572
10,1830,232.077,414.65
10,1840,233.225,416.728
10,1850,234.372,418.805
10,1860,235.519,420.882
10,1870,236.666,422.955
10,1880,237.812,425.026
10,1890,238.958,427.093
10,1900,240.088,429.159
10,1910,241.217,431.223
10,1920,242.344,433.287
10,1930,243.471,435.351
10,1940,244.597,437.414
10,1950,245.722,439.478
10,1960,246.846,441.54
10,1970,247.969,443.602
10,1980,249.092,445.638
10,1990,250.214,447.671
10,2000,251.336,449.702
20,0,3.38,5.757
20,2,3.396,5.785
20,4,3.446,5.87
20,6,3.527,6.009
20,8,3.638,6.197
20,10,3.775,6.431
20,12,3.937,6.706
20,14,4.119,7.017
20,16,4.32,7.359
20,18,4.536,7.728
20,20,4.766,8.12
20,22,5.007,8.532
20,24,5.259,8.961
20,26,5.519,9.405
20,28,5.786,9.861
20,30,6.059,10.328
20,32,6.338,10.804
20,34,6.622,11.288
20,36,6.909,11.778
20,38,7.2,12.275
20,40,7.493,12.777
20,42,7.79,13.283
20,44,8.088,13.793
20,46,8.388,14.307
20,48,8.69,14.823
20,50,8.994,15.342
20,55,9.757,16.649
20,60,10.525,17.965
20,65,11.296,19.287
20,70,12.068,20.613
20,75,12.841,21.94
20,80,13.613,23.267
20,85,14.382,24.593
20,90,15.148,25.914
20,95,15.911,27.231
20,100,16.674,28.545
20,105,17.43,29.857
20,110,18.18,31.161
20,115,18.923,32.455
20,120,19.657,33.739
20,125,20.384,35.011
20,130,21.103,36.269
20,135,21.816,37.517
20,140,22.523,38.755
20,145,23.225,39.984
20,150,23.92,41.205
20,155,24.612,42.418
20,160,25.301,43.621
20,165,25.983,44.822
20,170,26.661,46.019
20,175,27.335,47.205
20,180,28.005,48.385
20,185,28.672,49.56
20,190,29.337,50.729
20,195,29.999,51.895
20,200,30.658,53.057
20,210,31.971,55.369
20,220,33.277,57.669
20,230,34.579,59.96
20,240,35.878,62.245
20,250,37.174,64.525
20,260,38.468,66.8
20,270,39.76,69.073
20,280,41.049,71.345
20,290,42.337,73.613
20,300,43.624,75.879
20,310,44.909,78.144
20,320,46.193,80.408
20,330,47.476,82.669
20,340,48.755,84.931
20,350,50.034,87.19
20,360,51.311,89.448
20,370,52.588,91.705
20,380,53.863,93.962
20,390,55.138,96.22
20,400,56.412,98.475
20,410,57.685,100.727
20,420,58.957,102.979
20,430,60.228,105.231
20,440,61.497,107.483
20,450,62.766,109.735
20,460,64.033,111.985
20,470,65.3,114.234
20,480,66.567,116.483
20,490,67.833,118.732
20,500,69.098,120.98
20,510,70.363,123.229
20,520,71.626,125.477
20,530,72.889,127.726
20,540,74.151,129.974
20,550,75.412,132.221
20,560,76.674,134.468
20,570,77.935,136.715
20,580,79.196,138.962
20,590,80.456,141.208
20,600,81.716,143.454
20,610,82.976,145.699
20,620,84.235,147.945
20,630,85.493,150.189
20,640,86.751,152.432
20,650,88.009,154.676
20,660,89.266,156.92
20,670,90.524,159.163
20,680,91.781,161.406
20,690,93.038,163.649
20,700,94.295,165.891
20,710,95.552,168.134
20,720,96.809,170.376
20,730,98.066,172.618
20,740,99.322,174.86
20,750,100.578,177.102
20,760,101.834,179.343
20,770,103.09,181.584
20,780,104.346,183.824
20,790,105.601,186.064
20,800,106.856,188.304
20,810,108.111,190.544
20,820,109.366,192.784
20,830,110.617,195.024
20,840,111.866,197.265
20,850,113.116,199.505
20,860,114.364,201.745
20,870,115.612,203.985
20,880,116.859,206.225
20,890,118.106,208.464
20,900,119.352,210.704
20,910,120.598,212.944
20,920,121.843,215.184
20,930,123.088,217.424
20,940,124.331,219.663
20,950,125.575,221.903
20,960,126.818,224.142
20,970,128.06,226.382
20,980,129.301,228.621
20,990,130.543,230.861
20,1000,131.783,233.1
20,1010,133.022,235.339
20,1020,134.262,237.578
20,1030,135.501,239.817
20,1040,136.739,242.056
20,1050,137.976,244.295
20,1060,139.214,246.534
20,1070,140.451,248.772
20,1080,141.689,251.011
20,1090,142.925,253.25
20,1100,144.16,255.488
20,1110,145.394,257.726
20,1120,146.625,259.963
20,1130,147.855,262.2
20,1140,149.083,264.436
20,1150,150.309,266.673
20,1160,151.53,268.904
20,1170,152.752,271.121
20,1180,153.971,273.337
20,1190,155.189,275.55
20,1200,156.407,277.763
20,1210,157.623,279.976
20,1220,158.839,282.188
20,1230,160.054,284.401
20,1240,161.267,286.611
20,1250,162.48,288.815
20,1260,163.692,291.014
20,1270,164.903,293.202
20,1280,166.113,295.385
20,1290,167.321,297.568
20,1300,168.529,299.751
20,1310,169.735,301.932
20,1320,170.942,304.109
20,1330,172.147,306.286
20,1340,173.352,308.46
20,1350,174.555,310.633
20,1360,175.758,312.804
20,1370,176.961,314.974
20,1380,178.163,317.145
20,1390,179.364,319.311
20,1400,180.564,321.475
20,1410,181.763,323.638
20,1420,182.962,325.8
20,1430,184.16,327.963
20,1440,185.358,330.124
20,1450,186.555,332.282
20,1460,187.752,334.44
20,1470,188.949,336.596
20,1480,190.145,338.753
20,1490,191.339,340.908
20,1500,192.529,343.061
20,1510,193.712,345.213
20,1520,194.892,347.364
20,1530,196.071,349.514
20,1540,197.249,351.664
20,1550,198.426,353.812
20,1560,199.602,355.96
20,1570,200.776,358.108
20,1580,201.95,360.255
20,1590,203.123,362.401
20,1600,204.295,364.548
20,1610,205.466,366.682
20,1620,206.637,368.803
20,1630,207.806,370.924
20,1640,208.975,373.038
20,1650,210.143,375.149
20,1660,211.309,377.256
20,1670,212.475,379.363
20,1680,213.639,381.467
20,1690,214.802,383.571
20,1700,215.965,385.675
20,1710,217.125,387.779
20,1720,218.284,389.881
20,1730,219.44,391.981
20,1740,220.596,394.08
20,1750,221.75,396.179
20,1760,222.904,398.277
20,1770,224.057,400.367
20,1780,225.208,402.455
20,1790,226.36,404.539
20,1800,227.51,406.62
20,1810,228.659,408.699
20,1820,229.808,410.777
20,1830,230.956,412.855
20,1840,232.103,414.933
20,1850,233.25,417.009
20,1860,234.397,419.082
20,1870,235.543,421.152
20,1880,236.689,423.219
20,1890,237.819,425.285
20,1900,238.947,427.349
20,1910,240.075,429.413
20,1920,241.202,431.476
20,1930,242.328,433.54
20,1940,243.453,435.603
20,1950,244.577,437.665
20,1960,245.7,439.727
20,1970,246.822,441.76
20,1980,247.945,443.792
20,1990,249.067,445.823
20,2000,250.188,447.851
30,0,4.872,8.33
30,2,4.882,8.348
30,4,4.914,8.403
30,6,4.967,8.493
30,8,5.04,8.618
30,10,5.132,8.775
30,12,5.242,8.964
30,14,5.37,9.183
30,16,5.513,9.428
30,18,5.671,9.698
30,20,5.842,9.992
30,22,6.026,10.306
30,24,6.22,10.639
30,26,6.425,10.989
30,28,6.638,11.355
30,30,6.86,11.735
30,32,7.089,12.127
30,34,7.324,12.531
30,36,7.565,12.945
30,38,7.812,13.368
30,40,8.063,13.799
30,42,8.319,14.237
30,44,8.578,14.682
30,46,8.841,15.133
30,48,9.106,15.59
30,50,9.375,16.051
30,55,10.056,17.222
30,60,10.748,18.413
30,65,11.449,19.619
30,70,12.155,20.837
30,75,12.865,22.062
30,80,13.578,23.293
30,85,14.29,24.526
30,90,15.003,25.76
30,95,15.714,26.994
30,100,16.424,28.225
30,105,17.131,29.454
30,110,17.835,30.68
30,115,18.535,31.901
30,120,19.232,33.117
30,125,19.924,34.327
30,130,20.616,35.532
30,135,21.304,36.733
30,140,21.987,37.933
30,145,22.666,39.125
30,150,23.342,40.311
30,155,24.014,41.491
30,160,24.684,42.667
30,165,25.351,43.839
30,170,26.015,45.006
30,175,26.677,46.17
30,180,27.337,47.33
30,185,27.994,48.487
30,190,28.649,49.641
30,195,29.303,50.792
30,200,29.956,51.94
30,210,31.259,54.231
30,220,32.558,56.516
30,230,33.855,58.796
30,240,35.149,61.071
30,250,36.442,63.344
30,260,37.732,65.616
30,270,39.02,67.884
30,280,40.307,70.151
30,290,41.592,72.416
30,300,42.876,74.679
30,310,44.16,76.941
30,320,45.44,79.202
30,330,46.719,81.462
30,340,47.997,83.72
30,350,49.274,85.977
30,360,50.549,88.235
30,370,51.824,90.492
30,380,53.098,92.748
30,390,54.371,95.0
30,400,55.644,97.252
30,410,56.915,99.504
30,420,58.185,101.756
30,430,59.454,104.007
30,440,60.722,106.258
30,450,61.989,108.507
30,460,63.256,110.756
30,470,64.522,113.005
30,480,65.788,115.253
30,490,67.052,117.502
30,500,68.316,119.75
30,510,69.579,121.999
30,520,70.841,124.247
30,530,72.103,126.495
30,540,73.364,128.742
30,550,74.626,130.988
30,560,75.887,133.235
30,570,77.147,135.482
30,580,78.407,137.727
30,590,79.667,139.973
30,600,80.926,142.218
30,610,82.185,144.462
30,620,83.443,146.706
30,630,84.701,148.95
30,640,85.958,151.194
30,650,87.216,153.437
30,660,88.473,155.68
30,670,89.73,157.923
30,680,90.987,160.166
30,690,92.244,162.408
30,700,93.501,164.65
30,710,94.758,166.892
30,720,96.015,169.134
30,730,97.271,171.376
30,740,98.527,173.618
30,750,99.783,175.858
30,760,101.039,178.098
30,770,102.294,180.338
30,780,103.549,182.579
30,790,104.804,184.819
30,800,106.059,187.059
30,810,107.312,189.299
30,820,108.562,191.539
30,830,109.811,193.779
30,840,111.06,196.019
30,850,112.308,198.259
30,860,113.555,200.499
30,870,114.803,202.739
30,880,116.049,204.979
30,890,117.295,207.219
30,900,118.541,209.458
30,910,119.785,211.698
30,920,121.029,213.938
30,930,122.273,216.177
30,940,123.516,218.417
30,950,124.759,220.656
30,960,126.0,222.896
30,970,127.242,225.135
30,980,128.482,227.374
30,990,129.722,229.614
30,1000,130.962,231.853
30,1010,132.201,234.092
30,1020,133.439,236.331
30,1030,134.677,238.57
30,1040,135.915,240.808
30,1050,137.152,243.047
30,1060,138.389,245.286
30,1070,139.626,247.524
30,1080,140.862,249.763
30,1090,142.097,252.001
30,1100,143.329,254.238
30,1110,144.56,256.475
30,1120,145.789,258.711
30,1130,147.016,260.948
30,1140,148.239,263.184
30,1150,149.461,265.401
30,1160,150.681,267.617
30,1170,151.9,269.83
30,1180,153.118,272.044
30,1190,154.335,274.256
30,1200,155.551,276.469
30,1210,156.767,278.681
30,1220,157.981,280.893
30,1230,159.194,283.099
30,1240,160.406,285.299
30,1250,161.618,287.491
30,1260,162.829,289.674
30,1270,164.038,291.858
30,1280,165.246,294.041
30,1290,166.453,296.222
30,1300,167.659,298.401
30,1310,168.865,300.578
30,1320,170.07,302.753
30,1330,171.275,304.926
30,1340,172.478,307.098
30,1350,173.681,309.268
30,1360,174.883,311.439
30,1370,176.085,313.607
30,1380,177.285,315.772
30,1390,178.485,317.935
30,1400,179.684,320.098
30,1410,180.883,322.26
30,1420,182.081,324.422
30,1430,183.278,326.582
30,1440,184.475,328.739
30,1450,185.672,330.896
30,1460,186.869,333.053
30,1470,188.065,335.209
30,1480,189.257,337.363
30,1490,190.445,339.515
30,1500,191.626,341.666
30,1510,192.806,343.817
30,1520,193.985,345.967
30,1530,195.163,348.116
30,1540,196.339,350.264
30,1550,197.514,352.412
30,1560,198.689,354.559
30,1570,199.862,356.706
30,1580,201.035,358.852
30,1590,202.207,360.993
30,1600,203.378,363.12
30,1610,204.548,365.241
30,1620,205.718,367.358
30,1630,206.886,369.472
30,1640,208.053,371.58
30,1650,209.219,373.687
30,1660,210.385,375.792
30,1670,211.549,377.897
30,1680,212.712,380.001
30,1690,213.873,382.105
30,1700,215.034,384.208
30,1710,216.192,386.309
30,1720,217.348,388.408
30,1730,218.503,390.508
30,1740,219.657,392.607
30,1750,220.811,394.701
30,1760,221.963,396.79
30,1770,223.115,398.876
30,1780,224.266,400.959
30,1790,225.416,403.039
30,1800,226.565,405.118
30,1810,227.713,407.196
30,1820,228.861,409.274
30,1830,230.009,411.351
30,1840,231.156,413.426
30,1850,232.302,415.498
30,1860,233.448,417.567
30,1870,234.591,419.633
30,1880,235.721,421.698
30,1890,236.849,423.762
30,1900,237.976,425.826
30,1910,239.103,427.889
30,1920,240.229,429.953
30,1930,241.354,432.016
30,1940,242.478,434.078
30,1950,243.601,436.129
30,1960,244.723,438.162
30,1970,245.845,440.195
30,1980,246.967,442.225
30,1990,248.088,444.251
30,2000,249.209,446.275
40,0,6.256,10.735
40,2,6.263,10.748
40,4,6.286,10.787
40,6,6.325,10.853
40,8,6.378,10.944
40,10,6.445,11.06
40,12,6.527,11.2
40,14,6.622,11.364
40,16,6.73,11.549
40,18,6.85,11.756
40,20,6.981,11.982
40,22,7.124,12.227
40,24,7.277,12.49
40,26,7.439,12.77
40,28,7.61,13.064
40,30,7.79,13.373
40,32,7.977,13.696
40,34,8.171,14.03
40,36,8.372,14.376
40,38,8.579,14.732
40,40,8.792,15.098
40,42,9.009,15.473
40,44,9.232,15.856
40,46,9.458,16.247
40,48,9.689,16.645
40,50,9.923,17.049
40,55,10.522,18.083
40,60,11.139,19.147
40,65,11.768,20.236
40,70,12.408,21.343
40,75,13.056,22.465
40,80,13.711,23.599
40,85,14.37,24.742
40,90,15.032,25.892
40,95,15.696,27.048
40,100,16.362,28.206
40,105,17.029,29.367
40,110,17.695,30.529
40,115,18.361,31.692
40,120,19.027,32.854
40,125,19.691,34.015
40,130,20.354,35.175
40,135,21.016,36.334
40,140,21.676,37.49
40,145,22.335,38.645
40,150,22.992,39.799
40,155,23.648,40.951
40,160,24.303,42.099
40,165,24.956,43.246
40,170,25.609,44.393
40,175,26.26,45.536
40,180,26.911,46.679
40,185,27.561,47.821
40,190,28.21,48.962
40,195,28.859,50.102
40,200,29.507,51.241
40,210,30.801,53.515
40,220,32.094,55.788
40,230,33.384,58.059
40,240,34.673,60.327
40,250,35.96,62.593
40,260,37.246,64.858
40,270,38.53,67.122
40,280,39.814,69.383
40,290,41.095,71.645
40,300,42.375,73.904
40,310,43.653,76.162
40,320,44.93,78.42
40,330,46.206,80.677
40,340,47.482,82.934
40,350,48.756,85.19
40,360,50.03,87.442
40,370,51.303,89.695
40,380,52.574,91.947
40,390,53.845,94.198
40,400,55.115,96.45
40,410,56.383,98.701
40,420,57.65,100.95
40,430,58.917,103.199
40,440,60.184,105.448
40,450,61.45,107.696
40,460,62.715,109.945
40,470,63.98,112.193
40,480,65.243,114.442
40,490,66.506,116.69
40,500,67.768,118.938
40,510,69.029,121.185
40,520,70.291,123.432
40,530,71.552,125.679
40,540,72.813,127.925
40,550,74.073,130.171
40,560,75.333,132.416
40,570,76.593,134.662
40,580,77.852,136.906
40,590,79.11,139.15
40,600,80.368,141.394
40,610,81.626,143.638
40,620,82.883,145.881
40,630,84.141,148.124
40,640,85.398,150.367
40,650,86.655,152.61
40,660,87.912,154.852
40,670,89.169,157.094
40,680,90.426,159.336
40,690,91.683,161.578
40,700,92.939,163.82
40,710,94.196,166.062
40,720,95.452,168.302
40,730,96.708,170.543
40,740,97.963,172.783
40,750,99.219,175.023
40,760,100.474,177.263
40,770,101.729,179.503
40,780,102.983,181.743
40,790,104.235,183.984
40,800,105.485,186.224
40,810,106.734,188.464
40,820,107.982,190.704
40,830,109.231,192.944
40,840,110.478,195.183
40,850,111.725,197.423
40,860,112.972,199.663
40,870,114.217,201.903
40,880,115.463,204.143
40,890,116.707,206.382
40,900,117.951,208.622
40,910,119.195,210.861
40,920,120.438,213.101
40,930,121.68,215.34
40,940,122.922,217.58
40,950,124.163,219.819
40,960,125.404,222.058
40,970,126.644,224.297
40,980,127.883,226.536
40,990,129.122,228.775
40,1000,130.361,231.014
40,1010,131.598,233.253
40,1020,132.836,235.492
40,1030,134.073,237.731
40,1040,135.311,239.969
40,1050,136.548,242.208
40,1060,137.783,244.446
40,1070,139.018,246.684
40,1080,140.25,248.92
40,1090,141.481,251.157
40,1100,142.709,253.393
40,1110,143.936,255.63
40,1120,145.16,257.853
40,1130,146.382,260.07
40,1140,147.602,262.285
40,1150,148.821,264.498
40,1160,150.039,266.711
40,1170,151.256,268.924
40,1180,152.473,271.136
40,1190,153.688,273.348
40,1200,154.902,275.558
40,1210,156.115,277.76
40,1220,157.328,279.959
40,1230,158.54,282.147
40,1240,159.751,284.33
40,1250,160.96,286.513
40,1260,162.168,288.696
40,1270,163.375,290.878
40,1280,164.582,293.056
40,1290,165.788,295.232
40,1300,166.993,297.406
40,1310,168.197,299.58
40,1320,169.401,301.751
40,1330,170.604,303.921
40,1340,171.806,306.092
40,1350,173.008,308.259
40,1360,174.208,310.423
40,1370,175.409,312.586
40,1380,176.608,314.749
40,1390,177.807,316.912
40,1400,179.005,319.073
40,1410,180.202,321.232
40,1420,181.399,323.39
40,1430,182.596,325.547
40,1440,183.793,327.703
40,1450,184.989,329.859
40,1460,186.183,332.013
40,1470,187.372,334.165
40,1480,188.555,336.316
40,1490,189.735,338.466
40,1500,190.914,340.617
40,1510,192.092,342.765
40,1520,193.269,344.913
40,1530,194.445,347.061
40,1540,195.619,349.208
40,1550,196.793,351.355
40,1560,197.966,353.502
40,1570,199.138,355.642
40,1580,200.31,357.769
40,1590,201.48,359.89
40,1600,202.65,362.008
40,1610,203.819,364.122
40,1620,204.986,366.23
40,1630,206.153,368.338
40,1640,207.318,370.443
40,1650,208.483,372.547
40,1660,209.646,374.652
40,1670,210.809,376.756
40,1680,211.97,378.86
40,1690,213.129,380.961
40,1700,214.285,383.06
40,1710,215.441,385.159
40,1720,216.596,387.258
40,1730,217.75,389.354
40,1740,218.902,391.443
40,1750,220.054,393.53
40,1760,221.206,395.614
40,1770,222.356,397.694
40,1780,223.506,399.773
40,1790,224.655,401.851
40,1800,225.803,403.929
40,1810,226.95,406.007
40,1820,228.097,408.082
40,1830,229.244,410.155
40,1840,230.39,412.225
40,1850,231.536,414.291
40,1860,232.671,416.357
40,1870,233.8,418.421
40,1880,234.928,420.485
40,1890,236.055,422.549
40,1900,237.182,424.612
40,1910,238.307,426.675
40,1920,239.432,428.737
40,1930,240.555,430.798
40,1940,241.678,432.831
40,1950,242.8,434.864
40,1960,243.922,436.895
40,1970,245.044,438.923
40,1980,246.165,440.948
40,1990,247.285,442.972
40,2000,248.404,444.993
50,0,7.57,13.035
50,2,7.576,13.045
50,4,7.593,13.076
50,6,7.623,13.126
50,8,7.664,13.197
50,10,7.717,13.288
50,12,7.78,13.398
50,14,7.855,13.527
50,16,7.94,13.674
50,18,8.035,13.838
50,20,8.14,14.02
50,22,8.255,14.218
50,24,8.379,14.431
50,26,8.511,14.659
50,28,8.651,14.902
50,30,8.799,15.158
50,32,8.955,15.426
50,34,9.117,15.707
50,36,9.286,15.999
50,38,9.461,16.301
50,40,9.642,16.614
50,42,9.828,16.936
50,44,10.019,17.267
50,46,10.215,17.607
50,48,10.416,17.954
50,50,10.62,18.308
50,55,11.149,19.223
50,60,11.697,20.174
50,65,12.263,21.155
50,70,12.843,22.162
50,75,13.435,23.19
50,80,14.038,24.237
50,85,14.648,25.298
50,90,15.265,26.372
50,95,15.887,27.457
50,100,16.514,28.55
50,105,17.145,29.65
50,110,17.779,30.756
50,115,18.414,31.867
50,120,19.052,32.982
50,125,19.691,34.1
50,130,20.331,35.221
50,135,20.973,36.343
50,140,21.614,37.467
50,145,22.256,38.593
50,150,22.899,39.72
50,155,23.541,40.847
50,160,24.184,41.975
50,165,24.827,43.104
50,170,25.47,44.232
50,175,26.112,45.361
50,180,26.755,46.491
50,185,27.397,47.62
50,190,28.04,48.749
50,195,28.682,49.878
50,200,29.324,51.007
50,210,30.607,53.266
50,220,31.89,55.523
50,230,33.171,57.781
50,240,34.451,60.038
50,250,35.729,62.295
50,260,37.007,64.552
50,270,38.284,66.808
50,280,39.56,69.062
50,290,40.835,71.314
50,300,42.11,73.566
50,310,43.384,75.818
50,320,44.657,78.07
50,330,45.929,80.322
50,340,47.2,82.573
50,350,48.47,84.822
50,360,49.739,87.071
50,370,51.006,89.32
50,380,52.274,91.569
50,390,53.541,93.817
50,400,54.807,96.066
50,410,56.073,98.314
50,420,57.338,100.563
50,430,58.602,102.811
50,440,59.866,105.058
50,450,61.129,107.305
50,460,62.39,109.552
50,470,63.652,111.799
50,480,64.913,114.046
50,490,66.175,116.291
50,500,67.436,118.537
50,510,68.696,120.782
50,520,69.956,123.027
50,530,71.216,125.271
50,540,72.475,127.514
50,550,73.733,129.758
50,560,74.992,132.002
50,570,76.249,134.245
50,580,77.507,136.488
50,590,78.764,138.731
50,600,80.021,140.973
50,610,81.279,143.215
50,620,82.536,145.457
50,630,83.793,147.699
50,640,85.05,149.941
50,650,86.306,152.183
50,660,87.563,154.424
50,670,88.819,156.665
50,680,90.075,158.905
50,690,91.331,161.145
50,700,92.587,163.385
50,710,93.842,165.625
50,720,95.098,167.865
50,730,96.353,170.105
50,740,97.607,172.346
50,750,98.861,174.586
50,760,100.111,176.826
50,770,101.361,179.066
50,780,102.61,181.306
50,790,103.858,183.545
50,800,105.106,185.785
50,810,106.353,188.025
50,820,107.6,190.265
50,830,108.846,192.505
50,840,110.092,194.744
50,850,111.337,196.984
50,860,112.582,199.223
50,870,113.825,201.463
50,880,115.069,203.702
50,890,116.312,205.942
50,900,117.554,208.181
50,910,118.796,210.42
50,920,120.037,212.659
50,930,121.277,214.898
50,940,122.517,217.137
50,950,123.757,219.376
50,960,124.995,221.615
50,970,126.234,223.853
50,980,127.471,226.092
50,990,128.709,228.331
50,1000,129.947,230.569
50,1010,131.184,232.807
50,1020,132.421,235.045
50,1030,133.656,237.281
50,1040,134.891,239.518
50,1050,136.123,241.754
50,1060,137.354,243.99
50,1070,138.583,246.221
50,1080,139.81,248.438
50,1090,141.035,250.655
50,1100,142.257,252.869
50,1110,143.478,255.082
50,1120,144.697,257.296
50,1130,145.916,259.508
50,1140,147.133,261.72
50,1150,148.349,263.933
50,1160,149.565,266.143
50,1170,150.78,268.347
50,1180,151.994,270.546
50,1190,153.206,272.741
50,1200,154.419,274.925
50,1210,155.63,277.108
50,1220,156.84,279.291
50,1230,158.048,281.474
50,1240,159.256,283.655
50,1250,160.463,285.832
50,1260,161.669,288.009
50,1270,162.875,290.182
50,1280,164.08,292.355
50,1290,165.284,294.526
50,1300,166.487,296.696
50,1310,167.69,298.867
50,1320,168.892,301.034
50,1330,170.093,303.198
50,1340,171.294,305.361
50,1350,172.494,307.524
50,1360,173.693,309.687
50,1370,174.891,311.848
50,1380,176.089,314.007
50,1390,177.286,316.165
50,1400,178.483,318.322
50,1410,179.68,320.478
50,1420,180.877,322.635
50,1430,182.072,324.788
50,1440,183.265,326.941
50,1450,184.453,329.092
50,1460,185.635,331.242
50,1470,186.815,333.393
50,1480,187.994,335.542
50,1490,189.172,337.69
50,1500,190.349,339.838
50,1510,191.524,341.985
50,1520,192.699,344.132
50,1530,193.873,346.278
50,1540,195.045,348.422
50,1550,196.217,350.554
50,1560,197.389,352.676
50,1570,198.559,354.796
50,1580,199.729,356.911
50,1590,200.898,359.023
50,1600,202.065,361.13
50,1610,203.232,363.238
50,1620,204.397,365.342
50,1630,205.562,367.446
50,1640,206.725,369.55
50,1650,207.888,371.654
50,1660,209.049,373.757
50,1670,210.208,375.857
50,1680,211.364,377.957
50,1690,212.52,380.056
50,1700,213.675,382.154
50,1710,214.829,384.248
50,1720,215.982,386.336
50,1730,217.134,388.422
50,1740,218.286,390.505
50,1750,219.436,392.585
50,1760,220.586,394.664
50,1770,221.735,396.742
50,1780,222.883,398.82
50,1790,224.03,400.897
50,1800,225.178,402.972
50,1810,226.325,405.045
50,1820,227.471,407.113
50,1830,228.617,409.18
50,1840,229.755,411.245
50,1850,230.884,413.309
50,1860,232.012,415.373
50,1870,233.14,417.437
50,1880,234.266,419.5
50,1890,235.392,421.563
50,1900,236.517,423.625
50,1910,237.64,425.685
50,1920,238.763,427.718
50,1930,239.886,429.75
50,1940,241.008,431.782
50,1950,242.13,433.81
50,1960,243.251,435.835
50,1970,244.371,437.859
50,1980,245.491,439.88
50,1990,246.608,441.902
50,2000,247.723,443.923
60,0,8.857,15.304
60,2,8.861,15.312
60,4,8.876,15.337
60,6,8.9,15.379
60,8,8.933,15.437
60,10,8.976,15.511
60,12,9.028,15.601
60,14,9.089,15.706
60,16,9.159,15.828
60,18,9.237,15.964
60,20,9.324,16.114
60,22,9.419,16.279
60,24,9.522,16.458
60,26,9.633,16.649
60,28,9.751,16.854
60,30,9.876,17.071
60,32,10.007,17.299
60,34,10.146,17.539
60,36,10.29,17.79
60,38,10.441,18.051
60,40,10.597,18.322
60,42,10.758,18.603
60,44,10.925,18.892
60,46,11.097,19.19
60,48,11.273,19.496
60,50,11.453,19.81
60,55,11.922,20.625
60,60,12.414,21.48
60,65,12.925,22.369
60,70,13.454,23.289
60,75,13.997,24.236
60,80,14.553,25.205
60,85,15.12,26.194
60,90,15.697,27.2
60,95,16.282,28.221
60,100,16.874,29.255
60,105,17.472,30.3
60,110,18.075,31.355
60,115,18.682,32.418
60,120,19.294,33.489
60,125,19.909,34.566
60,130,20.527,35.649
60,135,21.147,36.737
60,140,21.769,37.829
60,145,22.393,38.924
60,150,23.019,40.023
60,155,23.646,41.124
60,160,24.274,42.228
60,165,24.903,43.335
60,170,25.533,44.443
60,175,26.163,45.552
60,180,26.795,46.664
60,185,27.426,47.776
60,190,28.059,48.89
60,195,28.691,50.004
60,200,29.324,51.12
60,210,30.59,53.353
60,220,31.857,55.588
60,230,33.125,57.826
60,240,34.392,60.065
60,250,35.66,62.305
60,260,36.927,64.546
60,270,38.195,66.788
60,280,39.462,69.03
60,290,40.728,71.273
60,300,41.995,73.516
60,310,43.261,75.759
60,320,44.527,78.003
60,330,45.792,80.246
60,340,47.057,82.49
60,350,48.321,84.733
60,360,49.585,86.977
60,370,50.848,89.221
60,380,52.11,91.464
60,390,53.372,93.707
60,400,54.633,95.95
60,410,55.895,98.193
60,420,57.156,100.435
60,430,58.417,102.678
60,440,59.677,104.921
60,450,60.938,107.163
60,460,62.197,109.405
60,470,63.457,111.647
60,480,64.716,113.89
60,490,65.974,116.132
60,500,67.232,118.374
60,510,68.49,120.616
60,520,69.747,122.858
60,530,71.005,125.099
60,540,72.262,127.339
60,550,73.519,129.58
60,560,74.776,131.82
60,570,76.033,134.06
60,580,77.29,136.3
60,590,78.547,138.54
60,600,79.803,140.78
60,610,81.06,143.021
60,620,82.316,145.261
60,630,83.572,147.501
60,640,84.828,149.741
60,650,86.083,151.981
60,660,87.338,154.221
60,670,88.593,156.461
60,680,89.848,158.7
60,690,91.103,160.94
60,700,92.355,163.18
60,710,93.605,165.42
60,720,94.855,167.659
60,730,96.104,169.899
60,740,97.352,172.139
60,750,98.6,174.378
60,760,99.848,176.618
60,770,101.095,178.857
60,780,102.341,181.096
60,790,103.587,183.335
60,800,104.832,185.575
60,810,106.077,187.814
60,820,107.321,190.053
60,830,108.565,192.292
60,840,109.808,194.531
60,850,111.051,196.769
60,860,112.293,199.008
60,870,113.534,201.247
60,880,114.775,203.485
60,890,116.016,205.724
60,900,117.255,207.962
60,910,118.495,210.2
60,920,119.734,212.438
60,930,120.972,214.674
60,940,122.21,216.911
60,950,123.447,219.147
60,960,124.685,221.383
60,970,125.922,223.62
60,980,127.159,225.856
60,990,128.394,228.092
60,1000,129.629,230.317
60,1010,130.862,232.535
60,1020,132.093,234.752
60,1030,133.323,236.969
60,1040,134.551,239.184
60,1050,135.777,241.397
60,1060,137.0,243.61
60,1070,138.221,245.823
60,1080,139.442,248.035
60,1090,140.661,250.248
60,1100,141.879,252.46
60,1110,143.097,254.668
60,1120,144.313,256.873
60,1130,145.528,259.073
60,1140,146.743,261.27
60,1150,147.957,263.462
60,1160,149.169,265.645
60,1170,150.381,267.828
60,1180,151.593,270.011
60,1190,152.802,272.194
60,1200,154.011,274.375
60,1210,155.219,276.552
60,1220,156.426,278.729
60,1230,157.632,280.903
60,1240,158.838,283.076
60,1250,160.043,285.247
60,1260,161.247,287.418
60,1270,162.45,289.588
60,1280,163.653,291.757
60,1290,164.856,293.922
60,1300,166.057,296.086
60,1310,167.257,298.248
60,1320,168.457,300.411
60,1330,169.656,302.574
60,1340,170.855,304.734
60,1350,172.053,306.892
60,1360,173.25,309.05
60,1370,174.448,311.206
60,1380,175.645,313.363
60,1390,176.841,315.518
60,1400,178.037,317.671
60,1410,179.231,319.823
60,1420,180.421,321.974
60,1430,181.606,324.125
60,1440,182.786,326.275
60,1450,183.966,328.423
60,1460,185.144,330.572
60,1470,186.322,332.719
60,1480,187.498,334.866
60,1490,188.673,337.013
60,1500,189.847,339.16
60,1510,191.021,341.302
60,1520,192.193,343.434
60,1530,193.365,345.556
60,1540,194.536,347.678
60,1550,195.707,349.793
60,1560,196.876,351.906
60,1570,198.044,354.014
60,1580,199.212,356.121
60,1590,200.378,358.227
60,1600,201.543,360.331
60,1610,202.707,362.435
60,1620,203.871,364.539
60,1630,205.033,366.643
60,1640,206.194,368.744
60,1650,207.352,370.843
60,1660,208.508,372.942
60,1670,209.664,375.042
60,1680,210.819,377.138
60,1690,211.973,379.228
60,1700,213.125,381.316
60,1710,214.277,383.4
60,1720,215.429,385.481
60,1730,216.579,387.56
60,1740,217.729,389.638
60,1750,218.878,391.716
60,1760,220.026,393.794
60,1770,221.173,395.871
60,1780,222.321,397.944
60,1790,223.467,400.016
60,1800,224.614,402.084
60,1810,225.76,404.15
60,1820,226.898,406.214
60,1830,228.027,408.278
60,1840,229.156,410.342
60,1850,230.283,412.406
60,1860,231.41,414.469
60,1870,232.535,416.532
60,1880,233.66,418.594
60,1890,234.784,420.647
60,1900,235.907,422.68
60,1910,237.03,424.713
60,1920,238.152,426.744
60,1930,239.274,428.772
60,1940,240.395,430.796
60,1950,241.515,432.82
60,1960,242.635,434.842
60,1970,243.753,436.863
60,1980,244.868,438.884
60,1990,245.98,440.904
60,2000,247.089,442.924
70,0,10.132,17.567
70,2,10.136,17.574
70,4,10.148,17.595
70,6,10.168,17.63
70,8,10.196,17.679
70,10,10.232,17.742
70,12,10.276,17.818
70,14,10.327,17.907
70,16,10.386,18.01
70,18,10.453,18.126
70,20,10.527,18.254
70,22,10.608,18.395
70,24,10.695,18.548
70,26,10.79,18.713
70,28,10.891,18.889
70,30,10.999,19.077
70,32,11.113,19.275
70,34,11.233,19.484
70,36,11.359,19.703
70,38,11.49,19.932
70,40,11.627,20.17
70,42,11.769,20.417
70,44,11.915,20.673
70,46,12.067,20.937
70,48,12.223,21.209
70,50,12.384,21.489
70,55,12.804,22.221
70,60,13.247,22.994
70,65,13.711,23.804
70,70,14.194,24.647
70,75,14.694,25.52
70,80,15.208,26.419
70,85,15.735,27.341
70,90,16.274,28.283
70,95,16.823,29.244
70,100,17.381,30.222
70,105,17.947,31.213
70,110,18.52,32.218
70,115,19.1,33.234
70,120,19.685,34.26
70,125,20.274,35.295
70,130,20.869,36.339
70,135,21.467,37.389
70,140,22.068,38.447
70,145,22.672,39.509
70,150,23.279,40.577
70,155,23.889,41.65
70,160,24.501,42.727
70,165,25.114,43.808
70,170,25.729,44.892
70,175,26.346,45.979
70,180,26.964,47.068
70,185,27.583,48.161
70,190,28.204,49.255
70,195,28.825,50.352
70,200,29.447,51.45
70,210,30.694,53.652
70,220,31.943,55.859
70,230,33.194,58.071
70,240,34.447,60.287
70,250,35.7,62.506
70,260,36.955,64.728
70,270,38.211,66.952
70,280,39.467,69.178
70,290,40.724,71.406
70,300,41.981,73.635
70,310,43.238,75.866
70,320,44.495,78.097
70,330,45.753,80.33
70,340,47.01,82.563
70,350,48.268,84.797
70,360,49.525,87.031
70,370,50.783,89.266
70,380,52.04,91.502
70,390,53.298,93.738
70,400,54.555,95.974
70,410,55.812,98.21
70,420,57.069,100.447
70,430,58.326,102.684
70,440,59.583,104.921
70,450,60.84,107.159
70,460,62.097,109.396
70,470,63.353,111.634
70,480,64.61,113.871
70,490,65.866,116.109
70,500,67.123,118.347
70,510,68.379,120.585
70,520,69.634,122.823
70,530,70.89,125.061
70,540,72.146,127.299
70,550,73.401,129.537
70,560,74.656,131.775
70,570,75.911,134.013
70,580,77.166,136.251
70,590,78.421,138.489
70,600,79.675,140.728
70,610,80.929,142.966
70,620,82.18,145.204
70,630,83.43,147.442
70,640,84.681,149.68
70,650,85.93,151.918
70,660,87.179,154.156
70,670,88.427,156.394
70,680,89.675,158.631
70,690,90.923,160.869
70,700,92.17,163.106
70,710,93.417,165.342
70,720,94.663,167.579
70,730,95.909,169.816
70,740,97.154,172.052
70,750,98.399,174.289
70,760,99.643,176.525
70,770,100.886,178.761
70,780,102.13,180.998
70,790,103.373,183.234
70,800,104.615,185.47
70,810,105.857,187.707
70,820,107.098,189.943
70,830,108.339,192.179
70,840,109.579,194.415
70,850,110.818,196.651
70,860,112.057,198.887
70,870,113.296,201.123
70,880,114.534,203.359
70,890,115.772,205.588
70,900,117.01,207.812
70,910,118.247,210.035
70,920,119.484,212.255
70,930,120.721,214.473
70,940,121.957,216.69
70,950,123.192,218.908
70,960,124.425,221.125
70,970,125.657,223.34
70,980,126.888,225.554
70,990,128.117,227.767
70,1000,129.344,229.98
70,1010,130.57,232.193
70,1020,131.793,234.405
70,1030,133.015,236.617
70,1040,134.236,238.83
70,1050,135.455,241.038
70,1060,136.673,243.244
70,1070,137.891,245.446
70,1080,139.107,247.646
70,1090,140.323,249.843
70,1100,141.538,252.036
70,1110,142.752,254.222
70,1120,143.966,256.405
70,1130,145.178,258.588
70,1140,146.389,260.771
70,1150,147.6,262.953
70,1160,148.81,265.133
70,1170,150.018,267.31
70,1180,151.225,269.487
70,1190,152.432,271.66
70,1200,153.638,273.834
70,1210,154.844,276.005
70,1220,156.049,278.175
70,1230,157.253,280.346
70,1240,158.456,282.515
70,1250,159.658,284.681
70,1260,160.861,286.844
70,1270,162.062,289.007
70,1280,163.262,291.17
70,1290,164.462,293.333
70,1300,165.661,295.494
70,1310,166.86,297.653
70,1320,168.058,299.81
70,1330,169.255,301.967
70,1340,170.452,304.124
70,1350,171.649,306.28
70,1360,172.846,308.434
70,1370,174.042,310.586
70,1380,175.236,312.738
70,1390,176.427,314.888
70,1400,177.613,317.039
70,1410,178.794,319.188
70,1420,179.974,321.337
70,1430,181.153,323.485
70,1440,182.331,325.632
70,1450,183.507,327.779
70,1460,184.683,329.926
70,1470,185.857,332.072
70,1480,187.031,334.211
70,1490,188.204,336.343
70,1500,189.376,338.465
70,1510,190.548,340.586
70,1520,191.718,342.702
70,1530,192.888,344.815
70,1540,194.057,346.924
70,1550,195.225,349.031
70,1560,196.392,351.137
70,1570,197.558,353.241
70,1580,198.723,355.345
70,1590,199.886,357.45
70,1600,201.049,359.554
70,1610,202.211,361.655
70,1620,203.371,363.755
70,1630,204.529,365.854
70,1640,205.685,367.954
70,1650,206.84,370.051
70,1660,207.994,372.143
70,1670,209.148,374.232
70,1680,210.301,376.317
70,1690,211.452,378.4
70,1700,212.604,380.48
70,1710,213.754,382.559
70,1720,214.903,384.637
70,1730,216.052,386.715
70,1740,217.2,388.792
70,1750,218.347,390.867
70,1760,219.495,392.94
70,1770,220.641,395.01
70,1780,221.787,397.077
70,1790,222.933,399.142
70,1800,224.07,401.206
70,1810,225.199,403.27
70,1820,226.328,405.334
70,1830,227.455,407.397
70,1840,228.582,409.46
70,1850,229.707,411.523
70,1860,230.832,413.585
70,1870,231.956,415.631
70,1880,233.079,417.663
70,1890,234.202,419.696
70,1900,235.324,421.726
70,1910,236.446,423.754
70,1920,237.567,425.778
70,1930,238.687,427.802
70,1940,239.807,429.823
70,1950,240.925,431.844
70,1960,242.041,433.865
70,1970,243.154,435.885
70,1980,244.262,437.906
70,1990,245.368,439.925
70,2000,246.472,441.944
80,0,11.401,19.83
80,2,11.405,19.836
80,4,11.415,19.854
80,6,11.433,19.884
80,8,11.457,19.926
80,10,11.488,19.981
80,12,11.526,20.046
80,14,11.57,20.124
80,16,11.621,20.213
80,18,11.679,20.314
80,20,11.743,20.426
80,22,11.813,20.548
80,24,11.89,20.682
80,26,11.972,20.826
80,28,12.061,20.981
80,30,12.155,21.146
80,32,12.255,21.32
80,34,12.361,21.505
80,36,12.472,21.698
80,38,12.588,21.901
80,40,12.709,22.113
80,42,12.835,22.333
80,44,12.966,22.562
80,46,13.101,22.798
80,48,13.241,23.043
80,50,13.385,23.295
80,55,13.763,23.956
80,60,14.165,24.659
80,65,14.588,25.4
80,70,15.031,26.175
80,75,15.492,26.981
80,80,15.968,27.816
80,85,16.459,28.676
80,90,16.963,29.559
80,95,17.478,30.463
80,100,18.004,31.386
80,105,18.54,32.326
80,110,19.084,33.281
80,115,19.635,34.25
80,120,20.194,35.232
80,125,20.758,36.225
80,130,21.329,37.228
80,135,21.904,38.241
80,140,22.484,39.262
80,145,23.068,40.29
80,150,23.656,41.326
80,155,24.247,42.368
80,160,24.841,43.415
80,165,25.438,44.468
80,170,26.038,45.526
80,175,26.64,46.588
80,180,27.244,47.654
80,185,27.849,48.723
80,190,28.457,49.796
80,195,29.066,50.872
80,200,29.676,51.951
80,210,30.901,54.117
80,220,32.13,56.291
80,230,33.363,58.473
80,240,34.599,60.661
80,250,35.838,62.855
80,260,37.079,65.054
80,270,38.321,67.257
80,280,39.565,69.463
80,290,40.811,71.673
80,300,42.058,73.885
80,310,43.305,76.1
80,320,44.554,78.317
80,330,45.803,80.535
80,340,47.053,82.756
80,350,48.303,84.978
80,360,49.553,87.201
80,370,50.804,89.425
80,380,52.056,91.65
80,390,53.307,93.877
80,400,54.559,96.104
80,410,55.81,98.332
80,420,57.062,100.56
80,430,58.313,102.789
80,440,59.565,105.019
80,450,60.817,107.249
80,460,62.068,109.48
80,470,63.319,111.711
80,480,64.57,113.942
80,490,65.82,116.174
80,500,67.07,118.406
80,510,68.321,120.638
80,520,69.571,122.87
80,530,70.82,125.103
80,540,72.07,127.336
80,550,73.319,129.569
80,560,74.568,131.802
80,570,75.816,134.035
80,580,77.064,136.269
80,590,78.312,138.502
80,600,79.559,140.736
80,610,80.806,142.97
80,620,82.053,145.203
80,630,83.299,147.437
80,640,84.545,149.671
80,650,85.791,151.905
80,660,87.036,154.139
80,670,88.281,156.373
80,680,89.525,158.607
80,690,90.769,160.839
80,700,92.012,163.07
80,710,93.255,165.299
80,720,94.498,167.527
80,730,95.74,169.755
80,740,96.982,171.983
80,750,98.223,174.211
80,760,99.464,176.438
80,770,100.704,178.665
80,780,101.944,180.891
80,790,103.184,183.116
80,800,104.423,185.339
80,810,105.661,187.562
80,820,106.899,189.785
80,830,108.137,192.006
80,840,109.375,194.225
80,850,110.612,196.443
80,860,111.849,198.661
80,870,113.086,200.878
80,880,114.322,203.095
80,890,115.557,205.311
80,900,116.792,207.526
80,910,118.025,209.74
80,920,119.256,211.953
80,930,120.487,214.166
80,940,121.716,216.379
80,950,122.943,218.591
80,960,124.17,220.803
80,970,125.395,223.016
80,980,126.617,225.227
80,990,127.838,227.433
80,1000,129.058,229.639
80,1010,130.278,231.842
80,1020,131.496,234.042
80,1030,132.714,236.241
80,1040,133.93,238.437
80,1050,135.146,240.63
80,1060,136.361,242.817
80,1070,137.575,245.0
80,1080,138.788,247.183
80,1090,140.001,249.366
80,1100,141.213,251.549
80,1110,142.424,253.73
80,1120,143.634,255.909
80,1130,144.842,258.086
80,1140,146.05,260.262
80,1150,147.257,262.435
80,1160,148.464,264.609
80,1170,149.669,266.78
80,1180,150.875,268.95
80,1190,152.079,271.121
80,1200,153.283,273.29
80,1210,154.486,275.455
80,1220,155.688,277.619
80,1230,156.89,279.782
80,1240,158.091,281.945
80,1250,159.291,284.108
80,1260,160.491,286.269
80,1270,161.69,288.429
80,1280,162.888,290.586
80,1290,164.086,292.744
80,1300,165.283,294.9
80,1310,166.481,297.056
80,1320,167.677,299.211
80,1330,168.874,301.364
80,1340,170.07,303.516
80,1350,171.264,305.667
80,1360,172.454,307.817
80,1370,173.64,309.968
80,1380,174.822,312.116
80,1390,176.002,314.264
80,1400,177.181,316.412
80,1410,178.359,318.559
80,1420,179.536,320.706
80,1430,180.712,322.853
80,1440,181.887,324.998
80,1450,183.061,327.134
80,1460,184.234,329.264
80,1470,185.407,331.386
80,1480,186.578,333.507
80,1490,187.749,335.623
80,1500,188.919,337.737
80,1510,190.089,339.846
80,1520,191.257,341.953
80,1530,192.424,344.06
80,1540,193.591,346.164
80,1550,194.756,348.268
80,1560,195.92,350.372
80,1570,197.084,352.476
80,1580,198.246,354.578
80,1590,199.407,356.678
80,1600,200.566,358.778
80,1610,201.723,360.877
80,1620,202.878,362.975
80,1630,204.034,365.069
80,1640,205.188,367.158
80,1650,206.341,369.245
80,1660,207.493,371.329
80,1670,208.645,373.41
80,1680,209.796,375.489
80,1690,210.946,377.567
80,1700,212.095,379.645
80,1710,213.243,381.723
80,1720,214.391,383.8
80,1730,215.538,385.873
80,1740,216.686,387.945
80,1750,217.832,390.014
80,1760,218.978,392.079
80,1770,220.124,394.144
80,1780,221.258,396.208
80,1790,222.387,398.272
80,1800,223.515,400.336
80,1810,224.643,402.399
80,1820,225.769,404.462
80,1830,226.895,406.524
80,1840,228.02,408.586
80,1850,229.144,410.623
80,1860,230.266,412.655
80,1870,231.389,414.688
80,1880,232.511,416.718
80,1890,233.633,418.745
80,1900,234.754,420.769
80,1910,235.875,422.792
80,1920,236.994,424.813
80,1930,238.112,426.835
80,1940,239.228,428.855
80,1950,240.341,430.875
80,1960,241.45,432.896
80,1970,242.557,434.915
80,1980,243.661,436.933
80,1990,244.762,438.95
80,2000,245.862,440.967
90,0,12.666,22.089
90,2,12.669,22.094
90,4,12.679,22.11
90,6,12.694,22.137
90,8,12.715,22.174
90,10,12.742,22.222
90,12,12.775,22.28
90,14,12.814,22.348
90,16,12.859,22.427
90,18,12.91,22.516
90,20,12.967,22.614
90,22,13.029,22.723
90,24,13.096,22.842
90,26,13.169,22.97
90,28,13.248,23.107
90,30,13.332,23.254
90,32,13.421,23.41
90,34,13.515,23.574
90,36,13.614,23.748
90,38,13.717,23.929
90,40,13.826,24.119
90,42,13.939,24.318
90,44,14.057,24.524
90,46,14.179,24.737
90,48,14.305,24.958
90,50,14.435,25.187
90,55,14.778,25.788
90,60,15.144,26.43
90,65,15.532,27.11
90,70,15.94,27.825
90,75,16.365,28.572
90,80,16.807,29.348
90,85,17.265,30.152
90,90,17.736,30.979
90,95,18.22,31.83
90,100,18.716,32.701
90,105,19.222,33.591
90,110,19.737,34.498
90,115,20.262,35.421
90,120,20.795,36.359
90,125,21.334,37.309
90,130,21.881,38.272
90,135,22.433,39.246
90,140,22.992,40.229
90,145,23.555,41.223
90,150,24.123,42.224
90,155,24.695,43.234
90,160,25.271,44.25
90,165,25.85,45.274
90,170,26.433,46.303
90,175,27.019,47.338
90,180,27.608,48.378
90,185,28.199,49.423
90,190,28.792,50.473
90,195,29.388,51.526
90,200,29.986,52.583
90,210,31.186,54.708
90,220,32.393,56.845
90,230,33.606,58.993
90,240,34.822,61.149
90,250,36.043,63.313
90,260,37.267,65.485
90,270,38.495,67.662
90,280,39.724,69.844
90,290,40.956,72.032
90,300,42.19,74.223
90,310,43.425,76.418
90,320,44.662,78.617
90,330,45.901,80.818
90,340,47.14,83.022
90,350,48.38,85.228
90,360,49.621,87.436
90,370,50.863,89.646
90,380,52.105,91.858
90,390,53.348,94.071
90,400,54.591,96.286
90,410,55.835,98.502
90,420,57.079,100.719
90,430,58.323,102.937
90,440,59.567,105.155
90,450,60.812,107.375
90,460,62.056,109.595
90,470,63.301,111.816
90,480,64.545,114.038
90,490,65.79,116.26
90,500,67.035,118.482
90,510,68.279,120.705
90,520,69.523,122.928
90,530,70.767,125.152
90,540,72.011,127.375
90,550,73.255,129.599
90,560,74.499,131.823
90,570,75.742,134.047
90,580,76.985,136.271
90,590,78.229,138.495
90,600,79.472,140.718
90,610,80.714,142.941
90,620,81.956,145.165
90,630,83.198,147.388
90,640,84.439,149.611
90,650,85.681,151.834
90,660,86.922,154.058
90,670,88.162,156.28
90,680,89.402,158.503
90,690,90.642,160.725
90,700,91.882,162.946
90,710,93.121,165.167
90,720,94.36,167.386
90,730,95.598,169.605
90,740,96.836,171.823
90,750,98.074,174.042
90,760,99.311,176.259
90,770,100.549,178.476
90,780,101.786,180.693
90,790,103.023,182.91
90,800,104.26,185.125
90,810,105.496,187.34
90,820,106.731,189.554
90,830,107.965,191.767
90,840,109.199,193.98
90,850,110.431,196.193
90,860,111.662,198.406
90,870,112.893,200.618
90,880,114.122,202.83
90,890,115.35,205.043
90,900,116.577,207.255
90,910,117.803,209.462
90,920,119.028,211.668
90,930,120.25,213.874
90,940,121.472,216.078
90,950,122.692,218.28
90,960,123.912,220.479
90,970,125.131,222.678
90,980,126.348,224.875
90,990,127.565,227.068
90,1000,128.782,229.26
90,1010,129.997,231.446
90,1020,131.212,233.629
90,1030,132.426,235.812
90,1040,133.639,237.995
90,1050,134.851,240.178
90,1060,136.063,242.359
90,1070,137.274,244.539
90,1080,138.484,246.716
90,1090,139.693,248.893
90,1100,140.9,251.067
90,1110,142.108,253.241
90,1120,143.314,255.413
90,1130,144.52,257.584
90,1140,145.726,259.754
90,1150,146.93,261.925
90,1160,148.134,264.092
90,1170,149.337,266.258
90,1180,150.54,268.422
90,1190,151.742,270.585
90,1200,152.943,272.747
90,1210,154.144,274.91
90,1220,155.344,277.072
90,1230,156.543,279.231
90,1240,157.742,281.389
90,1250,158.94,283.547
90,1260,160.137,285.703
90,1270,161.335,287.859
90,1280,162.532,290.014
90,1290,163.728,292.168
90,1300,164.925,294.32
90,1310,166.12,296.471
90,1320,167.313,298.621
90,1330,168.502,300.772
90,1340,169.689,302.921
90,1350,170.87,305.069
90,1360,172.05,307.217
90,1370,173.229,309.364
90,1380,174.408,311.511
90,1390,175.585,313.658
90,1400,176.761,315.804
90,1410,177.936,317.945
90,1420,179.11,320.08
90,1430,180.283,322.207
90,1440,181.456,324.328
90,1450,182.628,326.449
90,1460,183.799,328.564
90,1470,184.969,330.678
90,1480,186.139,332.787
90,1490,187.307,334.895
90,1500,188.475,337.002
90,1510,189.642,339.106
90,1520,190.807,341.21
90,1530,191.972,343.314
90,1540,193.136,345.418
90,1550,194.298,347.521
90,1560,195.46,349.621
90,1570,196.621,351.721
90,1580,197.778,353.82
90,1590,198.934,355.919
90,1600,200.09,358.013
90,1610,201.244,360.104
90,1620,202.398,362.192
90,1630,203.551,364.276
90,1640,204.703,366.358
90,1650,205.854,368.438
90,1660,207.004,370.516
90,1670,208.154,372.594
90,1680,209.303,374.672
90,1690,210.451,376.75
90,1700,211.599,378.824
90,1710,212.746,380.897
90,1720,213.893,382.967
90,1730,215.039,385.034
90,1740,216.185,387.099
90,1750,217.331,389.163
90,1760,218.461,391.227
90,1770,219.59,393.291
90,1780,220.718,395.354
90,1790,221.845,397.418
90,1800,222.972,399.48
90,1810,224.097,401.543
90,1820,225.222,403.598
90,1830,226.346,405.63
90,1840,227.469,407.663
90,1850,228.591,409.695
90,1860,229.714,411.724
90,1870,230.835,413.75
90,1880,231.956,415.774
90,1890,233.077,417.797
90,1900,234.196,419.818
90,1910,235.314,421.84
90,1920,236.43,423.86
90,1930,237.543,425.88
90,1940,238.652,427.9
90,1950,239.759,429.92
90,1960,240.863,431.938
90,1970,241.965,433.955
90,1980,243.065,435.971
90,1990,244.163,437.979
90,2000,245.258,439.979
100,0,13.927,24.341
100,2,13.929,24.346
100,4,13.937,24.36
100,6,13.951,24.384
100,8,13.97,24.417
100,10,13.994,24.46
100,12,14.024,24.512
100,14,14.058,24.573
100,16,14.098,24.643
100,18,14.144,24.723
100,20,14.194,24.811
100,22,14.25,24.908
100,24,14.31,25.015
100,26,14.376,25.13
100,28,14.446,25.253
100,30,14.521,25.385
100,32,14.601,25.526
100,34,14.686,25.674
100,36,14.775,25.831
100,38,14.869,25.995
100,40,14.967,26.167
100,42,15.069,26.347
100,44,15.176,26.534
100,46,15.287,26.728
100,48,15.401,26.93
100,50,15.52,27.138
100,55,15.833,27.688
100,60,16.169,28.278
100,65,16.525,28.905
100,70,16.902,29.566
100,75,17.296,30.259
100,80,17.707,30.983
100,85,18.134,31.733
100,90,18.575,32.51
100,95,19.03,33.31
100,100,19.497,34.132
100,105,19.976,34.975
100,110,20.464,35.836
100,115,20.963,36.714
100,120,21.47,37.608
100,125,21.986,38.517
100,130,22.509,39.44
100,135,23.039,40.374
100,140,23.575,41.321
100,145,24.117,42.278
100,150,24.665,43.245
100,155,25.218,44.221
100,160,25.775,45.206
100,165,26.337,46.199
100,170,26.902,47.199
100,175,27.472,48.205
100,180,28.044,49.218
100,185,28.62,50.237
100,190,29.199,51.261
100,195,29.78,52.29
100,200,30.364,53.324
100,210,31.539,55.404
100,220,32.722,57.5
100,230,33.912,59.609
100,240,35.108,61.73
100,250,36.309,63.861
100,260,37.515,66.001
100,270,38.725,68.149
100,280,39.939,70.305
100,290,41.155,72.466
100,300,42.375,74.633
100,310,43.597,76.805
100,320,44.821,78.982
100,330,46.047,81.162
100,340,47.275,83.347
100,350,48.504,85.534
100,360,49.734,87.724
100,370,50.966,89.917
100,380,52.198,92.113
100,390,53.432,94.31
100,400,54.666,96.509
100,410,55.901,98.71
100,420,57.137,100.913
100,430,58.373,103.117
100,440,59.609,105.323
100,450,60.846,107.529
100,460,62.084,109.737
100,470,63.321,111.946
100,480,64.559,114.155
100,490,65.797,116.365
100,500,67.035,118.576
100,510,68.273,120.788
100,520,69.511,122.999
100,530,70.749,125.212
100,540,71.988,127.425
100,550,73.226,129.638
100,560,74.464,131.851
100,570,75.702,134.065
100,580,76.94,136.279
100,590,78.177,138.492
100,600,79.415,140.706
100,610,80.653,142.92
100,620,81.89,145.134
100,630,83.128,147.347
100,640,84.365,149.561
100,650,85.602,151.774
100,660,86.839,153.987
100,670,88.076,156.2
100,680,89.313,158.414
100,690,90.549,160.627
100,700,91.784,162.839
100,710,93.02,165.052
100,720,94.254,167.264
100,730,95.489,169.476
100,740,96.723,171.689
100,750,97.956,173.901
100,760,99.189,176.113
100,770,100.421,178.326
100,780,101.652,180.536
100,790,102.883,182.745
100,800,104.113,184.953
100,810,105.342,187.161
100,820,106.57,189.367
100,830,107.798,191.573
100,840,109.024,193.779
100,850,110.25,195.983
100,860,111.475,198.186
100,870,112.697,200.387
100,880,113.918,202.586
100,890,115.14,204.786
100,900,116.359,206.984
100,910,117.579,209.181
100,920,118.797,211.374
100,930,120.015,213.567
100,940,121.232,215.758
100,950,122.448,217.944
100,960,123.664,220.128
100,970,124.879,222.311
100,980,126.093,224.494
100,990,127.306,226.677
100,1000,128.519,228.859
100,1010,129.731,231.04
100,1020,130.942,233.219
100,1030,132.153,235.395
100,1040,133.362,237.572
100,1050,134.571,239.746
100,1060,135.778,241.92
100,1070,136.985,244.093
100,1080,138.192,246.263
100,1090,139.398,248.434
100,1100,140.603,250.604
100,1110,141.807,252.774
100,1120,143.011,254.939
100,1130,144.214,257.104
100,1140,145.417,259.267
100,1150,146.619,261.43
100,1160,147.82,263.593
100,1170,149.021,265.756
100,1180,150.221,267.916
100,1190,151.421,270.075
100,1200,152.62,272.233
100,1210,153.818,274.39
100,1220,155.015,276.546
100,1230,156.213,278.703
100,1240,157.41,280.858
100,1250,158.607,283.011
100,1260,159.803,285.163
100,1270,160.999,287.314
100,1280,162.193,289.464
100,1290,163.384,291.615
100,1300,164.573,293.764
100,1310,165.758,295.912
100,1320,166.939,298.06
100,1330,168.119,300.208
100,1340,169.298,302.355
100,1350,170.476,304.501
100,1360,171.653,306.648
100,1370,172.829,308.792
100,1380,174.004,310.927
100,1390,175.179,313.058
100,1400,176.352,315.182
100,1410,177.525,317.304
100,1420,178.696,319.424
100,1430,179.868,321.538
100,1440,181.038,323.652
100,1450,182.208,325.76
100,1460,183.377,327.868
100,1470,184.544,329.974
100,1480,185.711,332.078
100,1490,186.877,334.183
100,1500,188.042,336.287
100,1510,189.206,338.391
100,1520,190.369,340.493
100,1530,191.531,342.594
100,1540,192.692,344.693
100,1550,193.85,346.792
100,1560,195.007,348.891
100,1570,196.163,350.987
100,1580,197.318,353.078
100,1590,198.472,355.165
100,1600,199.625,357.251
100,1610,200.777,359.333
100,1620,201.929,361.414
100,1630,203.08,363.492
100,1640,204.23,365.57
100,1650,205.379,367.648
100,1660,206.528,369.726
100,1670,207.675,371.802
100,1680,208.823,373.875
100,1690,209.97,375.946
100,1700,211.117,378.014
100,1710,212.263,380.08
100,1720,213.409,382.144
100,1730,214.549,384.208
100,1740,215.679,386.272
100,1750,216.808,388.336
100,1760,217.936,390.399
100,1770,219.063,392.462
100,1780,220.189,394.524
100,1790,221.315,396.586
100,1800,222.439,398.629
100,1810,223.563,400.662
100,1820,224.686,402.694
100,1830,225.808,404.726
100,1840,226.93,406.754
100,1850,228.052,408.779
100,1860,229.173,410.803
100,1870,230.293,412.825
100,1880,231.413,414.847
100,1890,232.53,416.868
100,1900,233.646,418.888
100,1910,234.759,420.908
100,1920,235.868,422.928
100,1930,236.974,424.948
100,1940,238.079,426.965
100,1950,239.181,428.982
100,1960,240.281,430.998
100,1970,241.379,433.003
100,1980,242.475,435.003
100,1990,243.569,437.001
100,2000,244.661,438.997
110,0,15.183,26.588
110,2,15.185,26.592
110,4,15.192,26.605
110,6,15.204,26.626
110,8,15.221,26.656
110,10,15.243,26.695
110,12,15.27,26.741
110,14,15.301,26.796
110,16,15.337,26.86
110,18,15.378,26.932
110,20,15.424,27.012
110,22,15.474,27.1
110,24,15.529,27.196
110,26,15.588,27.301
110,28,15.652,27.413
110,30,15.72,27.532
110,32,15.792,27.66
110,34,15.869,27.795
110,36,15.95,27.938
110,38,16.036,28.088
110,40,16.125,28.245
110,42,16.218,28.409
110,44,16.315,28.58
110,46,16.417,28.758
110,48,16.522,28.942
110,50,16.63,29.134
110,55,16.918,29.639
110,60,17.227,30.183
110,65,17.556,30.763
110,70,17.905,31.377
110,75,18.272,32.022
110,80,18.655,32.698
110,85,19.054,33.401
110,90,19.468,34.13
110,95,19.896,34.884
110,100,20.336,35.66
110,105,20.789,36.458
110,110,21.252,37.275
110,115,21.725,38.11
110,120,22.209,38.963
110,125,22.701,39.831
110,130,23.201,40.714
110,135,23.709,41.611
110,140,24.224,42.521
110,145,24.745,43.442
110,150,25.273,44.375
110,155,25.806,45.317
110,160,26.345,46.27
110,165,26.888,47.231
110,170,27.436,48.201
110,175,27.989,49.178
110,180,28.545,50.163
110,185,29.105,51.154
110,190,29.669,52.152
110,195,30.236,53.156
110,200,30.805,54.165
110,210,31.953,56.199
110,220,33.111,58.252
110,230,34.277,60.32
110,240,35.451,62.403
110,250,36.632,64.498
110,260,37.818,66.604
110,270,39.01,68.721
110,280,40.206,70.846
110,290,41.406,72.979
110,300,42.61,75.12
110,310,43.818,77.266
110,320,45.028,79.419
110,330,46.241,81.576
110,340,47.456,83.739
110,350,48.673,85.905
110,360,49.892,88.076
110,370,51.112,90.25
110,380,52.334,92.427
110,390,53.558,94.606
110,400,54.782,96.789
110,410,56.008,98.974
110,420,57.234,101.161
110,430,58.462,103.35
110,440,59.69,105.54
110,450,60.919,107.733
110,460,62.148,109.926
110,470,63.378,112.122
110,480,64.609,114.318
110,490,65.839,116.515
110,500,67.071,118.714
110,510,68.302,120.913
110,520,69.534,123.113
110,530,70.765,125.314
110,540,71.997,127.516
110,550,73.229,129.718
110,560,74.461,131.92
110,570,75.694,134.124
110,580,76.926,136.327
110,590,78.158,138.531
110,600,79.39,140.734
110,610,80.622,142.939
110,620,81.854,145.143
110,630,83.085,147.347
110,640,84.316,149.552
110,650,85.547,151.756
110,660,86.778,153.96
110,670,88.009,156.164
110,680,89.239,158.368
110,690,90.469,160.571
110,700,91.698,162.773
110,710,92.927,164.976
110,720,94.155,167.178
110,730,95.383,169.381
110,740,96.61,171.583
110,750,97.837,173.783
110,760,99.063,175.983
110,770,100.289,178.182
110,780,101.514,180.382
110,790,102.737,182.581
110,800,103.959,184.778
110,810,105.181,186.976
110,820,106.402,189.172
110,830,107.623,191.365
110,840,108.842,193.558
110,850,110.062,195.752
110,860,111.28,197.943
110,870,112.498,200.131
110,880,113.715,202.317
110,890,114.931,204.501
110,900,116.147,206.684
110,910,117.362,208.867
110,920,118.577,211.05
110,930,119.791,213.234
110,940,121.004,215.415
110,950,122.216,217.596
110,960,123.428,219.774
110,970,124.64,221.951
110,980,125.85,224.128
110,990,127.06,226.303
110,1000,128.268,228.476
110,1010,129.476,230.649
110,1020,130.683,232.821
110,1030,131.89,234.992
110,1040,133.096,237.162
110,1050,134.301,239.333
110,1060,135.506,241.501
110,1070,136.71,243.667
110,1080,137.914,245.832
110,1090,139.117,247.995
110,1100,140.32,250.158
110,1110,141.522,252.32
110,1120,142.723,254.483
110,1130,143.923,256.644
110,1140,145.123,258.804
110,1150,146.322,260.962
110,1160,147.521,263.119
110,1170,148.719,265.276
110,1180,149.917,267.432
110,1190,151.114,269.588
110,1200,152.312,271.742
110,1210,153.508,273.895
110,1220,154.705,276.046
110,1230,155.901,278.197
110,1240,157.095,280.348
110,1250,158.287,282.498
110,1260,159.477,284.647
110,1270,160.664,286.795
110,1280,161.847,288.943
110,1290,163.027,291.09
110,1300,164.207,293.237
110,1310,165.386,295.383
110,1320,166.564,297.53
110,1330,167.741,299.673
110,1340,168.917,301.809
110,1350,170.091,303.943
110,1360,171.266,306.07
110,1370,172.439,308.191
110,1380,173.612,310.312
110,1390,174.784,312.429
110,1400,175.955,314.543
110,1410,177.125,316.656
110,1420,178.295,318.764
110,1430,179.464,320.871
110,1440,180.632,322.977
110,1450,181.799,325.081
110,1460,182.965,327.185
110,1470,184.13,329.289
110,1480,185.294,331.393
110,1490,186.457,333.496
110,1500,187.619,335.596
110,1510,188.78,337.695
110,1520,189.939,339.794
110,1530,191.096,341.893
110,1540,192.252,343.988
110,1550,193.407,346.079
110,1560,194.562,348.167
110,1570,195.715,350.253
110,1580,196.868,352.336
110,1590,198.02,354.416
110,1600,199.171,356.495
110,1610,200.321,358.573
110,1620,201.471,360.651
110,1630,202.62,362.729
110,1640,203.768,364.805
110,1650,204.915,366.879
110,1660,206.063,368.951
110,1670,207.21,371.02
110,1680,208.356,373.086
110,1690,209.502,375.151
110,1700,210.648,377.215
110,1710,211.782,379.279
110,1720,212.912,381.343
110,1730,214.04,383.406
110,1740,215.168,385.469
110,1750,216.295,387.532
110,1760,217.421,389.594
110,1770,218.546,391.651
110,1780,219.67,393.683
110,1790,220.794,395.716
110,1800,221.916,397.749
110,1810,223.039,399.779
110,1820,224.161,401.807
110,1830,225.282,403.83
110,1840,226.403,405.854
110,1850,227.523,407.876
110,1860,228.643,409.897
110,1870,229.76,411.918
110,1880,230.875,413.938
110,1890,231.988,415.958
110,1900,233.097,417.978
110,1910,234.203,419.997
110,1920,235.307,422.014
110,1930,236.409,424.031
110,1940,237.509,426.047
110,1950,238.607,428.049
110,1960,239.703,430.049
110,1970,240.797,432.046
110,1980,241.89,434.042
110,1990,242.981,436.03
110,2000,244.07,438.013
120,0,16.434,28.827
120,2,16.436,28.831
120,4,16.443,28.842
120,6,16.454,28.862
120,8,16.469,28.889
120,10,16.489,28.924
120,12,16.513,28.967
120,14,16.542,29.017
120,16,16.575,29.075
120,18,16.612,29.14
120,20,16.653,29.213
120,22,16.699,29.294
120,24,16.749,29.382
120,26,16.803,29.477
120,28,16.861,29.579
120,30,16.923,29.689
120,32,16.99,29.806
120,34,17.06,29.929
120,36,17.134,30.06
120,38,17.212,30.198
120,40,17.294,30.342
120,42,17.38,30.493
120,44,17.469,30.65
120,46,17.562,30.814
120,48,17.659,30.984
120,50,17.759,31.161
120,55,18.024,31.628
120,60,18.31,32.132
120,65,18.616,32.67
120,70,18.94,33.242
120,75,19.282,33.844
120,80,19.64,34.476
120,85,20.014,35.136
120,90,20.403,35.822
120,95,20.806,36.533
120,100,21.221,37.267
120,105,21.649,38.022
120,110,22.089,38.798
120,115,22.539,39.592
120,120,22.999,40.405
120,125,23.468,41.234
120,130,23.946,42.079
120,135,24.433,42.939
120,140,24.927,43.813
120,145,25.428,44.699
120,150,25.936,45.597
120,155,26.45,46.507
120,160,26.97,47.427
120,165,27.496,48.357
120,170,28.026,49.296
120,175,28.562,50.244
120,180,29.102,51.2
120,185,29.646,52.164
120,190,30.194,53.135
120,195,30.745,54.113
120,200,31.301,55.097
120,210,32.421,57.082
120,220,33.552,59.089
120,230,34.694,61.115
120,240,35.845,63.157
120,250,37.003,65.215
120,260,38.169,67.285
120,270,39.341,69.368
120,280,40.519,71.461
120,290,41.702,73.564
120,300,42.889,75.675
120,310,44.081,77.795
120,320,45.276,79.921
120,330,46.474,82.054
120,340,47.675,84.192
120,350,48.879,86.336
120,360,50.086,88.484
120,370,51.294,90.637
120,380,52.505,92.794
120,390,53.717,94.955
120,400,54.931,97.118
120,410,56.146,99.285
120,420,57.362,101.455
120,430,58.58,103.627
120,440,59.799,105.801
120,450,61.019,107.978
120,460,62.239,110.156
120,470,63.46,112.336
120,480,64.682,114.518
120,490,65.905,116.701
120,500,67.128,118.886
120,510,68.351,121.071
120,520,69.575,123.258
120,530,70.799,125.446
120,540,72.024,127.634
120,550,73.248,129.824
120,560,74.473,132.014
120,570,75.698,134.205
120,580,76.923,136.396
120,590,78.148,138.587
120,600,79.373,140.779
120,610,80.598,142.972
120,620,81.823,145.164
120,630,83.048,147.357
120,640,84.272,149.55
120,650,85.496,151.743
120,660,86.72,153.936
120,670,87.944,156.129
120,680,89.167,158.322
120,690,90.389,160.514
120,700,91.611,162.707
120,710,92.833,164.898
120,720,94.054,167.089
120,730,95.276,169.28
120,740,96.496,171.469
120,750,97.716,173.658
120,760,98.935,175.846
120,770,100.154,178.033
120,780,101.373,180.22
120,790,102.59,182.405
120,800,103.808,184.589
120,810,105.025,186.772
120,820,106.241,188.955
120,830,107.457,191.138
120,840,108.672,193.322
120,850,109.887,195.504
120,860,111.101,197.685
120,870,112.314,199.866
120,880,113.527,202.046
120,890,114.739,204.223
120,900,115.951,206.399
120,910,117.163,208.576
120,920,118.374,210.752
120,930,119.583,212.925
120,940,120.792,215.098
120,950,122.0,217.271
120,960,123.207,219.442
120,970,124.414,221.612
120,980,125.621,223.783
120,990,126.827,225.953
120,1000,128.032,228.121
120,1010,129.237,230.287
120,1020,130.441,232.453
120,1030,131.645,234.616
120,1040,132.848,236.779
120,1050,134.051,238.942
120,1060,135.253,241.104
120,1070,136.454,243.267
120,1080,137.655,245.427
120,1090,138.855,247.586
120,1100,140.054,249.743
120,1110,141.253,251.901
120,1120,142.452,254.057
120,1130,143.65,256.214
120,1140,144.847,258.37
120,1150,146.045,260.523
120,1160,147.242,262.676
120,1170,148.438,264.828
120,1180,149.635,266.979
120,1190,150.83,269.129
120,1200,152.024,271.28
120,1210,153.216,273.429
120,1220,154.406,275.577
120,1230,155.593,277.725
120,1240,156.778,279.873
120,1250,157.959,282.02
120,1260,159.139,284.166
120,1270,160.318,286.313
120,1280,161.497,288.459
120,1290,162.674,290.599
120,1300,163.851,292.735
120,1310,165.026,294.868
120,1320,166.201,296.995
120,1330,167.375,299.117
120,1340,168.548,301.238
120,1350,169.72,303.358
120,1360,170.892,305.472
120,1370,172.063,307.586
120,1380,173.233,309.696
120,1390,174.403,311.803
120,1400,175.572,313.911
120,1410,176.739,316.015
120,1420,177.906,318.119
120,1430,179.072,320.224
120,1440,180.237,322.328
120,1450,181.401,324.432
120,1460,182.564,326.533
120,1470,183.726,328.633
120,1480,184.888,330.732
120,1490,186.047,332.831
120,1500,187.204,334.929
120,1510,188.36,337.024
120,1520,189.516,339.114
120,1530,190.67,341.202
120,1540,191.824,343.287
120,1550,192.977,345.37
120,1560,194.129,347.451
120,1570,195.281,349.53
120,1580,196.431,351.608
120,1590,197.581,353.686
120,1600,198.73,355.764
120,1610,199.878,357.84
120,1620,201.026,359.914
120,1630,202.173,361.987
120,1640,203.321,364.055
120,1650,204.467,366.122
120,1660,205.613,368.188
120,1670,206.759,370.252
120,1680,207.901,372.316
120,1690,209.031,374.38
120,1700,210.16,376.443
120,1710,211.288,378.506
120,1720,212.415,380.569
120,1730,213.542,382.631
120,1740,214.668,384.693
120,1750,215.793,386.732
120,1760,216.917,388.765
120,1770,218.04,390.797
120,1780,219.163,392.829
120,1790,220.285,394.858
120,1800,221.407,396.884
120,1810,222.528,398.908
120,1820,223.649,400.931
120,1830,224.769,402.952
120,1840,225.888,404.974
120,1850,227.005,406.994
120,1860,228.119,409.014
120,1870,229.232,411.034
120,1880,230.34,413.054
120,1890,231.446,415.072
120,1900,232.55,417.089
120,1910,233.652,419.106
120,1920,234.752,421.118
120,1930,235.85,423.119
120,1940,236.946,425.119
120,1950,238.04,427.115
120,1960,239.132,429.11
120,1970,240.223,431.097
120,1980,241.313,433.08
120,1990,242.401,435.057
120,2000,243.487,437.035
130,0,17.679,31.057
130,2,17.681,31.061
130,4,17.687,31.071
130,6,17.698,31.089
130,8,17.712,31.114
130,10,17.73,31.146
130,12,17.752,31.185
130,14,17.778,31.231
130,16,17.808,31.285
130,18,17.842,31.345
130,20,17.88,31.412
130,22,17.922,31.486
130,24,17.968,31.566
130,26,18.018,31.654
130,28,18.071,31.748
130,30,18.129,31.849
130,32,18.19,31.957
130,34,18.254,32.071
130,36,18.323,32.191
130,38,18.395,32.318
130,40,18.47,32.452
130,42,18.549,32.591
130,44,18.632,32.737
130,46,18.718,32.888
130,48,18.807,33.046
130,50,18.9,33.209
130,55,19.146,33.643
130,60,19.411,34.112
130,65,19.696,34.614
130,70,19.998,35.147
130,75,20.318,35.712
130,80,20.653,36.304
130,85,21.005,36.925
130,90,21.371,37.571
130,95,21.751,38.242
130,100,22.143,38.936
130,105,22.549,39.652
130,110,22.966,40.389
130,115,23.394,41.145
130,120,23.832,41.92
130,125,24.28,42.712
130,130,24.737,43.521
130,135,25.203,44.344
130,140,25.676,45.183
130,145,26.158,46.035
130,150,26.646,46.899
130,155,27.142,47.776
130,160,27.643,48.664
130,165,28.151,49.563
130,170,28.664,50.472
130,175,29.182,51.391
130,180,29.706,52.318
130,185,30.234,53.254
130,190,30.766,54.198
130,195,31.303,55.149
130,200,31.843,56.108
130,210,32.935,58.044
130,220,34.039,60.004
130,230,35.156,61.986
130,240,36.282,63.986
130,250,37.418,66.004
130,260,38.562,68.037
130,270,39.714,70.083
130,280,40.872,72.143
130,290,42.037,74.213
130,300,43.206,76.294
130,310,44.381,78.384
130,320,45.56,80.482
130,330,46.743,82.588
130,340,47.929,84.701
130,350,49.119,86.82
130,360,50.312,88.945
130,370,51.507,91.075
130,380,52.705,93.21
130,390,53.905,95.349
130,400,55.107,97.493
130,410,56.311,99.64
130,420,57.516,101.79
130,430,58.723,103.944
130,440,59.932,106.1
130,450,61.141,108.259
130,460,62.352,110.421
130,470,63.564,112.584
130,480,64.776,114.75
130,490,65.99,116.917
130,500,67.204,119.087
130,510,68.419,121.257
130,520,69.634,123.429
130,530,70.85,125.602
130,540,72.066,127.777
130,550,73.282,129.952
130,560,74.499,132.128
130,570,75.716,134.306
130,580,76.933,136.483
130,590,78.15,138.662
130,600,79.368,140.841
130,610,80.585,143.02
130,620,81.803,145.2
130,630,83.02,147.38
130,640,84.238,149.56
130,650,85.455,151.74
130,660,86.672,153.921
130,670,87.889,156.102
130,680,89.105,158.282
130,690,90.321,160.463
130,700,91.537,162.644
130,710,92.754,164.824
130,720,93.969,167.004
130,730,95.184,169.183
130,740,96.399,171.362
130,750,97.614,173.541
130,760,98.828,175.718
130,770,100.042,177.895
130,780,101.255,180.072
130,790,102.468,182.248
130,800,103.68,184.425
130,810,104.892,186.602
130,820,106.104,188.776
130,830,107.315,190.949
130,840,108.526,193.123
130,850,109.736,195.296
130,860,110.945,197.469
130,870,112.154,199.64
130,880,113.362,201.81
130,890,114.57,203.981
130,900,115.777,206.151
130,910,116.984,208.322
130,920,118.19,210.49
130,930,119.396,212.656
130,940,120.601,214.821
130,950,121.806,216.987
130,960,123.01,219.15
130,970,124.213,221.312
130,980,125.416,223.475
130,990,126.619,225.638
130,1000,127.821,227.801
130,1010,129.023,229.961
130,1020,130.224,232.121
130,1030,131.424,234.279
130,1040,132.624,236.437
130,1050,133.823,238.594
130,1060,135.022,240.751
130,1070,136.221,242.907
130,1080,137.419,245.063
130,1090,138.616,247.217
130,1100,139.813,249.37
130,1110,141.01,251.522
130,1120,142.207,253.673
130,1130,143.404,255.824
130,1140,144.599,257.974
130,1150,145.793,260.124
130,1160,146.986,262.273
130,1170,148.177,264.421
130,1180,149.365,266.569
130,1190,150.553,268.716
130,1200,151.737,270.863
130,1210,152.918,273.01
130,1220,154.098,275.156
130,1230,155.278,277.301
130,1240,156.457,279.442
130,1250,157.634,281.578
130,1260,158.811,283.713
130,1270,159.987,285.843
130,1280,161.162,287.97
130,1290,162.336,290.091
130,1300,163.51,292.212
130,1310,164.682,294.332
130,1320,165.854,296.447
130,1330,167.026,298.561
130,1340,168.197,300.672
130,1350,169.367,302.779
130,1360,170.536,304.887
130,1370,171.704,306.992
130,1380,172.872,309.097
130,1390,174.038,311.201
130,1400,175.204,313.305
130,1410,176.369,315.409
130,1420,177.533,317.511
130,1430,178.695,319.612
130,1440,179.857,321.711
130,1450,181.018,323.81
130,1460,182.178,325.91
130,1470,183.335,328.006
130,1480,184.491,330.099
130,1490,185.646,332.188
130,1500,186.801,334.276
130,1510,187.955,336.361
130,1520,189.108,338.443
130,1530,190.26,340.523
130,1540,191.411,342.602
130,1550,192.562,344.68
130,1560,193.712,346.758
130,1570,194.861,348.836
130,1580,196.009,350.912
130,1590,197.157,352.986
130,1600,198.305,355.058
130,1610,199.452,357.127
130,1620,200.599,359.194
130,1630,201.745,361.26
130,1640,202.891,363.324
130,1650,204.036,365.388
130,1660,205.168,367.452
130,1670,206.298,369.515
130,1680,207.427,371.578
130,1690,208.555,373.641
130,1700,209.682,375.703
130,1710,210.808,377.765
130,1720,211.934,379.812
130,1730,213.058,381.845
130,1740,214.182,383.878
130,1750,215.305,385.91
130,1760,216.427,387.94
130,1770,217.549,389.968
130,1780,218.671,391.992
130,1790,219.792,394.016
130,1800,220.913,396.038
130,1810,222.032,398.059
130,1820,223.151,400.081
130,1830,224.267,402.101
130,1840,225.381,404.121
130,1850,226.492,406.141
130,1860,227.6,408.16
130,1870,228.706,410.177
130,1880,229.809,412.194
130,1890,230.911,414.211
130,1900,232.011,416.218
130,1910,233.109,418.218
130,1920,234.204,420.216
130,1930,235.299,422.213
130,1940,236.391,424.207
130,1950,237.482,426.192
130,1960,238.572,428.173
130,1970,239.659,430.151
130,1980,240.746,432.128
130,1990,241.832,434.102
130,2000,242.917,436.075
140,0,18.92,33.279
140,2,18.921,33.282
140,4,18.927,33.292
140,6,18.936,33.309
140,8,18.949,33.332
140,10,18.966,33.361
140,12,18.987,33.397
140,14,19.011,33.44
140,16,19.039,33.489
140,18,19.07,33.544
140,20,19.105,33.606
140,22,19.144,33.675
140,24,19.186,33.749
140,26,19.232,33.83
140,28,19.281,33.918
140,30,19.334,34.011
140,32,19.391,34.111
140,34,19.451,34.216
140,36,19.514,34.328
140,38,19.581,34.446
140,40,19.651,34.57
140,42,19.724,34.699
140,44,19.8,34.834
140,46,19.88,34.975
140,48,19.963,35.122
140,50,20.05,35.274
140,55,20.278,35.678
140,60,20.526,36.116
140,65,20.792,36.585
140,70,21.075,37.085
140,75,21.374,37.615
140,80,21.69,38.172
140,85,22.021,38.757
140,90,22.366,39.367
140,95,22.724,40.001
140,100,23.096,40.658
140,105,23.48,41.338
140,110,23.876,42.038
140,115,24.283,42.759
140,120,24.701,43.497
140,125,25.129,44.254
140,130,25.566,45.028
140,135,26.012,45.817
140,140,26.466,46.622
140,145,26.928,47.44
140,150,27.398,48.273
140,155,27.875,49.118
140,160,28.359,49.975
140,165,28.849,50.843
140,170,29.345,51.722
140,175,29.846,52.611
140,180,30.353,53.51
140,185,30.865,54.418
140,190,31.382,55.335
140,195,31.903,56.259
140,200,32.429,57.192
140,210,33.492,59.078
140,220,34.569,60.991
140,230,35.66,62.928
140,240,36.762,64.885
140,250,37.874,66.862
140,260,38.996,68.856
140,270,40.127,70.866
140,280,41.265,72.89
140,290,42.41,74.927
140,300,43.561,76.975
140,310,44.718,79.035
140,320,45.88,81.103
140,330,47.046,83.181
140,340,48.217,85.267
140,350,49.392,87.36
140,360,50.571,89.46
140,370,51.752,91.566
140,380,52.937,93.678
140,390,54.124,95.795
140,400,55.314,97.917
140,410,56.506,100.043
140,420,57.699,102.173
140,430,58.895,104.307
140,440,60.093,106.445
140,450,61.292,108.585
140,460,62.492,110.729
140,470,63.694,112.875
140,480,64.896,115.023
140,490,66.1,117.174
140,500,67.305,119.327
140,510,68.511,121.482
140,520,69.717,123.638
140,530,70.924,125.797
140,540,72.132,127.956
140,550,73.34,130.117
140,560,74.549,132.279
140,570,75.758,134.442
140,580,76.967,136.606
140,590,78.177,138.772
140,600,79.387,140.937
140,610,80.597,143.104
140,620,81.808,145.271
140,630,83.018,147.438
140,640,84.229,149.606
140,650,85.439,151.775
140,660,86.65,153.943
140,670,87.86,156.112
140,680,89.071,158.281
140,690,90.281,160.451
140,700,91.491,162.62
140,710,92.7,164.79
140,720,93.91,166.959
140,730,95.119,169.128
140,740,96.329,171.298
140,750,97.537,173.467
140,760,98.746,175.635
140,770,99.954,177.803
140,780,101.162,179.97
140,790,102.369,182.137
140,800,103.576,184.303
140,810,104.783,186.468
140,820,105.989,188.634
140,830,107.195,190.799
140,840,108.401,192.965
140,850,109.607,195.128
140,860,110.812,197.291
140,870,112.016,199.454
140,880,113.22,201.617
140,890,114.424,203.78
140,900,115.627,205.942
140,910,116.83,208.104
140,920,118.032,210.265
140,930,119.235,212.424
140,940,120.436,214.584
140,950,121.637,216.741
140,960,122.837,218.899
140,970,124.038,221.056
140,980,125.237,223.213
140,990,126.436,225.369
140,1000,127.635,227.525
140,1010,128.833,229.68
140,1020,130.031,231.833
140,1030,131.228,233.986
140,1040,132.425,236.138
140,1050,133.622,238.29
140,1060,134.819,240.44
140,1070,136.016,242.591
140,1080,137.211,244.741
140,1090,138.406,246.89
140,1100,139.599,249.038
140,1110,140.791,251.186
140,1120,141.982,253.334
140,1130,143.171,255.481
140,1140,144.358,257.628
140,1150,145.543,259.774
140,1160,146.726,261.921
140,1170,147.907,264.065
140,1180,149.088,266.208
140,1190,150.267,268.346
140,1200,151.445,270.481
140,1210,152.623,272.616
140,1220,153.799,274.746
140,1230,154.975,276.872
140,1240,156.15,278.996
140,1250,157.325,281.117
140,1260,158.498,283.238
140,1270,159.671,285.355
140,1280,160.843,287.469
140,1290,162.015,289.583
140,1300,163.186,291.694
140,1310,164.356,293.801
140,1320,165.526,295.909
140,1330,166.694,298.014
140,1340,167.862,300.119
140,1350,169.029,302.223
140,1360,170.195,304.327
140,1370,171.36,306.431
140,1380,172.525,308.534
140,1390,173.688,310.635
140,1400,174.851,312.734
140,1410,176.012,314.833
140,1420,177.173,316.932
140,1430,178.332,319.03
140,1440,179.488,321.124
140,1450,180.644,323.215
140,1460,181.8,325.303
140,1470,182.954,327.389
140,1480,184.108,329.474
140,1490,185.261,331.554
140,1500,186.413,333.635
140,1510,187.564,335.713
140,1520,188.715,337.791
140,1530,189.865,339.869
140,1540,191.014,341.947
140,1550,192.162,344.022
140,1560,193.31,346.095
140,1570,194.458,348.167
140,1580,195.605,350.236
140,1590,196.752,352.302
140,1600,197.898,354.368
140,1610,199.044,356.432
140,1620,200.189,358.496
140,1630,201.325,360.56
140,1640,202.455,362.623
140,1650,203.585,364.686
140,1660,204.713,366.749
140,1670,205.84,368.811
140,1680,206.967,370.873
140,1690,208.092,372.924
140,1700,209.218,374.957
140,1710,210.342,376.99
140,1720,211.465,379.022
140,1730,212.587,381.054
140,1740,213.71,383.082
140,1750,214.832,385.108
140,1760,215.953,387.131
140,1770,217.074,389.154
140,1780,218.194,391.176
140,1790,219.314,393.197
140,1800,220.431,395.218
140,1810,221.546,397.238
140,1820,222.66,399.258
140,1830,223.77,401.277
140,1840,224.877,403.296
140,1850,225.982,405.312
140,1860,227.085,407.329
140,1870,228.187,409.343
140,1880,229.286,411.345
140,1890,230.384,413.345
140,1900,231.479,415.343
140,1910,232.573,417.339
140,1920,233.665,419.329
140,1930,234.756,421.313
140,1940,235.846,423.294
140,1950,236.933,425.271
140,1960,238.02,427.248
140,1970,239.106,429.221
140,1980,240.191,431.194
140,1990,241.276,433.167
140,2000,242.359,435.129
150,0,20.155,35.493
150,2,20.157,35.496
150,4,20.162,35.505
150,6,20.17,35.521
150,8,20.182,35.542
150,10,20.198,35.569
150,12,20.217,35.603
150,14,20.239,35.642
150,16,20.265,35.688
150,18,20.294,35.74
150,20,20.327,35.797
150,22,20.363,35.861
150,24,20.402,35.93
150,26,20.445,36.005
150,28,20.491,36.086
150,30,20.54,36.173
150,32,20.592,36.266
150,34,20.648,36.365
150,36,20.707,36.469
150,38,20.769,36.578
150,40,20.834,36.694
150,42,20.902,36.814
150,44,20.974,36.941
150,46,21.048,37.072
150,48,21.126,37.209
150,50,21.206,37.351
150,55,21.42,37.73
150,60,21.652,38.139
150,65,21.901,38.58
150,70,22.166,39.05
150,75,22.448,39.548
150,80,22.745,40.073
150,85,23.057,40.625
150,90,23.383,41.202
150,95,23.722,41.802
150,100,24.075,42.426
150,105,24.439,43.072
150,110,24.816,43.738
150,115,25.203,44.424
150,120,25.602,45.129
150,125,26.01,45.853
150,130,26.428,46.593
150,135,26.855,47.35
150,140,27.291,48.122
150,145,27.735,48.909
150,150,28.187,49.71
150,155,28.646,50.524
150,160,29.112,51.35
150,165,29.585,52.189
150,170,30.064,53.039
150,175,30.549,53.899
150,180,31.04,54.77
150,185,31.537,55.65
150,190,32.038,56.54
150,195,32.544,57.439
150,200,33.055,58.345
150,210,34.089,60.182
150,220,35.139,62.047
150,230,36.204,63.938
150,240,37.281,65.852
150,250,38.369,67.788
150,260,39.469,69.742
150,270,40.577,71.714
150,280,41.695,73.702
150,290,42.82,75.704
150,300,43.952,77.719
150,310,45.091,79.747
150,320,46.235,81.785
150,330,47.385,83.834
150,340,48.54,85.891
150,350,49.699,87.957
150,360,50.863,90.031
150,370,52.03,92.112
150,380,53.201,94.2
150,390,54.375,96.294
150,400,55.551,98.393
150,410,56.731,100.497
150,420,57.913,102.606
150,430,59.097,104.72
150,440,60.283,106.838
150,450,61.471,108.959
150,460,62.66,111.084
150,470,63.852,113.212
150,480,65.044,115.343
150,490,66.238,117.476
150,500,67.434,119.612
150,510,68.63,121.751
150,520,69.827,123.891
150,530,71.025,126.034
150,540,72.224,128.178
150,550,73.424,130.324
150,560,74.624,132.472
150,570,75.825,134.621
150,580,77.027,136.771
150,590,78.229,138.922
150,600,79.431,141.075
150,610,80.634,143.228
150,620,81.837,145.382
150,630,83.04,147.537
150,640,84.243,149.693
150,650,85.447,151.849
150,660,86.651,154.006
150,670,87.855,156.163
150,680,89.058,158.32
150,690,90.262,160.478
150,700,91.466,162.636
150,710,92.67,164.795
150,720,93.873,166.953
150,730,95.077,169.111
150,740,96.28,171.27
150,750,97.484,173.428
150,760,98.687,175.586
150,770,99.889,177.744
150,780,101.092,179.901
150,790,102.295,182.059
150,800,103.498,184.217
150,810,104.7,186.375
150,820,105.901,188.532
150,830,107.103,190.689
150,840,108.304,192.845
150,850,109.504,195.002
150,860,110.705,197.158
150,870,111.905,199.314
150,880,113.105,201.47
150,890,114.304,203.625
150,900,115.503,205.779
150,910,116.702,207.932
150,920,117.9,210.085
150,930,119.099,212.238
150,940,120.296,214.39
150,950,121.493,216.542
150,960,122.691,218.692
150,970,123.888,220.843
150,980,125.084,222.993
150,990,126.281,225.143
150,1000,127.477,227.293
150,1010,128.672,229.441
150,1020,129.867,231.589
150,1030,131.061,233.737
150,1040,132.253,235.884
150,1050,133.445,238.031
150,1060,134.635,240.178
150,1070,135.824,242.324
150,1080,137.012,244.471
150,1090,138.199,246.616
150,1100,139.383,248.759
150,1110,140.566,250.902
150,1120,141.747,253.04
150,1130,142.927,255.177
150,1140,144.107,257.312
150,1150,145.286,259.446
150,1160,146.464,261.578
150,1170,147.641,263.705
150,1180,148.817,265.831
150,1190,149.993,267.953
150,1200,151.167,270.074
150,1210,152.342,272.195
150,1220,153.515,274.313
150,1230,154.688,276.428
150,1240,155.86,278.542
150,1250,157.031,280.654
150,1260,158.202,282.762
150,1270,159.372,284.87
150,1280,160.542,286.977
150,1290,161.711,289.082
150,1300,162.878,291.186
150,1310,164.046,293.29
150,1320,165.212,295.394
150,1330,166.377,297.498
150,1340,167.542,299.6
150,1350,168.706,301.701
150,1360,169.868,303.801
150,1370,171.03,305.9
150,1380,172.191,307.999
150,1390,173.351,310.096
150,1400,174.509,312.191
150,1410,175.665,314.282
150,1420,176.821,316.371
150,1430,177.976,318.458
150,1440,179.13,320.542
150,1450,180.283,322.624
150,1460,181.436,324.705
150,1470,182.588,326.784
150,1480,183.739,328.862
150,1490,184.89,330.94
150,1500,186.039,333.018
150,1510,187.188,335.094
150,1520,188.337,337.169
150,1530,189.484,339.242
150,1540,190.632,341.312
150,1550,191.779,343.38
150,1560,192.926,345.446
150,1570,194.072,347.511
150,1580,195.218,349.575
150,1590,196.363,351.639
150,1600,197.501,353.703
150,1610,198.631,355.766
150,1620,199.761,357.829
150,1630,200.889,359.892
150,1640,202.016,361.954
150,1650,203.144,364.016
150,1660,204.27,366.067
150,1670,205.395,368.1
150,1680,206.519,370.133
150,1690,207.643,372.166
150,1700,208.766,374.197
150,1710,209.888,376.226
150,1720,211.01,378.253
150,1730,212.132,380.277
150,1740,213.253,382.3
150,1750,214.374,384.322
150,1760,215.493,386.343
150,1770,216.612,388.364
150,1780,217.728,390.384
150,1790,218.843,392.404
150,1800,219.955,394.424
150,1810,221.064,396.443
150,1820,222.17,398.46
150,1830,223.275,400.477
150,1840,224.377,402.493
150,1850,225.478,404.5
150,1860,226.577,406.5
150,1870,227.674,408.499
150,1880,228.769,410.496
150,1890,229.863,412.491
150,1900,230.955,414.478
150,1910,232.045,416.461
150,1920,233.135,418.44
150,1930,234.222,420.418
150,1940,235.309,422.393
150,1950,236.394,424.366
150,1960,237.48,426.339
150,1970,238.565,428.31
150,1980,239.647,430.271
150,1990,240.716,432.231
150,2000,241.784,434.19
160,0,21.385,37.7
160,2,21.387,37.703
160,4,21.392,37.712
160,6,21.4,37.726
160,8,21.411,37.746
160,10,21.426,37.771
160,12,21.443,37.803
160,14,21.464,37.84
160,16,21.488,37.882
160,18,21.515,37.93
160,20,21.546,37.984
160,22,21.579,38.043
160,24,21.616,38.108
160,26,21.656,38.178
160,28,21.698,38.254
160,30,21.744,38.335
160,32,21.793,38.422
160,34,21.845,38.514
160,36,21.9,38.611
160,38,21.958,38.714
160,40,22.019,38.822
160,42,22.083,38.935
160,44,22.15,39.053
160,46,22.22,39.176
160,48,22.292,39.305
160,50,22.368,39.438
160,55,22.568,39.793
160,60,22.786,40.178
160,65,23.02,40.593
160,70,23.27,41.035
160,75,23.535,41.505
160,80,23.816,42.002
160,85,24.111,42.523
160,90,24.419,43.07
160,95,24.741,43.64
160,100,25.075,44.232
160,105,25.422,44.846
160,110,25.78,45.481
160,115,26.15,46.136
160,120,26.53,46.809
160,125,26.92,47.501
160,130,27.32,48.21
160,135,27.729,48.936
160,140,28.147,49.677
160,145,28.574,50.433
160,150,29.008,51.204
160,155,29.451,51.988
160,160,29.9,52.785
160,165,30.356,53.595
160,170,30.819,54.416
160,175,31.288,55.249
160,180,31.763,56.092
160,185,32.244,56.946
160,190,32.73,57.809
160,195,33.222,58.681
160,200,33.718,59.563
160,210,34.724,61.35
160,220,35.747,63.168
160,230,36.785,65.013
160,240,37.837,66.884
160,250,38.902,68.777
160,260,39.978,70.692
160,270,41.065,72.625
160,280,42.161,74.576
160,290,43.266,76.543
160,300,44.379,78.525
160,310,45.499,80.519
160,320,46.626,82.527
160,330,47.759,84.545
160,340,48.897,86.574
160,350,50.04,88.612
160,360,51.189,90.659
160,370,52.341,92.714
160,380,53.497,94.777
160,390,54.658,96.847
160,400,55.821,98.923
160,410,56.987,101.005
160,420,58.157,103.092
160,430,59.329,105.184
160,440,60.503,107.282
160,450,61.68,109.383
160,460,62.858,111.488
160,470,64.039,113.598
160,480,65.221,115.71
160,490,66.405,117.826
160,500,67.59,119.945
160,510,68.777,122.067
160,520,69.965,124.191
160,530,71.154,126.318
160,540,72.344,128.446
160,550,73.535,130.577
160,560,74.727,132.71
160,570,75.92,134.844
160,580,77.113,136.98
160,590,78.307,139.118
160,600,79.502,141.257
160,610,80.697,143.397
160,620,81.893,145.538
160,630,83.089,147.68
160,640,84.285,149.823
160,650,85.482,151.967
160,660,86.679,154.112
160,670,87.876,156.257
160,680,89.074,158.403
160,690,90.271,160.55
160,700,91.469,162.697
160,710,92.666,164.844
160,720,93.864,166.992
160,730,95.062,169.14
160,740,96.26,171.288
160,750,97.457,173.437
160,760,98.655,175.585
160,770,99.852,177.734
160,780,101.05,179.883
160,790,102.247,182.032
160,800,103.444,184.18
160,810,104.641,186.328
160,820,105.838,188.476
160,830,107.035,190.625
160,840,108.232,192.773
160,850,109.429,194.921
160,860,110.625,197.069
160,870,111.822,199.217
160,880,113.018,201.364
160,890,114.213,203.512
160,900,115.409,205.659
160,910,116.603,207.806
160,920,117.798,209.953
160,930,118.992,212.099
160,940,120.185,214.245
160,950,121.378,216.392
160,960,122.57,218.538
160,970,123.761,220.684
160,980,124.951,222.827
160,990,126.141,224.97
160,1000,127.33,227.114
160,1010,128.518,229.256
160,1020,129.705,231.397
160,1030,130.89,233.535
160,1040,132.075,235.673
160,1050,133.258,237.809
160,1060,134.439,239.944
160,1070,135.619,242.079
160,1080,136.8,244.212
160,1090,137.979,246.343
160,1100,139.158,248.471
160,1110,140.335,250.598
160,1120,141.512,252.724
160,1130,142.689,254.845
160,1140,143.864,256.966
160,1150,145.039,259.087
160,1160,146.213,261.207
160,1170,147.387,263.323
160,1180,148.56,265.437
160,1190,149.732,267.551
160,1200,150.904,269.662
160,1210,152.075,271.771
160,1220,153.246,273.879
160,1230,154.416,275.986
160,1240,155.585,278.091
160,1250,156.753,280.196
160,1260,157.921,282.3
160,1270,159.088,284.404
160,1280,160.254,286.508
160,1290,161.419,288.611
160,1300,162.584,290.712
160,1310,163.747,292.812
160,1320,164.91,294.911
160,1330,166.072,297.01
160,1340,167.233,299.109
160,1350,168.394,301.206
160,1360,169.552,303.299
160,1370,170.708,305.39
160,1380,171.864,307.478
160,1390,173.019,309.565
160,1400,174.174,311.65
160,1410,175.328,313.732
160,1420,176.481,315.813
160,1430,177.633,317.893
160,1440,178.784,319.971
160,1450,179.936,322.049
160,1460,181.086,324.126
160,1470,182.235,326.204
160,1480,183.384,328.279
160,1490,184.532,330.352
160,1500,185.68,332.424
160,1510,186.827,334.493
160,1520,187.974,336.56
160,1530,189.12,338.625
160,1540,190.267,340.69
160,1550,191.412,342.754
160,1560,192.557,344.817
160,1570,193.695,346.881
160,1580,194.825,348.944
160,1590,195.955,351.007
160,1600,197.083,353.07
160,1610,198.211,355.131
160,1620,199.338,357.193
160,1630,200.464,359.239
160,1640,201.59,361.273
160,1650,202.714,363.306
160,1660,203.838,365.339
160,1670,204.961,367.371
160,1680,206.084,369.4
160,1690,207.206,371.427
160,1700,208.328,373.451
160,1710,209.449,375.475
160,1720,210.57,377.496
160,1730,211.69,379.518
160,1740,212.809,381.539
160,1750,213.926,383.559
160,1760,215.041,385.579
160,1770,216.155,387.599
160,1780,217.265,389.618
160,1790,218.373,391.636
160,1800,219.478,393.652
160,1810,220.582,395.669
160,1820,221.684,397.68
160,1830,222.785,399.682
160,1840,223.883,401.681
160,1850,224.979,403.679
160,1860,226.074,405.675
160,1870,227.167,407.667
160,1880,228.259,409.652
160,1890,229.349,411.633
160,1900,230.438,413.611
160,1910,231.525,415.589
160,1920,232.611,417.563
160,1930,233.697,419.536
160,1940,234.783,421.508
160,1950,235.868,423.476
160,1960,236.949,425.436
160,1970,238.017,427.396
160,1980,239.085,429.355
160,1990,240.152,431.313
160,2000,241.219,433.27
170,0,22.612,39.902
170,2,22.614,39.904
170,4,22.618,39.912
170,6,22.626,39.926
170,8,22.636,39.944
170,10,22.65,39.968
170,12,22.666,39.998
170,14,22.686,40.032
170,16,22.708,40.072
170,18,22.734,40.117
170,20,22.762,40.167
170,22,22.794,40.223
170,24,22.828,40.284
170,26,22.865,40.35
170,28,22.905,40.421
170,30,22.948,40.497
170,32,22.994,40.578
170,34,23.043,40.664
170,36,23.095,40.756
170,38,23.149,40.852
170,40,23.206,40.953
170,42,23.266,41.06
170,44,23.329,41.171
170,46,23.394,41.287
170,48,23.463,41.408
170,50,23.533,41.533
170,55,23.722,41.867
170,60,23.927,42.23
170,65,24.148,42.621
170,70,24.384,43.039
170,75,24.634,43.484
170,80,24.9,43.954
170,85,25.179,44.448
170,90,25.471,44.967
170,95,25.777,45.508
170,100,26.095,46.072
170,105,26.425,46.657
170,110,26.766,47.262
170,115,27.119,47.887
170,120,27.482,48.531
170,125,27.855,49.193
170,130,28.238,49.873
170,135,28.631,50.569
170,140,29.032,51.281
170,145,29.442,52.008
170,150,29.86,52.75
170,155,30.286,53.506
170,160,30.719,54.275
170,165,31.159,55.057
170,170,31.606,55.85
170,175,32.06,56.656
170,180,32.52,57.473
170,185,32.986,58.3
170,190,33.457,59.137
170,195,33.934,59.984
170,200,34.415,60.84
170,210,35.394,62.579
170,220,36.39,64.35
170,230,37.402,66.15
170,240,38.429,67.977
170,250,39.47,69.829
170,260,40.524,71.703
170,270,41.588,73.598
170,280,42.663,75.512
170,290,43.748,77.443
170,300,44.841,79.39
170,310,45.942,81.352
170,320,47.051,83.327
170,330,48.166,85.315
170,340,49.288,87.315
170,350,50.415,89.324
170,360,51.547,91.344
170,370,52.685,93.373
170,380,53.826,95.41
170,390,54.972,97.455
170,400,56.122,99.507
170,410,57.276,101.566
170,420,58.432,103.631
170,430,59.592,105.702
170,440,60.754,107.778
170,450,61.919,109.859
170,460,63.086,111.945
170,470,64.256,114.035
170,480,65.428,116.129
170,490,66.601,118.227
170,500,67.777,120.328
170,510,68.953,122.433
170,520,70.132,124.54
170,530,71.312,126.65
170,540,72.493,128.763
170,550,73.675,130.879
170,560,74.858,132.996
170,570,76.043,135.116
170,580,77.228,137.237
170,590,78.414,139.361
170,600,79.601,141.486
170,610,80.788,143.612
170,620,81.976,145.74
170,630,83.165,147.87
170,640,84.354,150.0
170,650,85.544,152.132
170,660,86.734,154.265
170,670,87.925,156.398
170,680,89.115,158.533
170,690,90.307,160.668
170,700,91.498,162.804
170,710,92.689,164.941
170,720,93.881,167.078
170,730,95.073,169.215
170,740,96.265,171.353
170,750,97.457,173.492
170,760,98.648,175.631
170,770,99.84,177.77
170,780,101.032,179.909
170,790,102.224,182.048
170,800,103.416,184.188
170,810,104.608,186.328
170,820,105.799,188.467
170,830,106.99,190.607
170,840,108.18,192.746
170,850,109.371,194.885
170,860,110.561,197.024
170,870,111.752,199.162
170,880,112.941,201.3
170,890,114.13,203.437
170,900,115.319,205.575
170,910,116.506,207.713
170,920,117.694,209.85
170,930,118.881,211.985
170,940,120.068,214.12
170,950,121.253,216.255
170,960,122.437,218.39
170,970,123.621,220.524
170,980,124.804,222.657
170,990,125.985,224.79
170,1000,127.166,226.92
170,1010,128.347,229.049
170,1020,129.526,231.176
170,1030,130.705,233.303
170,1040,131.884,235.43
170,1050,133.062,237.553
170,1060,134.239,239.675
170,1070,135.415,241.796
170,1080,136.591,243.917
170,1090,137.766,246.038
170,1100,138.941,248.154
170,1110,140.115,250.27
170,1120,141.288,252.384
170,1130,142.461,254.498
170,1140,143.633,256.61
170,1150,144.805,258.72
170,1160,145.976,260.827
170,1170,147.147,262.935
170,1180,148.316,265.042
170,1190,149.486,267.147
170,1200,150.654,269.251
170,1210,151.822,271.355
170,1220,152.989,273.459
170,1230,154.156,275.563
170,1240,155.321,277.666
170,1250,156.486,279.767
170,1260,157.65,281.867
170,1270,158.814,283.966
170,1280,159.976,286.065
170,1290,161.138,288.164
170,1300,162.299,290.261
170,1310,163.459,292.356
170,1320,164.617,294.447
170,1330,165.773,296.537
170,1340,166.929,298.625
170,1350,168.085,300.711
170,1360,169.239,302.796
170,1370,170.393,304.877
170,1380,171.547,306.958
170,1390,172.699,309.037
170,1400,173.851,311.115
170,1410,175.002,313.193
170,1420,176.152,315.271
170,1430,177.302,317.349
170,1440,178.451,319.424
170,1450,179.599,321.497
170,1460,180.747,323.569
170,1470,181.895,325.638
170,1480,183.042,327.706
170,1490,184.189,329.772
170,1500,185.335,331.837
170,1510,186.481,333.901
170,1520,187.627,335.965
170,1530,188.77,338.028
170,1540,189.906,340.092
170,1550,191.036,342.155
170,1560,192.166,344.217
170,1570,193.294,346.279
170,1580,194.422,348.341
170,1590,195.549,350.401
170,1600,196.675,352.44
170,1610,197.801,354.474
170,1620,198.926,356.507
170,1630,200.05,358.539
170,1640,201.173,360.571
170,1650,202.296,362.6
170,1660,203.418,364.628
170,1670,204.54,366.652
170,1680,205.661,368.676
170,1690,206.782,370.697
170,1700,207.902,372.719
170,1710,209.022,374.74
170,1720,210.139,376.76
170,1730,211.255,378.78
170,1740,212.369,380.8
170,1750,213.481,382.82
170,1760,214.59,384.838
170,1770,215.696,386.854
170,1780,216.801,388.871
170,1790,217.904,390.884
170,1800,219.005,392.888
170,1810,220.105,394.888
170,1820,221.203,396.886
170,1830,222.298,398.883
170,1840,223.392,400.877
170,1850,224.485,402.865
170,1860,225.576,404.848
170,1870,226.666,406.827
170,1880,227.755,408.805
170,1890,228.842,410.781
170,1900,229.928,412.754
170,1910,231.013,414.727
170,1920,232.099,416.7
170,1930,233.184,418.663
170,1940,234.263,420.624
170,1950,235.331,422.583
170,1960,236.399,424.542
170,1970,237.466,426.499
170,1980,238.532,428.457
170,1990,239.598,430.414
170,2000,240.664,432.346
180,0,23.834,42.096
180,2,23.836,42.099
180,4,23.84,42.106
180,6,23.847,42.119
180,8,23.857,42.136
180,10,23.87,42.159
180,12,23.885,42.186
180,14,23.904,42.219
180,16,23.925,42.256
180,18,23.949,42.298
180,20,23.975,42.346
180,22,24.005,42.398
180,24,24.037,42.455
180,26,24.072,42.517
180,28,24.11,42.584
180,30,24.15,42.656
180,32,24.193,42.732
180,34,24.239,42.814
180,36,24.288,42.9
180,38,24.339,42.99
180,40,24.393,43.086
180,42,24.449,43.186
180,44,24.508,43.291
180,46,24.57,43.4
180,48,24.634,43.514
180,50,24.701,43.632
180,55,24.879,43.948
180,60,25.073,44.291
180,65,25.281,44.661
180,70,25.504,45.057
180,75,25.742,45.478
180,80,25.993,45.924
180,85,26.258,46.393
180,90,26.536,46.886
180,95,26.827,47.402
180,100,27.13,47.939
180,105,27.444,48.496
180,110,27.77,49.075
180,115,28.107,49.672
180,120,28.454,50.288
180,125,28.811,50.923
180,130,29.178,51.574
180,135,29.555,52.242
180,140,29.94,52.927
180,145,30.334,53.626
180,150,30.737,54.341
180,155,31.147,55.069
180,160,31.564,55.811
180,165,31.989,56.566
180,170,32.421,57.333
180,175,32.86,58.112
180,180,33.305,58.903
180,185,33.756,59.705
180,190,34.213,60.517
180,195,34.675,61.339
180,200,35.143,62.171
180,210,36.094,63.861
180,220,37.064,65.586
180,230,38.051,67.341
180,240,39.053,69.125
180,250,40.07,70.935
180,260,41.1,72.769
180,270,42.143,74.625
180,280,43.197,76.502
180,290,44.26,78.397
180,300,45.334,80.309
180,310,46.416,82.238
180,320,47.506,84.181
180,330,48.604,86.138
180,340,49.708,88.107
180,350,50.819,90.088
180,360,51.935,92.079
180,370,53.057,94.081
180,380,54.184,96.092
180,390,55.315,98.112
180,400,56.451,100.139
180,410,57.591,102.174
180,420,58.734,104.216
180,430,59.881,106.265
180,440,61.031,108.319
180,450,62.184,110.379
180,460,63.34,112.445
180,470,64.498,114.515
180,480,65.658,116.59
180,490,66.821,118.669
180,500,67.986,120.751
180,510,69.153,122.838
180,520,70.321,124.928
180,530,71.491,127.021
180,540,72.663,129.118
180,550,73.836,131.217
180,560,75.01,133.319
180,570,76.185,135.423
180,580,77.362,137.529
180,590,78.539,139.638
180,600,79.718,141.748
180,610,80.897,143.861
180,620,82.077,145.975
180,630,83.258,148.09
180,640,84.44,150.207
180,650,85.622,152.326
180,660,86.804,154.446
180,670,87.987,156.566
180,680,89.171,158.688
180,690,90.355,160.811
180,700,91.539,162.935
180,710,92.723,165.059
180,720,93.908,167.184
180,730,95.093,169.31
180,740,96.278,171.437
180,750,97.463,173.564
180,760,98.648,175.691
180,770,99.833,177.818
180,780,101.018,179.946
180,790,102.203,182.074
180,800,103.388,184.203
180,810,104.572,186.331
180,820,105.756,188.46
180,830,106.941,190.588
180,840,108.125,192.716
180,850,109.309,194.844
180,860,110.492,196.971
180,870,111.675,199.098
180,880,112.857,201.225
180,890,114.039,203.352
180,900,115.22,205.479
180,910,116.4,207.606
180,920,117.581,209.732
180,930,118.761,211.856
180,940,119.94,213.98
180,950,121.119,216.102
180,960,122.298,218.224
180,970,123.476,220.345
180,980,124.653,222.466
180,990,125.83,224.587
180,1000,127.006,226.708
180,1010,128.182,228.826
180,1020,129.358,230.942
180,1030,130.532,233.059
180,1040,131.706,235.173
180,1050,132.88,237.287
180,1060,134.053,239.401
180,1070,135.226,241.513
180,1080,136.398,243.622
180,1090,137.57,245.73
180,1100,138.741,247.838
180,1110,139.911,249.945
180,1120,141.082,252.052
180,1130,142.251,254.156
180,1140,143.42,256.26
180,1150,144.588,258.364
180,1160,145.756,260.468
180,1170,146.922,262.572
180,1180,148.089,264.675
180,1190,149.254,266.777
180,1200,150.419,268.877
180,1210,151.583,270.976
180,1220,152.747,273.075
180,1230,153.909,275.175
180,1240,155.071,277.272
180,1250,156.233,279.369
180,1260,157.393,281.463
180,1270,158.552,283.554
180,1280,159.709,285.644
180,1290,160.865,287.732
180,1300,162.021,289.819
180,1310,163.176,291.903
180,1320,164.331,293.986
180,1330,165.485,296.067
180,1340,166.638,298.147
180,1350,167.79,300.226
180,1360,168.942,302.304
180,1370,170.093,304.382
180,1380,171.244,306.46
180,1390,172.393,308.536
180,1400,173.543,310.611
180,1410,174.691,312.684
180,1420,175.839,314.756
180,1430,176.986,316.825
180,1440,178.134,318.892
180,1450,179.281,320.958
180,1460,180.427,323.023
180,1470,181.573,325.087
180,1480,182.719,327.151
180,1490,183.863,329.215
180,1500,185.004,331.278
180,1510,186.137,333.341
180,1520,187.267,335.404
180,1530,188.397,337.466
180,1540,189.525,339.528
180,1550,190.653,341.588
180,1560,191.78,343.638
180,1570,192.906,345.675
180,1580,194.032,347.708
180,1590,195.157,349.74
180,1600,196.281,351.773
180,1610,197.404,353.805
180,1620,198.526,355.833
180,1630,199.649,357.86
180,1640,200.771,359.884
180,1650,201.892,361.908
180,1660,203.013,363.93
180,1670,204.133,365.951
180,1680,205.253,367.972
180,1690,206.371,369.993
180,1700,207.487,372.013
180,1710,208.601,374.033
180,1720,209.714,376.052
180,1730,210.824,378.07
180,1740,211.931,380.086
180,1750,213.036,382.103
180,1760,214.14,384.118
180,1770,215.242,386.122
180,1780,216.342,388.122
180,1790,217.441,390.122
180,1800,218.538,392.118
180,1810,219.633,394.114
180,1820,220.726,396.104
180,1830,221.818,398.088
180,1840,222.909,400.07
180,1850,223.999,402.047
180,1860,225.086,404.025
180,1870,226.173,405.999
180,1880,227.259,407.972
180,1890,228.344,409.945
180,1900,229.43,411.914
180,1910,230.514,413.875
180,1920,231.59,415.835
180,1930,232.658,417.794
180,1940,233.726,419.753
180,1950,234.793,421.71
180,1960,235.86,423.668
180,1970,236.926,425.622
180,1980,237.991,427.549
180,1990,239.057,429.474
180,2000,240.121,431.398
190,0,25.051,44.282
190,2,25.052,44.284
190,4,25.056,44.291
190,6,25.063,44.303
190,8,25.072,44.32
190,10,25.084,44.341
190,12,25.099,44.367
190,14,25.116,44.398
190,16,25.136,44.433
190,18,25.159,44.473
190,20,25.184,44.517
190,22,25.212,44.567
190,24,25.242,44.621
190,26,25.275,44.679
190,28,25.311,44.742
190,30,25.349,44.81
190,32,25.39,44.882
190,34,25.433,44.959
190,36,25.479,45.04
190,38,25.527,45.126
190,40,25.578,45.216
190,42,25.631,45.311
190,44,25.687,45.41
190,46,25.745,45.513
190,48,25.806,45.621
190,50,25.869,45.733
190,55,26.038,46.032
190,60,26.221,46.357
190,65,26.418,46.707
190,70,26.63,47.083
190,75,26.855,47.483
190,80,27.094,47.907
190,85,27.346,48.353
190,90,27.61,48.823
190,95,27.887,49.314
190,100,28.176,49.826
190,105,28.476,50.359
190,110,28.787,50.912
190,115,29.109,51.484
190,120,29.442,52.074
190,125,29.784,52.682
190,130,30.136,53.307
190,135,30.498,53.949
190,140,30.868,54.607
190,145,31.247,55.28
190,150,31.634,55.968
190,155,32.029,56.671
190,160,32.432,57.387
190,165,32.843,58.116
190,170,33.26,58.858
190,175,33.684,59.611
190,180,34.115,60.377
190,185,34.552,61.154
190,190,34.994,61.941
190,195,35.443,62.739
190,200,35.897,63.547
190,210,36.821,65.191
190,220,37.765,66.87
190,230,38.726,68.581
190,240,39.704,70.322
190,250,40.698,72.09
190,260,41.705,73.884
190,270,42.725,75.701
190,280,43.757,77.54
190,290,44.801,79.399
190,300,45.854,81.276
190,310,46.917,83.171
190,320,47.988,85.081
190,330,49.067,87.006
190,340,50.154,88.945
190,350,51.248,90.896
190,360,52.348,92.859
190,370,53.454,94.833
190,380,54.566,96.817
190,390,55.682,98.811
190,400,56.804,100.813
190,410,57.929,102.824
190,420,59.059,104.842
190,430,60.193,106.867
190,440,61.33,108.899
190,450,62.47,110.938
190,460,63.614,112.982
190,470,64.76,115.031
190,480,65.909,117.086
190,490,67.061,119.145
190,500,68.215,121.209
190,510,69.371,123.277
190,520,70.529,125.349
190,530,71.688,127.424
190,540,72.85,129.503
190,550,74.013,131.585
190,560,75.178,133.67
190,570,76.344,135.758
190,580,77.511,137.849
190,590,78.679,139.941
190,600,79.849,142.037
190,610,81.02,144.134
190,620,82.191,146.233
190,630,83.363,148.334
190,640,84.537,150.437
190,650,85.71,152.541
190,660,86.885,154.647
190,670,88.06,156.754
190,680,89.236,158.862
190,690,90.412,160.972
190,700,91.588,163.082
190,710,92.765,165.194
190,720,93.942,167.306
190,730,95.119,169.419
190,740,96.297,171.533
190,750,97.474,173.647
190,760,98.652,175.762
190,770,99.83,177.878
190,780,101.008,179.993
190,790,102.185,182.109
190,800,103.363,184.225
190,810,104.541,186.342
190,820,105.719,188.458
190,830,106.896,190.575
190,840,108.074,192.691
190,850,109.251,194.808
190,860,110.427,196.924
190,870,111.604,199.04
190,880,112.78,201.157
190,890,113.957,203.272
190,900,115.132,205.386
190,910,116.307,207.5
190,920,117.483,209.614
190,930,118.657,211.728
190,940,119.832,213.842
190,950,121.006,215.956
190,960,122.179,218.068
190,970,123.352,220.179
190,980,124.525,222.288
190,990,125.698,224.397
190,1000,126.87,226.506
190,1010,128.041,228.613
190,1020,129.212,230.72
190,1030,130.383,232.828
190,1040,131.554,234.934
190,1050,132.723,237.038
190,1060,133.893,239.142
190,1070,135.061,241.246
190,1080,136.23,243.35
190,1090,137.397,245.454
190,1100,138.565,247.558
190,1110,139.731,249.659
190,1120,140.897,251.761
190,1130,142.063,253.861
190,1140,143.227,255.96
190,1150,144.391,258.059
190,1160,145.555,260.158
190,1170,146.718,262.257
190,1180,147.88,264.353
190,1190,149.041,266.449
190,1200,150.202,268.542
190,1210,151.362,270.633
190,1220,152.521,272.724
190,1230,153.678,274.812
190,1240,154.835,276.9
190,1250,155.99,278.985
190,1260,157.146,281.069
190,1270,158.3,283.152
190,1280,159.454,285.232
190,1290,160.608,287.313
190,1300,161.76,289.391
190,1310,162.912,291.469
190,1320,164.064,293.547
190,1330,165.215,295.625
190,1340,166.365,297.702
190,1350,167.515,299.777
190,1360,168.663,301.85
190,1370,169.812,303.923
190,1380,170.959,305.993
190,1390,172.107,308.061
190,1400,173.254,310.128
190,1410,174.401,312.194
190,1420,175.547,314.258
190,1430,176.693,316.322
190,1440,177.839,318.386
190,1450,178.983,320.449
190,1460,180.125,322.513
190,1470,181.261,324.576
190,1480,182.392,326.638
190,1490,183.522,328.7
190,1500,184.651,330.762
190,1510,185.779,332.822
190,1520,186.907,334.875
190,1530,188.034,336.914
190,1540,189.16,338.948
190,1550,190.285,340.981
190,1560,191.41,343.013
190,1570,192.534,345.046
190,1580,193.657,347.076
190,1590,194.779,349.104
190,1600,195.902,351.13
190,1610,197.024,353.154
190,1620,198.145,355.178
190,1630,199.266,357.199
190,1640,200.386,359.22
190,1650,201.506,361.242
190,1660,202.624,363.262
190,1670,203.74,365.282
190,1680,204.854,367.302
190,1690,205.967,369.321
190,1700,207.077,371.338
190,1710,208.185,373.355
190,1720,209.291,375.372
190,1730,210.395,377.386
190,1740,211.498,379.391
190,1750,212.599,381.39
190,1760,213.698,383.39
190,1770,214.795,385.387
190,1780,215.891,387.383
190,1790,216.985,389.375
190,1800,218.078,391.36
190,1810,219.17,393.342
190,1820,220.26,395.321
190,1830,221.348,397.298
190,1840,222.436,399.275
190,1850,223.522,401.247
190,1860,224.608,403.22
190,1870,225.693,405.193
190,1880,226.778,407.156
190,1890,227.863,409.117
190,1900,228.934,411.076
190,1910,230.002,413.035
190,1920,231.07,414.993
190,1930,232.137,416.95
190,1940,233.203,418.908
190,1950,234.269,420.852
190,1960,235.335,422.778
190,1970,236.4,424.703
190,1980,237.465,426.627
190,1990,238.472,428.551
190,2000,239.43,430.475
200,0,26.263,46.459
200,2,26.264,46.462
200,4,26.268,46.468
200,6,26.274,46.479
200,8,26.283,46.495
200,10,26.294,46.515
200,12,26.308,46.54
200,14,26.324,46.569
200,16,26.343,46.602
200,18,26.364,46.64
200,20,26.388,46.682
200,22,26.414,46.729
200,24,26.443,46.78
200,26,26.474,46.835
200,28,26.508,46.895
200,30,26.544,46.959
200,32,26.583,47.027
200,34,26.624,47.1
200,36,26.667,47.177
200,38,26.713,47.258
200,40,26.761,47.343
200,42,26.811,47.433
200,44,26.864,47.527
200,46,26.919,47.625
200,48,26.977,47.727
200,50,27.037,47.833
200,55,27.197,48.117
200,60,27.37,48.425
200,65,27.558,48.758
200,70,27.759,49.115
200,75,27.973,49.496
200,80,28.201,49.9
200,85,28.44,50.325
200,90,28.692,50.773
200,95,28.956,51.242
200,100,29.232,51.731
200,105,29.519,52.241
200,110,29.817,52.77
200,115,30.125,53.317
200,120,30.443,53.883
200,125,30.772,54.467
200,130,31.11,55.067
200,135,31.457,55.684
200,140,31.813,56.317
200,145,32.178,56.966
200,150,32.551,57.629
200,155,32.932,58.306
200,160,33.32,58.997
200,165,33.717,59.702
200,170,34.12,60.419
200,175,34.53,61.148
200,180,34.947,61.889
200,185,35.37,62.642
200,190,35.799,63.406
200,195,36.234,64.18
200,200,36.675,64.965
200,210,37.573,66.562
200,220,38.491,68.197
200,230,39.428,69.864
200,240,40.382,71.563
200,250,41.351,73.29
200,260,42.336,75.044
200,270,43.334,76.822
200,280,44.345,78.624
200,290,45.367,80.446
200,300,46.4,82.288
200,310,47.444,84.149
200,320,48.496,86.026
200,330,49.557,87.919
200,340,50.626,89.827
200,350,51.703,91.748
200,360,52.786,93.682
200,370,53.876,95.627
200,380,54.972,97.584
200,390,56.074,99.551
200,400,57.18,101.527
200,410,58.292,103.513
200,420,59.407,105.507
200,430,60.528,107.508
200,440,61.652,109.517
200,450,62.779,111.533
200,460,63.91,113.555
200,470,65.044,115.583
200,480,66.182,117.617
200,490,67.322,119.656
200,500,68.464,121.7
200,510,69.609,123.749
200,520,70.756,125.802
200,530,71.905,127.859
200,540,73.057,129.92
200,550,74.21,131.984
200,560,75.365,134.052
200,570,76.521,136.123
200,580,77.679,138.197
200,590,78.838,140.273
200,600,79.998,142.352
200,610,81.16,144.434
200,620,82.323,146.518
200,630,83.486,148.604
200,640,84.651,150.691
200,650,85.816,152.781
200,660,86.983,154.872
200,670,88.15,156.965
200,680,89.317,159.059
200,690,90.485,161.155
200,700,91.654,163.252
200,710,92.823,165.35
200,720,93.993,167.449
200,730,95.163,169.549
200,740,96.333,171.649
200,750,97.504,173.751
200,760,98.675,175.853
200,770,99.846,177.956
200,780,101.017,180.059
200,790,102.188,182.163
200,800,103.359,184.267
200,810,104.53,186.371
200,820,105.702,188.476
200,830,106.873,190.58
200,840,108.044,192.685
200,850,109.216,194.79
200,860,110.387,196.895
200,870,111.557,198.999
200,880,112.728,201.103
200,890,113.899,203.208
200,900,115.069,205.312
200,910,116.24,207.416
200,920,117.41,209.52
200,930,118.579,211.624
200,940,119.749,213.728
200,950,120.918,215.832
200,960,122.087,217.935
200,970,123.255,220.039
200,980,124.423,222.141
200,990,125.591,224.243
200,1000,126.759,226.344
200,1010,127.926,228.445
200,1020,129.092,230.546
200,1030,130.258,232.645
200,1040,131.424,234.744
200,1050,132.589,236.843
200,1060,133.754,238.942
200,1070,134.918,241.041
200,1080,136.082,243.138
200,1090,137.245,245.235
200,1100,138.408,247.331
200,1110,139.57,249.425
200,1120,140.731,251.519
200,1130,141.892,253.61
200,1140,143.053,255.701
200,1150,144.213,257.791
200,1160,145.371,259.879
200,1170,146.528,261.966
200,1180,147.684,264.052
200,1190,148.84,266.137
200,1200,149.996,268.221
200,1210,151.151,270.302
200,1220,152.305,272.383
200,1230,153.459,274.464
200,1240,154.612,276.542
200,1250,155.764,278.62
200,1260,156.916,280.698
200,1270,158.068,282.776
200,1280,159.219,284.854
200,1290,160.369,286.929
200,1300,161.518,289.003
200,1310,162.667,291.076
200,1320,163.816,293.148
200,1330,164.964,295.217
200,1340,166.111,297.286
200,1350,167.258,299.352
200,1360,168.406,301.418
200,1370,169.552,303.483
200,1380,170.698,305.547
200,1390,171.844,307.611
200,1400,172.989,309.675
200,1410,174.133,311.738
200,1420,175.274,313.801
200,1430,176.41,315.863
200,1440,177.541,317.926
200,1450,178.671,319.987
200,1460,179.801,322.048
200,1470,180.93,324.108
200,1480,182.057,326.157
200,1490,183.185,328.196
200,1500,184.311,330.231
200,1510,185.437,332.264
200,1520,186.562,334.297
200,1530,187.686,336.329
200,1540,188.81,338.36
200,1550,189.933,340.389
200,1560,191.055,342.417
200,1570,192.178,344.441
200,1580,193.299,346.465
200,1590,194.42,348.487
200,1600,195.541,350.508
200,1610,196.661,352.53
200,1620,197.78,354.55
200,1630,198.898,356.571
200,1640,200.014,358.591
200,1650,201.128,360.61
200,1660,202.241,362.629
200,1670,203.351,364.646
200,1680,204.459,366.663
200,1690,205.565,368.679
200,1700,206.67,370.691
200,1710,207.772,372.695
200,1720,208.874,374.695
200,1730,209.974,376.695
200,1740,211.072,378.691
200,1750,212.168,380.687
200,1760,213.262,382.68
200,1770,214.356,384.665
200,1780,215.448,386.648
200,1790,216.538,388.627
200,1800,217.628,390.605
200,1810,218.716,392.582
200,1820,219.803,394.555
200,1830,220.888,396.528
200,1840,221.974,398.501
200,1850,223.059,400.468
200,1860,224.144,402.429
200,1870,225.226,404.389
200,1880,226.294,406.348
200,1890,227.362,408.306
200,1900,228.43,410.264
200,1910,229.496,412.221
200,1920,230.563,414.179
200,1930,231.628,416.11
200,1940,232.694,418.036
200,1950,233.759,419.96
200,1960,234.824,421.884
200,1970,235.855,423.808
200,1980,236.813,425.732
200,1990,237.77,427.583
200,2000,238.712,429.311
210,0,27.47,48.629
210,2,27.471,48.631
210,4,27.475,48.638
210,6,27.481,48.648
210,8,27.489,48.663
210,10,27.5,48.682
210,12,27.513,48.705
210,14,27.528,48.733
210,16,27.546,48.764
210,18,27.566,48.8
210,20,27.589,48.84
210,22,27.614,48.884
210,24,27.641,48.933
210,26,27.67,48.985
210,28,27.702,49.042
210,30,27.737,49.103
210,32,27.773,49.168
210,34,27.812,49.237
210,36,27.853,49.31
210,38,27.897,49.387
210,40,27.942,49.468
210,42,27.99,49.553
210,44,28.04,49.642
210,46,28.093,49.735
210,48,28.147,49.833
210,50,28.204,49.934
210,55,28.356,50.203
210,60,28.521,50.497
210,65,28.7,50.814
210,70,28.891,51.154
210,75,29.095,51.516
210,80,29.312,51.901
210,85,29.541,52.308
210,90,29.781,52.735
210,95,30.033,53.184
210,100,30.297,53.652
210,105,30.571,54.14
210,110,30.856,54.646
210,115,31.152,55.171
210,120,31.457,55.714
210,125,31.773,56.275
210,130,32.097,56.852
210,135,32.431,57.446
210,140,32.774,58.055
210,145,33.125,58.68
210,150,33.484,59.319
210,155,33.852,59.973
210,160,34.227,60.64
210,165,34.61,61.321
210,170,34.999,62.014
210,175,35.396,62.72
210,180,35.8,63.438
210,185,36.21,64.168
210,190,36.626,64.908
210,195,37.048,65.66
210,200,37.476,66.422
210,210,38.348,67.975
210,220,39.241,69.565
210,230,40.154,71.19
210,240,41.084,72.847
210,250,42.03,74.533
210,260,42.992,76.248
210,270,43.969,77.988
210,280,44.958,79.752
210,290,45.96,81.538
210,300,46.973,83.345
210,310,47.997,85.171
210,320,49.03,87.015
210,330,50.073,88.876
210,340,51.124,90.752
210,350,52.184,92.643
210,360,53.25,94.548
210,370,54.324,96.465
210,380,55.404,98.394
210,390,56.49,100.334
210,400,57.582,102.284
210,410,58.679,104.244
210,420,59.78,106.213
210,430,60.887,108.19
210,440,61.997,110.176
210,450,63.112,112.169
210,460,64.23,114.169
210,470,65.352,116.175
210,480,66.477,118.188
210,490,67.605,120.206
210,500,68.737,122.23
210,510,69.87,124.259
210,520,71.006,126.293
210,530,72.145,128.331
210,540,73.286,130.373
210,550,74.429,132.42
210,560,75.573,134.47
210,570,76.72,136.523
210,580,77.868,138.58
210,590,79.018,140.64
210,600,80.169,142.703
210,610,81.322,144.769
210,620,82.476,146.837
210,630,83.631,148.907
210,640,84.787,150.98
210,650,85.944,153.055
210,660,87.102,155.132
210,670,88.261,157.21
210,680,89.42,159.29
210,690,90.581,161.372
210,700,91.742,163.456
210,710,92.904,165.54
210,720,94.066,167.626
210,730,95.228,169.713
210,740,96.392,171.801
210,750,97.555,173.89
210,760,98.719,175.98
210,770,99.883,178.071
210,780,101.048,180.162
210,790,102.212,182.254
210,800,103.377,184.347
210,810,104.542,186.44
210,820,105.707,188.533
210,830,106.872,190.627
210,840,108.038,192.722
210,850,109.203,194.816
210,860,110.368,196.911
210,870,111.533,199.006
210,880,112.698,201.101
210,890,113.863,203.196
210,900,115.028,205.29
210,910,116.193,207.385
210,920,117.357,209.48
210,930,118.521,211.574
210,940,119.686,213.669
210,950,120.849,215.763
210,960,122.013,217.857
210,970,123.176,219.952
210,980,124.339,222.046
210,990,125.502,224.138
210,1000,126.664,226.229
210,1010,127.826,228.32
210,1020,128.988,230.411
210,1030,130.149,232.502
210,1040,131.31,234.593
210,1050,132.47,236.681
210,1060,133.63,238.769
210,1070,134.789,240.857
210,1080,135.948,242.945
210,1090,137.105,245.03
210,1100,138.262,247.115
210,1110,139.418,249.199
210,1120,140.574,251.284
210,1130,141.73,253.364
210,1140,142.885,255.445
210,1150,144.039,257.526
210,1160,145.193,259.606
210,1170,146.347,261.684
210,1180,147.5,263.762
210,1190,148.652,265.839
210,1200,149.804,267.917
210,1210,150.955,269.995
210,1220,152.106,272.071
210,1230,153.256,274.146
210,1240,154.406,276.219
210,1250,155.555,278.292
210,1260,156.704,280.363
210,1270,157.852,282.433
210,1280,159.0,284.501
210,1290,160.147,286.568
210,1300,161.294,288.634
210,1310,162.441,290.699
210,1320,163.588,292.763
210,1330,164.734,294.827
210,1340,165.879,296.891
210,1350,167.025,298.955
210,1360,168.168,301.018
210,1370,169.31,303.081
210,1380,170.449,305.143
210,1390,171.584,307.205
210,1400,172.715,309.267
210,1410,173.845,311.327
210,1420,174.975,313.386
210,1430,176.104,315.44
210,1440,177.231,317.482
210,1450,178.359,319.52
210,1460,179.486,321.556
210,1470,180.611,323.588
210,1480,181.737,325.621
210,1490,182.861,327.654
210,1500,183.985,329.685
210,1510,185.108,331.714
210,1520,186.231,333.742
210,1530,187.353,335.767
210,1540,188.475,337.791
210,1550,189.597,339.814
210,1560,190.718,341.835
210,1570,191.838,343.856
210,1580,192.957,345.877
210,1590,194.076,347.898
210,1600,195.193,349.918
210,1610,196.309,351.938
210,1620,197.423,353.957
210,1630,198.535,355.974
210,1640,199.645,357.991
210,1650,200.752,360.007
210,1660,201.858,362.024
210,1670,202.963,364.031
210,1680,204.066,366.034
210,1690,205.167,368.033
210,1700,206.267,370.033
210,1710,207.365,372.029
210,1720,208.462,374.025
210,1730,209.557,376.017
210,1740,210.651,378.002
210,1750,211.743,379.985
210,1760,212.834,381.964
210,1770,213.924,383.942
210,1780,215.012,385.92
210,1790,216.099,387.893
210,1800,217.186,389.866
210,1810,218.271,391.839
210,1820,219.357,393.808
210,1830,220.442,395.77
210,1840,221.526,397.73
210,1850,222.601,399.689
210,1860,223.669,401.648
210,1870,224.737,403.606
210,1880,225.804,405.563
210,1890,226.871,407.521
210,1900,227.937,409.467
210,1910,229.002,411.393
210,1920,230.068,413.318
210,1930,231.133,415.242
210,1940,232.197,417.166
210,1950,233.247,419.091
210,1960,234.206,421.014
210,1970,235.164,422.893
210,1980,236.116,424.623
210,1990,237.053,426.345
210,2000,237.989,428.037
220,0,28.673,50.792
220,2,28.674,50.794
220,4,28.677,50.8
220,6,28.683,50.81
220,8,28.691,50.824
220,10,28.701,50.842
220,12,28.713,50.864
220,14,28.728,50.89
220,16,28.745,50.92
220,18,28.764,50.954
220,20,28.786,50.992
220,22,28.809,51.034
220,24,28.835,51.08
220,26,28.863,51.13
220,28,28.893,51.184
220,30,28.926,51.242
220,32,28.961,51.304
220,34,28.998,51.369
220,36,29.037,51.439
220,38,29.078,51.512
220,40,29.122,51.589
220,42,29.167,51.671
220,44,29.215,51.755
220,46,29.265,51.844
220,48,29.317,51.936
220,50,29.371,52.033
220,55,29.515,52.289
220,60,29.673,52.569
220,65,29.843,52.872
220,70,30.025,53.196
220,75,30.22,53.542
220,80,30.427,53.91
220,85,30.646,54.299
220,90,30.876,54.708
220,95,31.117,55.137
220,100,31.369,55.585
220,105,31.632,56.053
220,110,31.905,56.539
220,115,32.189,57.043
220,120,32.482,57.565
220,125,32.785,58.103
220,130,33.097,58.659
220,135,33.418,59.23
220,140,33.748,59.817
220,145,34.087,60.419
220,150,34.433,61.036
220,155,34.788,61.667
220,160,35.15,62.312
220,165,35.52,62.97
220,170,35.897,63.641
220,175,36.281,64.324
220,180,36.671,65.02
220,185,37.069,65.727
220,190,37.472,66.445
220,195,37.882,67.175
220,200,38.297,67.915
220,210,39.145,69.424
220,220,40.014,70.972
220,230,40.902,72.555
220,240,41.809,74.171
220,250,42.733,75.818
220,260,43.673,77.493
220,270,44.627,79.195
220,280,45.596,80.922
220,290,46.577,82.673
220,300,47.57,84.444
220,310,48.575,86.236
220,320,49.589,88.047
220,330,50.614,89.876
220,340,51.647,91.721
220,350,52.689,93.581
220,360,53.739,95.456
220,370,54.796,97.344
220,380,55.86,99.245
220,390,56.931,101.158
220,400,58.007,103.082
220,410,59.09,105.016
220,420,60.177,106.96
220,430,61.27,108.913
220,440,62.367,110.874
220,450,63.468,112.844
220,460,64.574,114.821
220,470,65.683,116.806
220,480,66.796,118.797
220,490,67.912,120.794
220,500,69.031,122.797
220,510,70.154,124.806
220,520,71.279,126.82
220,530,72.407,128.84
220,540,73.537,130.863
220,550,74.669,132.891
220,560,75.804,134.923
220,570,76.94,136.96
220,580,78.079,138.999
220,590,79.219,141.042
220,600,80.361,143.089
220,610,81.504,145.138
220,620,82.649,147.19
220,630,83.795,149.245
220,640,84.943,151.303
220,650,86.091,153.362
220,660,87.241,155.424
220,670,88.392,157.488
220,680,89.543,159.554
220,690,90.696,161.622
220,700,91.849,163.691
220,710,93.003,165.762
220,720,94.158,167.835
220,730,95.313,169.909
220,740,96.469,171.984
220,750,97.625,174.06
220,760,98.782,176.137
220,770,99.939,178.215
220,780,101.097,180.294
220,790,102.255,182.374
220,800,103.413,184.455
220,810,104.572,186.536
220,820,105.73,188.618
220,830,106.889,190.7
220,840,108.048,192.783
220,850,109.207,194.866
220,860,110.366,196.95
220,870,111.525,199.034
220,880,112.684,201.118
220,890,113.844,203.202
220,900,115.003,205.286
220,910,116.161,207.37
220,920,117.32,209.454
220,930,118.478,211.539
220,940,119.636,213.623
220,950,120.794,215.707
220,960,121.952,217.79
220,970,123.11,219.874
220,980,124.267,221.956
220,990,125.424,224.038
220,1000,126.58,226.119
220,1010,127.736,228.2
220,1020,128.892,230.28
220,1030,130.047,232.361
220,1040,131.202,234.442
220,1050,132.357,236.522
220,1060,133.512,238.6
220,1070,134.666,240.678
220,1080,135.82,242.756
220,1090,136.973,244.834
220,1100,138.125,246.912
220,1110,139.278,248.99
220,1120,140.43,251.067
220,1130,141.581,253.142
220,1140,142.733,255.217
220,1150,143.883,257.291
220,1160,145.033,259.364
220,1170,146.183,261.437
220,1180,147.332,263.508
220,1190,148.481,265.579
220,1200,149.629,267.647
220,1210,150.777,269.716
220,1220,151.925,271.783
220,1230,153.072,273.849
220,1240,154.219,275.914
220,1250,155.366,277.978
220,1260,156.512,280.042
220,1270,157.658,282.106
220,1280,158.804,284.17
220,1290,159.949,286.233
220,1300,161.093,288.296
220,1310,162.236,290.359
220,1320,163.376,292.421
220,1330,164.515,294.483
220,1340,165.652,296.545
220,1350,166.784,298.605
220,1360,167.914,300.664
220,1370,169.044,302.722
220,1380,170.174,304.771
220,1390,171.302,306.814
220,1400,172.43,308.853
220,1410,173.557,310.89
220,1420,174.684,312.924
220,1430,175.81,314.956
220,1440,176.935,316.989
220,1450,178.06,319.022
220,1460,179.183,321.052
220,1470,180.307,323.081
220,1480,181.429,325.109
220,1490,182.552,327.133
220,1500,183.674,329.157
220,1510,184.795,331.18
220,1520,185.916,333.202
220,1530,187.037,335.223
220,1540,188.157,337.244
220,1550,189.276,339.264
220,1560,190.393,341.284
220,1570,191.51,343.304
220,1580,192.624,345.323
220,1590,193.738,347.341
220,1600,194.849,349.358
220,1610,195.958,351.375
220,1620,197.065,353.391
220,1630,198.171,355.402
220,1640,199.275,357.407
220,1650,200.378,359.407
220,1660,201.479,361.407
220,1670,202.579,363.405
220,1680,203.677,365.402
220,1690,204.774,367.396
220,1700,205.869,369.386
220,1710,206.963,371.371
220,1720,208.055,373.354
220,1730,209.147,375.333
220,1740,210.237,377.311
220,1750,211.326,379.288
220,1760,212.413,381.262
220,1770,213.499,383.235
220,1780,214.585,385.208
220,1790,215.671,387.178
220,1800,216.756,389.14
220,1810,217.84,391.1
220,1820,218.922,393.06
220,1830,219.99,395.019
220,1840,221.059,396.976
220,1850,222.126,398.934
220,1860,223.193,400.891
220,1870,224.26,402.849
220,1880,225.326,404.776
220,1890,226.391,406.702
220,1900,227.456,408.627
220,1910,228.521,410.551
220,1920,229.586,412.475
220,1930,230.649,414.399
220,1940,231.609,416.321
220,1950,232.568,418.22
220,1960,233.524,419.95
220,1970,234.468,421.678
220,1980,235.404,423.385
220,1990,236.339,425.075
220,2000,237.272,426.763
230,0,29.871,52.947
230,2,29.872,52.949
230,4,29.875,52.954
230,6,29.881,52.964
230,8,29.888,52.977
230,10,29.898,52.995
230,12,29.91,53.016
230,14,29.924,53.04
230,16,29.94,53.069
230,18,29.958,53.102
230,20,29.978,53.138
230,22,30.001,53.178
230,24,30.025,53.222
230,26,30.052,53.269
230,28,30.081,53.321
230,30,30.112,53.376
230,32,30.145,53.434
230,34,30.18,53.497
230,36,30.218,53.563
230,38,30.257,53.633
230,40,30.298,53.707
230,42,30.342,53.784
230,44,30.387,53.865
230,46,30.435,53.95
230,48,30.484,54.038
230,50,30.536,54.13
230,55,30.674,54.375
230,60,30.824,54.642
230,65,30.986,54.931
230,70,31.161,55.241
230,75,31.347,55.572
230,80,31.545,55.924
230,85,31.754,56.296
230,90,31.974,56.688
230,95,32.205,57.099
230,100,32.447,57.529
230,105,32.699,57.978
230,110,32.962,58.445
230,115,33.234,58.929
230,120,33.516,59.43
230,125,33.807,59.949
230,130,34.107,60.483
230,135,34.417,61.034
230,140,34.735,61.6
230,145,35.061,62.181
230,150,35.395,62.776
230,155,35.738,63.385
230,160,36.088,64.009
230,165,36.445,64.645
230,170,36.81,65.295
230,175,37.181,65.956
230,180,37.56,66.63
230,185,37.945,67.316
230,190,38.336,68.013
230,195,38.734,68.721
230,200,39.137,69.44
230,210,39.961,70.907
230,220,40.806,72.414
230,230,41.671,73.956
230,240,42.555,75.532
230,250,43.457,77.14
230,260,44.375,78.777
230,270,45.308,80.441
230,280,46.256,82.131
230,290,47.217,83.846
230,300,48.19,85.583
230,310,49.175,87.341
230,320,50.171,89.119
230,330,51.177,90.915
230,340,52.193,92.729
230,350,53.218,94.559
230,360,54.25,96.404
230,370,55.291,98.263
230,380,56.339,100.136
230,390,57.394,102.021
230,400,58.456,103.918
230,410,59.523,105.826
230,420,60.596,107.744
230,430,61.675,109.673
230,440,62.758,111.61
230,450,63.846,113.556
230,460,64.938,115.511
230,470,66.035,117.473
230,480,67.135,119.442
230,490,68.24,121.418
230,500,69.347,123.4
230,510,70.458,125.389
230,520,71.572,127.383
230,530,72.688,129.382
230,540,73.808,131.387
230,550,74.929,133.396
230,560,76.054,135.41
230,570,77.18,137.428
230,580,78.308,139.45
230,590,79.439,141.476
230,600,80.571,143.506
230,610,81.705,145.539
230,620,82.841,147.574
230,630,83.978,149.613
230,640,85.117,151.655
230,650,86.256,153.699
230,660,87.398,155.746
230,670,88.54,157.795
230,680,89.683,159.847
230,690,90.828,161.9
230,700,91.973,163.955
230,710,93.119,166.012
230,720,94.266,168.071
230,730,95.414,170.131
230,740,96.562,172.193
230,750,97.711,174.256
230,760,98.86,176.32
230,770,100.01,178.386
230,780,101.161,180.452
230,790,102.312,182.52
230,800,103.463,184.588
230,810,104.615,186.657
230,820,105.766,188.727
230,830,106.919,190.798
230,840,108.071,192.869
230,850,109.223,194.941
230,860,110.376,197.013
230,870,111.529,199.086
230,880,112.682,201.159
230,890,113.834,203.232
230,900,114.987,205.305
230,910,116.14,207.379
230,920,117.293,209.453
230,930,118.445,211.526
230,940,119.598,213.6
230,950,120.75,215.674
230,960,121.903,217.747
230,970,123.055,219.821
230,980,124.206,221.894
230,990,125.358,223.967
230,1000,126.51,226.04
230,1010,127.662,228.113
230,1020,128.813,230.187
230,1030,129.963,232.259
230,1040,131.114,234.331
230,1050,132.264,236.402
230,1060,133.414,238.472
230,1070,134.563,240.543
230,1080,135.713,242.613
230,1090,136.862,244.681
230,1100,138.01,246.75
230,1110,139.158,248.818
230,1120,140.306,250.885
230,1130,141.454,252.951
230,1140,142.601,255.017
230,1150,143.749,257.083
230,1160,144.896,259.147
230,1170,146.042,261.21
230,1180,147.188,263.274
230,1190,148.334,265.338
230,1200,149.48,267.402
230,1210,150.625,269.465
230,1220,151.77,271.528
230,1230,152.914,273.59
230,1240,154.057,275.653
230,1250,155.198,277.714
230,1260,156.339,279.776
230,1270,157.477,281.836
230,1280,158.615,283.895
230,1290,159.75,285.955
230,1300,160.882,288.012
230,1310,162.012,290.065
230,1320,163.142,292.113
230,1330,164.272,294.158
230,1340,165.401,296.2
230,1350,166.529,298.238
230,1360,167.656,300.275
230,1370,168.783,302.309
230,1380,169.909,304.342
230,1390,171.035,306.374
230,1400,172.16,308.407
230,1410,173.284,310.438
230,1420,174.408,312.468
230,1430,175.531,314.495
230,1440,176.654,316.521
230,1450,177.776,318.545
230,1460,178.898,320.569
230,1470,180.019,322.592
230,1480,181.14,324.613
230,1490,182.261,326.634
230,1500,183.38,328.655
230,1510,184.5,330.675
230,1520,185.617,332.695
230,1530,186.734,334.715
230,1540,187.849,336.734
230,1550,188.962,338.752
230,1560,190.074,340.768
230,1570,191.184,342.785
230,1580,192.292,344.801
230,1590,193.399,346.812
230,1600,194.504,348.818
230,1610,195.608,350.819
230,1620,196.71,352.819
230,1630,197.811,354.818
230,1640,198.911,356.815
230,1650,200.009,358.811
230,1660,201.105,360.804
230,1670,202.2,362.791
230,1680,203.294,364.776
230,1690,204.387,366.758
230,1700,205.478,368.736
230,1710,206.568,370.714
230,1720,207.657,372.691
230,1730,208.745,374.664
230,1740,209.831,376.637
230,1750,210.917,378.61
230,1760,212.002,380.58
230,1770,213.088,382.542
230,1780,214.172,384.502
230,1790,215.256,386.462
230,1800,216.328,388.42
230,1810,217.396,390.378
230,1820,218.464,392.336
230,1830,219.532,394.293
230,1840,220.598,396.251
230,1850,221.664,398.187
230,1860,222.73,400.113
230,1870,223.796,402.038
230,1880,224.861,403.963
230,1890,225.925,405.887
230,1900,226.99,407.811
230,1910,228.054,409.734
230,1920,229.022,411.655
230,1930,229.981,413.565
230,1940,230.939,415.295
230,1950,231.892,417.025
230,1960,232.829,418.747
230,1970,233.765,420.44
230,1980,234.699,422.13
230,1990,235.631,423.815
230,2000,236.562,425.497
240,0,31.065,55.095
240,2,31.066,55.096
240,4,31.069,55.102
240,6,31.074,55.111
240,8,31.081,55.124
240,10,31.09,55.14
240,12,31.102,55.16
240,14,31.115,55.184
240,16,31.13,55.211
240,18,31.148,55.242
240,20,31.167,55.277
240,22,31.189,55.315
240,24,31.212,55.357
240,26,31.238,55.402
240,28,31.265,55.451
240,30,31.295,55.504
240,32,31.327,55.56
240,34,31.36,55.62
240,36,31.396,55.683
240,38,31.433,55.75
240,40,31.473,55.82
240,42,31.514,55.894
240,44,31.558,55.972
240,46,31.603,56.052
240,48,31.651,56.137
240,50,31.7,56.224
240,55,31.831,56.459
240,60,31.975,56.714
240,65,32.13,56.991
240,70,32.297,57.288
240,75,32.475,57.605
240,80,32.665,57.942
240,85,32.865,58.298
240,90,33.076,58.674
240,95,33.298,59.069
240,100,33.53,59.482
240,105,33.772,59.913
240,110,34.024,60.362
240,115,34.286,60.828
240,120,34.557,61.31
240,125,34.838,61.809
240,130,35.127,62.325
240,135,35.425,62.855
240,140,35.732,63.401
240,145,36.046,63.962
240,150,36.369,64.537
240,155,36.7,65.126
240,160,37.038,65.729
240,165,37.384,66.345
240,170,37.737,66.973
240,175,38.097,67.614
240,180,38.463,68.268
240,185,38.837,68.933
240,190,39.216,69.609
240,195,39.602,70.296
240,200,39.994,70.995
240,210,40.794,72.422
240,220,41.617,73.888
240,230,42.459,75.39
240,240,43.321,76.927
240,250,44.201,78.496
240,260,45.098,80.096
240,270,46.01,81.724
240,280,46.937,83.378
240,290,47.878,85.057
240,300,48.832,86.76
240,310,49.798,88.484
240,320,50.775,90.229
240,330,51.763,91.993
240,340,52.761,93.775
240,350,53.768,95.575
240,360,54.784,97.39
240,370,55.809,99.22
240,380,56.841,101.065
240,390,57.88,102.922
240,400,58.926,104.793
240,410,59.978,106.674
240,420,61.037,108.567
240,430,62.101,110.471
240,440,63.171,112.384
240,450,64.245,114.306
240,460,65.325,116.237
240,470,66.408,118.177
240,480,67.496,120.124
240,490,68.588,122.078
240,500,69.684,124.039
240,510,70.783,126.007
240,520,71.885,127.981
240,530,72.99,129.961
240,540,74.099,131.946
240,550,75.21,133.936
240,560,76.324,135.931
240,570,77.44,137.931
240,580,78.558,139.936
240,590,79.679,141.944
240,600,80.801,143.956
240,610,81.926,145.972
240,620,83.052,147.992
240,630,84.18,150.014
240,640,85.31,152.04
240,650,86.441,154.069
240,660,87.573,156.1
240,670,88.707,158.134
240,680,89.842,160.171
240,690,90.978,162.21
240,700,92.115,164.25
240,710,93.253,166.293
240,720,94.392,168.338
240,730,95.532,170.385
240,740,96.673,172.433
240,750,97.815,174.483
240,760,98.957,176.534
240,770,100.1,178.587
240,780,101.243,180.64
240,790,102.387,182.695
240,800,103.531,184.751
240,810,104.676,186.809
240,820,105.821,188.866
240,830,106.967,190.925
240,840,108.113,192.985
240,850,109.259,195.045
240,860,110.405,197.106
240,870,111.552,199.167
240,880,112.699,201.229
240,890,113.845,203.291
240,900,114.992,205.354
240,910,116.139,207.417
240,920,117.287,209.48
240,930,118.434,211.543
240,940,119.581,213.606
240,950,120.728,215.67
240,960,121.875,217.734
240,970,123.022,219.797
240,980,124.169,221.861
240,990,125.316,223.925
240,1000,126.463,225.988
240,1010,127.609,228.052
240,1020,128.756,230.115
240,1030,129.902,232.178
240,1040,131.048,234.241
240,1050,132.194,236.304
240,1060,133.34,238.367
240,1070,134.486,240.43
240,1080,135.632,242.492
240,1090,136.777,244.554
240,1100,137.922,246.617
240,1110,139.066,248.678
240,1120,140.21,250.74
240,1130,141.354,252.802
240,1140,142.497,254.862
240,1150,143.64,256.922
240,1160,144.782,258.982
240,1170,145.922,261.041
240,1180,147.063,263.101
240,1190,148.202,265.159
240,1200,149.34,267.216
240,1210,150.478,269.272
240,1220,151.614,271.326
240,1230,152.748,273.377
240,1240,153.88,275.427
240,1250,155.011,277.475
240,1260,156.141,279.52
240,1270,157.271,281.563
240,1280,158.4,283.603
240,1290,159.529,285.642
240,1300,160.657,287.679
240,1310,161.784,289.714
240,1320,162.911,291.747
240,1330,164.037,293.779
240,1340,165.163,295.812
240,1350,166.288,297.845
240,1360,167.412,299.875
240,1370,168.536,301.904
240,1380,169.659,303.931
240,1390,170.782,305.958
240,1400,171.904,307.982
240,1410,173.027,310.005
240,1420,174.148,312.028
240,1430,175.269,314.049
240,1440,176.39,316.071
240,1450,177.51,318.092
240,1460,178.63,320.112
240,1470,179.748,322.132
240,1480,180.866,324.152
240,1490,181.982,326.171
240,1500,183.097,328.189
240,1510,184.21,330.206
240,1520,185.323,332.223
240,1530,186.433,334.24
240,1540,187.541,336.255
240,1550,188.648,338.264
240,1560,189.754,340.269
240,1570,190.858,342.27
240,1580,191.961,344.27
240,1590,193.063,346.27
240,1600,194.163,348.266
240,1610,195.262,350.263
240,1620,196.36,352.256
240,1630,197.456,354.246
240,1640,198.55,356.231
240,1650,199.644,358.214
240,1660,200.736,360.195
240,1670,201.828,362.173
240,1680,202.918,364.151
240,1690,204.007,366.126
240,1700,205.094,368.099
240,1710,206.181,370.072
240,1720,207.266,372.045
240,1730,208.352,374.013
240,1740,209.437,375.975
240,1750,210.522,377.935
240,1760,211.606,379.894
240,1770,212.681,381.853
240,1780,213.75,383.811
240,1790,214.818,385.769
240,1800,215.885,387.726
240,1810,216.952,389.684
240,1820,218.019,391.624
240,1830,219.085,393.551
240,1840,220.15,395.477
240,1850,221.215,397.401
240,1860,222.28,399.325
240,1870,223.345,401.249
240,1880,224.409,403.173
240,1890,225.473,405.095
240,1900,226.445,407.017
240,1910,227.404,408.925
240,1920,228.363,410.657
240,1930,229.319,412.388
240,1940,230.263,414.114
240,1950,231.2,415.821
240,1960,232.135,417.511
240,1970,233.068,419.2
240,1980,234.0,420.883
240,1990,234.93,422.565
240,2000,235.859,424.244
250,0,32.255,57.236
250,2,32.256,57.238
250,4,32.259,57.243
250,6,32.264,57.252
250,8,32.271,57.264
250,10,32.28,57.28
250,12,32.29,57.299
250,14,32.303,57.322
250,16,32.318,57.348
250,18,32.334,57.378
250,20,32.353,57.411
250,22,32.374,57.447
250,24,32.396,57.487
250,26,32.42,57.531
250,28,32.447,57.578
250,30,32.475,57.628
250,32,32.505,57.682
250,34,32.537,57.739
250,36,32.571,57.799
250,38,32.607,57.863
250,40,32.645,57.931
250,42,32.685,58.001
250,44,32.726,58.075
250,46,32.77,58.153
250,48,32.815,58.233
250,50,32.862,58.317
250,55,32.988,58.542
250,60,33.126,58.787
250,65,33.275,59.051
250,70,33.434,59.336
250,75,33.605,59.64
250,80,33.787,59.964
250,85,33.979,60.306
250,90,34.182,60.667
250,95,34.395,61.046
250,100,34.618,61.443
250,105,34.851,61.858
250,110,35.093,62.29
250,115,35.345,62.738
250,120,35.606,63.203
250,125,35.876,63.684
250,130,36.155,64.181
250,135,36.442,64.693
250,140,36.738,65.22
250,145,37.042,65.762
250,150,37.354,66.317
250,155,37.674,66.887
250,160,38.001,67.47
250,165,38.336,68.066
250,170,38.677,68.675
250,175,39.026,69.297
250,180,39.381,69.93
250,185,39.743,70.575
250,190,40.112,71.232
250,195,40.486,71.9
250,200,40.867,72.578
250,210,41.645,73.966
250,220,42.445,75.393
250,230,43.266,76.857
250,240,44.106,78.356
250,250,44.965,79.888
250,260,45.841,81.45
250,270,46.732,83.042
250,280,47.639,84.66
250,290,48.56,86.305
250,300,49.495,87.973
250,310,50.442,89.664
250,320,51.401,91.377
250,330,52.371,93.109
250,340,53.351,94.861
250,350,54.341,96.629
250,360,55.34,98.415
250,370,56.348,100.216
250,380,57.364,102.033
250,390,58.388,103.863
250,400,59.419,105.706
250,410,60.456,107.562
250,420,61.5,109.429
250,430,62.55,111.307
250,440,63.606,113.196
250,450,64.667,115.094
250,460,65.733,117.002
250,470,66.804,118.918
250,480,67.879,120.843
250,490,68.959,122.776
250,500,70.042,124.716
250,510,71.129,126.663
250,520,72.22,128.616
250,530,73.314,130.576
250,540,74.412,132.542
250,550,75.512,134.513
250,560,76.615,136.489
250,570,77.721,138.471
250,580,78.829,140.457
250,590,79.939,142.448
250,600,81.052,144.443
250,610,82.167,146.442
250,620,83.284,148.445
250,630,84.403,150.451
250,640,85.523,152.461
250,650,86.646,154.474
250,660,87.769,156.49
250,670,88.895,158.509
250,680,90.021,160.53
250,690,91.149,162.555
250,700,92.278,164.581
250,710,93.408,166.61
250,720,94.54,168.641
250,730,95.672,170.674
250,740,96.805,172.709
250,750,97.939,174.745
250,760,99.074,176.783
250,770,100.21,178.823
250,780,101.346,180.864
250,790,102.483,182.907
250,800,103.621,184.951
250,810,104.759,186.996
250,820,105.898,189.042
250,830,107.037,191.089
250,840,108.176,193.138
250,850,109.316,195.187
250,860,110.456,197.236
250,870,111.597,199.287
250,880,112.738,201.338
250,890,113.879,203.39
250,900,115.02,205.442
250,910,116.161,207.495
250,920,117.303,209.549
250,930,118.444,211.602
250,940,119.586,213.656
250,950,120.727,215.71
250,960,121.869,217.765
250,970,123.011,219.82
250,980,124.153,221.874
250,990,125.294,223.929
250,1000,126.435,225.984
250,1010,127.576,228.039
250,1020,128.717,230.094
250,1030,129.858,232.149
250,1040,130.999,234.204
250,1050,132.139,236.259
250,1060,133.279,238.312
250,1070,134.419,240.366
250,1080,135.558,242.418
250,1090,136.696,244.471
250,1100,137.835,246.522
250,1110,138.972,248.573
250,1120,140.109,250.624
250,1130,141.246,252.673
250,1140,142.382,254.722
250,1150,143.516,256.77
250,1160,144.649,258.818
250,1170,145.781,260.863
250,1180,146.912,262.906
250,1190,148.042,264.949
250,1200,149.172,266.99
250,1210,150.302,269.029
250,1220,151.431,271.068
250,1230,152.56,273.104
250,1240,153.687,275.14
250,1250,154.815,277.174
250,1260,155.942,279.206
250,1270,157.068,281.239
250,1280,158.194,283.272
250,1290,159.319,285.304
250,1300,160.444,287.334
250,1310,161.568,289.363
250,1320,162.692,291.391
250,1330,163.815,293.418
250,1340,164.937,295.442
250,1350,166.06,297.466
250,1360,167.182,299.49
250,1370,168.303,301.511
250,1380,169.424,303.532
250,1390,170.545,305.554
250,1400,171.665,307.575
250,1410,172.785,309.595
250,1420,173.904,311.615
250,1430,175.021,313.635
250,1440,176.138,315.654
250,1450,177.253,317.672
250,1460,178.368,319.689
250,1470,179.481,321.705
250,1480,180.593,323.722
250,1490,181.703,325.738
250,1500,182.811,327.748
250,1510,183.918,329.754
250,1520,185.024,331.759
250,1530,186.129,333.759
250,1540,187.232,335.759
250,1550,188.334,337.758
250,1560,189.435,339.755
250,1570,190.534,341.751
250,1580,191.633,343.745
250,1590,192.729,345.735
250,1600,193.825,347.721
250,1610,194.919,349.704
250,1620,196.012,351.687
250,1630,197.104,353.665
250,1640,198.195,355.642
250,1650,199.285,357.62
250,1660,200.373,359.593
250,1670,201.46,361.566
250,1680,202.547,363.539
250,1690,203.633,365.511
250,1700,204.718,367.476
250,1710,205.803,369.437
250,1720,206.888,371.398
250,1730,207.972,373.356
250,1740,209.049,375.315
250,1750,210.118,377.273
250,1760,211.186,379.23
250,1770,212.254,381.188
250,1780,213.321,383.146
250,1790,214.387,385.087
250,1800,215.453,387.015
250,1810,216.519,388.941
250,1820,217.584,390.865
250,1830,218.649,392.789
250,1840,219.714,394.713
250,1850,220.778,396.637
250,1860,221.842,398.56
250,1870,222.906,400.481
250,1880,223.876,402.403
250,1890,224.836,404.3
250,1900,225.795,406.035
250,1910,226.753,407.765
250,1920,227.705,409.494
250,1930,228.643,411.214
250,1940,229.579,412.907
250,1950,230.512,414.597
250,1960,231.445,416.282
250,1970,232.376,417.965
250,1980,233.306,419.645
250,1990,234.235,421.324
250,2000,235.162,423.001
260,0,33.441,59.371
260,2,33.442,59.373
260,4,33.445,59.378
260,6,33.449,59.386
260,8,33.456,59.398
260,10,33.464,59.413
260,12,33.475,59.431
260,14,33.487,59.453
260,16,33.501,59.478
260,18,33.517,59.507
260,20,33.535,59.538
260,22,33.554,59.573
260,24,33.576,59.612
260,26,33.599,59.653
260,28,33.625,59.698
260,30,33.652,59.746
260,32,33.68,59.798
260,34,33.711,59.852
260,36,33.744,59.91
260,38,33.778,59.972
260,40,33.814,60.036
260,42,33.852,60.104
260,44,33.892,60.175
260,46,33.934,60.249
260,48,33.977,60.326
260,50,34.023,60.407
260,55,34.143,60.622
260,60,34.275,60.857
260,65,34.418,61.111
260,70,34.571,61.384
260,75,34.735,61.677
260,80,34.91,61.987
260,85,35.095,62.316
260,90,35.289,62.663
260,95,35.494,63.028
260,100,35.708,63.41
260,105,35.933,63.809
260,110,36.166,64.225
260,115,36.409,64.657
260,120,36.66,65.106
260,125,36.921,65.57
260,130,37.19,66.049
260,135,37.467,66.544
260,140,37.753,67.053
260,145,38.046,67.576
260,150,38.348,68.114
260,155,38.657,68.665
260,160,38.974,69.23
260,165,39.298,69.807
260,170,39.629,70.397
260,175,39.967,71.0
260,180,40.311,71.614
260,185,40.662,72.24
260,190,41.02,72.878
260,195,41.384,73.526
260,200,41.753,74.186
260,210,42.51,75.535
260,220,43.289,76.925
260,230,44.089,78.352
260,240,44.908,79.813
260,250,45.746,81.309
260,260,46.601,82.835
260,270,47.473,84.391
260,280,48.36,85.975
260,290,49.261,87.585
260,300,50.177,89.22
260,310,51.105,90.878
260,320,52.046,92.559
260,330,52.998,94.259
260,340,53.96,95.98
260,350,54.933,97.719
260,360,55.916,99.475
260,370,56.907,101.247
260,380,57.907,103.035
260,390,58.915,104.838
260,400,59.931,106.654
260,410,60.954,108.483
260,420,61.983,110.325
260,430,63.019,112.178
260,440,64.061,114.042
260,450,65.108,115.916
260,460,66.161,117.8
260,470,67.218,119.694
260,480,68.281,121.596
260,490,69.348,123.507
260,500,70.419,125.425
260,510,71.495,127.351
260,520,72.574,129.284
260,530,73.656,131.223
260,540,74.742,133.169
260,550,75.832,135.121
260,560,76.924,137.079
260,570,78.019,139.041
260,580,79.117,141.01
260,590,80.218,142.982
260,600,81.32,144.96
260,610,82.426,146.942
260,620,83.533,148.927
260,630,84.642,150.917
260,640,85.754,152.911
260,650,86.867,154.907
260,660,87.982,156.908
260,670,89.098,158.911
260,680,90.216,160.917
260,690,91.335,162.927
260,700,92.456,164.938
260,710,93.578,166.953
260,720,94.701,168.969
260,730,95.826,170.988
260,740,96.951,173.009
260,750,98.078,175.032
260,760,99.205,177.057
260,770,100.333,179.083
260,780,101.462,181.112
260,790,102.592,183.141
260,800,103.722,185.172
260,810,104.853,187.205
260,820,105.985,189.239
260,830,107.117,191.274
260,840,108.25,193.31
260,850,109.383,195.347
260,860,110.516,197.385
260,870,111.65,199.423
260,880,112.784,201.463
260,890,113.918,203.503
260,900,115.053,205.544
260,910,116.188,207.585
260,920,117.323,209.627
260,930,118.458,211.67
260,940,119.593,213.712
260,950,120.728,215.755
260,960,121.863,217.798
260,970,122.999,219.842
260,980,124.133,221.885
260,990,125.268,223.928
260,1000,126.403,225.972
260,1010,127.537,228.015
260,1020,128.671,230.058
260,1030,129.805,232.101
260,1040,130.938,234.144
260,1050,132.071,236.186
260,1060,133.204,238.228
260,1070,134.336,240.269
260,1080,135.467,242.31
260,1090,136.598,244.35
260,1100,137.729,246.389
260,1110,138.859,248.428
260,1120,139.989,250.466
260,1130,141.118,252.503
260,1140,142.247,254.539
260,1150,143.376,256.575
260,1160,144.504,258.609
260,1170,145.631,260.642
260,1180,146.759,262.675
260,1190,147.885,264.707
260,1200,149.011,266.74
260,1210,150.137,268.773
260,1220,151.263,270.803
260,1230,152.388,272.832
260,1240,153.512,274.861
260,1250,154.636,276.888
260,1260,155.759,278.915
260,1270,156.882,280.94
260,1280,158.005,282.964
260,1290,159.127,284.988
260,1300,160.249,287.011
260,1310,161.371,289.032
260,1320,162.492,291.053
260,1330,163.612,293.075
260,1340,164.733,295.095
260,1350,165.852,297.115
260,1360,166.972,299.135
260,1370,168.09,301.155
260,1380,169.207,303.174
260,1390,170.324,305.192
260,1400,171.439,307.21
260,1410,172.553,309.226
260,1420,173.667,311.243
260,1430,174.779,313.259
260,1440,175.889,315.273
260,1450,176.999,317.282
260,1460,178.106,319.288
260,1470,179.213,321.293
260,1480,180.319,323.294
260,1490,181.423,325.294
260,1500,182.526,327.294
260,1510,183.628,329.291
260,1520,184.729,331.288
260,1530,185.829,333.282
260,1540,186.927,335.276
260,1550,188.024,337.265
260,1560,189.12,339.25
260,1570,190.215,341.234
260,1580,191.308,343.216
260,1590,192.401,345.194
260,1600,193.492,347.172
260,1610,194.582,349.15
260,1620,195.672,351.124
260,1630,196.76,353.097
260,1640,197.847,355.07
260,1650,198.933,357.042
260,1660,200.019,359.011
260,1670,201.104,360.974
260,1680,202.189,362.934
260,1690,203.274,364.894
260,1700,204.357,366.853
260,1710,205.434,368.811
260,1720,206.503,370.769
260,1730,207.571,372.726
260,1740,208.639,374.684
260,1750,209.706,376.641
260,1760,210.773,378.58
260,1770,211.839,380.507
260,1780,212.905,382.433
260,1790,213.97,384.358
260,1800,215.035,386.282
260,1810,216.1,388.206
260,1820,217.164,390.13
260,1830,218.229,392.053
260,1840,219.292,393.975
260,1850,220.354,395.897
260,1860,221.318,397.818
260,1870,222.279,399.694
260,1880,223.238,401.43
260,1890,224.197,403.161
260,1900,225.152,404.891
260,1910,226.095,406.616
260,1920,227.032,408.32
260,1930,227.967,410.01
260,1940,228.9,411.698
260,1950,229.832,413.381
260,1960,230.762,415.063
260,1970,231.692,416.742
260,1980,232.62,418.42
260,1990,233.547,420.096
260,2000,234.473,421.769
270,0,34.622,61.497
270,2,34.623,61.499
270,4,34.625,61.504
270,6,34.63,61.512
270,8,34.636,61.523
270,10,34.644,61.537
270,12,34.654,61.555
270,14,34.666,61.576
270,16,34.679,61.6
270,18,34.695,61.627
270,20,34.712,61.657
270,22,34.73,61.691
270,24,34.751,61.728
270,26,34.773,61.768
270,28,34.798,61.811
270,30,34.824,61.857
270,32,34.851,61.906
270,34,34.881,61.959
270,36,34.912,62.014
270,38,34.945,62.073
270,40,34.98,62.135
270,42,35.016,62.2
270,44,35.054,62.268
270,46,35.094,62.339
270,48,35.136,62.414
270,50,35.18,62.491
270,55,35.296,62.698
270,60,35.422,62.923
270,65,35.559,63.167
270,70,35.707,63.43
270,75,35.864,63.711
270,80,36.032,64.01
270,85,36.209,64.326
270,90,36.397,64.66
270,95,36.594,65.012
270,100,36.8,65.38
270,105,37.016,65.764
270,110,37.241,66.165
270,115,37.475,66.582
270,120,37.718,67.015
270,125,37.969,67.463
270,130,38.229,67.926
270,135,38.497,68.404
270,140,38.773,68.896
270,145,39.057,69.402
270,150,39.349,69.922
270,155,39.648,70.456
270,160,39.954,71.003
270,165,40.268,71.562
270,170,40.589,72.134
270,175,40.917,72.719
270,180,41.251,73.315
270,185,41.592,73.923
270,190,41.939,74.542
270,195,42.292,75.172
270,200,42.651,75.813
270,210,43.387,77.126
270,220,44.145,78.479
270,230,44.924,79.869
270,240,45.723,81.295
270,250,46.541,82.755
270,260,47.376,84.246
270,270,48.228,85.767
270,280,49.096,87.317
270,290,49.978,88.893
270,300,50.875,90.495
270,310,51.785,92.121
270,320,52.707,93.769
270,330,53.641,95.439
270,340,54.587,97.128
270,350,55.543,98.837
270,360,56.508,100.564
270,370,57.483,102.307
270,380,58.467,104.067
270,390,59.46,105.842
270,400,60.46,107.631
270,410,61.468,109.434
270,420,62.482,111.249
270,430,63.504,113.077
270,440,64.531,114.916
270,450,65.565,116.766
270,460,66.604,118.627
270,470,67.649,120.497
270,480,68.699,122.376
270,490,69.753,124.265
270,500,70.812,126.161
270,510,71.875,128.066
270,520,72.942,129.977
270,530,74.013,131.896
270,540,75.088,133.822
270,550,76.166,135.754
270,560,77.247,137.692
270,570,78.332,139.636
270,580,79.419,141.586
270,590,80.509,143.54
270,600,81.602,145.499
270,610,82.697,147.463
270,620,83.794,149.432
270,630,84.894,151.405
270,640,85.996,153.381
270,650,87.099,155.362
270,660,88.205,157.345
270,670,89.312,159.333
270,680,90.422,161.323
270,690,91.532,163.317
270,700,92.644,165.313
270,710,93.758,167.313
270,720,94.873,169.314
270,730,95.989,171.319
270,740,97.106,173.325
270,750,98.224,175.334
270,760,99.343,177.344
270,770,100.464,179.357
270,780,101.585,181.371
270,790,102.707,183.388
270,800,103.829,185.405
270,810,104.953,187.425
270,820,106.077,189.445
270,830,107.201,191.467
270,840,108.327,193.49
270,850,109.452,195.514
270,860,110.579,197.539
270,870,111.705,199.566
270,880,112.832,201.593
270,890,113.959,203.62
270,900,115.087,205.649
270,910,116.214,207.678
270,920,117.342,209.708
270,930,118.47,211.738
270,940,119.598,213.768
270,950,120.726,215.799
270,960,121.855,217.831
270,970,122.983,219.862
270,980,124.111,221.894
270,990,125.239,223.925
270,1000,126.367,225.957
270,1010,127.495,227.989
270,1020,128.622,230.021
270,1030,129.75,232.053
270,1040,130.877,234.084
270,1050,132.004,236.115
270,1060,133.131,238.146
270,1070,134.258,240.177
270,1080,135.384,242.207
270,1090,136.51,244.236
270,1100,137.636,246.266
270,1110,138.762,248.295
270,1120,139.887,250.324
270,1130,141.012,252.351
270,1140,142.137,254.379
270,1150,143.261,256.407
270,1160,144.385,258.433
270,1170,145.508,260.458
270,1180,146.631,262.482
270,1190,147.754,264.506
270,1200,148.876,266.53
270,1210,149.999,268.553
270,1220,151.12,270.575
270,1230,152.242,272.596
270,1240,153.363,274.617
270,1250,154.484,276.639
270,1260,155.605,278.659
270,1270,156.725,280.679
270,1280,157.844,282.699
270,1290,158.964,284.719
270,1300,160.082,286.738
270,1310,161.2,288.756
270,1320,162.317,290.774
270,1330,163.433,292.791
270,1340,164.548,294.807
270,1350,165.662,296.824
270,1360,166.776,298.841
270,1370,167.888,300.855
270,1380,169.0,302.866
270,1390,170.11,304.874
270,1400,171.219,306.88
270,1410,172.327,308.886
270,1420,173.434,310.889
270,1430,174.539,312.889
270,1440,175.644,314.888
270,1450,176.748,316.888
270,1460,177.85,318.885
270,1470,178.952,320.881
270,1480,180.052,322.876
270,1490,181.152,324.87
270,1500,182.25,326.86
270,1510,183.347,328.846
270,1520,184.442,330.831
270,1530,185.537,332.814
270,1540,186.631,334.795
270,1550,187.723,336.773
270,1560,188.815,338.75
270,1570,189.905,340.728
270,1580,190.995,342.702
270,1590,192.084,344.675
270,1600,193.171,346.647
270,1610,194.257,348.62
270,1620,195.343,350.589
270,1630,196.429,352.552
270,1640,197.514,354.513
270,1650,198.599,356.474
270,1660,199.683,358.433
270,1670,200.765,360.391
270,1680,201.84,362.349
270,1690,202.909,364.307
270,1700,203.977,366.264
270,1710,205.045,368.222
270,1720,206.112,370.177
270,1730,207.179,372.108
270,1740,208.245,374.036
270,1750,209.311,375.962
270,1760,210.376,377.887
270,1770,211.441,379.811
270,1780,212.506,381.735
270,1790,213.571,383.659
270,1800,214.635,385.582
270,1810,215.698,387.503
270,1820,216.762,389.425
270,1830,217.807,391.347
270,1840,218.772,393.267
270,1850,219.734,395.108
270,1860,220.694,396.845
270,1870,221.652,398.578
270,1880,222.609,400.308
270,1890,223.559,402.036
270,1900,224.496,403.751
270,1910,225.432,405.442
270,1920,226.366,407.133
270,1930,227.298,408.817
270,1940,228.23,410.5
270,1950,229.159,412.18
270,1960,230.088,413.858
270,1970,231.016,415.535
270,1980,231.942,417.21
270,1990,232.868,418.882
270,2000,233.792,420.552
280,0,35.798,63.615
280,2,35.798,63.616
280,4,35.801,63.621
280,6,35.805,63.629
280,8,35.811,63.64
280,10,35.819,63.653
280,12,35.829,63.67
280,14,35.84,63.69
280,16,35.853,63.713
280,18,35.868,63.74
280,20,35.884,63.769
280,22,35.902,63.801
280,24,35.922,63.836
280,26,35.943,63.875
280,28,35.967,63.916
280,30,35.991,63.96
280,32,36.018,64.008
280,34,36.046,64.058
280,36,36.076,64.112
280,38,36.108,64.168
280,40,36.141,64.228
280,42,36.176,64.29
280,44,36.213,64.356
280,46,36.252,64.424
280,48,36.292,64.496
280,50,36.333,64.57
280,55,36.445,64.769
280,60,36.567,64.986
280,65,36.698,65.22
280,70,36.84,65.473
280,75,36.992,65.744
280,80,37.153,66.031
280,85,37.324,66.336
280,90,37.505,66.658
280,95,37.695,66.997
280,100,37.894,67.351
280,105,38.102,67.722
280,110,38.319,68.109
280,115,38.544,68.512
280,120,38.779,68.93
280,125,39.021,69.362
280,130,39.272,69.81
280,135,39.531,70.272
280,140,39.798,70.748
280,145,40.073,71.238
280,150,40.355,71.742
280,155,40.645,72.259
280,160,40.942,72.788
280,165,41.246,73.331
280,170,41.557,73.886
280,175,41.875,74.453
280,180,42.199,75.032
280,185,42.53,75.622
280,190,42.867,76.223
280,195,43.21,76.836
280,200,43.56,77.459
280,210,44.276,78.737
280,220,45.014,80.055
280,230,45.773,81.41
280,240,46.552,82.8
280,250,47.349,84.225
280,260,48.165,85.682
280,270,48.998,87.169
280,280,49.846,88.685
280,290,50.71,90.229
280,300,51.588,91.798
280,310,52.48,93.391
280,320,53.385,95.008
280,330,54.301,96.647
280,340,55.229,98.306
280,350,56.168,99.985
280,360,57.118,101.682
280,370,58.076,103.397
280,380,59.044,105.128
280,390,60.021,106.876
280,400,61.006,108.638
280,410,61.999,110.414
280,420,62.999,112.204
280,430,64.006,114.006
280,440,65.019,115.82
280,450,66.039,117.646
280,460,67.065,119.482
280,470,68.096,121.329
280,480,69.133,123.186
280,490,70.174,125.051
280,500,71.221,126.926
280,510,72.272,128.809
280,520,73.327,130.699
280,530,74.386,132.597
280,540,75.449,134.503
280,550,76.516,136.415
280,560,77.586,138.333
280,570,78.66,140.258
280,580,79.736,142.188
280,590,80.816,144.124
280,600,81.898,146.065
280,610,82.983,148.011
280,620,84.07,149.962
280,630,85.16,151.917
280,640,86.252,153.877
280,650,87.347,155.84
280,660,88.443,157.808
280,670,89.541,159.779
280,680,90.641,161.753
280,690,91.743,163.731
280,700,92.846,165.712
280,710,93.951,167.696
280,720,95.057,169.683
280,730,96.165,171.672
280,740,97.274,173.664
280,750,98.384,175.658
280,760,99.495,177.654
280,770,100.607,179.653
280,780,101.72,181.653
280,790,102.834,183.655
280,800,103.949,185.66
280,810,105.065,187.665
280,820,106.182,189.673
280,830,107.299,191.681
280,840,108.417,193.691
280,850,109.535,195.703
280,860,110.654,197.715
280,870,111.774,199.729
280,880,112.894,201.743
280,890,114.014,203.759
280,900,115.135,205.775
280,910,116.256,207.792
280,920,117.377,209.81
280,930,118.499,211.828
280,940,119.62,213.847
280,950,120.742,215.867
280,960,121.864,217.886
280,970,122.986,219.907
280,980,124.108,221.927
280,990,125.231,223.948
280,1000,126.353,225.968
280,1010,127.475,227.989
280,1020,128.597,230.011
280,1030,129.719,232.032
280,1040,130.841,234.053
280,1050,131.963,236.074
280,1060,133.085,238.095
280,1070,134.207,240.116
280,1080,135.328,242.137
280,1090,136.45,244.157
280,1100,137.571,246.177
280,1110,138.692,248.197
280,1120,139.813,250.217
280,1130,140.934,252.237
280,1140,142.054,254.257
280,1150,143.174,256.277
280,1160,144.294,258.296
280,1170,145.414,260.315
280,1180,146.533,262.334
280,1190,147.652,264.352
280,1200,148.771,266.37
280,1210,149.889,268.387
280,1220,151.006,270.403
280,1230,152.123,272.42
280,1240,153.24,274.437
280,1250,154.356,276.453
280,1260,155.471,278.469
280,1270,156.586,280.484
280,1280,157.7,282.496
280,1290,158.813,284.509
280,1300,159.926,286.518
280,1310,161.038,288.527
280,1320,162.148,290.534
280,1330,163.258,292.539
280,1340,164.367,294.545
280,1350,165.475,296.549
280,1360,166.582,298.549
280,1370,167.688,300.549
280,1380,168.793,302.548
280,1390,169.897,304.547
280,1400,171.001,306.544
280,1410,172.103,308.541
280,1420,173.205,310.535
280,1430,174.305,312.529
280,1440,175.405,314.522
280,1450,176.503,316.51
280,1460,177.601,318.496
280,1470,178.697,320.48
280,1480,179.792,322.463
280,1490,180.886,324.445
280,1500,181.98,326.423
280,1510,183.072,328.401
280,1520,184.164,330.378
280,1530,185.254,332.354
280,1540,186.344,334.327
280,1550,187.432,336.3
280,1560,188.519,338.273
280,1570,189.606,340.244
280,1580,190.692,342.212
280,1590,191.777,344.175
280,1600,192.863,346.136
280,1610,193.948,348.096
280,1620,195.032,350.055
280,1630,196.115,352.014
280,1640,197.195,353.972
280,1650,198.266,355.929
280,1660,199.335,357.887
280,1670,200.403,359.844
280,1680,201.471,361.8
280,1690,202.538,363.744
280,1700,203.605,365.672
280,1710,204.671,367.6
280,1720,205.737,369.526
280,1730,206.802,371.45
280,1740,207.867,373.374
280,1750,208.932,375.298
280,1760,209.996,377.222
280,1770,211.06,379.145
280,1780,212.124,381.067
280,1790,213.187,382.988
280,1800,214.25,384.91
280,1810,215.272,386.83
280,1820,216.238,388.749
280,1830,217.2,390.542
280,1840,218.16,392.281
280,1850,219.12,394.015
280,1860,220.077,395.745
280,1870,221.03,397.474
280,1880,221.971,399.196
280,1890,222.908,400.894
280,1900,223.842,402.584
280,1910,224.775,404.271
280,1920,225.707,405.955
280,1930,226.638,407.636
280,1940,227.567,409.315
280,1950,228.495,410.993
280,1960,229.422,412.669
280,1970,230.348,414.342
280,1980,231.273,416.013
280,1990,232.197,417.682
280,2000,233.12,419.35
290,0,36.97,65.726
290,2,36.97,65.728
290,4,36.973,65.732
290,6,36.977,65.739
290,8,36.983,65.75
290,10,36.99,65.763
290,12,36.999,65.779
290,14,37.01,65.799
290,16,37.023,65.821
290,18,37.037,65.846
290,20,37.052,65.874
290,22,37.07,65.905
290,24,37.089,65.939
290,26,37.11,65.976
290,28,37.132,66.016
290,30,37.156,66.058
290,32,37.181,66.104
290,34,37.209,66.153
290,36,37.238,66.204
290,38,37.268,66.258
290,40,37.3,66.316
290,42,37.334,66.376
290,44,37.369,66.439
290,46,37.406,66.505
290,48,37.445,66.573
290,50,37.485,66.645
290,55,37.592,66.836
290,60,37.709,67.045
290,65,37.836,67.271
290,70,37.973,67.515
290,75,38.119,67.775
290,80,38.274,68.053
290,85,38.439,68.347
290,90,38.613,68.657
290,95,38.796,68.984
290,100,38.988,69.326
290,105,39.189,69.684
290,110,39.398,70.058
290,115,39.616,70.447
290,120,39.843,70.851
290,125,40.077,71.269
290,130,40.32,71.702
290,135,40.571,72.149
290,140,40.829,72.61
290,145,41.095,73.085
290,150,41.368,73.572
290,155,41.649,74.073
290,160,41.937,74.587
290,165,42.232,75.113
290,170,42.533,75.652
290,175,42.842,76.202
290,180,43.157,76.764
290,185,43.478,77.338
290,190,43.805,77.922
290,195,44.139,78.518
290,200,44.479,79.124
290,210,45.175,80.368
290,220,45.894,81.651
290,230,46.634,82.972
290,240,47.393,84.329
290,250,48.172,85.72
290,260,48.969,87.143
290,270,49.783,88.597
290,280,50.613,90.081
290,290,51.458,91.592
290,300,52.318,93.129
290,310,53.192,94.691
290,320,54.079,96.276
290,330,54.978,97.884
290,340,55.889,99.513
290,350,56.812,101.163
290,360,57.744,102.831
290,370,58.687,104.517
290,380,59.639,106.221
290,390,60.6,107.941
290,400,61.57,109.676
290,410,62.548,111.426
290,420,63.533,113.19
290,430,64.526,114.967
290,440,65.525,116.756
290,450,66.531,118.557
290,460,67.543,120.37
290,470,68.562,122.193
290,480,69.585,124.027
290,490,70.614,125.87
290,500,71.648,127.722
290,510,72.687,129.583
290,520,73.73,131.453
290,530,74.777,133.33
290,540,75.829,135.215
290,550,76.884,137.107
290,560,77.943,139.006
290,570,79.005,140.911
290,580,80.071,142.822
290,590,81.14,144.739
290,600,82.212,146.662
290,610,83.287,148.59
290,620,84.364,150.523
290,630,85.444,152.461
290,640,86.527,154.403
290,650,87.611,156.35
290,660,88.698,158.301
290,670,89.787,160.255
290,680,90.878,162.214
290,690,91.971,164.176
290,700,93.065,166.141
290,710,94.162,168.11
290,720,95.259,170.081
290,730,96.358,172.056
290,740,97.459,174.033
290,750,98.561,176.012
290,760,99.664,177.995
290,770,100.769,179.979
290,780,101.874,181.966
290,790,102.98,183.954
290,800,104.088,185.945
290,810,105.196,187.938
290,820,106.305,189.932
290,830,107.415,191.928
290,840,108.526,193.925
290,850,109.638,195.924
290,860,110.75,197.924
290,870,111.862,199.925
290,880,112.975,201.928
290,890,114.089,203.931
290,900,115.203,205.936
290,910,116.318,207.942
290,920,117.433,209.948
290,930,118.548,211.955
290,940,119.663,213.963
290,950,120.779,215.972
290,960,121.895,217.981
290,970,123.012,219.991
290,980,124.128,222.001
290,990,125.244,224.012
290,1000,126.361,226.023
290,1010,127.478,228.034
290,1020,128.594,230.046
290,1030,129.711,232.058
290,1040,130.828,234.07
290,1050,131.944,236.082
290,1060,133.061,238.094
290,1070,134.177,240.106
290,1080,135.294,242.118
290,1090,136.41,244.131
290,1100,137.526,246.143
290,1110,138.642,248.155
290,1120,139.758,250.167
290,1130,140.873,252.178
290,1140,141.988,254.189
290,1150,143.103,256.2
290,1160,144.217,258.209
290,1170,145.331,260.218
290,1180,146.444,262.227
290,1190,147.558,264.236
290,1200,148.671,266.245
290,1210,149.783,268.252
290,1220,150.895,270.258
290,1230,152.006,272.263
290,1240,153.116,274.268
290,1250,154.226,276.273
290,1260,155.335,278.277
290,1270,156.444,280.278
290,1280,157.551,282.278
290,1290,158.658,284.277
290,1300,159.765,286.277
290,1310,160.87,288.277
290,1320,161.975,290.274
290,1330,163.079,292.27
290,1340,164.182,294.267
290,1350,165.285,296.262
290,1360,166.387,298.255
290,1370,167.487,300.249
290,1380,168.587,302.239
290,1390,169.687,304.226
290,1400,170.785,306.213
290,1410,171.882,308.197
290,1420,172.978,310.181
290,1430,174.073,312.163
290,1440,175.168,314.143
290,1450,176.261,316.121
290,1460,177.354,318.099
290,1470,178.446,320.076
290,1480,179.537,322.052
290,1490,180.627,324.025
290,1500,181.716,325.997
290,1510,182.804,327.97
290,1520,183.891,329.942
290,1530,184.977,331.912
290,1540,186.063,333.876
290,1550,187.149,335.838
290,1560,188.234,337.799
290,1570,189.319,339.759
290,1580,190.403,341.718
290,1590,191.487,343.676
290,1600,192.567,345.634
290,1610,193.642,347.591
290,1620,194.711,349.549
290,1630,195.78,351.506
290,1640,196.848,353.462
290,1650,197.915,355.412
290,1660,198.982,357.341
290,1670,200.049,359.269
290,1680,201.115,361.196
290,1690,202.181,363.121
290,1700,203.246,365.045
290,1710,204.311,366.969
290,1720,205.376,368.893
290,1730,206.44,370.817
290,1740,207.504,372.739
290,1750,208.567,374.661
290,1760,209.631,376.583
290,1770,210.694,378.504
290,1780,211.756,380.424
290,1790,212.748,382.343
290,1800,213.714,384.251
290,1810,214.677,385.995
290,1820,215.638,387.734
290,1830,216.597,389.47
290,1840,217.555,391.2
290,1850,218.51,392.93
290,1860,219.456,394.654
290,1870,220.393,396.361
290,1880,221.328,398.052
290,1890,222.262,399.741
290,1900,223.194,401.425
290,1910,224.125,403.108
290,1920,225.055,404.788
290,1930,225.984,406.466
290,1940,226.911,408.143
290,1950,227.838,409.817
290,1960,228.763,411.489
290,1970,229.688,413.159
290,1980,230.611,414.827
290,1990,231.532,416.494
290,2000,232.451,418.155
300,0,38.137,67.831
300,2,38.138,67.832
300,4,38.141,67.836
300,6,38.145,67.843
300,8,38.15,67.853
300,10,38.157,67.866
300,12,38.166,67.882
300,14,38.176,67.9
300,16,38.188,67.922
300,18,38.202,67.946
300,20,38.217,67.973
300,22,38.234,68.003
300,24,38.252,68.036
300,26,38.272,68.071
300,28,38.294,68.109
300,30,38.317,68.151
300,32,38.341,68.194
300,34,38.368,68.241
300,36,38.395,68.291
300,38,38.425,68.343
300,40,38.456,68.398
300,42,38.488,68.456
300,44,38.522,68.517
300,46,38.558,68.58
300,48,38.595,68.647
300,50,38.633,68.716
300,55,38.737,68.9
300,60,38.85,69.101
300,65,38.972,69.319
300,70,39.104,69.554
300,75,39.244,69.806
300,80,39.394,70.073
300,85,39.553,70.357
300,90,39.721,70.657
300,95,39.898,70.972
300,100,40.084,71.303
300,105,40.278,71.649
300,110,40.48,72.01
300,115,40.691,72.386
300,120,40.909,72.777
300,125,41.136,73.182
300,130,41.371,73.601
300,135,41.614,74.033
300,140,41.864,74.48
300,145,42.121,74.94
300,150,42.386,75.413
300,155,42.658,75.898
300,160,42.938,76.397
300,165,43.224,76.907
300,170,43.516,77.43
300,175,43.816,77.965
300,180,44.122,78.511
300,185,44.434,79.068
300,190,44.752,79.637
300,195,45.077,80.216
300,200,45.407,80.806
300,210,46.085,82.017
300,220,46.785,83.267
300,230,47.506,84.555
300,240,48.247,85.879
300,250,49.007,87.237
300,260,49.785,88.628
300,270,50.581,90.049
300,280,51.393,91.501
300,290,52.22,92.98
300,300,53.062,94.485
300,310,53.919,96.016
300,320,54.788,97.571
300,330,55.671,99.149
300,340,56.565,100.749
300,350,57.471,102.369
300,360,58.387,104.009
300,370,59.314,105.667
300,380,60.25,107.343
300,390,61.196,109.035
300,400,62.151,110.744
300,410,63.114,112.467
300,420,64.084,114.205
300,430,65.063,115.957
300,440,66.048,117.722
300,450,67.04,119.499
300,460,68.039,121.287
300,470,69.044,123.087
300,480,70.054,124.898
300,490,71.071,126.718
300,500,72.092,128.548
300,510,73.118,130.388
300,520,74.149,132.236
300,530,75.185,134.092
300,540,76.225,135.956
300,550,77.269,137.828
300,560,78.316,139.707
300,570,79.368,141.593
300,580,80.423,143.485
300,590,81.481,145.383
300,600,82.543,147.287
300,610,83.607,149.197
300,620,84.675,151.112
300,630,85.745,153.033
300,640,86.817,154.958
300,650,87.892,156.887
300,660,88.97,158.821
300,670,90.049,160.76
300,680,91.131,162.702
300,690,92.215,164.648
300,700,93.3,166.598
300,710,94.388,168.551
300,720,95.477,170.507
300,730,96.568,172.466
300,740,97.66,174.429
300,750,98.754,176.394
300,760,99.849,178.362
300,770,100.945,180.332
300,780,102.043,182.304
300,790,103.141,184.279
300,800,104.241,186.256
300,810,105.342,188.236
300,820,106.444,190.216
300,830,107.546,192.199
300,840,108.65,194.184
300,850,109.754,196.17
300,860,110.859,198.157
300,870,111.964,200.146
300,880,113.071,202.137
300,890,114.178,204.128
300,900,115.285,206.121
300,910,116.393,208.114
300,920,117.501,210.109
300,930,118.61,212.105
300,940,119.719,214.101
300,950,120.828,216.099
300,960,121.938,218.096
300,970,123.048,220.095
300,980,124.158,222.094
300,990,125.268,224.094
300,1000,126.379,226.094
300,1010,127.489,228.094
300,1020,128.6,230.095
300,1030,129.711,232.096
300,1040,130.822,234.098
300,1050,131.932,236.099
300,1060,133.043,238.1
300,1070,134.154,240.102
300,1080,135.264,242.103
300,1090,136.374,244.105
300,1100,137.484,246.106
300,1110,138.594,248.107
300,1120,139.703,250.107
300,1130,140.813,252.108
300,1140,141.922,254.108
300,1150,143.03,256.107
300,1160,144.139,258.107
300,1170,145.247,260.107
300,1180,146.354,262.107
300,1190,147.461,264.106
300,1200,148.568,266.103
300,1210,149.674,268.1
300,1220,150.78,270.097
300,1230,151.885,272.093
300,1240,152.99,274.09
300,1250,154.094,276.085
300,1260,155.197,278.078
300,1270,156.3,280.072
300,1280,157.402,282.065
300,1290,158.504,284.058
300,1300,159.605,286.047
300,1310,160.705,288.035
300,1320,161.805,290.022
300,1330,162.903,292.008
300,1340,164.002,293.993
300,1350,165.098,295.976
300,1360,166.195,297.959
300,1370,167.29,299.941
300,1380,168.385,301.92
300,1390,169.479,303.897
300,1400,170.572,305.875
300,1410,171.665,307.853
300,1420,172.756,309.829
300,1430,173.847,311.802
300,1440,174.937,313.774
300,1450,176.026,315.747
300,1460,177.115,317.72
300,1470,178.202,319.691
300,1480,179.289,321.659
300,1490,180.375,323.623
300,1500,181.46,325.586
300,1510,182.546,327.546
300,1520,183.631,329.507
300,1530,184.715,331.466
300,1540,185.799,333.424
300,1550,186.882,335.382
300,1560,187.961,337.34
300,1570,189.039,339.297
300,1580,190.108,341.255
300,1590,191.176,343.211
300,1600,192.244,345.166
300,1610,193.313,347.115
300,1620,194.38,349.044
300,1630,195.447,350.973
300,1640,196.513,352.9
300,1650,197.579,354.826
300,1660,198.644,356.75
300,1670,199.709,358.675
300,1680,200.774,360.599
300,1690,201.839,362.523
300,1700,202.903,364.446
300,1710,203.967,366.367
300,1720,205.03,368.289
300,1730,206.093,370.211
300,1740,207.156,372.131
300,1750,208.219,374.051
300,1760,209.265,375.969
300,1770,210.234,377.888
300,1780,211.201,379.722
300,1790,212.164,381.466
300,1800,213.126,383.206
300,1810,214.085,384.942
300,1820,215.044,386.673
300,1830,216.0,388.404
300,1840,216.95,390.13
300,1850,217.888,391.844
300,1860,218.824,393.537
300,1870,219.758,395.227
300,1880,220.691,396.913
300,1890,221.622,398.596
300,1900,222.553,400.277
300,1910,223.482,401.956
300,1920,224.41,403.633
300,1930,225.337,405.308
300,1940,226.262,406.981
300,1950,227.188,408.652
300,1960,228.112,410.321
300,1970,229.034,411.989
300,1980,229.954,413.652
300,1990,230.871,415.311
300,2000,231.784,416.966
310,0,39.301,69.927
310,2,39.301,69.929
310,4,39.304,69.933
310,6,39.308,69.94
310,8,39.313,69.949
310,10,39.32,69.962
310,12,39.328,69.977
310,14,39.338,69.995
310,16,39.35,70.015
310,18,39.363,70.038
310,20,39.377,70.065
310,22,39.394,70.093
310,24,39.411,70.125
310,26,39.43,70.159
310,28,39.451,70.196
310,30,39.473,70.236
310,32,39.497,70.278
310,34,39.522,70.323
310,36,39.549,70.371
310,38,39.577,70.421
310,40,39.607,70.475
310,42,39.639,70.53
310,44,39.671,70.589
310,46,39.706,70.65
310,48,39.741,70.714
310,50,39.779,70.781
310,55,39.878,70.958
310,60,39.987,71.153
310,65,40.105,71.363
310,70,40.232,71.59
310,75,40.368,71.833
310,80,40.513,72.091
310,85,40.667,72.365
310,90,40.829,72.655
310,95,41.0,72.96
310,100,41.179,73.279
310,105,41.366,73.614
310,110,41.562,73.964
310,115,41.766,74.327
310,120,41.978,74.705
310,125,42.197,75.098
310,130,42.425,75.503
310,135,42.659,75.923
310,140,42.902,76.355
310,145,43.151,76.801
310,150,43.408,77.26
310,155,43.672,77.731
310,160,43.943,78.215
310,165,44.221,78.711
310,170,44.505,79.218
310,175,44.796,79.738
310,180,45.093,80.268
310,185,45.396,80.81
310,190,45.706,81.363
310,195,46.022,81.927
310,200,46.343,82.501
310,210,47.003,83.68
310,220,47.685,84.899
310,230,48.388,86.155
310,240,49.111,87.447
310,250,49.853,88.773
310,260,50.613,90.132
310,270,51.391,91.522
310,280,52.185,92.942
310,290,52.995,94.39
310,300,53.82,95.865
310,310,54.659,97.366
310,320,55.511,98.891
310,330,56.377,100.439
310,340,57.255,102.009
310,350,58.144,103.6
310,360,59.044,105.212
310,370,59.955,106.842
310,380,60.876,108.49
310,390,61.807,110.156
310,400,62.746,111.838
310,410,63.694,113.535
310,420,64.651,115.248
310,430,65.615,116.974
310,440,66.586,118.714
310,450,67.565,120.467
310,460,68.55,122.231
310,470,69.541,124.008
310,480,70.539,125.795
310,490,71.542,127.593
310,500,72.551,129.401
310,510,73.565,131.219
310,520,74.584,133.045
310,530,75.607,134.88
310,540,76.636,136.724
310,550,77.668,138.575
310,560,78.704,140.434
310,570,79.745,142.3
310,580,80.789,144.173
310,590,81.836,146.052
310,600,82.887,147.938
310,610,83.941,149.829
310,620,84.999,151.726
310,630,86.059,153.629
310,640,87.121,155.536
310,650,88.187,157.449
310,660,89.255,159.366
310,670,90.325,161.288
310,680,91.397,163.213
310,690,92.472,165.143
310,700,93.548,167.077
310,710,94.627,169.014
310,720,95.707,170.955
310,730,96.789,172.899
310,740,97.873,174.846
310,750,98.958,176.797
310,760,100.045,178.75
310,770,101.133,180.706
310,780,102.223,182.664
310,790,103.314,184.625
310,800,104.405,186.588
310,810,105.499,188.553
310,820,106.593,190.521
310,830,107.688,192.49
310,840,108.784,194.461
310,850,109.88,196.434
310,860,110.978,198.409
310,870,112.077,200.385
310,880,113.176,202.363
310,890,114.275,204.342
310,900,115.376,206.322
310,910,116.477,208.304
310,920,117.578,210.286
310,930,118.68,212.27
310,940,119.782,214.255
310,950,120.885,216.24
310,960,121.988,218.226
310,970,123.091,220.214
310,980,124.195,222.201
310,990,125.299,224.19
310,1000,126.403,226.178
310,1010,127.507,228.168
310,1020,128.611,230.158
310,1030,129.715,232.148
310,1040,130.82,234.138
310,1050,131.924,236.129
310,1060,133.028,238.12
310,1070,134.133,240.111
310,1080,135.237,242.102
310,1090,136.341,244.093
310,1100,137.445,246.084
310,1110,138.549,248.075
310,1120,139.652,250.066
310,1130,140.755,252.056
310,1140,141.859,254.046
310,1150,142.961,256.036
310,1160,144.064,258.026
310,1170,145.166,260.015
310,1180,146.268,262.004
310,1190,147.369,263.991
310,1200,148.47,265.979
310,1210,149.571,267.966
310,1220,150.671,269.952
310,1230,151.77,271.937
310,1240,152.869,273.922
310,1250,153.968,275.906
310,1260,155.066,277.889
310,1270,156.163,279.871
310,1280,157.26,281.854
310,1290,158.356,283.834
310,1300,159.451,285.813
310,1310,160.546,287.791
310,1320,161.64,289.769
310,1330,162.734,291.746
310,1340,163.827,293.724
310,1350,164.919,295.699
310,1360,166.01,297.672
310,1370,167.101,299.644
310,1380,168.191,301.617
310,1390,169.281,303.59
310,1400,170.369,305.562
310,1410,171.457,307.532
310,1420,172.544,309.5
310,1430,173.631,311.464
310,1440,174.716,313.427
310,1450,175.802,315.388
310,1460,176.887,317.349
310,1470,177.973,319.308
310,1480,179.057,321.267
310,1490,180.141,323.226
310,1500,181.224,325.183
310,1510,182.304,327.141
310,1520,183.383,329.099
310,1530,184.459,331.056
310,1540,185.528,333.012
310,1550,186.596,334.967
310,1560,187.665,336.921
310,1570,188.733,338.859
310,1580,189.8,340.788
310,1590,190.867,342.717
310,1600,191.933,344.644
310,1610,192.999,346.571
310,1620,194.065,348.495
310,1630,195.13,350.419
310,1640,196.195,352.344
310,1650,197.26,354.268
310,1660,198.324,356.191
310,1670,199.388,358.113
310,1680,200.452,360.034
310,1690,201.515,361.956
310,1700,202.578,363.877
310,1710,203.64,365.797
310,1720,204.703,367.716
310,1730,205.765,369.634
310,1740,206.764,371.552
310,1750,207.733,373.463
310,1760,208.7,375.213
310,1770,209.664,376.958
310,1780,210.626,378.698
310,1790,211.585,380.435
310,1800,212.544,382.167
310,1810,213.501,383.897
310,1820,214.453,385.625
310,1830,215.394,387.343
310,1840,216.33,389.041
310,1850,217.265,390.731
310,1860,218.198,392.419
310,1870,219.13,394.102
310,1880,220.061,395.784
310,1890,220.991,397.464
310,1900,221.919,399.142
310,1910,222.847,400.818
310,1920,223.773,402.492
310,1930,224.698,404.163
310,1940,225.622,405.833
310,1950,226.546,407.501
310,1960,227.466,409.167
310,1970,228.385,410.827
310,1980,229.3,412.485
310,1990,230.212,414.135
310,2000,231.121,415.781
320,0,40.459,72.016
320,2,40.46,72.017
320,4,40.462,72.021
320,6,40.466,72.028
320,8,40.471,72.037
320,10,40.478,72.049
320,12,40.486,72.064
320,14,40.495,72.081
320,16,40.507,72.101
320,18,40.519,72.123
320,20,40.533,72.149
320,22,40.549,72.176
320,24,40.566,72.207
320,26,40.584,72.24
320,28,40.604,72.275
320,30,40.626,72.314
320,32,40.649,72.355
320,34,40.673,72.398
320,36,40.699,72.444
320,38,40.726,72.493
320,40,40.755,72.544
320,42,40.785,72.598
320,44,40.817,72.655
320,46,40.85,72.714
320,48,40.884,72.776
320,50,40.92,72.84
320,55,41.017,73.012
320,60,41.122,73.199
320,65,41.236,73.403
320,70,41.358,73.622
320,75,41.49,73.856
320,80,41.63,74.106
320,85,41.778,74.371
320,90,41.935,74.651
320,95,42.1,74.946
320,100,42.273,75.255
320,105,42.455,75.579
320,110,42.644,75.918
320,115,42.841,76.27
320,120,43.047,76.636
320,125,43.259,77.016
320,130,43.479,77.409
320,135,43.707,77.816
320,140,43.942,78.235
320,145,44.184,78.668
320,150,44.433,79.113
320,155,44.689,79.57
320,160,44.952,80.04
320,165,45.222,80.522
320,170,45.498,81.015
320,175,45.781,81.52
320,180,46.07,82.036
320,185,46.365,82.563
320,190,46.666,83.101
320,195,46.973,83.65
320,200,47.286,84.209
320,210,47.928,85.357
320,220,48.593,86.545
320,230,49.278,87.77
320,240,49.984,89.031
320,250,50.708,90.327
320,260,51.451,91.655
320,270,52.211,93.014
320,280,52.988,94.403
320,290,53.781,95.821
320,300,54.589,97.266
320,310,55.411,98.736
320,320,56.247,100.232
320,330,57.096,101.751
320,340,57.957,103.292
320,350,58.831,104.855
320,360,59.715,106.438
320,370,60.61,108.041
320,380,61.516,109.662
320,390,62.431,111.301
320,400,63.356,112.956
320,410,64.289,114.628
320,420,65.231,116.315
320,430,66.181,118.016
320,440,67.138,119.731
320,450,68.103,121.46
320,460,69.075,123.2
320,470,70.053,124.953
320,480,71.037,126.718
320,490,72.028,128.493
320,500,73.024,130.279
320,510,74.026,132.074
320,520,75.032,133.879
320,530,76.044,135.693
320,540,77.06,137.516
320,550,78.081,139.347
320,560,79.106,141.186
320,570,80.136,143.032
320,580,81.169,144.885
320,590,82.205,146.745
320,600,83.246,148.612
320,610,84.289,150.485
320,620,85.336,152.364
320,630,86.386,154.248
320,640,87.439,156.138
320,650,88.494,158.033
320,660,89.552,159.933
320,670,90.613,161.838
320,680,91.676,163.747
320,690,92.741,165.661
320,700,93.809,167.578
320,710,94.878,169.499
320,720,95.95,171.424
320,730,97.023,173.353
320,740,98.098,175.285
320,750,99.175,177.22
320,760,100.253,179.159
320,770,101.333,181.1
320,780,102.414,183.044
320,790,103.497,184.99
320,800,104.581,186.939
320,810,105.666,188.89
320,820,106.752,190.844
320,830,107.84,192.8
320,840,108.928,194.758
320,850,110.017,196.717
320,860,111.107,198.679
320,870,112.198,200.642
320,880,113.29,202.607
320,890,114.383,204.573
320,900,115.476,206.54
320,910,116.57,208.509
320,920,117.664,210.48
320,930,118.759,212.451
320,940,119.855,214.423
320,950,120.95,216.397
320,960,122.047,218.371
320,970,123.143,220.346
320,980,124.24,222.322
320,990,125.337,224.299
320,1000,126.435,226.276
320,1010,127.532,228.254
320,1020,128.63,230.232
320,1030,129.728,232.211
320,1040,130.826,234.19
320,1050,131.924,236.169
320,1060,133.022,238.149
320,1070,134.12,240.128
320,1080,135.218,242.108
320,1090,136.316,244.088
320,1100,137.414,246.068
320,1110,138.512,248.048
320,1120,139.609,250.028
320,1130,140.707,252.007
320,1140,141.803,253.987
320,1150,142.9,255.966
320,1160,143.997,257.944
320,1170,145.094,259.922
320,1180,146.189,261.9
320,1190,147.284,263.878
320,1200,148.38,265.855
320,1210,149.475,267.833
320,1220,150.569,269.811
320,1230,151.663,271.788
320,1240,152.757,273.763
320,1250,153.849,275.736
320,1260,154.942,277.71
320,1270,156.034,279.682
320,1280,157.125,281.655
320,1290,158.216,283.628
320,1300,159.307,285.601
320,1310,160.397,287.572
320,1320,161.486,289.543
320,1330,162.575,291.514
320,1340,163.663,293.481
320,1350,164.75,295.446
320,1360,165.837,297.41
320,1370,166.923,299.373
320,1380,168.009,301.335
320,1390,169.094,303.295
320,1400,170.18,305.256
320,1410,171.265,307.215
320,1420,172.349,309.174
320,1430,173.433,311.132
320,1440,174.516,313.089
320,1450,175.598,315.047
320,1460,176.678,317.004
320,1470,177.757,318.962
320,1480,178.834,320.918
320,1490,179.905,322.873
320,1500,180.974,324.827
320,1510,182.042,326.779
320,1520,183.11,328.719
320,1530,184.178,330.649
320,1540,185.246,332.578
320,1550,186.312,334.506
320,1560,187.379,336.433
320,1570,188.445,338.359
320,1580,189.51,340.284
320,1590,190.575,342.208
320,1600,191.64,344.132
320,1610,192.705,346.056
320,1620,193.769,347.979
320,1630,194.834,349.901
320,1640,195.897,351.822
320,1650,196.96,353.744
320,1660,198.024,355.665
320,1670,199.086,357.585
320,1680,200.148,359.504
320,1690,201.21,361.422
320,1700,202.272,363.34
320,1710,203.302,365.258
320,1720,204.275,367.175
320,1730,205.245,368.976
320,1740,206.212,370.727
320,1750,207.176,372.471
320,1760,208.138,374.212
320,1770,209.098,375.949
320,1780,210.057,377.682
320,1790,211.014,379.412
320,1800,211.967,381.141
320,1810,212.911,382.861
320,1820,213.848,384.564
320,1830,214.783,386.254
320,1840,215.717,387.944
320,1850,216.649,389.628
320,1860,217.581,391.311
320,1870,218.51,392.991
320,1880,219.439,394.669
320,1890,220.367,396.346
320,1900,221.294,398.021
320,1910,222.219,399.693
320,1920,223.144,401.364
320,1930,224.068,403.032
320,1940,224.99,404.699
320,1950,225.909,406.362
320,1960,226.826,408.02
320,1970,227.739,409.674
320,1980,228.65,411.322
320,1990,229.557,412.964
320,2000,230.461,414.6
330,0,41.613,74.097
330,2,41.614,74.098
330,4,41.616,74.102
330,6,41.619,74.108
330,8,41.624,74.117
330,10,41.631,74.129
330,12,41.639,74.143
330,14,41.648,74.16
330,16,41.659,74.179
330,18,41.671,74.201
330,20,41.684,74.225
330,22,41.7,74.252
330,24,41.716,74.281
330,26,41.734,74.313
330,28,41.753,74.347
330,30,41.774,74.384
330,32,41.796,74.424
330,34,41.82,74.466
330,36,41.844,74.511
330,38,41.871,74.558
330,40,41.899,74.607
330,42,41.928,74.659
330,44,41.958,74.714
330,46,41.99,74.771
330,48,42.024,74.831
330,50,42.058,74.893
330,55,42.151,75.059
330,60,42.253,75.24
330,65,42.363,75.437
330,70,42.482,75.649
330,75,42.609,75.875
330,80,42.744,76.117
330,85,42.888,76.374
330,90,43.039,76.645
330,95,43.199,76.93
330,100,43.367,77.23
330,105,43.543,77.543
330,110,43.726,77.871
330,115,43.917,78.213
330,120,44.116,78.567
330,125,44.322,78.936
330,130,44.535,79.317
330,135,44.756,79.712
330,140,44.984,80.119
330,145,45.219,80.539
330,150,45.461,80.971
330,155,45.71,81.415
330,160,45.965,81.871
330,165,46.227,82.339
330,170,46.495,82.819
330,175,46.77,83.31
330,180,47.051,83.812
330,185,47.338,84.325
330,190,47.631,84.848
330,195,47.93,85.383
330,200,48.234,85.927
330,210,48.86,87.046
330,220,49.508,88.204
330,230,50.177,89.4
330,240,50.865,90.631
330,250,51.573,91.896
330,260,52.299,93.194
330,270,53.042,94.523
330,280,53.802,95.882
330,290,54.578,97.27
330,300,55.369,98.686
330,310,56.174,100.127
330,320,56.994,101.594
330,330,57.827,103.084
330,340,58.672,104.597
330,350,59.529,106.132
330,360,60.398,107.688
330,370,61.278,109.263
330,380,62.169,110.857
330,390,63.069,112.469
330,400,63.979,114.099
330,410,64.897,115.744
330,420,65.825,117.406
330,430,66.761,119.082
330,440,67.704,120.772
330,450,68.655,122.477
330,460,69.613,124.194
330,470,70.578,125.923
330,480,71.55,127.664
330,490,72.527,129.417
330,500,73.511,131.18
330,510,74.5,132.954
330,520,75.495,134.737
330,530,76.494,136.53
330,540,77.499,138.332
330,550,78.508,140.142
330,560,79.522,141.961
330,570,80.54,143.787
330,580,81.562,145.621
330,590,82.587,147.462
330,600,83.617,149.31
330,610,84.65,151.164
330,620,85.686,153.024
330,630,86.726,154.891
330,640,87.769,156.763
330,650,88.814,158.64
330,660,89.863,160.523
330,670,90.914,162.41
330,680,91.967,164.303
330,690,93.023,166.2
330,700,94.081,168.101
330,710,95.142,170.006
330,720,96.204,171.915
330,730,97.269,173.828
330,740,98.335,175.745
330,750,99.403,177.664
330,760,100.473,179.588
330,770,101.544,181.514
330,780,102.617,183.443
330,790,103.692,185.375
330,800,104.767,187.31
330,810,105.845,189.247
330,820,106.923,191.187
330,830,108.002,193.128
330,840,109.083,195.073
330,850,110.165,197.019
330,860,111.247,198.967
330,870,112.331,200.917
330,880,113.415,202.868
330,890,114.5,204.822
330,900,115.586,206.776
330,910,116.673,208.733
330,920,117.76,210.69
330,930,118.848,212.649
330,940,119.936,214.609
330,950,121.025,216.571
330,960,122.115,218.533
330,970,123.204,220.496
330,980,124.295,222.46
330,990,125.385,224.425
330,1000,126.476,226.39
330,1010,127.567,228.357
330,1020,128.658,230.324
330,1030,129.75,232.291
330,1040,130.841,234.259
330,1050,131.933,236.227
330,1060,133.025,238.196
330,1070,134.116,240.165
330,1080,135.208,242.134
330,1090,136.3,244.103
330,1100,137.391,246.073
330,1110,138.483,248.042
330,1120,139.574,250.012
330,1130,140.666,251.982
330,1140,141.757,253.951
330,1150,142.848,255.921
330,1160,143.939,257.89
330,1170,145.029,259.859
330,1180,146.119,261.828
330,1190,147.21,263.796
330,1200,148.299,265.763
330,1210,149.389,267.73
330,1220,150.478,269.697
330,1230,151.566,271.663
330,1240,152.654,273.628
330,1250,153.742,275.592
330,1260,154.829,277.556
330,1270,155.916,279.519
330,1280,157.003,281.482
330,1290,158.089,283.443
330,1300,159.175,285.403
330,1310,160.26,287.364
330,1320,161.345,289.323
330,1330,162.43,291.282
330,1340,163.515,293.241
330,1350,164.599,295.199
330,1360,165.683,297.156
330,1370,166.766,299.114
330,1380,167.848,301.072
330,1390,168.929,303.029
330,1400,170.008,304.986
330,1410,171.087,306.941
330,1420,172.165,308.896
330,1430,173.24,310.849
330,1440,174.31,312.801
330,1450,175.379,314.751
330,1460,176.448,316.696
330,1470,177.516,318.629
330,1480,178.584,320.559
330,1490,179.652,322.488
330,1500,180.719,324.416
330,1510,181.785,326.344
330,1520,182.851,328.27
330,1530,183.917,330.195
330,1540,184.983,332.119
330,1550,186.048,334.044
330,1560,187.113,335.968
330,1570,188.177,337.892
330,1580,189.241,339.814
330,1590,190.305,341.735
330,1600,191.369,343.657
330,1610,192.432,345.578
330,1620,193.495,347.499
330,1630,194.557,349.418
330,1640,195.62,351.337
330,1650,196.682,353.256
330,1660,197.744,355.173
330,1670,198.805,357.091
330,1680,199.845,359.008
330,1690,200.827,360.925
330,1700,201.8,362.755
330,1710,202.77,364.512
330,1720,203.737,366.263
330,1730,204.701,368.007
330,1740,205.663,369.748
330,1750,206.623,371.486
330,1760,207.582,373.219
330,1770,208.54,374.949
330,1780,209.494,376.678
330,1790,210.44,378.4
330,1800,211.377,380.106
330,1810,212.313,381.798
330,1820,213.247,383.488
330,1830,214.18,385.173
330,1840,215.111,386.856
330,1850,216.042,388.538
330,1860,216.971,390.216
330,1870,217.899,391.894
330,1880,218.826,393.569
330,1890,219.752,395.242
330,1900,220.677,396.913
330,1910,221.601,398.582
330,1920,222.524,400.25
330,1930,223.444,401.914
330,1940,224.362,403.574
330,1950,225.277,405.231
330,1960,226.188,406.88
330,1970,227.097,408.526
330,1980,228.003,410.164
330,1990,228.905,411.796
330,2000,229.804,413.424
340,0,42.762,76.17
340,2,42.763,76.171
340,4,42.765,76.175
340,6,42.768,76.181
340,8,42.773,76.19
340,10,42.779,76.201
340,12,42.787,76.214
340,14,42.796,76.231
340,16,42.806,76.249
340,18,42.818,76.27
340,20,42.831,76.294
340,22,42.846,76.32
340,24,42.862,76.348
340,26,42.879,76.379
340,28,42.898,76.412
340,30,42.918,76.448
340,32,42.939,76.486
340,34,42.962,76.527
340,36,42.986,76.57
340,38,43.011,76.615
340,40,43.038,76.663
340,42,43.066,76.714
340,44,43.096,76.767
340,46,43.127,76.822
340,48,43.159,76.88
340,50,43.193,76.94
340,55,43.283,77.1
340,60,43.381,77.276
340,65,43.487,77.466
340,70,43.602,77.671
340,75,43.725,77.891
340,80,43.856,78.125
340,85,43.995,78.373
340,90,44.142,78.635
340,95,44.297,78.912
340,100,44.459,79.202
340,105,44.629,79.506
340,110,44.807,79.824
340,115,44.992,80.155
340,120,45.185,80.499
340,125,45.385,80.857
340,130,45.592,81.227
340,135,45.806,81.61
340,140,46.028,82.005
340,145,46.256,82.413
340,150,46.491,82.832
340,155,46.732,83.264
340,160,46.98,83.708
340,165,47.235,84.163
340,170,47.496,84.629
340,175,47.763,85.107
340,180,48.036,85.595
340,185,48.315,86.094
340,190,48.601,86.604
340,195,48.892,87.125
340,200,49.188,87.655
340,210,49.798,88.746
340,220,50.43,89.875
340,230,51.082,91.042
340,240,51.754,92.244
340,250,52.445,93.48
340,260,53.155,94.748
340,270,53.881,96.049
340,280,54.625,97.379
340,290,55.384,98.738
340,300,56.159,100.124
340,310,56.948,101.537
340,320,57.752,102.975
340,330,58.569,104.437
340,340,59.398,105.923
340,350,60.24,107.43
340,360,61.094,108.958
340,370,61.958,110.506
340,380,62.834,112.074
340,390,63.719,113.66
340,400,64.614,115.263
340,410,65.519,116.883
340,420,66.432,118.519
340,430,67.353,120.171
340,440,68.283,121.837
340,450,69.22,123.517
340,460,70.165,125.21
340,470,71.117,126.917
340,480,72.075,128.635
340,490,73.04,130.365
340,500,74.011,132.106
340,510,74.988,133.857
340,520,75.97,135.619
340,530,76.958,137.391
340,540,77.951,139.172
340,550,78.948,140.961
340,560,79.95,142.76
340,570,80.957,144.566
340,580,81.968,146.38
340,590,82.983,148.202
340,600,84.001,150.03
340,610,85.024,151.866
340,620,86.05,153.708
340,630,87.079,155.556
340,640,88.112,157.41
340,650,89.147,159.27
340,660,90.186,161.135
340,670,91.227,163.005
340,680,92.271,164.88
340,690,93.317,166.761
340,700,94.366,168.645
340,710,95.417,170.534
340,720,96.471,172.427
340,730,97.526,174.324
340,740,98.584,176.225
340,750,99.643,178.13
340,760,100.704,180.038
340,770,101.767,181.949
340,780,102.832,183.863
340,790,103.898,185.781
340,800,104.966,187.701
340,810,106.035,189.624
340,820,107.105,191.549
340,830,108.177,193.477
340,840,109.249,195.407
340,850,110.323,197.34
340,860,111.398,199.274
340,870,112.474,201.211
340,880,113.551,203.149
340,890,114.629,205.089
340,900,115.707,207.031
340,910,116.787,208.975
340,920,117.867,210.92
340,930,118.948,212.866
340,940,120.029,214.814
340,950,121.111,216.762
340,960,122.193,218.712
340,970,123.276,220.663
340,980,124.36,222.615
340,990,125.444,224.568
340,1000,126.528,226.522
340,1010,127.612,228.477
340,1020,128.697,230.432
340,1030,129.782,232.388
340,1040,130.867,234.344
340,1050,131.952,236.301
340,1060,133.038,238.258
340,1070,134.123,240.216
340,1080,135.209,242.174
340,1090,136.295,244.132
340,1100,137.38,246.09
340,1110,138.466,248.049
340,1120,139.552,250.007
340,1130,140.637,251.966
340,1140,141.723,253.925
340,1150,142.808,255.883
340,1160,143.893,257.842
340,1170,144.979,259.8
340,1180,146.064,261.758
340,1190,147.149,263.716
340,1200,148.234,265.673
340,1210,149.318,267.631
340,1220,150.402,269.588
340,1230,151.487,271.546
340,1240,152.57,273.503
340,1250,153.654,275.461
340,1260,154.737,277.418
340,1270,155.82,279.375
340,1280,156.902,281.33
340,1290,157.984,283.285
340,1300,159.064,285.24
340,1310,160.145,287.195
340,1320,161.224,289.149
340,1330,162.302,291.102
340,1340,163.381,293.055
340,1350,164.458,295.005
340,1360,165.534,296.955
340,1370,166.608,298.903
340,1380,167.678,300.85
340,1390,168.748,302.793
340,1400,169.817,304.733
340,1410,170.885,306.665
340,1420,171.953,308.595
340,1430,173.021,310.525
340,1440,174.089,312.453
340,1450,175.156,314.381
340,1460,176.222,316.308
340,1470,177.288,318.234
340,1480,178.354,320.159
340,1490,179.419,322.083
340,1500,180.484,324.007
340,1510,181.549,325.931
340,1520,182.614,327.856
340,1530,183.678,329.777
340,1540,184.742,331.699
340,1550,185.805,333.621
340,1560,186.869,335.542
340,1570,187.932,337.463
340,1580,188.994,339.382
340,1590,190.057,341.301
340,1600,191.119,343.22
340,1610,192.181,345.137
340,1620,193.243,347.055
340,1630,194.304,348.972
340,1640,195.366,350.889
340,1650,196.394,352.805
340,1660,197.386,354.72
340,1670,198.366,356.542
340,1680,199.338,358.315
340,1690,200.308,360.072
340,1700,201.275,361.821
340,1710,202.239,363.566
340,1720,203.201,365.307
340,1730,204.161,367.044
340,1740,205.12,368.777
340,1750,206.078,370.508
340,1760,207.032,372.236
340,1770,207.98,373.959
340,1780,208.918,375.669
340,1790,209.854,377.362
340,1800,210.789,379.052
340,1810,211.722,380.739
340,1820,212.654,382.422
340,1830,213.584,384.104
340,1840,214.514,385.783
340,1850,215.442,387.461
340,1860,216.37,389.137
340,1870,217.296,390.81
340,1880,218.221,392.482
340,1890,219.146,394.152
340,1900,220.069,395.82
340,1910,220.99,397.486
340,1920,221.909,399.147
340,1930,222.825,400.804
340,1940,223.737,402.456
340,1950,224.647,404.103
340,1960,225.554,405.744
340,1970,226.458,407.379
340,1980,227.358,409.01
340,1990,228.256,410.634
340,2000,229.15,412.251
350,0,43.907,78.236
350,2,43.908,78.237
350,4,43.91,78.241
350,6,43.913,78.247
350,8,43.918,78.255
350,10,43.924,78.266
350,12,43.931,78.279
350,14,43.94,78.295
350,16,43.95,78.313
350,18,43.961,78.333
350,20,43.974,78.356
350,22,43.988,78.381
350,24,44.003,78.408
350,26,44.02,78.438
350,28,44.038,78.47
350,30,44.057,78.505
350,32,44.078,78.542
350,34,44.1,78.581
350,36,44.123,78.623
350,38,44.148,78.667
350,40,44.174,78.714
350,42,44.201,78.762
350,44,44.23,78.813
350,46,44.26,78.867
350,48,44.291,78.923
350,50,44.324,78.981
350,55,44.411,79.136
350,60,44.506,79.306
350,65,44.609,79.491
350,70,44.72,79.689
350,75,44.839,79.902
350,80,44.966,80.129
350,85,45.101,80.369
350,90,45.243,80.624
350,95,45.393,80.892
350,100,45.551,81.173
350,105,45.716,81.468
350,110,45.888,81.776
350,115,46.068,82.098
350,120,46.255,82.432
350,125,46.449,82.779
350,130,46.65,83.138
350,135,46.858,83.51
350,140,47.072,83.894
350,145,47.294,84.29
350,150,47.522,84.698
350,155,47.757,85.118
350,160,47.998,85.549
350,165,48.246,85.992
350,170,48.5,86.445
350,175,48.759,86.91
350,180,49.025,87.386
350,185,49.297,87.872
350,190,49.575,88.369
350,195,49.858,88.876
350,200,50.148,89.393
350,210,50.742,90.456
350,220,51.358,91.558
350,230,51.994,92.696
350,240,52.651,93.87
350,250,53.326,95.078
350,260,54.019,96.318
350,270,54.73,97.59
350,280,55.457,98.892
350,290,56.201,100.223
350,300,56.959,101.581
350,310,57.733,102.966
350,320,58.521,104.376
350,330,59.322,105.81
350,340,60.136,107.268
350,350,60.963,108.748
350,360,61.801,110.25
350,370,62.651,111.771
350,380,63.511,113.313
350,390,64.382,114.873
350,400,65.262,116.45
350,410,66.152,118.045
350,420,67.052,119.657
350,430,67.959,121.283
350,440,68.875,122.925
350,450,69.799,124.581
350,460,70.731,126.251
350,470,71.669,127.934
350,480,72.615,129.629
350,490,73.567,131.337
350,500,74.525,133.055
350,510,75.489,134.785
350,520,76.46,136.525
350,530,77.435,138.276
350,540,78.416,140.036
350,550,79.402,141.805
350,560,80.393,143.583
350,570,81.388,145.369
350,580,82.388,147.164
350,590,83.392,148.966
350,600,84.4,150.775
350,610,85.412,152.592
350,620,86.427,154.415
350,630,87.446,156.245
350,640,88.468,158.081
350,650,89.494,159.923
350,660,90.522,161.771
350,670,91.554,163.624
350,680,92.588,165.482
350,690,93.625,167.346
350,700,94.665,169.214
350,710,95.707,171.086
350,720,96.751,172.964
350,730,97.798,174.845
350,740,98.846,176.73
350,750,99.897,178.619
350,760,100.95,180.512
350,770,102.004,182.408
350,780,103.06,184.307
350,790,104.118,186.21
350,800,105.177,188.115
350,810,106.238,190.024
350,820,107.301,191.935
350,830,108.364,193.849
350,840,109.429,195.766
350,850,110.495,197.684
350,860,111.563,199.605
350,870,112.631,201.529
350,880,113.701,203.454
350,890,114.771,205.381
350,900,115.842,207.31
350,910,116.914,209.241
350,920,117.987,211.173
350,930,119.061,213.107
350,940,120.136,215.042
350,950,121.211,216.979
350,960,122.286,218.917
350,970,123.363,220.856
350,980,124.439,222.796
350,990,125.516,224.737
350,1000,126.594,226.68
350,1010,127.672,228.623
350,1020,128.751,230.567
350,1030,129.829,232.511
350,1040,130.908,234.457
350,1050,131.987,236.403
350,1060,133.067,238.35
350,1070,134.146,240.297
350,1080,135.226,242.244
350,1090,136.306,244.192
350,1100,137.386,246.141
350,1110,138.466,248.089
350,1120,139.546,250.038
350,1130,140.626,251.987
350,1140,141.706,253.936
350,1150,142.785,255.886
350,1160,143.865,257.835
350,1170,144.944,259.784
350,1180,146.023,261.734
350,1190,147.102,263.683
350,1200,148.181,265.632
350,1210,149.259,267.579
350,1220,150.338,269.526
350,1230,151.416,271.473
350,1240,152.493,273.42
350,1250,153.57,275.367
350,1260,154.646,277.313
350,1270,155.721,279.258
350,1280,156.796,281.202
350,1290,157.871,283.145
350,1300,158.942,285.087
350,1310,160.012,287.029
350,1320,161.082,288.968
350,1330,162.151,290.9
350,1340,163.22,292.832
350,1350,164.288,294.762
350,1360,165.356,296.692
350,1370,166.424,298.621
350,1380,167.491,300.549
350,1390,168.558,302.477
350,1400,169.625,304.404
350,1410,170.691,306.33
350,1420,171.757,308.254
350,1430,172.822,310.178
350,1440,173.887,312.102
350,1450,174.952,314.027
350,1460,176.017,315.951
350,1470,177.081,317.873
350,1480,178.145,319.794
350,1490,179.209,321.716
350,1500,180.272,323.638
350,1510,181.336,325.558
350,1520,182.398,327.479
350,1530,183.461,329.398
350,1540,184.523,331.316
350,1550,185.585,333.235
350,1560,186.647,335.152
350,1570,187.709,337.069
350,1580,188.77,338.987
350,1590,189.832,340.904
350,1600,190.893,342.819
350,1610,191.951,344.735
350,1620,192.956,346.65
350,1630,193.952,348.541
350,1640,194.94,350.344
350,1650,195.917,352.13
350,1660,196.89,353.897
350,1670,197.859,355.653
350,1680,198.825,357.402
350,1690,199.789,359.146
350,1700,200.751,360.887
350,1710,201.711,362.624
350,1720,202.67,364.357
350,1730,203.628,366.087
350,1740,204.582,367.816
350,1750,205.531,369.538
350,1760,206.47,371.25
350,1770,207.406,372.945
350,1780,208.341,374.635
350,1790,209.275,376.323
350,1800,210.207,378.006
350,1810,211.138,379.688
350,1820,212.067,381.368
350,1830,212.996,383.046
350,1840,213.924,384.723
350,1850,214.85,386.397
350,1860,215.776,388.069
350,1870,216.7,389.739
350,1880,217.624,391.408
350,1890,218.546,393.075
350,1900,219.465,394.737
350,1910,220.382,396.395
350,1920,221.296,398.05
350,1930,222.207,399.698
350,1940,223.115,401.342
350,1950,224.02,402.979
350,1960,224.922,404.611
350,1970,225.821,406.237
350,1980,226.716,407.858
350,1990,227.609,409.472
350,2000,228.501,411.084
360,0,45.047,80.294
360,2,45.048,80.295
360,4,45.05,80.299
360,6,45.053,80.304
360,8,45.058,80.313
360,10,45.063,80.323
360,12,45.07,80.336
360,14,45.079,80.351
360,16,45.089,80.368
360,18,45.1,80.388
360,20,45.112,80.41
360,22,45.126,80.434
360,24,45.14,80.461
360,26,45.157,80.49
360,28,45.174,80.521
360,30,45.193,80.555
360,32,45.213,80.59
360,34,45.234,80.629
360,36,45.257,80.669
360,38,45.281,80.712
360,40,45.306,80.757
360,42,45.332,80.804
360,44,45.36,80.853
360,46,45.389,80.905
360,48,45.419,80.959
360,50,45.451,81.016
360,55,45.535,81.166
360,60,45.627,81.331
360,65,45.727,81.51
360,70,45.835,81.702
360,75,45.95,81.908
360,80,46.073,82.128
360,85,46.204,82.362
360,90,46.342,82.608
360,95,46.487,82.868
360,100,46.64,83.142
360,105,46.8,83.428
360,110,46.967,83.727
360,115,47.142,84.039
360,120,47.323,84.363
360,125,47.512,84.7
360,130,47.707,85.049
360,135,47.909,85.411
360,140,48.118,85.784
360,145,48.333,86.169
360,150,48.555,86.566
360,155,48.783,86.974
360,160,49.018,87.394
360,165,49.259,87.824
360,170,49.506,88.266
360,175,49.758,88.718
360,180,50.017,89.182
360,185,50.282,89.655
360,190,50.553,90.139
360,195,50.829,90.633
360,200,51.111,91.137
360,210,51.69,92.174
360,220,52.291,93.249
360,230,52.912,94.361
360,240,53.553,95.507
360,250,54.213,96.688
360,260,54.89,97.901
360,270,55.586,99.145
360,280,56.297,100.419
360,290,57.025,101.722
360,300,57.769,103.053
360,310,58.527,104.411
360,320,59.299,105.794
360,330,60.085,107.201
360,340,60.884,108.632
360,350,61.695,110.085
360,360,62.519,111.56
360,370,63.354,113.056
360,380,64.199,114.571
360,390,65.056,116.105
360,400,65.922,117.658
360,410,66.798,119.228
360,420,67.683,120.814
360,430,68.577,122.417
360,440,69.479,124.034
360,450,70.39,125.667
360,460,71.308,127.313
360,470,72.233,128.973
360,480,73.166,130.645
360,490,74.105,132.33
360,500,75.051,134.027
360,510,76.003,135.735
360,520,76.961,137.453
360,530,77.925,139.182
360,540,78.894,140.922
360,550,79.868,142.67
360,560,80.848,144.428
360,570,81.832,146.194
360,580,82.82,147.969
360,590,83.813,149.751
360,600,84.81,151.542
360,610,85.811,153.339
360,620,86.816,155.144
360,630,87.825,156.956
360,640,88.837,158.774
360,650,89.852,160.598
360,660,90.871,162.428
360,670,91.893,164.264
360,680,92.917,166.105
360,690,93.945,167.951
360,700,94.975,169.803
360,710,96.008,171.659
360,720,97.043,173.52
360,730,98.08,175.385
360,740,99.12,177.254
360,750,100.162,179.128
360,760,101.206,181.005
360,770,102.251,182.886
360,780,103.299,184.77
360,790,104.348,186.658
360,800,105.4,188.549
360,810,106.452,190.443
360,820,107.506,192.34
360,830,108.562,194.24
360,840,109.619,196.142
360,850,110.677,198.047
360,860,111.737,199.954
360,870,112.798,201.864
360,880,113.86,203.776
360,890,114.922,205.689
360,900,115.986,207.605
360,910,117.051,209.523
360,920,118.117,211.442
360,930,119.183,213.363
360,940,120.251,215.286
360,950,121.319,217.21
360,960,122.387,219.136
360,970,123.456,221.062
360,980,124.526,222.99
360,990,125.597,224.92
360,1000,126.667,226.85
360,1010,127.739,228.781
360,1020,128.81,230.713
360,1030,129.882,232.646
360,1040,130.955,234.58
360,1050,132.027,236.514
360,1060,133.1,238.449
360,1070,134.173,240.384
360,1080,135.246,242.32
360,1090,136.319,244.257
360,1100,137.393,246.194
360,1110,138.466,248.131
360,1120,139.54,250.068
360,1130,140.613,252.005
360,1140,141.686,253.943
360,1150,142.759,255.881
360,1160,143.831,257.818
360,1170,144.903,259.755
360,1180,145.975,261.691
360,1190,147.046,263.627
360,1200,148.116,265.561
360,1210,149.187,267.495
360,1220,150.257,269.427
360,1230,151.326,271.36
360,1240,152.395,273.292
360,1250,153.464,275.223
360,1260,154.532,277.153
360,1270,155.6,279.082
360,1280,156.669,281.011
360,1290,157.736,282.94
360,1300,158.803,284.868
360,1310,159.87,286.795
360,1320,160.937,288.722
360,1330,162.003,290.648
360,1340,163.069,292.573
360,1350,164.135,294.497
360,1360,165.2,296.421
360,1370,166.265,298.345
360,1380,167.33,300.269
360,1390,168.395,302.193
360,1400,169.459,304.115
360,1410,170.523,306.037
360,1420,171.587,307.958
360,1430,172.65,309.88
360,1440,173.714,311.801
360,1450,174.777,313.721
360,1460,175.839,315.64
360,1470,176.902,317.559
360,1480,177.964,319.477
360,1490,179.026,321.395
360,1500,180.088,323.313
360,1510,181.149,325.23
360,1520,182.211,327.147
360,1530,183.272,329.064
360,1540,184.333,330.979
360,1550,185.394,332.894
360,1560,186.455,334.81
360,1570,187.51,336.725
360,1580,188.525,338.641
360,1590,189.533,340.535
360,1600,190.532,342.36
360,1610,191.524,344.168
360,1620,192.508,345.963
360,1630,193.483,347.742
360,1640,194.455,349.503
360,1650,195.423,351.258
360,1660,196.39,353.006
360,1670,197.353,354.749
360,1680,198.315,356.49
360,1690,199.275,358.226
360,1700,200.234,359.959
360,1710,201.191,361.689
360,1720,202.146,363.418
360,1730,203.094,365.14
360,1740,204.034,366.852
360,1750,204.971,368.548
360,1760,205.906,370.238
360,1770,206.84,371.927
360,1780,207.772,373.611
360,1790,208.703,375.293
360,1800,209.633,376.973
360,1810,210.562,378.652
360,1820,211.49,380.329
360,1830,212.416,382.003
360,1840,213.342,383.676
360,1850,214.267,385.347
360,1860,215.191,387.015
360,1870,216.113,388.683
360,1880,217.033,390.346
360,1890,217.951,392.006
360,1900,218.866,393.662
360,1910,219.777,395.311
360,1920,220.687,396.957
360,1930,221.593,398.596
360,1940,222.495,400.229
360,1950,223.396,401.858
360,1960,224.292,403.482
360,1970,225.186,405.098
360,1980,226.079,406.711
360,1990,226.971,408.322
360,2000,227.861,409.931
370,0,46.182,82.342
370,2,46.182,82.343
370,4,46.184,82.346
370,6,46.187,82.352
370,8,46.192,82.36
370,10,46.197,82.37
370,12,46.204,82.382
370,14,46.213,82.397
370,16,46.222,82.414
370,18,46.233,82.433
370,20,46.245,82.454
370,22,46.258,82.478
370,24,46.272,82.504
370,26,46.288,82.532
370,28,46.305,82.562
370,30,46.323,82.594
370,32,46.342,82.629
370,34,46.363,82.666
370,36,46.385,82.705
370,38,46.408,82.747
370,40,46.432,82.79
370,42,46.458,82.836
370,44,46.485,82.884
370,46,46.513,82.934
370,48,46.542,82.987
370,50,46.573,83.041
370,55,46.655,83.188
370,60,46.744,83.347
370,65,46.841,83.521
370,70,46.945,83.707
370,75,47.057,83.907
370,80,47.176,84.121
370,85,47.303,84.347
370,90,47.437,84.587
370,95,47.578,84.839
370,100,47.726,85.104
370,105,47.882,85.382
370,110,48.044,85.673
370,115,48.214,85.976
370,120,48.39,86.291
370,125,48.573,86.618
370,130,48.763,86.958
370,135,48.959,87.309
370,140,49.162,87.672
370,145,49.371,88.046
370,150,49.587,88.432
370,155,49.809,88.83
370,160,50.037,89.238
370,165,50.272,89.657
370,170,50.512,90.087
370,175,50.759,90.528
370,180,51.011,90.979
370,185,51.269,91.441
370,190,51.532,91.913
370,195,51.801,92.394
370,200,52.076,92.886
370,210,52.642,93.898
370,220,53.228,94.947
370,230,53.834,96.032
370,240,54.46,97.152
370,250,55.105,98.306
370,260,55.767,99.492
370,270,56.447,100.709
370,280,57.144,101.957
370,290,57.856,103.233
370,300,58.585,104.537
370,310,59.328,105.867
370,320,60.085,107.224
370,330,60.856,108.604
370,340,61.64,110.009
370,350,62.436,111.436
370,360,63.245,112.885
370,370,64.065,114.354
370,380,64.896,115.844
370,390,65.738,117.353
370,400,66.591,118.881
370,410,67.452,120.426
370,420,68.324,121.987
370,430,69.204,123.566
370,440,70.093,125.159
370,450,70.99,126.768
370,460,71.895,128.391
370,470,72.807,130.028
370,480,73.727,131.677
370,490,74.654,133.34
370,500,75.587,135.014
370,510,76.527,136.7
370,520,77.473,138.397
370,530,78.424,140.105
370,540,79.382,141.823
370,550,80.344,143.551
370,560,81.312,145.288
370,570,82.285,147.034
370,580,83.262,148.789
370,590,84.244,150.552
370,600,85.23,152.323
370,610,86.22,154.102
370,620,87.215,155.888
370,630,88.213,157.681
370,640,89.214,159.48
370,650,90.22,161.286
370,660,91.228,163.099
370,670,92.24,164.917
370,680,93.255,166.741
370,690,94.273,168.57
370,700,95.293,170.404
370,710,96.316,172.244
370,720,97.342,174.088
370,730,98.37,175.937
370,740,99.401,177.79
370,750,100.434,179.647
370,760,101.469,181.509
370,770,102.506,183.374
370,780,103.545,185.243
370,790,104.586,187.116
370,800,105.628,188.991
370,810,106.672,190.87
370,820,107.718,192.753
370,830,108.766,194.638
370,840,109.815,196.525
370,850,110.865,198.416
370,860,111.916,200.309
370,870,112.969,202.204
370,880,114.023,204.102
370,890,115.078,206.002
370,900,116.134,207.904
370,910,117.191,209.808
370,920,118.249,211.714
370,930,119.308,213.622
370,940,120.368,215.531
370,950,121.429,217.442
370,960,122.49,219.354
370,970,123.552,221.268
370,980,124.614,223.183
370,990,125.677,225.099
370,1000,126.741,227.016
370,1010,127.805,228.934
370,1020,128.869,230.853
370,1030,129.934,232.773
370,1040,130.999,234.694
370,1050,132.064,236.616
370,1060,133.13,238.538
370,1070,134.196,240.461
370,1080,135.262,242.384
370,1090,136.328,244.307
370,1100,137.394,246.231
370,1110,138.461,248.156
370,1120,139.527,250.08
370,1130,140.593,252.005
370,1140,141.66,253.929
370,1150,142.726,255.854
370,1160,143.792,257.778
370,1170,144.858,259.703
370,1180,145.924,261.627
370,1190,146.99,263.552
370,1200,148.056,265.476
370,1210,149.122,267.4
370,1220,150.187,269.324
370,1230,151.252,271.248
370,1240,152.317,273.172
370,1250,153.382,275.096
370,1260,154.447,277.019
370,1270,155.512,278.941
370,1280,156.577,280.862
370,1290,157.641,282.784
370,1300,158.705,284.706
370,1310,159.769,286.627
370,1320,160.832,288.549
370,1330,161.896,290.469
370,1340,162.959,292.39
370,1350,164.022,294.31
370,1360,165.085,296.229
370,1370,166.147,298.147
370,1380,167.21,300.066
370,1390,168.272,301.984
370,1400,169.334,303.902
370,1410,170.396,305.819
370,1420,171.457,307.737
370,1430,172.519,309.654
370,1440,173.58,311.57
370,1450,174.641,313.486
370,1460,175.702,315.401
370,1470,176.763,317.317
370,1480,177.824,319.232
370,1490,178.885,321.147
370,1500,179.946,323.063
370,1510,181.006,324.978
370,1520,182.064,326.893
370,1530,183.089,328.806
370,1540,184.108,330.712
370,1550,185.122,332.557
370,1560,186.13,334.393
370,1570,187.13,336.216
370,1580,188.125,338.027
370,1590,189.112,339.826
370,1600,190.093,341.611
370,1610,191.066,343.383
370,1620,192.036,345.14
370,1630,193.004,346.893
370,1640,193.97,348.64
370,1650,194.933,350.383
370,1660,195.895,352.122
370,1670,196.854,353.858
370,1680,197.813,355.59
370,1690,198.771,357.32
370,1700,199.724,359.048
370,1710,200.673,360.77
370,1720,201.613,362.482
370,1730,202.55,364.178
370,1740,203.485,365.868
370,1750,204.419,367.558
370,1760,205.351,369.242
370,1770,206.283,370.924
370,1780,207.213,372.605
370,1790,208.142,374.283
370,1800,209.07,375.96
370,1810,209.997,377.635
370,1820,210.922,379.308
370,1830,211.847,380.979
370,1840,212.772,382.648
370,1850,213.694,384.316
370,1860,214.615,385.98
370,1870,215.533,387.641
370,1880,216.449,389.298
370,1890,217.361,390.949
370,1900,218.271,392.595
370,1910,219.178,394.236
370,1920,220.082,395.871
370,1930,220.983,397.502
370,1940,221.881,399.127
370,1950,222.775,400.746
370,1960,223.668,402.36
370,1970,224.561,403.972
370,1980,225.452,405.581
370,1990,226.341,407.189
370,2000,227.229,408.793
380,0,47.312,84.382
380,2,47.313,84.383
380,4,47.315,84.387
380,6,47.318,84.392
380,8,47.322,84.4
380,10,47.327,84.41
380,12,47.334,84.422
380,14,47.342,84.436
380,16,47.351,84.452
380,18,47.361,84.471
380,20,47.373,84.491
380,22,47.386,84.514
380,24,47.4,84.539
380,26,47.415,84.566
380,28,47.431,84.596
380,30,47.449,84.627
380,32,47.468,84.661
380,34,47.488,84.697
380,36,47.509,84.735
380,38,47.532,84.775
380,40,47.555,84.817
380,42,47.58,84.862
380,44,47.606,84.908
380,46,47.633,84.957
380,48,47.662,85.008
380,50,47.691,85.061
380,55,47.771,85.203
380,60,47.857,85.358
380,65,47.951,85.526
380,70,48.053,85.707
380,75,48.161,85.901
380,80,48.277,86.108
380,85,48.4,86.328
380,90,48.53,86.561
380,95,48.667,86.806
380,100,48.811,87.064
380,105,48.962,87.334
380,110,49.12,87.616
380,115,49.284,87.91
380,120,49.456,88.217
380,125,49.634,88.535
380,130,49.818,88.865
380,135,50.009,89.207
380,140,50.206,89.56
380,145,50.41,89.925
380,150,50.62,90.3
380,155,50.836,90.687
380,160,51.058,91.085
380,165,51.287,91.493
380,170,51.521,91.912
380,175,51.761,92.341
380,180,52.006,92.781
380,185,52.258,93.231
380,190,52.515,93.691
380,195,52.777,94.16
380,200,53.045,94.64
380,210,53.597,95.627
380,220,54.169,96.652
380,230,54.761,97.712
380,240,55.372,98.806
380,250,56.002,99.934
380,260,56.65,101.094
380,270,57.316,102.285
380,280,57.997,103.507
380,290,58.695,104.756
380,300,59.409,106.034
380,310,60.137,107.338
380,320,60.879,108.669
380,330,61.635,110.023
380,340,62.405,111.402
380,350,63.187,112.803
380,360,63.981,114.226
380,370,64.787,115.671
380,380,65.604,117.135
380,390,66.432,118.619
380,400,67.27,120.122
380,410,68.118,121.642
380,420,68.976,123.18
380,430,69.842,124.734
380,440,70.718,126.304
380,450,71.602,127.889
380,460,72.494,129.489
380,470,73.393,131.103
380,480,74.3,132.73
380,490,75.214,134.37
380,500,76.135,136.022
380,510,77.063,137.687
380,520,77.996,139.362
380,530,78.936,141.049
380,540,79.881,142.746
380,550,80.832,144.453
380,560,81.789,146.17
380,570,82.75,147.896
380,580,83.716,149.631
380,590,84.687,151.374
380,600,85.662,153.126
380,610,86.642,154.886
380,620,87.626,156.653
380,630,88.613,158.427
380,640,89.605,160.208
380,650,90.6,161.996
380,660,91.598,163.791
380,670,92.6,165.591
380,680,93.605,167.398
380,690,94.613,169.21
380,700,95.624,171.027
380,710,96.638,172.85
380,720,97.654,174.677
380,730,98.673,176.51
380,740,99.695,178.347
380,750,100.719,180.188
380,760,101.745,182.034
380,770,102.773,183.883
380,780,103.803,185.737
380,790,104.836,187.594
380,800,105.87,189.455
380,810,106.906,191.319
380,820,107.943,193.186
380,830,108.982,195.057
380,840,110.023,196.93
380,850,111.065,198.806
380,860,112.109,200.685
380,870,113.154,202.567
380,880,114.2,204.451
380,890,115.248,206.337
380,900,116.296,208.225
380,910,117.346,210.116
380,920,118.396,212.008
380,930,119.448,213.903
380,940,120.5,215.799
380,950,121.554,217.697
380,960,122.608,219.596
380,970,123.663,221.497
380,980,124.718,223.4
380,990,125.774,225.304
380,1000,126.831,227.209
380,1010,127.888,229.115
380,1020,128.946,231.022
380,1030,130.005,232.93
380,1040,131.063,234.839
380,1050,132.122,236.749
380,1060,133.182,238.66
380,1070,134.242,240.572
380,1080,135.302,242.484
380,1090,136.362,244.396
380,1100,137.423,246.31
380,1110,138.483,248.224
380,1120,139.544,250.138
380,1130,140.605,252.052
380,1140,141.667,253.967
380,1150,142.728,255.882
380,1160,143.789,257.798
380,1170,144.851,259.713
380,1180,145.912,261.629
380,1190,146.974,263.545
380,1200,148.035,265.461
380,1210,149.097,267.377
380,1220,150.158,269.293
380,1230,151.219,271.209
380,1240,152.281,273.124
380,1250,153.342,275.04
380,1260,154.403,276.955
380,1270,155.464,278.871
380,1280,156.525,280.786
380,1290,157.586,282.701
380,1300,158.648,284.617
380,1310,159.709,286.532
380,1320,160.77,288.447
380,1330,161.831,290.363
380,1340,162.892,292.278
380,1350,163.952,294.193
380,1360,165.012,296.108
380,1370,166.073,298.023
380,1380,167.133,299.937
380,1390,168.193,301.851
380,1400,169.253,303.764
380,1410,170.312,305.678
380,1420,171.371,307.592
380,1430,172.43,309.504
380,1440,173.487,311.415
380,1450,174.542,313.326
380,1460,175.591,315.235
380,1470,176.63,317.14
380,1480,177.661,319.034
380,1490,178.687,320.908
380,1500,179.708,322.765
380,1510,180.725,324.613
380,1520,181.737,326.452
380,1530,182.744,328.284
380,1540,183.744,330.106
380,1550,184.74,331.916
380,1560,185.73,333.716
380,1570,186.714,335.506
380,1580,187.69,337.283
380,1590,188.662,339.046
380,1600,189.632,340.803
380,1610,190.599,342.553
380,1620,191.564,344.298
380,1630,192.527,346.04
380,1640,193.488,347.778
380,1650,194.447,349.514
380,1660,195.406,351.245
380,1670,196.363,352.975
380,1680,197.316,354.702
380,1690,198.264,356.423
380,1700,199.204,358.133
380,1710,200.141,359.83
380,1720,201.076,361.52
380,1730,202.01,363.209
380,1740,202.942,364.893
380,1750,203.874,366.576
380,1760,204.804,368.257
380,1770,205.733,369.935
380,1780,206.661,371.613
380,1790,207.588,373.288
380,1800,208.514,374.961
380,1810,209.439,376.632
380,1820,210.363,378.301
380,1830,211.287,379.97
380,1840,212.207,381.634
380,1850,213.126,383.295
380,1860,214.042,384.953
380,1870,214.955,386.605
380,1880,215.866,388.252
380,1890,216.773,389.896
380,1900,217.678,391.532
380,1910,218.58,393.164
380,1920,219.479,394.791
380,1930,220.375,396.412
380,1940,221.268,398.027
380,1950,222.161,399.639
380,1960,223.052,401.25
380,1970,223.942,402.858
380,1980,224.831,404.464
380,1990,225.719,406.067
380,2000,226.606,407.67
390,0,48.44,86.418
390,2,48.44,86.419
390,4,48.442,86.422
390,6,48.445,86.427
390,8,48.449,86.435
390,10,48.454,86.444
390,12,48.461,86.456
390,14,48.469,86.469
390,16,48.478,86.485
390,18,48.488,86.503
390,20,48.499,86.523
390,22,48.511,86.546
390,24,48.525,86.57
390,26,48.54,86.596
390,28,48.555,86.625
390,30,48.573,86.655
390,32,48.591,86.688
390,34,48.61,86.723
390,36,48.631,86.76
390,38,48.653,86.799
390,40,48.676,86.84
390,42,48.7,86.883
390,44,48.725,86.928
390,46,48.751,86.975
390,48,48.779,87.025
390,50,48.808,87.076
390,55,48.885,87.214
390,60,48.969,87.364
390,65,49.06,87.528
390,70,49.159,87.704
390,75,49.264,87.892
390,80,49.376,88.094
390,85,49.496,88.307
390,90,49.622,88.533
390,95,49.755,88.772
390,100,49.895,89.022
390,105,50.042,89.285
390,110,50.196,89.559
390,115,50.356,89.846
390,120,50.522,90.144
390,125,50.695,90.453
390,130,50.875,90.775
390,135,51.06,91.107
390,140,51.252,91.451
390,145,51.451,91.806
390,150,51.655,92.171
390,155,51.866,92.548
390,160,52.082,92.935
390,165,52.304,93.333
390,170,52.532,93.742
390,175,52.766,94.16
390,180,53.006,94.589
390,185,53.251,95.028
390,190,53.501,95.476
390,195,53.757,95.934
390,200,54.019,96.402
390,210,54.557,97.366
390,220,55.116,98.366
390,230,55.694,99.402
390,240,56.292,100.472
390,250,56.907,101.575
390,260,57.541,102.71
390,270,58.192,103.876
390,280,58.86,105.071
390,290,59.543,106.296
390,300,60.242,107.548
390,310,60.956,108.827
390,320,61.684,110.131
390,330,62.426,111.461
390,340,63.181,112.814
390,350,63.949,114.19
390,360,64.729,115.588
390,370,65.521,117.007
390,380,66.324,118.447
390,390,67.138,119.907
390,400,67.962,121.385
390,410,68.797,122.881
390,420,69.641,124.395
390,430,70.494,125.926
390,440,71.357,127.472
390,450,72.227,129.034
390,460,73.106,130.611
390,470,73.993,132.202
390,480,74.888,133.807
390,490,75.789,135.425
390,500,76.698,137.056
390,510,77.613,138.698
390,520,78.535,140.353
390,530,79.463,142.018
390,540,80.397,143.695
390,550,81.336,145.381
390,560,82.281,147.078
390,570,83.231,148.784
390,580,84.186,150.499
390,590,85.146,152.223
390,600,86.111,153.956
390,610,87.08,155.697
390,620,88.053,157.445
390,630,89.03,159.201
390,640,90.011,160.964
390,650,90.996,162.734
390,660,91.985,164.511
390,670,92.977,166.294
390,680,93.972,168.083
390,690,94.971,169.878
390,700,95.972,171.678
390,710,96.977,173.485
390,720,97.984,175.296
390,730,98.994,177.112
390,740,100.007,178.933
390,750,101.022,180.759
390,760,102.039,182.589
390,770,103.058,184.423
390,780,104.08,186.261
390,790,105.104,188.103
390,800,106.13,189.949
390,810,107.158,191.799
390,820,108.187,193.652
390,830,109.218,195.508
390,840,110.251,197.367
390,850,111.286,199.229
390,860,112.322,201.094
390,870,113.359,202.962
390,880,114.398,204.833
390,890,115.438,206.705
390,900,116.479,208.581
390,910,117.521,210.458
390,920,118.565,212.338
390,930,119.609,214.22
390,940,120.655,216.103
390,950,121.701,217.989
390,960,122.749,219.876
390,970,123.797,221.765
390,980,124.846,223.656
390,990,125.896,225.548
390,1000,126.946,227.441
390,1010,127.997,229.336
390,1020,129.049,231.232
390,1030,130.101,233.129
390,1040,131.154,235.027
390,1050,132.208,236.926
390,1060,133.261,238.827
390,1070,134.315,240.728
390,1080,135.37,242.63
390,1090,136.425,244.532
390,1100,137.48,246.436
390,1110,138.536,248.34
390,1120,139.592,250.244
390,1130,140.648,252.149
390,1140,141.704,254.055
390,1150,142.76,255.961
390,1160,143.817,257.868
390,1170,144.874,259.775
390,1180,145.931,261.682
390,1190,146.988,263.589
390,1200,148.045,265.497
390,1210,149.102,267.405
390,1220,150.159,269.313
390,1230,151.216,271.221
390,1240,152.273,273.129
390,1250,153.33,275.037
390,1260,154.387,276.945
390,1270,155.444,278.853
390,1280,156.501,280.76
390,1290,157.557,282.668
390,1300,158.614,284.575
390,1310,159.669,286.482
390,1320,160.725,288.389
390,1330,161.78,290.294
390,1340,162.835,292.199
390,1350,163.889,294.104
390,1360,164.942,296.009
390,1370,165.993,297.911
390,1380,167.043,299.812
390,1390,168.09,301.711
390,1400,169.135,303.605
390,1410,170.176,305.496
390,1420,171.215,307.381
390,1430,172.248,309.26
390,1440,173.276,311.134
390,1450,174.301,312.996
390,1460,175.323,314.85
390,1470,176.341,316.698
390,1480,177.356,318.539
390,1490,178.366,320.374
390,1500,179.372,322.201
390,1510,180.372,324.021
390,1520,181.368,325.829
390,1530,182.359,327.629
390,1540,183.345,329.42
390,1550,184.324,331.2
390,1560,185.298,332.971
390,1570,186.269,334.729
390,1580,187.238,336.483
390,1590,188.204,338.231
390,1600,189.168,339.974
390,1610,190.13,341.715
390,1620,191.091,343.453
390,1630,192.05,345.187
390,1640,193.008,346.918
390,1650,193.965,348.647
390,1660,194.917,350.373
390,1670,195.864,352.093
390,1680,196.803,353.802
390,1690,197.74,355.497
390,1700,198.676,357.187
390,1710,199.609,358.877
390,1720,200.542,360.561
390,1730,201.474,362.244
390,1740,202.404,363.924
390,1750,203.333,365.603
390,1760,204.261,367.28
390,1770,205.188,368.956
390,1780,206.114,370.629
390,1790,207.039,372.3
390,1800,207.964,373.97
390,1810,208.887,375.638
390,1820,209.808,377.304
390,1830,210.727,378.965
390,1840,211.644,380.623
390,1850,212.557,382.277
390,1860,213.468,383.924
390,1870,214.377,385.569
390,1880,215.282,387.206
390,1890,216.185,388.839
390,1900,217.085,390.468
390,1910,217.982,392.091
390,1920,218.875,393.708
390,1930,219.768,395.32
390,1940,220.66,396.931
390,1950,221.551,398.541
390,1960,222.44,400.147
390,1970,223.328,401.751
390,1980,224.215,403.354
390,1990,225.102,404.956
390,2000,225.987,406.556
400,0,49.563,88.446
400,2,49.564,88.447
400,4,49.566,88.45
400,6,49.569,88.455
400,8,49.573,88.462
400,10,49.578,88.472
400,12,49.584,88.483
400,14,49.592,88.496
400,16,49.6,88.512
400,18,49.61,88.529
400,20,49.621,88.549
400,22,49.633,88.57
400,24,49.646,88.594
400,26,49.66,88.619
400,28,49.676,88.647
400,30,49.692,88.677
400,32,49.71,88.709
400,34,49.729,88.742
400,36,49.749,88.778
400,38,49.77,88.816
400,40,49.793,88.856
400,42,49.816,88.898
400,44,49.841,88.942
400,46,49.866,88.988
400,48,49.893,89.036
400,50,49.921,89.086
400,55,49.996,89.22
400,60,50.077,89.366
400,65,50.166,89.525
400,70,50.262,89.696
400,75,50.364,89.879
400,80,50.474,90.075
400,85,50.59,90.282
400,90,50.712,90.502
400,95,50.842,90.734
400,100,50.978,90.978
400,105,51.121,91.233
400,110,51.27,91.5
400,115,51.426,91.779
400,120,51.588,92.069
400,125,51.756,92.37
400,130,51.931,92.683
400,135,52.112,93.007
400,140,52.299,93.341
400,145,52.492,93.687
400,150,52.691,94.043
400,155,52.896,94.41
400,160,53.107,94.788
400,165,53.323,95.176
400,170,53.545,95.574
400,175,53.773,95.982
400,180,54.007,96.4
400,185,54.246,96.828
400,190,54.49,97.266
400,195,54.74,97.713
400,200,54.995,98.169
400,210,55.521,99.111
400,220,56.066,100.088
400,230,56.631,101.1
400,240,57.215,102.146
400,250,57.818,103.225
400,260,58.438,104.335
400,270,59.075,105.476
400,280,59.728,106.647
400,290,60.398,107.847
400,300,61.083,109.074
400,310,61.783,110.328
400,320,62.497,111.608
400,330,63.224,112.912
400,340,63.966,114.24
400,350,64.719,115.592
400,360,65.486,116.965
400,370,66.264,118.36
400,380,67.053,119.776
400,390,67.854,121.211
400,400,68.665,122.665
400,410,69.486,124.138
400,420,70.317,125.628
400,430,71.157,127.136
400,440,72.006,128.659
400,450,72.864,130.198
400,460,73.73,131.752
400,470,74.605,133.321
400,480,75.487,134.904
400,490,76.376,136.5
400,500,77.272,138.109
400,510,78.176,139.73
400,520,79.086,141.364
400,530,80.002,143.008
400,540,80.924,144.664
400,550,81.852,146.33
400,560,82.785,148.007
400,570,83.724,149.693
400,580,84.668,151.389
400,590,85.617,153.093
400,600,86.571,154.807
400,610,87.53,156.529
400,620,88.492,158.258
400,630,89.459,159.996
400,640,90.43,161.741
400,650,91.405,163.493
400,660,92.384,165.252
400,670,93.366,167.017
400,680,94.352,168.789
400,690,95.341,170.567
400,700,96.333,172.351
400,710,97.328,174.14
400,720,98.326,175.935
400,730,99.327,177.735
400,740,100.331,179.54
400,750,101.337,181.35
400,760,102.345,183.164
400,770,103.356,184.983
400,780,104.369,186.806
400,790,105.385,188.633
400,800,106.402,190.464
400,810,107.422,192.299
400,820,108.443,194.137
400,830,109.466,195.979
400,840,110.491,197.824
400,850,111.518,199.672
400,860,112.546,201.523
400,870,113.576,203.377
400,880,114.607,205.234
400,890,115.64,207.094
400,900,116.673,208.956
400,910,117.708,210.82
400,920,118.745,212.687
400,930,119.782,214.555
400,940,120.821,216.426
400,950,121.86,218.299
400,960,122.901,220.174
400,970,123.942,222.051
400,980,124.984,223.929
400,990,126.027,225.809
400,1000,127.071,227.69
400,1010,128.116,229.573
400,1020,129.161,231.458
400,1030,130.207,233.343
400,1040,131.253,235.23
400,1050,132.3,237.118
400,1060,133.348,239.006
400,1070,134.396,240.896
400,1080,135.444,242.787
400,1090,136.493,244.679
400,1100,137.542,246.571
400,1110,138.592,248.464
400,1120,139.642,250.358
400,1130,140.692,252.252
400,1140,141.742,254.147
400,1150,142.793,256.042
400,1160,143.843,257.938
400,1170,144.894,259.834
400,1180,145.945,261.73
400,1190,146.995,263.627
400,1200,148.046,265.524
400,1210,149.097,267.42
400,1220,150.147,269.317
400,1230,151.197,271.214
400,1240,152.248,273.109
400,1250,153.297,275.005
400,1260,154.347,276.9
400,1270,155.395,278.795
400,1280,156.443,280.689
400,1290,157.491,282.582
400,1300,158.538,284.474
400,1310,159.584,286.366
400,1320,160.628,288.255
400,1330,161.672,290.142
400,1340,162.714,292.027
400,1350,163.753,293.911
400,1360,164.792,295.79
400,1370,165.827,297.667
400,1380,166.859,299.54
400,1390,167.888,301.408
400,1400,168.915,303.269
400,1410,169.939,305.125
400,1420,170.959,306.976
400,1430,171.978,308.823
400,1440,172.993,310.664
400,1450,174.005,312.499
400,1460,175.013,314.328
400,1470,176.017,316.15
400,1480,177.016,317.966
400,1490,178.012,319.772
400,1500,179.004,321.572
400,1510,179.99,323.363
400,1520,180.972,325.145
400,1530,181.947,326.919
400,1540,182.919,328.68
400,1550,183.889,330.436
400,1560,184.856,332.187
400,1570,185.822,333.933
400,1580,186.785,335.675
400,1590,187.747,337.414
400,1600,188.706,339.151
400,1610,189.665,340.883
400,1620,190.623,342.614
400,1630,191.579,344.342
400,1640,192.53,346.067
400,1650,193.476,347.784
400,1660,194.415,349.491
400,1670,195.352,351.185
400,1680,196.287,352.876
400,1690,197.221,354.565
400,1700,198.153,356.249
400,1710,199.085,357.932
400,1720,200.015,359.612
400,1730,200.944,361.291
400,1740,201.872,362.968
400,1750,202.799,364.644
400,1760,203.725,366.317
400,1770,204.65,367.989
400,1780,205.575,369.658
400,1790,206.499,371.326
400,1800,207.42,372.992
400,1810,208.339,374.654
400,1820,209.256,376.312
400,1830,210.17,377.967
400,1840,211.081,379.615
400,1850,211.99,381.26
400,1860,212.896,382.899
400,1870,213.799,384.533
400,1880,214.7,386.163
400,1890,215.598,387.787
400,1900,216.492,389.405
400,1910,217.385,391.019
400,1920,218.278,392.631
400,1930,219.169,394.24
400,1940,220.058,395.848
400,1950,220.946,397.453
400,1960,221.834,399.056
400,1970,222.721,400.658
400,1980,223.607,402.258
400,1990,224.492,403.857
400,2000,225.376,405.454
410,0,50.681,90.464
410,2,50.682,90.465
410,4,50.684,90.468
410,6,50.686,90.473
410,8,50.69,90.48
410,10,50.695,90.489
410,12,50.702,90.5
410,14,50.709,90.513
410,16,50.717,90.528
410,18,50.727,90.545
410,20,50.737,90.564
410,22,50.749,90.585
410,24,50.762,90.608
410,26,50.776,90.633
410,28,50.791,90.659
410,30,50.807,90.688
410,32,50.824,90.719
410,34,50.842,90.752
410,36,50.862,90.787
410,38,50.882,90.824
410,40,50.904,90.863
410,42,50.927,90.903
410,44,50.951,90.946
410,46,50.976,90.991
410,48,51.002,91.037
410,50,51.029,91.086
410,55,51.102,91.216
410,60,51.181,91.358
410,65,51.267,91.512
410,70,51.36,91.679
410,75,51.46,91.857
410,80,51.566,92.047
410,85,51.679,92.249
410,90,51.798,92.463
410,95,51.924,92.689
410,100,52.057,92.926
410,105,52.196,93.174
410,110,52.341,93.434
410,115,52.492,93.706
410,120,52.65,93.988
410,125,52.814,94.282
410,130,52.984,94.586
410,135,53.16,94.901
410,140,53.342,95.228
410,145,53.53,95.564
410,150,53.724,95.912
410,155,53.924,96.269
410,160,54.13,96.637
410,165,54.341,97.015
410,170,54.558,97.404
410,175,54.78,97.802
410,180,55.008,98.21
410,185,55.241,98.627
410,190,55.479,99.055
410,195,55.723,99.491
410,200,55.972,99.937
410,210,56.485,100.856
410,220,57.018,101.811
410,230,57.571,102.8
410,240,58.141,103.823
410,250,58.731,104.878
410,260,59.337,105.965
410,270,59.961,107.082
410,280,60.601,108.229
410,290,61.257,109.405
410,300,61.928,110.607
410,310,62.614,111.837
410,320,63.314,113.092
410,330,64.028,114.372
410,340,64.756,115.676
410,350,65.496,117.003
410,360,66.248,118.353
410,370,67.013,119.724
410,380,67.789,121.115
410,390,68.576,122.527
410,400,69.374,123.957
410,410,70.182,125.406
410,420,70.999,126.873
410,430,71.827,128.357
410,440,72.663,129.858
410,450,73.508,131.374
410,460,74.362,132.906
410,470,75.223,134.453
410,480,76.093,136.013
410,490,76.97,137.588
410,500,77.854,139.175
410,510,78.746,140.775
410,520,79.644,142.387
410,530,80.548,144.011
410,540,81.459,145.646
410,550,82.375,147.292
410,560,83.297,148.948
410,570,84.225,150.615
410,580,85.158,152.291
410,590,86.096,153.976
410,600,87.039,155.67
410,610,87.987,157.373
410,620,88.939,159.084
410,630,89.896,160.803
410,640,90.857,162.529
410,650,91.821,164.263
410,660,92.79,166.004
410,670,93.762,167.752
410,680,94.738,169.507
410,690,95.717,171.267
410,700,96.7,173.034
410,710,97.686,174.806
410,720,98.674,176.585
410,730,99.666,178.368
410,740,100.66,180.157
410,750,101.657,181.95
410,760,102.657,183.749
410,770,103.659,185.552
410,780,104.664,187.359
410,790,105.67,189.171
410,800,106.679,190.987
410,810,107.69,192.806
410,820,108.703,194.629
410,830,109.718,196.456
410,840,110.735,198.287
410,850,111.754,200.12
410,860,112.774,201.957
410,870,113.796,203.797
410,880,114.819,205.64
410,890,115.844,207.485
410,900,116.87,209.333
410,910,117.897,211.184
410,920,118.926,213.037
410,930,119.956,214.892
410,940,120.987,216.75
410,950,122.019,218.609
410,960,123.052,220.471
410,970,124.086,222.334
410,980,125.121,224.199
410,990,126.157,226.066
410,1000,127.193,227.935
410,1010,128.231,229.805
410,1020,129.269,231.676
410,1030,130.308,233.549
410,1040,131.347,235.423
410,1050,132.387,237.298
410,1060,133.427,239.174
410,1070,134.468,241.052
410,1080,135.51,242.93
410,1090,136.551,244.809
410,1100,137.593,246.688
410,1110,138.636,248.569
410,1120,139.678,250.45
410,1130,140.721,252.331
410,1140,141.764,254.213
410,1150,142.807,256.095
410,1160,143.85,257.977
410,1170,144.893,259.86
410,1180,145.935,261.743
410,1190,146.978,263.625
410,1200,148.02,265.507
410,1210,149.062,267.389
410,1220,150.104,269.27
410,1230,151.146,271.152
410,1240,152.187,273.032
410,1250,153.227,274.911
410,1260,154.266,276.789
410,1270,155.305,278.667
410,1280,156.343,280.543
410,1290,157.38,282.418
410,1300,158.415,284.291
410,1310,159.448,286.161
410,1320,160.479,288.029
410,1330,161.509,289.893
410,1340,162.536,291.754
410,1350,163.562,293.611
410,1360,164.586,295.465
410,1370,165.608,297.315
410,1380,166.627,299.162
410,1390,167.644,301.004
410,1400,168.659,302.842
410,1410,169.671,304.676
410,1420,170.679,306.505
410,1430,171.685,308.327
410,1440,172.686,310.146
410,1450,173.684,311.955
410,1460,174.679,313.759
410,1470,175.67,315.556
410,1480,176.656,317.346
410,1490,177.639,319.127
410,1500,178.615,320.903
410,1510,179.588,322.666
410,1520,180.559,324.423
410,1530,181.527,326.176
410,1540,182.493,327.923
410,1550,183.458,329.667
410,1560,184.42,331.408
410,1570,185.381,333.145
410,1580,186.34,334.881
410,1590,187.299,336.611
410,1600,188.256,338.342
410,1610,189.21,340.069
410,1620,190.159,341.791
410,1630,191.104,343.505
410,1640,192.042,345.209
410,1650,192.979,346.902
410,1660,193.914,348.593
410,1670,194.847,350.281
410,1680,195.78,351.965
410,1690,196.711,353.648
410,1700,197.641,355.328
410,1710,198.57,357.007
410,1720,199.499,358.684
410,1730,200.426,360.36
410,1740,201.352,362.033
410,1750,202.277,363.704
410,1760,203.201,365.374
410,1770,204.125,367.042
410,1780,205.046,368.708
410,1790,205.965,370.369
410,1800,206.882,372.028
410,1810,207.797,373.683
410,1820,208.708,375.332
410,1830,209.618,376.977
410,1840,210.524,378.617
410,1850,211.428,380.251
410,1860,212.329,381.882
410,1870,213.228,383.507
410,1880,214.123,385.127
410,1890,215.016,386.742
410,1900,215.908,388.354
410,1910,216.8,389.964
410,1920,217.69,391.572
410,1930,218.578,393.178
410,1940,219.466,394.781
410,1950,220.353,396.384
410,1960,221.239,397.985
410,1970,222.125,399.584
410,1980,223.009,401.181
410,1990,223.893,402.776
410,2000,224.776,404.371
420,0,51.793,92.47
420,2,51.793,92.471
420,4,51.795,92.473
420,6,51.798,92.478
420,8,51.801,92.485
420,10,51.806,92.494
420,12,51.812,92.505
420,14,51.819,92.517
420,16,51.827,92.532
420,18,51.837,92.548
420,20,51.847,92.567
420,22,51.858,92.587
420,24,51.871,92.609
420,26,51.884,92.634
420,28,51.899,92.66
420,30,51.914,92.688
420,32,51.931,92.718
420,34,51.949,92.75
420,36,51.968,92.784
420,38,51.988,92.819
420,40,52.009,92.857
420,42,52.031,92.897
420,44,52.054,92.938
420,46,52.079,92.982
420,48,52.104,93.027
420,50,52.13,93.074
420,55,52.201,93.201
420,60,52.278,93.339
420,65,52.362,93.489
420,70,52.453,93.651
420,75,52.549,93.825
420,80,52.653,94.01
420,85,52.763,94.206
420,90,52.879,94.415
420,95,53.001,94.634
420,100,53.13,94.865
420,105,53.266,95.107
420,110,53.407,95.36
420,115,53.554,95.624
420,120,53.708,95.899
420,125,53.868,96.185
420,130,54.033,96.482
420,135,54.205,96.789
420,140,54.382,97.107
420,145,54.566,97.435
420,150,54.755,97.774
420,155,54.949,98.123
420,160,55.15,98.482
420,165,55.356,98.85
420,170,55.567,99.229
420,175,55.784,99.618
420,180,56.006,100.016
420,185,56.234,100.423
420,190,56.467,100.84
420,195,56.705,101.267
420,200,56.948,101.702
420,210,57.449,102.6
420,220,57.97,103.533
420,230,58.51,104.5
420,240,59.068,105.5
420,250,59.644,106.533
420,260,60.238,107.597
420,270,60.848,108.691
420,280,61.475,109.814
420,290,62.117,110.965
420,300,62.775,112.145
420,310,63.448,113.35
420,320,64.135,114.582
420,330,64.835,115.838
420,340,65.549,117.118
420,350,66.276,118.421
420,360,67.015,119.747
420,370,67.766,121.094
420,380,68.529,122.461
420,390,69.303,123.849
420,400,70.087,125.257
420,410,70.882,126.682
420,420,71.687,128.126
420,430,72.501,129.587
420,440,73.325,131.065
420,450,74.157,132.559
420,460,74.998,134.068
420,470,75.847,135.593
420,480,76.705,137.131
420,490,77.57,138.684
420,500,78.442,140.25
420,510,79.321,141.828
420,520,80.207,143.419
420,530,81.1,145.022
420,540,81.999,146.637
420,550,82.904,148.262
420,560,83.815,149.898
420,570,84.731,151.545
420,580,85.653,153.201
420,590,86.58,154.866
420,600,87.512,156.541
420,610,88.449,158.225
420,620,89.391,159.917
420,630,90.337,161.617
420,640,91.287,163.325
420,650,92.242,165.041
420,660,93.2,166.764
420,670,94.162,168.493
420,680,95.128,170.23
420,690,96.098,171.973
420,700,97.07,173.722
420,710,98.046,175.478
420,720,99.026,177.239
420,730,100.008,179.006
420,740,100.993,180.778
420,750,101.981,182.555
420,760,102.971,184.337
420,770,103.964,186.124
420,780,104.96,187.915
420,790,105.958,189.711
420,800,106.958,191.511
420,810,107.96,193.315
420,820,108.965,195.122
420,830,109.971,196.934
420,840,110.979,198.749
420,850,111.989,200.568
420,860,113.001,202.389
420,870,114.014,204.214
420,880,115.029,206.042
420,890,116.046,207.873
420,900,117.064,209.707
420,910,118.083,211.543
420,920,119.104,213.381
420,930,120.126,215.223
420,940,121.149,217.066
420,950,122.173,218.911
420,960,123.198,220.759
420,970,124.225,222.608
420,980,125.252,224.459
420,990,126.28,226.312
420,1000,127.309,228.167
420,1010,128.338,230.023
420,1020,129.369,231.881
420,1030,130.4,233.739
420,1040,131.431,235.6
420,1050,132.463,237.461
420,1060,133.496,239.323
420,1070,134.529,241.186
420,1080,135.562,243.05
420,1090,136.596,244.915
420,1100,137.63,246.781
420,1110,138.664,248.647
420,1120,139.699,250.513
420,1130,140.733,252.38
420,1140,141.768,254.247
420,1150,142.802,256.114
420,1160,143.836,257.982
420,1170,144.87,259.849
420,1180,145.904,261.716
420,1190,146.938,263.583
420,1200,147.971,265.448
420,1210,149.003,267.313
420,1220,150.035,269.178
420,1230,151.066,271.042
420,1240,152.096,272.903
420,1250,153.126,274.763
420,1260,154.154,276.623
420,1270,155.181,278.48
420,1280,156.208,280.336
420,1290,157.232,282.189
420,1300,158.256,284.04
420,1310,159.278,285.889
420,1320,160.298,287.735
420,1330,161.317,289.579
420,1340,162.333,291.42
420,1350,163.348,293.256
420,1360,164.361,295.09
420,1370,165.371,296.919
420,1380,166.379,298.745
420,1390,167.384,300.565
420,1400,168.386,302.383
420,1410,169.384,304.192
420,1420,170.381,305.997
420,1430,171.374,307.796
420,1440,172.363,309.59
420,1450,173.348,311.377
420,1460,174.33,313.157
420,1470,175.307,314.931
420,1480,176.28,316.694
420,1490,177.251,318.452
420,1500,178.22,320.206
420,1510,179.187,321.954
420,1520,180.152,323.699
420,1530,181.115,325.441
420,1540,182.076,327.18
420,1550,183.036,328.916
420,1560,183.995,330.648
420,1570,184.953,332.378
420,1580,185.909,334.107
420,1590,186.861,335.832
420,1600,187.809,337.552
420,1610,188.751,339.262
420,1620,189.689,340.962
420,1630,190.625,342.654
420,1640,191.56,344.344
420,1650,192.493,346.032
420,1660,193.425,347.715
420,1670,194.356,349.398
420,1680,195.286,351.078
420,1690,196.215,352.756
420,1700,197.143,354.433
420,1710,198.07,356.108
420,1720,198.996,357.781
420,1730,199.921,359.453
420,1740,200.846,361.122
420,1750,201.769,362.79
420,1760,202.69,364.456
420,1770,203.609,366.117
420,1780,204.526,367.775
420,1790,205.441,369.43
420,1800,206.352,371.079
420,1810,207.262,372.725
420,1820,208.169,374.365
420,1830,209.073,376.0
420,1840,209.974,377.631
420,1850,210.873,379.257
420,1860,211.769,380.878
420,1870,212.662,382.493
420,1880,213.555,384.105
420,1890,214.446,385.716
420,1900,215.337,387.325
420,1910,216.226,388.931
420,1920,217.114,390.535
420,1930,218.001,392.137
420,1940,218.887,393.739
420,1950,219.773,395.339
420,1960,220.657,396.936
420,1970,221.541,398.532
420,1980,222.425,400.127
420,1990,223.308,401.722
420,2000,224.19,403.315
430,0,52.896,94.462
430,2,52.897,94.463
430,4,52.898,94.465
430,6,52.901,94.47
430,8,52.905,94.477
430,10,52.909,94.485
430,12,52.915,94.496
430,14,52.922,94.508
430,16,52.93,94.522
430,18,52.939,94.538
430,20,52.949,94.556
430,22,52.96,94.576
430,24,52.972,94.598
430,26,52.985,94.621
430,28,52.999,94.647
430,30,53.015,94.674
430,32,53.031,94.703
430,34,53.048,94.734
430,36,53.067,94.767
430,38,53.086,94.802
430,40,53.107,94.839
430,42,53.128,94.877
430,44,53.151,94.918
430,46,53.174,94.96
430,48,53.199,95.004
430,50,53.225,95.05
430,55,53.294,95.173
430,60,53.369,95.308
430,65,53.45,95.454
430,70,53.538,95.611
430,75,53.633,95.78
430,80,53.733,95.961
430,85,53.84,96.152
430,90,53.953,96.355
430,95,54.073,96.568
430,100,54.198,96.793
430,105,54.33,97.029
430,110,54.467,97.275
430,115,54.611,97.533
430,120,54.761,97.801
430,125,54.916,98.079
430,130,55.078,98.369
430,135,55.245,98.668
430,140,55.418,98.978
430,145,55.597,99.298
430,150,55.781,99.628
430,155,55.971,99.968
430,160,56.166,100.319
430,165,56.367,100.678
430,170,56.573,101.048
430,175,56.785,101.427
430,180,57.002,101.816
430,185,57.224,102.214
430,190,57.451,102.621
430,195,57.684,103.037
430,200,57.921,103.463
430,210,58.411,104.34
430,220,58.92,105.252
430,230,59.447,106.197
430,240,59.993,107.176
430,250,60.557,108.186
430,260,61.138,109.227
430,270,61.736,110.299
430,280,62.349,111.399
430,290,62.979,112.527
430,300,63.624,113.683
430,310,64.283,114.865
430,320,64.957,116.073
430,330,65.644,117.306
430,340,66.345,118.562
430,350,67.058,119.842
430,360,67.784,121.144
430,370,68.522,122.468
430,380,69.272,123.812
430,390,70.032,125.177
430,400,70.804,126.561
430,410,71.586,127.964
430,420,72.378,129.385
430,430,73.179,130.823
430,440,73.99,132.278
430,450,74.81,133.75
430,460,75.638,135.237
430,470,76.475,136.739
430,480,77.32,138.256
430,490,78.173,139.786
430,500,79.033,141.331
430,510,79.9,142.888
430,520,80.774,144.458
430,530,81.655,146.04
430,540,82.543,147.633
430,550,83.436,149.238
430,560,84.335,150.854
430,570,85.241,152.48
430,580,86.151,154.116
430,590,87.067,155.762
430,600,87.989,157.418
430,610,88.915,159.082
430,620,89.846,160.755
430,630,90.781,162.436
430,640,91.721,164.125
430,650,92.665,165.822
430,660,93.613,167.527
430,670,94.565,169.238
430,680,95.521,170.957
430,690,96.48,172.682
430,700,97.443,174.414
430,710,98.409,176.152
430,720,99.379,177.895
430,730,100.351,179.645
430,740,101.327,181.4
430,750,102.305,183.16
430,760,103.286,184.925
430,770,104.27,186.695
430,780,105.256,188.47
430,790,106.245,190.25
430,800,107.236,192.033
430,810,108.229,193.821
430,820,109.225,195.613
430,830,110.222,197.409
430,840,111.222,199.208
430,850,112.223,201.011
430,860,113.226,202.817
430,870,114.231,204.627
430,880,115.237,206.44
430,890,116.245,208.255
430,900,117.255,210.073
430,910,118.266,211.894
430,920,119.278,213.718
430,930,120.291,215.544
430,940,121.306,217.372
430,950,122.322,219.203
430,960,123.339,221.035
430,970,124.357,222.87
430,980,125.376,224.706
430,990,126.395,226.545
430,1000,127.416,228.384
430,1010,128.437,230.226
430,1020,129.459,232.068
430,1030,130.482,233.912
430,1040,131.505,235.757
430,1050,132.528,237.604
430,1060,133.553,239.451
430,1070,134.577,241.299
430,1080,135.602,243.148
430,1090,136.627,244.997
430,1100,137.652,246.847
430,1110,138.678,248.698
430,1120,139.703,250.548
430,1130,140.728,252.399
430,1140,141.754,254.25
430,1150,142.779,256.101
430,1160,143.804,257.952
430,1170,144.829,259.802
430,1180,145.853,261.651
430,1190,146.877,263.5
430,1200,147.9,265.349
430,1210,148.923,267.198
430,1220,149.945,269.044
430,1230,150.966,270.889
430,1240,151.986,272.733
430,1250,153.006,274.576
430,1260,154.024,276.417
430,1270,155.041,278.257
430,1280,156.057,280.092
430,1290,157.071,281.927
430,1300,158.084,283.76
430,1310,159.096,285.589
430,1320,160.105,287.417
430,1330,161.112,289.24
430,1340,162.118,291.06
430,1350,163.121,292.877
430,1360,164.121,294.689
430,1370,165.12,296.496
430,1380,166.116,298.299
430,1390,167.109,300.098
430,1400,168.099,301.893
430,1410,169.086,303.681
430,1420,170.07,305.463
430,1430,171.051,307.24
430,1440,172.026,309.011
430,1450,172.999,310.773
430,1460,173.97,312.53
430,1470,174.939,314.284
430,1480,175.906,316.032
430,1490,176.871,317.777
430,1500,177.835,319.519
430,1510,178.796,321.259
430,1520,179.756,322.995
430,1530,180.716,324.729
430,1540,181.674,326.459
430,1550,182.63,328.188
430,1560,183.584,329.915
430,1570,184.534,331.636
430,1580,185.48,333.351
430,1590,186.419,335.058
430,1600,187.356,336.753
430,1610,188.292,338.444
430,1620,189.226,340.134
430,1630,190.159,341.82
430,1640,191.091,343.503
430,1650,192.022,345.185
430,1660,192.952,346.864
430,1670,193.881,348.542
430,1680,194.808,350.219
430,1690,195.735,351.894
430,1700,196.661,353.566
430,1710,197.586,355.237
430,1720,198.51,356.906
430,1730,199.433,358.574
430,1740,200.354,360.239
430,1750,201.273,361.9
430,1760,202.19,363.558
430,1770,203.104,365.213
430,1780,204.015,366.861
430,1790,204.925,368.507
430,1800,205.832,370.147
430,1810,206.736,371.782
430,1820,207.638,373.413
430,1830,208.537,375.04
430,1840,209.433,376.661
430,1850,210.326,378.277
430,1860,211.219,379.889
430,1870,212.111,381.5
430,1880,213.001,383.109
430,1890,213.891,384.716
430,1900,214.778,386.32
430,1910,215.666,387.923
430,1920,216.553,389.524
430,1930,217.438,391.125
430,1940,218.323,392.722
430,1950,219.207,394.319
430,1960,220.091,395.914
430,1970,220.974,397.508
430,1980,221.856,399.102
430,1990,222.738,400.694
430,2000,223.618,402.285
440,0,53.992,96.439
440,2,53.992,96.44
440,4,53.994,96.443
440,6,53.997,96.448
440,8,54.0,96.454
440,10,54.005,96.462
440,12,54.01,96.473
440,14,54.017,96.484
440,16,54.025,96.498
440,18,54.034,96.514
440,20,54.043,96.531
440,22,54.054,96.551
440,24,54.066,96.572
440,26,54.079,96.595
440,28,54.092,96.619
440,30,54.107,96.646
440,32,54.123,96.674
440,34,54.14,96.705
440,36,54.158,96.737
440,38,54.177,96.771
440,40,54.197,96.806
440,42,54.218,96.844
440,44,54.24,96.883
440,46,54.263,96.924
440,48,54.287,96.967
440,50,54.312,97.012
440,55,54.379,97.132
440,60,54.452,97.263
440,65,54.531,97.405
440,70,54.617,97.559
440,75,54.709,97.723
440,80,54.807,97.899
440,85,54.911,98.085
440,90,55.021,98.283
440,95,55.137,98.491
440,100,55.259,98.71
440,105,55.388,98.939
440,110,55.522,99.18
440,115,55.662,99.431
440,120,55.808,99.692
440,125,55.959,99.963
440,130,56.117,100.245
440,135,56.28,100.538
440,140,56.448,100.84
440,145,56.623,101.152
440,150,56.802,101.474
440,155,56.988,101.806
440,160,57.178,102.148
440,165,57.374,102.499
440,170,57.576,102.86
440,175,57.782,103.23
440,180,57.994,103.609
440,185,58.211,103.998
440,190,58.433,104.395
440,195,58.66,104.802
440,200,58.892,105.218
440,210,59.37,106.075
440,220,59.867,106.966
440,230,60.383,107.891
440,240,60.917,108.848
440,250,61.469,109.837
440,260,62.037,110.856
440,270,62.622,111.905
440,280,63.224,112.983
440,290,63.84,114.089
440,300,64.472,115.222
440,310,65.119,116.381
440,320,65.78,117.566
440,330,66.454,118.776
440,340,67.142,120.009
440,350,67.842,121.266
440,360,68.555,122.545
440,370,69.28,123.845
440,380,70.017,125.166
440,390,70.764,126.508
440,400,71.523,127.869
440,410,72.292,129.249
440,420,73.071,130.647
440,430,73.86,132.063
440,440,74.658,133.496
440,450,75.466,134.945
440,460,76.282,136.41
440,470,77.106,137.89
440,480,77.939,139.385
440,490,78.779,140.894
440,500,79.627,142.417
440,510,80.482,143.953
440,520,81.345,145.501
440,530,82.214,147.062
440,540,83.09,148.635
440,550,83.971,150.219
440,560,84.859,151.815
440,570,85.753,153.421
440,580,86.653,155.037
440,590,87.558,156.663
440,600,88.468,158.298
440,610,89.383,159.943
440,620,90.303,161.597
440,630,91.227,163.259
440,640,92.157,164.929
440,650,93.09,166.607
440,660,94.028,168.293
440,670,94.969,169.986
440,680,95.915,171.686
440,690,96.864,173.393
440,700,97.817,175.107
440,710,98.773,176.827
440,720,99.733,178.553
440,730,100.696,180.285
440,740,101.661,182.023
440,750,102.63,183.766
440,760,103.602,185.514
440,770,104.576,187.267
440,780,105.553,189.025
440,790,106.532,190.788
440,800,107.514,192.555
440,810,108.498,194.326
440,820,109.484,196.102
440,830,110.472,197.881
440,840,111.463,199.664
440,850,112.455,201.451
440,860,113.449,203.241
440,870,114.445,205.035
440,880,115.443,206.832
440,890,116.442,208.631
440,900,117.443,210.434
440,910,118.445,212.239
440,920,119.448,214.047
440,930,120.453,215.858
440,940,121.459,217.671
440,950,122.466,219.486
440,960,123.474,221.303
440,970,124.484,223.122
440,980,125.494,224.943
440,990,126.505,226.765
440,1000,127.517,228.59
440,1010,128.529,230.415
440,1020,129.542,232.243
440,1030,130.556,234.071
440,1040,131.571,235.901
440,1050,132.586,237.731
440,1060,133.601,239.563
440,1070,134.617,241.395
440,1080,135.633,243.228
440,1090,136.649,245.061
440,1100,137.665,246.895
440,1110,138.681,248.73
440,1120,139.698,250.564
440,1130,140.714,252.399
440,1140,141.73,254.234
440,1150,142.746,256.068
440,1160,143.762,257.902
440,1170,144.777,259.736
440,1180,145.792,261.569
440,1190,146.806,263.401
440,1200,147.82,265.231
440,1210,148.833,267.062
440,1220,149.845,268.891
440,1230,150.857,270.719
440,1240,151.867,272.545
440,1250,152.876,274.369
440,1260,153.884,276.191
440,1270,154.891,278.011
440,1280,155.896,279.831
440,1290,156.899,281.646
440,1300,157.901,283.458
440,1310,158.901,285.267
440,1320,159.899,287.073
440,1330,160.896,288.876
440,1340,161.89,290.676
440,1350,162.882,292.472
440,1360,163.871,294.263
440,1370,164.858,296.05
440,1380,165.842,297.832
440,1390,166.824,299.609
440,1400,167.801,301.382
440,1410,168.775,303.146
440,1420,169.748,304.906
440,1430,170.718,306.662
440,1440,171.687,308.414
440,1450,172.653,310.161
440,1460,173.619,311.906
440,1470,174.582,313.648
440,1480,175.544,315.387
440,1490,176.504,317.124
440,1500,177.463,318.857
440,1510,178.421,320.588
440,1520,179.378,322.318
440,1530,180.332,324.045
440,1540,181.283,325.767
440,1550,182.23,327.484
440,1560,183.173,329.192
440,1570,184.11,330.892
440,1580,185.047,332.585
440,1590,185.982,334.276
440,1600,186.916,335.964
440,1610,187.848,337.648
440,1620,188.78,339.331
440,1630,189.71,341.012
440,1640,190.639,342.691
440,1650,191.568,344.369
440,1660,192.495,346.045
440,1670,193.422,347.719
440,1680,194.347,349.39
440,1690,195.272,351.061
440,1700,196.196,352.729
440,1710,197.118,354.397
440,1720,198.039,356.061
440,1730,198.958,357.721
440,1740,199.874,359.379
440,1750,200.787,361.032
440,1760,201.699,362.68
440,1770,202.608,364.325
440,1780,203.515,365.965
440,1790,204.419,367.6
440,1800,205.32,369.231
440,1810,206.219,370.857
440,1820,207.116,372.478
440,1830,208.009,374.094
440,1840,208.902,375.707
440,1850,209.794,377.318
440,1860,210.685,378.927
440,1870,211.574,380.534
440,1880,212.462,382.138
440,1890,213.35,383.741
440,1900,214.236,385.343
440,1910,215.122,386.944
440,1920,216.007,388.541
440,1930,216.891,390.138
440,1940,217.774,391.733
440,1950,218.658,393.328
440,1960,219.54,394.922
440,1970,220.422,396.514
440,1980,221.303,398.105
440,1990,222.182,399.694
440,2000,223.061,401.281
450,0,55.08,98.403
450,2,55.08,98.404
450,4,55.082,98.406
450,6,55.084,98.411
450,8,55.088,98.417
450,10,55.092,98.425
450,12,55.098,98.435
450,14,55.104,98.447
450,16,55.112,98.46
450,18,55.12,98.475
450,20,55.13,98.492
450,22,55.14,98.511
450,24,55.152,98.532
450,26,55.164,98.554
450,28,55.178,98.578
450,30,55.192,98.604
450,32,55.207,98.632
450,34,55.224,98.661
450,36,55.241,98.692
450,38,55.26,98.725
450,40,55.279,98.76
450,42,55.3,98.797
450,44,55.321,98.835
450,46,55.343,98.875
450,48,55.367,98.917
450,50,55.391,98.961
450,55,55.456,99.077
450,60,55.527,99.205
450,65,55.605,99.344
450,70,55.688,99.493
450,75,55.778,99.653
450,80,55.873,99.824
450,85,55.974,100.006
450,90,56.082,100.198
450,95,56.195,100.401
450,100,56.314,100.615
450,105,56.439,100.838
450,110,56.57,101.073
450,115,56.706,101.317
450,120,56.849,101.572
450,125,56.996,101.837
450,130,57.15,102.112
450,135,57.309,102.397
450,140,57.473,102.692
450,145,57.643,102.996
450,150,57.819,103.31
450,155,57.999,103.634
450,160,58.185,103.968
450,165,58.377,104.311
450,170,58.573,104.663
450,175,58.775,105.024
450,180,58.982,105.395
450,185,59.194,105.774
450,190,59.41,106.163
450,195,59.632,106.56
450,200,59.859,106.966
450,210,60.326,107.804
450,220,60.812,108.676
450,230,61.317,109.581
450,240,61.839,110.517
450,250,62.379,111.485
450,260,62.935,112.482
450,270,63.508,113.51
450,280,64.097,114.566
450,290,64.702,115.649
450,300,65.321,116.76
450,310,65.955,117.897
450,320,66.603,119.059
450,330,67.265,120.246
450,340,67.939,121.457
450,350,68.627,122.691
450,360,69.327,123.947
450,370,70.04,125.224
450,380,70.763,126.523
450,390,71.498,127.842
450,400,72.244,129.18
450,410,73.0,130.538
450,420,73.767,131.914
450,430,74.543,133.307
450,440,75.329,134.717
450,450,76.124,136.144
450,460,76.927,137.587
450,470,77.74,139.045
450,480,78.56,140.518
450,490,79.388,142.006
450,500,80.224,143.507
450,510,81.068,145.022
450,520,81.918,146.549
450,530,82.775,148.089
450,540,83.639,149.641
450,550,84.51,151.205
450,560,85.386,152.78
450,570,86.269,154.365
450,580,87.157,155.961
450,590,88.051,157.567
450,600,88.95,159.183
450,610,89.854,160.808
450,620,90.763,162.442
450,630,91.677,164.085
450,640,92.595,165.736
450,650,93.518,167.395
450,660,94.445,169.062
450,670,95.376,170.737
450,680,96.311,172.419
450,690,97.25,174.107
450,700,98.193,175.803
450,710,99.139,177.505
450,720,100.088,179.213
450,730,101.041,180.927
450,740,101.997,182.647
450,750,102.956,184.372
450,760,103.918,186.103
450,770,104.882,187.839
450,780,105.85,189.58
450,790,106.82,191.326
450,800,107.792,193.076
450,810,108.766,194.83
450,820,109.743,196.589
450,830,110.722,198.352
450,840,111.703,200.118
450,850,112.686,201.889
450,860,113.671,203.663
450,870,114.658,205.44
450,880,115.647,207.22
450,890,116.637,209.004
450,900,117.628,210.79
450,910,118.622,212.579
450,920,119.616,214.371
450,930,120.612,216.166
450,940,121.609,217.963
450,950,122.607,219.762
450,960,123.606,221.563
450,970,124.607,223.366
450,980,125.608,225.171
450,990,126.61,226.978
450,1000,127.613,228.786
450,1010,128.617,230.596
450,1020,129.621,232.407
450,1030,130.626,234.22
450,1040,131.632,236.033
450,1050,132.637,237.848
450,1060,133.644,239.663
450,1070,134.65,241.479
450,1080,135.657,243.296
450,1090,136.664,245.113
450,1100,137.671,246.931
450,1110,138.678,248.749
450,1120,139.686,250.567
450,1130,140.693,252.385
450,1140,141.699,254.203
450,1150,142.706,256.02
450,1160,143.712,257.837
450,1170,144.718,259.653
450,1180,145.723,261.469
450,1190,146.727,263.284
450,1200,147.731,265.097
450,1210,148.734,266.909
450,1220,149.736,268.72
450,1230,150.737,270.529
450,1240,151.736,272.336
450,1250,152.735,274.141
450,1260,153.733,275.945
450,1270,154.729,277.746
450,1280,155.724,279.544
450,1290,156.717,281.341
450,1300,157.708,283.135
450,1310,158.697,284.924
450,1320,159.685,286.71
450,1330,160.669,288.493
450,1340,161.653,290.271
450,1350,162.633,292.047
450,1360,163.611,293.818
450,1370,164.585,295.582
450,1380,165.558,297.342
450,1390,166.529,299.099
450,1400,167.498,300.853
450,1410,168.466,302.602
450,1420,169.432,304.348
450,1430,170.396,306.091
450,1440,171.359,307.832
450,1450,172.32,309.57
450,1460,173.28,311.306
450,1470,174.239,313.039
450,1480,175.197,314.769
450,1490,176.154,316.498
450,1500,177.108,318.225
450,1510,178.059,319.947
450,1520,179.006,321.664
450,1530,179.951,323.374
450,1540,180.889,325.077
450,1550,181.826,326.771
450,1560,182.762,328.461
450,1570,183.696,330.151
450,1580,184.629,331.837
450,1590,185.561,333.52
450,1600,186.492,335.202
450,1610,187.421,336.882
450,1620,188.35,338.56
450,1630,189.278,340.237
450,1640,190.205,341.912
450,1650,191.131,343.585
450,1660,192.056,345.256
450,1670,192.981,346.926
450,1680,193.905,348.594
450,1690,194.826,350.26
450,1700,195.746,351.923
450,1710,196.664,353.582
450,1720,197.58,355.239
450,1730,198.492,356.89
450,1740,199.404,358.537
450,1750,200.312,360.182
450,1760,201.218,361.82
450,1770,202.122,363.454
450,1780,203.023,365.085
450,1790,203.922,366.711
450,1800,204.818,368.332
450,1810,205.712,369.948
450,1820,206.605,371.56
450,1830,207.497,373.171
450,1840,208.387,374.78
450,1850,209.277,376.387
450,1860,210.165,377.992
450,1870,211.052,379.594
450,1880,211.939,381.196
450,1890,212.825,382.797
450,1900,213.71,384.395
450,1910,214.594,385.992
450,1920,215.477,387.587
450,1930,216.361,389.182
450,1940,217.243,390.776
450,1950,218.125,392.368
450,1960,219.006,393.959
450,1970,219.886,395.548
450,1980,220.764,397.136
450,1990,221.641,398.721
450,2000,222.517,400.304
460,0,56.159,100.351
460,2,56.16,100.352
460,4,56.161,100.355
460,6,56.164,100.359
460,8,56.167,100.365
460,10,56.171,100.373
460,12,56.177,100.383
460,14,56.183,100.394
460,16,56.19,100.407
460,18,56.199,100.422
460,20,56.208,100.439
460,22,56.218,100.457
460,24,56.229,100.477
460,26,56.241,100.499
460,28,56.255,100.522
460,30,56.269,100.547
460,32,56.284,100.574
460,34,56.3,100.603
460,36,56.317,100.634
460,38,56.335,100.666
460,40,56.354,100.7
460,42,56.373,100.735
460,44,56.394,100.772
460,46,56.416,100.812
460,48,56.439,100.852
460,50,56.462,100.895
460,55,56.526,101.009
460,60,56.595,101.133
460,65,56.671,101.268
460,70,56.752,101.414
460,75,56.839,101.57
460,80,56.932,101.736
460,85,57.031,101.913
460,90,57.136,102.101
460,95,57.246,102.299
460,100,57.362,102.507
460,105,57.484,102.725
460,110,57.611,102.954
460,115,57.744,103.192
460,120,57.883,103.441
460,125,58.027,103.699
460,130,58.177,103.967
460,135,58.332,104.245
460,140,58.492,104.533
460,145,58.658,104.83
460,150,58.83,105.137
460,155,59.006,105.453
460,160,59.188,105.779
460,165,59.374,106.113
460,170,59.566,106.457
460,175,59.763,106.81
460,180,59.965,107.172
460,185,60.172,107.543
460,190,60.384,107.923
460,195,60.6,108.311
460,200,60.822,108.708
460,210,61.279,109.527
460,220,61.754,110.38
460,230,62.248,111.264
460,240,62.759,112.181
460,250,63.287,113.128
460,260,63.832,114.105
460,270,64.393,115.111
460,280,64.969,116.145
460,290,65.562,117.208
460,300,66.169,118.296
460,310,66.79,119.411
460,320,67.426,120.551
460,330,68.075,121.716
460,340,68.737,122.904
460,350,69.413,124.116
460,360,70.1,125.35
460,370,70.8,126.605
460,380,71.511,127.881
460,390,72.233,129.178
460,400,72.967,130.494
460,410,73.71,131.829
460,420,74.464,133.182
460,430,75.228,134.553
460,440,76.001,135.942
460,450,76.784,137.346
460,460,77.575,138.767
460,470,78.375,140.204
460,480,79.184,141.655
460,490,80.0,143.121
460,500,80.824,144.601
460,510,81.655,146.094
460,520,82.494,147.601
460,530,83.339,149.12
460,540,84.192,150.651
460,550,85.05,152.194
460,560,85.915,153.748
460,570,86.786,155.314
460,580,87.663,156.889
460,590,88.546,158.475
460,600,89.433,160.071
460,610,90.327,161.677
460,620,91.225,163.291
460,630,92.128,164.914
460,640,93.035,166.546
460,650,93.947,168.186
460,660,94.864,169.834
460,670,95.784,171.49
460,680,96.709,173.153
460,690,97.638,174.823
460,700,98.57,176.5
460,710,99.506,178.184
460,720,100.445,179.874
460,730,101.388,181.57
460,740,102.334,183.272
460,750,103.283,184.98
460,760,104.235,186.693
460,770,105.189,188.411
460,780,106.147,190.134
460,790,107.107,191.863
460,800,108.07,193.596
460,810,109.035,195.333
460,820,110.002,197.075
460,830,110.972,198.82
460,840,111.943,200.57
460,850,112.917,202.324
460,860,113.892,204.081
460,870,114.87,205.841
460,880,115.849,207.605
460,890,116.83,209.372
460,900,117.812,211.142
460,910,118.796,212.915
460,920,119.781,214.69
460,930,120.768,216.468
460,940,121.756,218.249
460,950,122.745,220.031
460,960,123.735,221.816
460,970,124.726,223.603
460,980,125.719,225.392
460,990,126.712,227.182
460,1000,127.705,228.974
460,1010,128.7,230.768
460,1020,129.695,232.562
460,1030,130.691,234.358
460,1040,131.687,236.155
460,1050,132.684,237.953
460,1060,133.681,239.752
460,1070,134.678,241.552
460,1080,135.676,243.352
460,1090,136.673,245.152
460,1100,137.671,246.953
460,1110,138.669,248.754
460,1120,139.666,250.555
460,1130,140.664,252.355
460,1140,141.661,254.156
460,1150,142.657,255.956
460,1160,143.654,257.755
460,1170,144.65,259.554
460,1180,145.645,261.352
460,1190,146.64,263.148
460,1200,147.634,264.944
460,1210,148.627,266.739
460,1220,149.619,268.532
460,1230,150.609,270.322
460,1240,151.599,272.111
460,1250,152.588,273.898
460,1260,153.575,275.682
460,1270,154.56,277.465
460,1280,155.544,279.243
460,1290,156.526,281.02
460,1300,157.507,282.794
460,1310,158.485,284.564
460,1320,159.46,286.33
460,1330,160.434,288.091
460,1340,161.406,289.849
460,1350,162.377,291.605
460,1360,163.346,293.358
460,1370,164.314,295.107
460,1380,165.28,296.853
460,1390,166.244,298.596
460,1400,167.208,300.338
460,1410,168.169,302.077
460,1420,169.13,303.813
460,1430,170.089,305.548
460,1440,171.048,307.278
460,1450,172.005,309.008
460,1460,172.961,310.736
460,1470,173.914,312.461
460,1480,174.864,314.182
460,1490,175.811,315.897
460,1500,176.756,317.606
460,1510,177.694,319.31
460,1520,178.631,321.004
460,1530,179.567,322.695
460,1540,180.502,324.385
460,1550,181.435,326.072
460,1560,182.367,327.756
460,1570,183.299,329.438
460,1580,184.229,331.119
460,1590,185.158,332.797
460,1600,186.086,334.475
460,1610,187.014,336.15
460,1620,187.94,337.824
460,1630,188.865,339.496
460,1640,189.79,341.167
460,1650,190.714,342.835
460,1660,191.637,344.503
460,1670,192.558,346.167
460,1680,193.477,347.828
460,1690,194.394,349.486
460,1700,195.308,351.141
460,1710,196.22,352.79
460,1720,197.131,354.436
460,1730,198.039,356.079
460,1740,198.944,357.716
460,1750,199.847,359.349
460,1760,200.748,360.979
460,1770,201.647,362.603
460,1780,202.542,364.223
460,1790,203.435,365.839
460,1800,204.328,367.451
460,1810,205.22,369.062
460,1820,206.11,370.671
460,1830,207.0,372.278
460,1840,207.888,373.882
460,1850,208.775,375.485
460,1860,209.662,377.087
460,1870,210.548,378.687
460,1880,211.433,380.285
460,1890,212.317,381.882
460,1900,213.2,383.477
460,1910,214.084,385.072
460,1920,214.966,386.666
460,1930,215.848,388.258
460,1940,216.729,389.849
460,1950,217.609,391.439
460,1960,218.487,393.026
460,1970,219.365,394.611
460,1980,220.24,396.194
460,1990,221.115,397.774
460,2000,221.988,399.351
470,0,57.23,102.285
470,2,57.231,102.286
470,4,57.232,102.288
470,6,57.235,102.293
470,8,57.238,102.298
470,10,57.242,102.306
470,12,57.247,102.315
470,14,57.254,102.326
470,16,57.261,102.339
470,18,57.269,102.354
470,20,57.278,102.37
470,22,57.288,102.388
470,24,57.299,102.407
470,26,57.31,102.428
470,28,57.323,102.451
470,30,57.337,102.476
470,32,57.352,102.502
470,34,57.367,102.53
470,36,57.384,102.56
470,38,57.401,102.591
470,40,57.42,102.624
470,42,57.439,102.659
470,44,57.459,102.695
470,46,57.481,102.733
470,48,57.503,102.773
470,50,57.526,102.814
470,55,57.588,102.925
470,60,57.655,103.046
470,65,57.729,103.178
470,70,57.808,103.32
470,75,57.893,103.472
470,80,57.984,103.635
470,85,58.08,103.808
470,90,58.182,103.99
470,95,58.29,104.183
470,100,58.403,104.386
470,105,58.522,104.599
470,110,58.646,104.822
470,115,58.776,105.055
470,120,58.911,105.297
470,125,59.052,105.549
470,130,59.198,105.811
470,135,59.349,106.082
470,140,59.506,106.363
470,145,59.667,106.653
470,150,59.835,106.953
470,155,60.007,107.261
470,160,60.184,107.579
470,165,60.366,107.906
470,170,60.554,108.242
470,175,60.746,108.587
470,180,60.943,108.941
470,185,61.146,109.303
470,190,61.353,109.674
470,195,61.564,110.054
470,200,61.781,110.442
470,210,62.227,111.243
470,220,62.692,112.076
470,230,63.175,112.942
470,240,63.675,113.839
470,250,64.192,114.766
470,260,64.725,115.723
470,270,65.275,116.708
470,280,65.84,117.722
470,290,66.42,118.763
470,300,67.015,119.83
470,310,67.625,120.924
470,320,68.248,122.042
470,330,68.885,123.185
470,340,69.535,124.351
470,350,70.198,125.541
470,360,70.873,126.752
470,370,71.56,127.985
470,380,72.259,129.239
470,390,72.969,130.514
470,400,73.69,131.808
470,410,74.421,133.121
470,420,75.163,134.452
470,430,75.914,135.801
470,440,76.675,137.168
470,450,77.446,138.551
470,460,78.225,139.95
470,470,79.013,141.365
470,480,79.809,142.795
470,490,80.613,144.239
470,500,81.425,145.698
470,510,82.245,147.17
470,520,83.071,148.655
470,530,83.905,150.153
470,540,84.746,151.664
470,550,85.593,153.186
470,560,86.446,154.72
470,570,87.306,156.265
470,580,88.172,157.82
470,590,89.043,159.386
470,600,89.919,160.962
470,610,90.801,162.548
470,620,91.688,164.142
470,630,92.58,165.746
470,640,93.477,167.359
470,650,94.379,168.98
470,660,95.284,170.608
470,670,96.194,172.245
470,680,97.108,173.889
470,690,98.027,175.541
470,700,98.948,177.199
470,710,99.874,178.864
470,720,100.803,180.536
470,730,101.736,182.214
470,740,102.671,183.898
470,750,103.61,185.587
470,760,104.552,187.283
470,770,105.497,188.983
470,780,106.444,190.689
470,790,107.395,192.399
470,800,108.348,194.115
470,810,109.303,195.835
470,820,110.26,197.559
470,830,111.22,199.288
470,840,112.182,201.02
470,850,113.147,202.757
470,860,114.113,204.497
470,870,115.08,206.24
470,880,116.05,207.987
470,890,117.022,209.737
470,900,117.995,211.49
470,910,118.969,213.246
470,920,119.945,215.005
470,930,120.922,216.766
470,940,121.901,218.53
470,950,122.881,220.296
470,960,123.861,222.064
470,970,124.843,223.834
470,980,125.826,225.606
470,990,126.81,227.38
470,1000,127.794,229.155
470,1010,128.78,230.932
470,1020,129.765,232.71
470,1030,130.752,234.489
470,1040,131.739,236.27
470,1050,132.726,238.051
470,1060,133.714,239.833
470,1070,134.702,241.615
470,1080,135.69,243.398
470,1090,136.678,245.182
470,1100,137.666,246.965
470,1110,138.654,248.749
470,1120,139.642,250.532
470,1130,140.63,252.316
470,1140,141.617,254.099
470,1150,142.604,255.881
470,1160,143.591,257.663
470,1170,144.577,259.444
470,1180,145.562,261.224
470,1190,146.546,263.002
470,1200,147.53,264.779
470,1210,148.513,266.555
470,1220,149.495,268.329
470,1230,150.475,270.103
470,1240,151.455,271.872
470,1250,152.432,273.641
470,1260,153.408,275.405
470,1270,154.382,277.167
470,1280,155.356,278.926
470,1290,156.328,280.683
470,1300,157.298,282.439
470,1310,158.268,284.191
470,1320,159.236,285.94
470,1330,160.202,287.687
470,1340,161.168,289.432
470,1350,162.132,291.174
470,1360,163.095,292.914
470,1370,164.056,294.652
470,1380,165.016,296.389
470,1390,165.975,298.123
470,1400,166.934,299.853
470,1410,167.892,301.583
470,1420,168.848,303.311
470,1430,169.801,305.037
470,1440,170.753,306.759
470,1450,171.702,308.477
470,1460,172.648,310.189
470,1470,173.591,311.896
470,1480,174.529,313.597
470,1490,175.466,315.291
470,1500,176.402,316.982
470,1510,177.336,318.672
470,1520,178.27,320.358
470,1530,179.202,322.042
470,1540,180.133,323.725
470,1550,181.064,325.405
470,1560,181.993,327.084
470,1570,182.921,328.762
470,1580,183.849,330.438
470,1590,184.775,332.112
470,1600,185.701,333.784
470,1610,186.626,335.455
470,1620,187.55,337.123
470,1630,188.473,338.792
470,1640,189.395,340.457
470,1650,190.314,342.119
470,1660,191.232,343.778
470,1670,192.148,345.434
470,1680,193.061,347.086
470,1690,193.972,348.733
470,1700,194.881,350.378
470,1710,195.788,352.018
470,1720,196.693,353.654
470,1730,197.595,355.285
470,1740,198.495,356.913
470,1750,199.393,358.537
470,1760,200.288,360.155
470,1770,201.181,361.77
470,1780,202.074,363.382
470,1790,202.965,364.992
470,1800,203.855,366.601
470,1810,204.744,368.207
470,1820,205.632,369.811
470,1830,206.52,371.414
470,1840,207.406,373.015
470,1850,208.292,374.616
470,1860,209.177,376.213
470,1870,210.061,377.81
470,1880,210.944,379.405
470,1890,211.828,381.0
470,1900,212.71,382.594
470,1910,213.592,384.186
470,1920,214.473,385.777
470,1930,215.352,387.366
470,1940,216.231,388.953
470,1950,217.108,390.539
470,1960,217.984,392.122
470,1970,218.859,393.701
470,1980,219.732,395.279
470,1990,220.603,396.853
470,2000,221.472,398.424
480,0,58.293,104.203
480,2,58.293,104.204
480,4,58.295,104.206
480,6,58.297,104.21
480,8,58.3,104.216
480,10,58.305,104.224
480,12,58.31,104.233
480,14,58.316,104.243
480,16,58.323,104.256
480,18,58.33,104.27
480,20,58.339,104.286
480,22,58.349,104.303
480,24,58.359,104.322
480,26,58.371,104.343
480,28,58.383,104.365
480,30,58.397,104.389
480,32,58.411,104.415
480,34,58.426,104.442
480,36,58.442,104.471
480,38,58.46,104.501
480,40,58.477,104.534
480,42,58.496,104.567
480,44,58.516,104.603
480,46,58.537,104.64
480,48,58.558,104.679
480,50,58.581,104.719
480,55,58.641,104.827
480,60,58.707,104.945
480,65,58.779,105.074
480,70,58.856,105.212
480,75,58.939,105.361
480,80,59.027,105.519
480,85,59.121,105.688
480,90,59.221,105.866
480,95,59.326,106.054
480,100,59.436,106.252
480,105,59.552,106.46
480,110,59.673,106.677
480,115,59.8,106.904
480,120,59.932,107.141
480,125,60.069,107.387
480,130,60.212,107.642
480,135,60.359,107.907
480,140,60.512,108.181
480,145,60.67,108.465
480,150,60.833,108.757
480,155,61.002,109.059
480,160,61.175,109.369
480,165,61.353,109.689
480,170,61.536,110.017
480,175,61.724,110.354
480,180,61.917,110.7
480,185,62.114,111.054
480,190,62.316,111.416
480,195,62.523,111.788
480,200,62.735,112.167
480,210,63.172,112.95
480,220,63.626,113.766
480,230,64.099,114.613
480,240,64.588,115.49
480,250,65.094,116.398
480,260,65.616,117.335
480,270,66.154,118.3
480,280,66.708,119.294
480,290,67.277,120.314
480,300,67.86,121.36
480,310,68.458,122.433
480,320,69.069,123.53
480,330,69.694,124.651
480,340,70.332,125.796
480,350,70.983,126.964
480,360,71.646,128.154
480,370,72.321,129.365
480,380,73.007,130.597
480,390,73.705,131.85
480,400,74.414,133.122
480,410,75.133,134.413
480,420,75.862,135.723
480,430,76.601,137.05
480,440,77.35,138.395
480,450,78.108,139.756
480,460,78.875,141.134
480,470,79.651,142.527
480,480,80.435,143.936
480,490,81.228,145.359
480,500,82.028,146.796
480,510,82.835,148.247
480,520,83.65,149.712
480,530,84.473,151.189
480,540,85.302,152.679
480,550,86.137,154.18
480,560,86.979,155.694
480,570,87.827,157.218
480,580,88.681,158.753
480,590,89.541,160.299
480,600,90.407,161.855
480,610,91.278,163.421
480,620,92.154,164.996
480,630,93.035,166.58
480,640,93.921,168.173
480,650,94.811,169.775
480,660,95.706,171.384
480,670,96.605,173.002
480,680,97.509,174.627
480,690,98.416,176.26
480,700,99.328,177.899
480,710,100.243,179.546
480,720,101.162,181.199
480,730,102.084,182.858
480,740,103.009,184.524
480,750,103.938,186.195
480,760,104.87,187.872
480,770,105.805,189.555
480,780,106.742,191.243
480,790,107.682,192.936
480,800,108.625,194.633
480,810,109.571,196.336
480,820,110.519,198.042
480,830,111.469,199.753
480,840,112.421,201.468
480,850,113.375,203.187
480,860,114.332,204.91
480,870,115.29,206.637
480,880,116.25,208.366
480,890,117.212,210.099
480,900,118.175,211.835
480,910,119.14,213.574
480,920,120.107,215.316
480,930,121.075,217.06
480,940,122.044,218.807
480,950,123.014,220.556
480,960,123.985,222.307
480,970,124.958,224.06
480,980,125.931,225.815
480,990,126.905,227.572
480,1000,127.88,229.33
480,1010,128.856,231.09
480,1020,129.832,232.851
480,1030,130.809,234.613
480,1040,131.787,236.376
480,1050,132.764,238.14
480,1060,133.742,239.905
480,1070,134.721,241.67
480,1080,135.699,243.436
480,1090,136.678,245.202
480,1100,137.656,246.969
480,1110,138.635,248.735
480,1120,139.613,250.501
480,1130,140.59,252.266
480,1140,141.568,254.03
480,1150,142.545,255.795
480,1160,143.521,257.559
480,1170,144.497,259.321
480,1180,145.472,261.082
480,1190,146.446,262.842
480,1200,147.419,264.601
480,1210,148.393,266.358
480,1220,149.364,268.115
480,1230,150.335,269.869
480,1240,151.305,271.622
480,1250,152.273,273.372
480,1260,153.241,275.121
480,1270,154.208,276.867
480,1280,155.174,278.612
480,1290,156.139,280.355
480,1300,157.102,282.097
480,1310,158.065,283.836
480,1320,159.026,285.574
480,1330,159.986,287.31
480,1340,160.946,289.044
480,1350,161.905,290.775
480,1360,162.863,292.505
480,1370,163.819,294.234
480,1380,164.775,295.962
480,1390,165.728,297.685
480,1400,166.679,299.406
480,1410,167.628,301.124
480,1420,168.574,302.835
480,1430,169.518,304.543
480,1440,170.458,306.247
480,1450,171.396,307.943
480,1460,172.332,309.636
480,1470,173.268,311.326
480,1480,174.202,313.015
480,1490,175.135,314.701
480,1500,176.067,316.384
480,1510,176.998,318.066
480,1520,177.928,319.746
480,1530,178.858,321.425
480,1540,179.786,323.102
480,1550,180.714,324.778
480,1560,181.64,326.452
480,1570,182.565,328.124
480,1580,183.491,329.795
480,1590,184.415,331.464
480,1600,185.338,333.132
480,1610,186.259,334.798
480,1620,187.179,336.46
480,1630,188.097,338.119
480,1640,189.014,339.776
480,1650,189.927,341.429
480,1660,190.839,343.078
480,1670,191.749,344.723
480,1680,192.657,346.365
480,1690,193.563,348.002
480,1700,194.466,349.636
480,1710,195.367,351.266
480,1720,196.267,352.892
480,1730,197.163,354.514
480,1740,198.057,356.13
480,1750,198.95,357.743
480,1760,199.842,359.355
480,1770,200.734,360.965
480,1780,201.623,362.573
480,1790,202.512,364.178
480,1800,203.4,365.781
480,1810,204.287,367.384
480,1820,205.174,368.985
480,1830,206.059,370.585
480,1840,206.944,372.182
480,1850,207.827,373.779
480,1860,208.711,375.374
480,1870,209.594,376.968
480,1880,210.477,378.562
480,1890,211.358,380.154
480,1900,212.239,381.745
480,1910,213.118,383.333
480,1920,213.996,384.92
480,1930,214.874,386.505
480,1940,215.749,388.088
480,1950,216.624,389.667
480,1960,217.497,391.244
480,1970,218.367,392.819
480,1980,219.237,394.389
480,1990,220.105,395.959
480,2000,220.972,397.525
490,0,59.347,106.105
490,2,59.347,106.106
490,4,59.349,106.108
490,6,59.351,106.112
490,8,59.354,106.118
490,10,59.358,106.125
490,12,59.363,106.134
490,14,59.369,106.145
490,16,59.376,106.157
490,18,59.383,106.17
490,20,59.392,106.186
490,22,59.401,106.203
490,24,59.412,106.221
490,26,59.423,106.241
490,28,59.435,106.263
490,30,59.448,106.287
490,32,59.462,106.312
490,34,59.477,106.338
490,36,59.493,106.366
490,38,59.509,106.396
490,40,59.527,106.427
490,42,59.545,106.46
490,44,59.564,106.495
490,46,59.585,106.531
490,48,59.606,106.569
490,50,59.628,106.608
490,55,59.686,106.714
490,60,59.751,106.829
490,65,59.821,106.954
490,70,59.896,107.089
490,75,59.977,107.234
490,80,60.063,107.389
490,85,60.155,107.553
490,90,60.252,107.727
490,95,60.354,107.911
490,100,60.462,108.104
490,105,60.575,108.307
490,110,60.693,108.519
490,115,60.817,108.741
490,120,60.946,108.972
490,125,61.08,109.212
490,130,61.219,109.461
490,135,61.363,109.72
490,140,61.512,109.988
490,145,61.667,110.264
490,150,61.826,110.55
490,155,61.99,110.845
490,160,62.159,111.148
490,165,62.333,111.46
490,170,62.512,111.781
490,175,62.696,112.11
490,180,62.884,112.448
490,185,63.077,112.794
490,190,63.275,113.149
490,195,63.477,113.512
490,200,63.684,113.883
490,210,64.111,114.649
490,220,64.556,115.447
490,230,65.018,116.276
490,240,65.497,117.135
490,250,65.992,118.023
490,260,66.504,118.941
490,270,67.031,119.887
490,280,67.574,120.86
490,290,68.131,121.86
490,300,68.703,122.886
490,310,69.289,123.938
490,320,69.889,125.014
490,330,70.502,126.115
490,340,71.128,127.238
490,350,71.766,128.385
490,360,72.417,129.553
490,370,73.08,130.743
490,380,73.755,131.954
490,390,74.441,133.185
490,400,75.137,134.436
490,410,75.844,135.705
490,420,76.561,136.993
490,430,77.289,138.299
490,440,78.025,139.623
490,450,78.772,140.963
490,460,79.527,142.319
490,470,80.29,143.691
490,480,81.063,145.078
490,490,81.843,146.48
490,500,82.631,147.896
490,510,83.427,149.326
490,520,84.231,150.77
490,530,85.041,152.226
490,540,85.858,153.695
490,550,86.683,155.176
490,560,87.513,156.669
490,570,88.35,158.173
490,580,89.193,159.688
490,590,90.041,161.214
490,600,90.895,162.75
490,610,91.755,164.295
490,620,92.62,165.851
490,630,93.49,167.415
490,640,94.365,168.989
490,650,95.245,170.571
490,660,96.129,172.161
490,670,97.017,173.76
490,680,97.91,175.366
490,690,98.807,176.979
490,700,99.708,178.6
490,710,100.613,180.228
490,720,101.521,181.862
490,730,102.433,183.503
490,740,103.348,185.15
490,750,104.266,186.803
490,760,105.188,188.462
490,770,106.113,190.127
490,780,107.04,191.796
490,790,107.97,193.471
490,800,108.903,195.151
490,810,109.839,196.835
490,820,110.776,198.524
490,830,111.717,200.218
490,840,112.659,201.915
490,850,113.604,203.616
490,860,114.55,205.322
490,870,115.499,207.03
490,880,116.449,208.743
490,890,117.401,210.458
490,900,118.355,212.177
490,910,119.31,213.898
490,920,120.267,215.623
490,930,121.225,217.35
490,940,122.185,219.079
490,950,123.145,220.811
490,960,124.107,222.545
490,970,125.07,224.281
490,980,126.033,226.018
490,990,126.998,227.758
490,1000,127.964,229.499
490,1010,128.93,231.241
490,1020,129.896,232.985
490,1030,130.864,234.73
490,1040,131.831,236.476
490,1050,132.799,238.223
490,1060,133.768,239.97
490,1070,134.736,241.718
490,1080,135.705,243.467
490,1090,136.674,245.215
490,1100,137.643,246.964
490,1110,138.612,248.712
490,1120,139.58,250.461
490,1130,140.549,252.209
490,1140,141.517,253.958
490,1150,142.485,255.705
490,1160,143.452,257.451
490,1170,144.419,259.197
490,1180,145.385,260.943
490,1190,146.351,262.687
490,1200,147.316,264.43
490,1210,148.281,266.172
490,1220,149.244,267.913
490,1230,150.207,269.653
490,1240,151.17,271.391
490,1250,152.131,273.128
490,1260,153.092,274.864
490,1270,154.052,276.599
490,1280,155.011,278.331
490,1290,155.97,280.062
490,1300,156.928,281.792
490,1310,157.885,283.521
490,1320,158.84,285.249
490,1330,159.795,286.974
490,1340,160.747,288.696
490,1350,161.699,290.416
490,1360,162.648,292.135
490,1370,163.595,293.847
490,1380,164.541,295.556
490,1390,165.484,297.263
490,1400,166.424,298.965
490,1410,167.362,300.661
490,1420,168.298,302.354
490,1430,169.234,304.044
490,1440,170.169,305.734
490,1450,171.102,307.421
490,1460,172.035,309.105
490,1470,172.966,310.787
490,1480,173.897,312.469
490,1490,174.826,314.148
490,1500,175.755,315.826
490,1510,176.683,317.503
490,1520,177.61,319.178
490,1530,178.536,320.851
490,1540,179.462,322.523
490,1550,180.387,324.193
490,1560,181.311,325.861
490,1570,182.234,327.53
490,1580,183.155,329.194
490,1590,184.074,330.856
490,1600,184.992,332.515
490,1610,185.909,334.172
490,1620,186.823,335.825
490,1630,187.734,337.473
490,1640,188.645,339.119
490,1650,189.553,340.762
490,1660,190.459,342.4
490,1670,191.363,344.034
490,1680,192.265,345.666
490,1690,193.165,347.293
490,1700,194.063,348.916
490,1710,194.958,350.535
490,1720,195.851,352.15
490,1730,196.744,353.762
490,1740,197.636,355.373
490,1750,198.527,356.982
490,1760,199.416,358.589
490,1770,200.304,360.193
490,1780,201.192,361.796
490,1790,202.078,363.398
490,1800,202.965,364.999
490,1810,203.85,366.598
490,1820,204.734,368.195
490,1830,205.618,369.79
490,1840,206.501,371.385
490,1850,207.384,372.98
490,1860,208.266,374.573
490,1870,209.148,376.164
490,1880,210.028,377.755
490,1890,210.907,379.342
490,1900,211.785,380.929
490,1910,212.662,382.513
490,1920,213.537,384.095
490,1930,214.411,385.674
490,1940,215.284,387.251
490,1950,216.154,388.824
490,1960,217.024,390.395
490,1970,217.892,391.963
490,1980,218.759,393.53
490,1990,219.625,395.094
490,2000,220.491,396.657
500,0,60.392,107.992
500,2,60.393,107.993
500,4,60.394,107.995
500,6,60.396,107.999
500,8,60.399,108.005
500,10,60.403,108.012
500,12,60.408,108.021
500,14,60.414,108.031
500,16,60.421,108.043
500,18,60.428,108.056
500,20,60.436,108.071
500,22,60.446,108.088
500,24,60.456,108.106
500,26,60.467,108.125
500,28,60.478,108.147
500,30,60.491,108.169
500,32,60.505,108.194
500,34,60.519,108.22
500,36,60.535,108.247
500,38,60.551,108.276
500,40,60.568,108.307
500,42,60.586,108.339
500,44,60.605,108.373
500,46,60.624,108.408
500,48,60.645,108.445
500,50,60.666,108.483
500,55,60.724,108.586
500,60,60.786,108.699
500,65,60.855,108.821
500,70,60.928,108.953
500,75,61.007,109.094
500,80,61.091,109.245
500,85,61.18,109.405
500,90,61.275,109.575
500,95,61.375,109.755
500,100,61.48,109.943
500,105,61.591,110.141
500,110,61.706,110.348
500,115,61.827,110.565
500,120,61.953,110.79
500,125,62.083,111.025
500,130,62.219,111.268
500,135,62.36,111.521
500,140,62.506,111.783
500,145,62.657,112.053
500,150,62.812,112.332
500,155,62.973,112.62
500,160,63.138,112.916
500,165,63.308,113.221
500,170,63.483,113.535
500,175,63.662,113.857
500,180,63.847,114.187
500,185,64.035,114.526
500,190,64.229,114.872
500,195,64.426,115.227
500,200,64.629,115.59
500,210,65.046,116.34
500,220,65.482,117.12
500,230,65.934,117.932
500,240,66.403,118.773
500,250,66.888,119.643
500,260,67.389,120.542
500,270,67.905,121.468
500,280,68.437,122.422
500,290,68.983,123.402
500,300,69.543,124.409
500,310,70.118,125.44
500,320,70.706,126.496
500,330,71.308,127.576
500,340,71.923,128.679
500,350,72.55,129.804
500,360,73.189,130.952
500,370,73.84,132.121
500,380,74.503,133.311
500,390,75.176,134.52
500,400,75.861,135.75
500,410,76.556,136.998
500,420,77.261,138.265
500,430,77.977,139.55
500,440,78.702,140.852
500,450,79.436,142.17
500,460,80.179,143.505
500,470,80.931,144.856
500,480,81.692,146.222
500,490,82.46,147.603
500,500,83.237,148.999
500,510,84.021,150.408
500,520,84.813,151.831
500,530,85.612,153.267
500,540,86.417,154.715
500,550,87.23,156.175
500,560,88.049,157.648
500,570,88.875,159.132
500,580,89.706,160.627
500,590,90.543,162.132
500,600,91.387,163.648
500,610,92.235,165.174
500,620,93.089,166.709
500,630,93.948,168.254
500,640,94.812,169.808
500,650,95.681,171.371
500,660,96.554,172.942
500,670,97.432,174.521
500,680,98.314,176.108
500,690,99.2,177.703
500,700,100.091,179.305
500,710,100.985,180.914
500,720,101.883,182.529
500,730,102.784,184.152
500,740,103.689,185.78
500,750,104.597,187.415
500,760,105.508,189.055
500,770,106.423,190.702
500,780,107.34,192.353
500,790,108.26,194.01
500,800,109.183,195.672
500,810,110.109,197.338
500,820,111.036,199.009
500,830,111.967,200.685
500,840,112.899,202.364
500,850,113.834,204.048
500,860,114.771,205.736
500,870,115.71,207.427
500,880,116.65,209.122
500,890,117.593,210.82
500,900,118.537,212.521
500,910,119.482,214.226
500,920,120.429,215.933
500,930,121.378,217.642
500,940,122.328,219.355
500,950,123.279,221.069
500,960,124.231,222.786
500,970,125.185,224.505
500,980,126.139,226.226
500,990,127.094,227.948
500,1000,128.05,229.673
500,1010,129.007,231.398
500,1020,129.964,233.125
500,1030,130.922,234.853
500,1040,131.881,236.583
500,1050,132.84,238.313
500,1060,133.799,240.044
500,1070,134.759,241.775
500,1080,135.718,243.507
500,1090,136.678,245.24
500,1100,137.638,246.972
500,1110,138.598,248.705
500,1120,139.558,250.438
500,1130,140.518,252.171
500,1140,141.477,253.903
500,1150,142.437,255.635
500,1160,143.396,257.367
500,1170,144.355,259.098
500,1180,145.314,260.828
500,1190,146.272,262.559
500,1200,147.23,264.289
500,1210,148.188,266.018
500,1220,149.145,267.745
500,1230,150.101,269.473
500,1240,151.056,271.2
500,1250,152.011,272.924
500,1260,152.965,274.647
500,1270,153.917,276.368
500,1280,154.869,278.088
500,1290,155.819,279.807
500,1300,156.768,281.523
500,1310,157.716,283.235
500,1320,158.663,284.945
500,1330,159.608,286.653
500,1340,160.551,288.359
500,1350,161.491,290.06
500,1360,162.429,291.757
500,1370,163.367,293.451
500,1380,164.303,295.143
500,1390,165.238,296.833
500,1400,166.173,298.522
500,1410,167.106,300.208
500,1420,168.038,301.891
500,1430,168.97,303.574
500,1440,169.9,305.255
500,1450,170.83,306.934
500,1460,171.759,308.612
500,1470,172.687,310.289
500,1480,173.614,311.965
500,1490,174.541,313.638
500,1500,175.466,315.31
500,1510,176.391,316.981
500,1520,177.316,318.65
500,1530,178.239,320.318
500,1540,179.161,321.984
500,1550,180.081,323.647
500,1560,181.0,325.308
500,1570,181.918,326.966
500,1580,182.833,328.622
500,1590,183.747,330.274
500,1600,184.658,331.922
500,1610,185.569,333.567
500,1620,186.477,335.21
500,1630,187.383,336.847
500,1640,188.287,338.482
500,1650,189.189,340.113
500,1660,190.09,341.741
500,1670,190.988,343.365
500,1680,191.884,344.985
500,1690,192.778,346.601
500,1700,193.671,348.214
500,1710,194.563,349.825
500,1720,195.454,351.435
500,1730,196.344,353.043
500,1740,197.232,354.648
500,1750,198.12,356.251
500,1760,199.007,357.854
500,1770,199.894,359.455
500,1780,200.779,361.055
500,1790,201.664,362.653
500,1800,202.548,364.249
500,1810,203.432,365.844
500,1820,204.315,367.439
500,1830,205.198,369.033
500,1840,206.079,370.625
500,1850,206.96,372.217
500,1860,207.84,373.806
500,1870,208.719,375.393
500,1880,209.596,376.979
500,1890,210.472,378.562
500,1900,211.348,380.143
500,1910,212.221,381.722
500,1920,213.093,383.297
500,1930,213.963,384.87
500,1940,214.832,386.44
500,1950,215.7,388.008
500,1960,216.567,389.574
500,1970,217.433,391.138
500,1980,218.299,392.7
500,1990,219.163,394.263
500,2000,220.027,395.823
510,0,61.431,109.866
510,2,61.431,109.867
510,4,61.432,109.869
510,6,61.434,109.873
510,8,61.437,109.879
510,10,61.441,109.886
510,12,61.446,109.894
510,14,61.452,109.904
510,16,61.458,109.915
510,18,61.465,109.929
510,20,61.473,109.943
510,22,61.482,109.959
510,24,61.492,109.977
510,26,61.503,109.996
510,28,61.515,110.017
510,30,61.527,110.039
510,32,61.54,110.063
510,34,61.554,110.088
510,36,61.569,110.115
510,38,61.585,110.143
510,40,61.602,110.173
510,42,61.619,110.205
510,44,61.638,110.238
510,46,61.657,110.272
510,48,61.677,110.308
510,50,61.698,110.346
510,55,61.754,110.446
510,60,61.815,110.556
510,65,61.882,110.675
510,70,61.953,110.804
510,75,62.03,110.942
510,80,62.112,111.089
510,85,62.2,111.246
510,90,62.292,111.411
510,95,62.39,111.586
510,100,62.492,111.771
510,105,62.6,111.964
510,110,62.713,112.166
510,115,62.831,112.378
510,120,62.954,112.598
510,125,63.081,112.827
510,130,63.214,113.065
510,135,63.352,113.312
510,140,63.494,113.567
510,145,63.641,113.832
510,150,63.793,114.104
510,155,63.95,114.386
510,160,64.112,114.675
510,165,64.278,114.974
510,170,64.449,115.28
510,175,64.624,115.595
510,180,64.804,115.918
510,185,64.989,116.249
510,190,65.178,116.588
510,195,65.371,116.935
510,200,65.569,117.29
510,210,65.978,118.024
510,220,66.404,118.788
510,230,66.846,119.582
510,240,67.305,120.405
510,250,67.78,121.258
510,260,68.271,122.138
510,270,68.777,123.046
510,280,69.298,123.981
510,290,69.833,124.942
510,300,70.383,125.929
510,310,70.947,126.94
510,320,71.524,127.976
510,330,72.114,129.036
510,340,72.717,130.119
510,350,73.333,131.224
510,360,73.961,132.351
510,370,74.6,133.499
510,380,75.251,134.668
510,390,75.913,135.857
510,400,76.586,137.066
510,410,77.27,138.293
510,420,77.963,139.539
510,430,78.667,140.803
510,440,79.38,142.084
510,450,80.102,143.382
510,460,80.834,144.696
510,470,81.574,146.026
510,480,82.323,147.371
510,490,83.08,148.731
510,500,83.845,150.106
510,510,84.618,151.495
510,520,85.398,152.897
510,530,86.185,154.312
510,540,86.98,155.74
510,550,87.781,157.18
510,560,88.589,158.632
510,570,89.403,160.096
510,580,90.223,161.571
510,590,91.049,163.057
510,600,91.881,164.553
510,610,92.719,166.059
510,620,93.562,167.575
510,630,94.41,169.1
510,640,95.263,170.635
510,650,96.121,172.178
510,660,96.984,173.73
510,670,97.851,175.29
510,680,98.722,176.858
510,690,99.598,178.433
510,700,100.478,180.017
510,710,101.361,181.607
510,720,102.249,183.204
510,730,103.14,184.808
510,740,104.035,186.418
510,750,104.932,188.034
510,760,105.834,189.656
510,770,106.738,191.284
510,780,107.645,192.918
510,790,108.555,194.557
510,800,109.468,196.201
510,810,110.384,197.849
510,820,111.302,199.503
510,830,112.222,201.161
510,840,113.145,202.823
510,850,114.07,204.489
510,860,114.997,206.159
510,870,115.926,207.833
510,880,116.857,209.511
510,890,117.79,211.192
510,900,118.725,212.876
510,910,119.661,214.563
510,920,120.598,216.253
510,930,121.538,217.946
510,940,122.478,219.642
510,950,123.42,221.34
510,960,124.363,223.04
510,970,125.307,224.742
510,980,126.252,226.446
510,990,127.198,228.152
510,1000,128.145,229.86
510,1010,129.093,231.57
510,1020,130.042,233.28
510,1030,130.991,234.993
510,1040,131.94,236.706
510,1050,132.891,238.42
510,1060,133.841,240.135
510,1070,134.792,241.851
510,1080,135.743,243.568
510,1090,136.695,245.285
510,1100,137.647,247.002
510,1110,138.598,248.72
510,1120,139.55,250.438
510,1130,140.502,252.156
510,1140,141.453,253.873
510,1150,142.404,255.591
510,1160,143.356,257.308
510,1170,144.307,259.025
510,1180,145.257,260.742
510,1190,146.207,262.457
510,1200,147.156,264.172
510,1210,148.105,265.884
510,1220,149.053,267.596
510,1230,150.0,269.308
510,1240,150.947,271.018
510,1250,151.893,272.725
510,1260,152.837,274.433
510,1270,153.781,276.138
510,1280,154.723,277.841
510,1290,155.663,279.54
510,1300,156.602,281.237
510,1310,157.539,282.932
510,1320,158.476,284.625
510,1330,159.412,286.316
510,1340,160.348,288.006
510,1350,161.282,289.694
510,1360,162.215,291.38
510,1370,163.148,293.064
510,1380,164.079,294.747
510,1390,165.01,296.428
510,1400,165.94,298.108
510,1410,166.87,299.786
510,1420,167.798,301.464
510,1430,168.726,303.14
510,1440,169.653,304.815
510,1450,170.579,306.488
510,1460,171.505,308.16
510,1470,172.43,309.83
510,1480,173.354,311.499
510,1490,174.277,313.167
510,1500,175.199,314.833
510,1510,176.12,316.496
510,1520,177.039,318.157
510,1530,177.957,319.816
510,1540,178.873,321.472
510,1550,179.787,323.126
510,1560,180.7,324.775
510,1570,181.611,326.422
510,1580,182.521,328.067
510,1590,183.428,329.707
510,1600,184.334,331.344
510,1610,185.238,332.978
510,1620,186.14,334.609
510,1630,187.04,336.236
510,1640,187.939,337.86
510,1650,188.834,339.481
510,1660,189.728,341.097
510,1670,190.621,342.71
510,1680,191.514,344.321
510,1690,192.405,345.931
510,1700,193.295,347.54
510,1710,194.184,349.145
510,1720,195.072,350.749
510,1730,195.96,352.352
510,1740,196.846,353.954
510,1750,197.732,355.554
510,1760,198.617,357.152
510,1770,199.501,358.75
510,1780,200.385,360.345
510,1790,201.268,361.94
510,1800,202.151,363.534
510,1810,203.033,365.127
510,1820,203.915,366.718
510,1830,204.795,368.309
510,1840,205.674,369.897
510,1850,206.552,371.484
510,1860,207.429,373.068
510,1870,208.305,374.65
510,1880,209.179,376.229
510,1890,210.052,377.807
510,1900,210.923,379.381
510,1910,211.793,380.952
510,1920,212.661,382.522
510,1930,213.529,384.089
510,1940,214.396,385.655
510,1950,215.262,387.218
510,1960,216.127,388.78
510,1970,216.991,390.342
510,1980,217.855,391.902
510,1990,218.717,393.46
510,2000,219.579,395.016
520,0,62.461,111.727
520,2,62.462,111.727
520,4,62.463,111.73
520,6,62.465,111.733
520,8,62.468,111.739
520,10,62.472,111.745
520,12,62.476,111.754
520,14,62.482,111.763
520,16,62.488,111.775
520,18,62.495,111.787
520,20,62.503,111.802
520,22,62.512,111.817
520,24,62.521,111.835
520,26,62.532,111.853
520,28,62.543,111.874
520,30,62.555,111.895
520,32,62.568,111.919
520,34,62.582,111.943
520,36,62.597,111.969
520,38,62.612,111.997
520,40,62.628,112.026
520,42,62.645,112.057
520,44,62.663,112.089
520,46,62.682,112.123
520,48,62.702,112.158
520,50,62.722,112.195
520,55,62.777,112.293
520,60,62.837,112.4
520,65,62.901,112.516
520,70,62.971,112.642
520,75,63.047,112.777
520,80,63.127,112.92
520,85,63.212,113.073
520,90,63.302,113.235
520,95,63.398,113.406
520,100,63.498,113.586
520,105,63.603,113.775
520,110,63.713,113.973
520,115,63.828,114.179
520,120,63.948,114.394
520,125,64.073,114.618
520,130,64.203,114.851
520,135,64.337,115.092
520,140,64.477,115.342
520,145,64.62,115.6
520,150,64.769,115.867
520,155,64.922,116.142
520,160,65.08,116.425
520,165,65.243,116.717
520,170,65.41,117.016
520,175,65.581,117.324
520,180,65.757,117.64
520,185,65.938,117.964
520,190,66.123,118.296
520,195,66.312,118.635
520,200,66.506,118.983
520,210,66.906,119.7
520,220,67.322,120.448
520,230,67.756,121.226
520,240,68.205,122.032
520,250,68.67,122.867
520,260,69.151,123.73
520,270,69.647,124.62
520,280,70.157,125.536
520,290,70.682,126.478
520,300,71.221,127.446
520,310,71.774,128.438
520,320,72.34,129.455
520,330,72.92,130.495
520,340,73.511,131.557
520,350,74.116,132.643
520,360,74.732,133.749
520,370,75.36,134.877
520,380,76.0,136.026
520,390,76.651,137.195
520,400,77.312,138.383
520,410,77.984,139.589
520,420,78.666,140.815
520,430,79.358,142.058
520,440,80.06,143.318
520,450,80.771,144.595
520,460,81.491,145.889
520,470,82.219,147.198
520,480,82.957,148.523
520,490,83.702,149.863
520,500,84.456,151.217
520,510,85.217,152.585
520,520,85.986,153.967
520,530,86.762,155.362
520,540,87.545,156.77
520,550,88.335,158.19
520,560,89.131,159.622
520,570,89.934,161.066
520,580,90.744,162.521
520,590,91.559,163.986
520,600,92.38,165.463
520,610,93.206,166.949
520,620,94.038,168.446
520,630,94.875,169.952
520,640,95.718,171.467
520,650,96.565,172.991
520,660,97.417,174.524
520,670,98.273,176.065
520,680,99.134,177.614
520,690,99.999,179.17
520,700,100.869,180.735
520,710,101.742,182.306
520,720,102.619,183.885
520,730,103.5,185.47
520,740,104.384,187.062
520,750,105.272,188.66
520,760,106.163,190.264
520,770,107.057,191.874
520,780,107.954,193.49
520,790,108.854,195.111
520,800,109.757,196.737
520,810,110.663,198.368
520,820,111.571,200.003
520,830,112.482,201.644
520,840,113.395,203.288
520,850,114.31,204.937
520,860,115.228,206.59
520,870,116.147,208.247
520,880,117.069,209.907
520,890,117.992,211.571
520,900,118.917,213.238
520,910,119.844,214.908
520,920,120.772,216.582
520,930,121.702,218.258
520,940,122.633,219.936
520,950,123.566,221.618
520,960,124.5,223.301
520,970,125.435,224.987
520,980,126.371,226.675
520,990,127.308,228.364
520,1000,128.245,230.056
520,1010,129.184,231.749
520,1020,130.124,233.444
520,1030,131.064,235.139
520,1040,132.005,236.837
520,1050,132.946,238.535
520,1060,133.888,240.234
520,1070,134.83,241.934
520,1080,135.772,243.634
520,1090,136.715,245.335
520,1100,137.658,247.037
520,1110,138.601,248.739
520,1120,139.544,250.44
520,1130,140.487,252.142
520,1140,141.429,253.844
520,1150,142.371,255.546
520,1160,143.313,257.247
520,1170,144.255,258.947
520,1180,145.196,260.646
520,1190,146.137,262.345
520,1200,147.077,264.043
520,1210,148.016,265.74
520,1220,148.955,267.435
520,1230,149.892,269.129
520,1240,150.83,270.823
520,1250,151.766,272.514
520,1260,152.702,274.204
520,1270,153.638,275.894
520,1280,154.572,277.583
520,1290,155.506,279.27
520,1300,156.439,280.954
520,1310,157.372,282.638
520,1320,158.303,284.321
520,1330,159.235,286.003
520,1340,160.165,287.683
520,1350,161.094,289.361
520,1360,162.023,291.039
520,1370,162.952,292.717
520,1380,163.879,294.392
520,1390,164.806,296.066
520,1400,165.732,297.739
520,1410,166.657,299.41
520,1420,167.583,301.081
520,1430,168.507,302.75
520,1440,169.431,304.418
520,1450,170.353,306.085
520,1460,171.274,307.749
520,1470,172.194,309.411
520,1480,173.113,311.071
520,1490,174.03,312.729
520,1500,174.946,314.385
520,1510,175.861,316.038
520,1520,176.773,317.687
520,1530,177.685,319.334
520,1540,178.595,320.979
520,1550,179.503,322.621
520,1560,180.409,324.259
520,1570,181.314,325.895
520,1580,182.217,327.526
520,1590,183.118,329.157
520,1600,184.018,330.783
520,1610,184.916,332.405
520,1620,185.811,334.025
520,1630,186.705,335.641
520,1640,187.598,337.253
520,1650,188.491,338.865
520,1660,189.382,340.475
520,1670,190.272,342.083
520,1680,191.161,343.689
520,1690,192.049,345.293
520,1700,192.937,346.896
520,1710,193.823,348.498
520,1720,194.709,350.098
520,1730,195.594,351.697
520,1740,196.479,353.294
520,1750,197.362,354.889
520,1760,198.246,356.484
520,1770,199.129,358.079
520,1780,200.011,359.672
520,1790,200.893,361.264
520,1800,201.773,362.855
520,1810,202.653,364.443
520,1820,203.531,366.03
520,1830,204.409,367.616
520,1840,205.285,369.199
520,1850,206.16,370.778
520,1860,207.033,372.357
520,1870,207.905,373.933
520,1880,208.775,375.505
520,1890,209.644,377.076
520,1900,210.512,378.644
520,1910,211.38,380.21
520,1920,212.246,381.774
520,1930,213.111,383.337
520,1940,213.976,384.9
520,1950,214.84,386.461
520,1960,215.704,388.019
520,1970,216.566,389.577
520,1980,217.428,391.132
520,1990,218.289,392.687
520,2000,219.149,394.24
530,0,63.484,113.572
530,2,63.484,113.573
530,4,63.486,113.575
530,6,63.488,113.579
530,8,63.49,113.584
530,10,63.494,113.591
530,12,63.499,113.599
530,14,63.504,113.608
530,16,63.51,113.619
530,18,63.517,113.632
530,20,63.525,113.646
530,22,63.533,113.661
530,24,63.543,113.678
530,26,63.553,113.696
530,28,63.564,113.716
530,30,63.576,113.737
530,32,63.588,113.76
530,34,63.602,113.784
530,36,63.616,113.81
530,38,63.631,113.837
530,40,63.647,113.865
530,42,63.664,113.895
530,44,63.681,113.926
530,46,63.7,113.959
530,48,63.719,113.994
530,50,63.739,114.029
530,55,63.792,114.125
530,60,63.85,114.23
530,65,63.914,114.344
530,70,63.982,114.466
530,75,64.055,114.598
530,80,64.134,114.738
530,85,64.217,114.888
530,90,64.305,115.046
530,95,64.398,115.213
530,100,64.496,115.389
530,105,64.599,115.573
530,110,64.707,115.766
530,115,64.819,115.968
530,120,64.936,116.178
530,125,65.058,116.397
530,130,65.185,116.625
530,135,65.317,116.86
530,140,65.453,117.105
530,145,65.593,117.357
530,150,65.739,117.618
530,155,65.888,117.887
530,160,66.043,118.164
530,165,66.202,118.449
530,170,66.365,118.742
530,175,66.533,119.043
530,180,66.705,119.352
530,185,66.882,119.669
530,190,67.063,119.994
530,195,67.248,120.326
530,200,67.437,120.666
530,210,67.829,121.368
530,220,68.237,122.101
530,230,68.661,122.862
530,240,69.101,123.652
530,250,69.557,124.47
530,260,70.027,125.315
530,270,70.513,126.187
530,280,71.014,127.085
530,290,71.528,128.009
530,300,72.057,128.959
530,310,72.599,129.932
530,320,73.155,130.929
530,330,73.723,131.95
530,340,74.304,132.993
530,350,74.898,134.059
530,360,75.503,135.146
530,370,76.12,136.254
530,380,76.748,137.383
530,390,77.388,138.531
530,400,78.038,139.699
530,410,78.698,140.885
530,420,79.369,142.09
530,430,80.05,143.313
530,440,80.74,144.553
530,450,81.439,145.81
530,460,82.148,147.083
530,470,82.865,148.372
530,480,83.591,149.677
530,490,84.325,150.996
530,500,85.068,152.33
530,510,85.818,153.678
530,520,86.575,155.04
530,530,87.34,156.415
530,540,88.112,157.802
530,550,88.891,159.202
530,560,89.676,160.615
530,570,90.468,162.038
530,580,91.266,163.474
530,590,92.07,164.92
530,600,92.88,166.376
530,610,93.696,167.843
530,620,94.517,169.32
530,630,95.343,170.807
530,640,96.175,172.303
530,650,97.011,173.808
530,660,97.853,175.321
530,670,98.698,176.843
530,680,99.549,178.373
530,690,100.403,179.912
530,700,101.262,181.457
530,710,102.125,183.01
530,720,102.992,184.57
530,730,103.862,186.137
530,740,104.736,187.71
530,750,105.614,189.29
530,760,106.495,190.876
530,770,107.379,192.468
530,780,108.266,194.065
530,790,109.156,195.668
530,800,110.049,197.277
530,810,110.945,198.89
530,820,111.843,200.508
530,830,112.744,202.131
530,840,113.647,203.758
530,850,114.553,205.389
530,860,115.461,207.025
530,870,116.371,208.664
530,880,117.282,210.307
530,890,118.196,211.954
530,900,119.112,213.604
530,910,120.029,215.257
530,920,120.948,216.913
530,930,121.868,218.572
530,940,122.79,220.234
530,950,123.713,221.898
530,960,124.638,223.565
530,970,125.563,225.234
530,980,126.49,226.905
530,990,127.418,228.579
530,1000,128.347,230.253
530,1010,129.276,231.93
530,1020,130.207,233.608
530,1030,131.138,235.287
530,1040,132.069,236.968
530,1050,133.001,238.65
530,1060,133.934,240.333
530,1070,134.867,242.016
530,1080,135.801,243.701
530,1090,136.734,245.385
530,1100,137.668,247.071
530,1110,138.602,248.756
530,1120,139.536,250.442
530,1130,140.47,252.128
530,1140,141.404,253.814
530,1150,142.338,255.5
530,1160,143.271,257.185
530,1170,144.205,258.87
530,1180,145.138,260.555
530,1190,146.071,262.239
530,1200,147.004,263.923
530,1210,147.936,265.606
530,1220,148.867,267.288
530,1230,149.799,268.97
530,1240,150.73,270.652
530,1250,151.66,272.332
530,1260,152.59,274.011
530,1270,153.52,275.689
530,1280,154.449,277.367
530,1290,155.377,279.044
530,1300,156.305,280.72
530,1310,157.233,282.396
530,1320,158.16,284.069
530,1330,159.086,285.742
530,1340,160.011,287.414
530,1350,160.937,289.085
530,1360,161.861,290.754
530,1370,162.785,292.423
530,1380,163.709,294.091
530,1390,164.631,295.758
530,1400,165.553,297.422
530,1410,166.473,299.084
530,1420,167.393,300.745
530,1430,168.311,302.405
530,1440,169.229,304.062
530,1450,170.145,305.718
530,1460,171.06,307.371
530,1470,171.973,309.022
530,1480,172.885,310.67
530,1490,173.796,312.315
530,1500,174.705,313.96
530,1510,175.613,315.6
530,1520,176.519,317.238
530,1530,177.424,318.873
530,1540,178.327,320.505
530,1550,179.229,322.136
530,1560,180.129,323.762
530,1570,181.028,325.386
530,1580,181.924,327.008
530,1590,182.819,328.624
530,1600,183.713,330.239
530,1610,184.605,331.851
530,1620,185.497,333.462
530,1630,186.388,335.071
530,1640,187.278,336.679
530,1650,188.167,338.284
530,1660,189.055,339.888
530,1670,189.942,341.491
530,1680,190.829,343.092
530,1690,191.714,344.693
530,1700,192.6,346.291
530,1710,193.484,347.888
530,1720,194.368,349.483
530,1730,195.251,351.078
530,1740,196.134,352.673
530,1750,197.016,354.266
530,1760,197.898,355.858
530,1770,198.778,357.449
530,1780,199.658,359.037
530,1790,200.536,360.624
530,1800,201.414,362.21
530,1810,202.29,363.793
530,1820,203.165,365.374
530,1830,204.039,366.953
530,1840,204.912,368.529
530,1850,205.782,370.103
530,1860,206.652,371.673
530,1870,207.52,373.242
530,1880,208.388,374.809
530,1890,209.254,376.374
530,1900,210.12,377.937
530,1910,210.985,379.5
530,1920,211.849,381.062
530,1930,212.713,382.621
530,1940,213.576,384.179
530,1950,214.438,385.736
530,1960,215.299,387.29
530,1970,216.16,388.844
530,1980,217.02,390.397
530,1990,217.879,391.95
530,2000,218.738,393.501
540,0,64.499,115.405
540,2,64.5,115.406
540,4,64.501,115.408
540,6,64.503,115.412
540,8,64.506,115.417
540,10,64.509,115.423
540,12,64.514,115.431
540,14,64.519,115.44
540,16,64.525,115.451
540,18,64.532,115.463
540,20,64.539,115.477
540,22,64.548,115.492
540,24,64.557,115.508
540,26,64.567,115.526
540,28,64.577,115.545
540,30,64.589,115.566
540,32,64.601,115.588
540,34,64.614,115.612
540,36,64.628,115.637
540,38,64.643,115.663
540,40,64.659,115.691
540,42,64.675,115.72
540,44,64.692,115.751
540,46,64.71,115.783
540,48,64.729,115.817
540,50,64.748,115.852
540,55,64.8,115.945
540,60,64.857,116.047
540,65,64.919,116.159
540,70,64.986,116.278
540,75,65.058,116.407
540,80,65.134,116.544
540,85,65.215,116.69
540,90,65.302,116.845
540,95,65.393,117.008
540,100,65.488,117.18
540,105,65.589,117.36
540,110,65.694,117.549
540,115,65.804,117.746
540,120,65.918,117.952
540,125,66.038,118.166
540,130,66.162,118.388
540,135,66.29,118.619
540,140,66.423,118.857
540,145,66.561,119.104
540,150,66.703,119.359
540,155,66.849,119.622
540,160,67.0,119.893
540,165,67.156,120.172
540,170,67.315,120.459
540,175,67.48,120.753
540,180,67.648,121.056
540,185,67.821,121.366
540,190,67.998,121.684
540,195,68.179,122.009
540,200,68.364,122.342
540,210,68.748,123.029
540,220,69.147,123.746
540,230,69.562,124.492
540,240,69.994,125.266
540,250,70.44,126.067
540,260,70.901,126.895
540,270,71.378,127.75
540,280,71.868,128.631
540,290,72.373,129.537
540,300,72.891,130.468
540,310,73.423,131.423
540,320,73.968,132.402
540,330,74.526,133.404
540,340,75.096,134.428
540,350,75.679,135.474
540,360,76.273,136.542
540,370,76.88,137.631
540,380,77.497,138.739
540,390,78.125,139.868
540,400,78.764,141.016
540,410,79.414,142.183
540,420,80.073,143.368
540,430,80.743,144.571
540,440,81.422,145.791
540,450,82.11,147.028
540,460,82.807,148.281
540,470,83.514,149.55
540,480,84.228,150.834
540,490,84.951,152.134
540,500,85.682,153.447
540,510,86.421,154.775
540,520,87.167,156.117
540,530,87.921,157.472
540,540,88.682,158.84
540,550,89.449,160.22
540,560,90.224,161.613
540,570,91.005,163.017
540,580,91.792,164.432
540,590,92.585,165.859
540,600,93.384,167.296
540,610,94.189,168.744
540,620,94.999,170.202
540,630,95.815,171.669
540,640,96.636,173.146
540,650,97.462,174.632
540,660,98.292,176.126
540,670,99.128,177.629
540,680,99.968,179.141
540,690,100.812,180.66
540,700,101.66,182.187
540,710,102.513,183.722
540,720,103.369,185.263
540,730,104.23,186.812
540,740,105.093,188.367
540,750,105.961,189.929
540,760,106.832,191.496
540,770,107.706,193.07
540,780,108.583,194.65
540,790,109.463,196.235
540,800,110.346,197.825
540,810,111.232,199.421
540,820,112.121,201.021
540,830,113.012,202.627
540,840,113.905,204.237
540,850,114.801,205.851
540,860,115.7,207.469
540,870,116.6,209.091
540,880,117.502,210.717
540,890,118.407,212.347
540,900,119.313,213.98
540,910,120.221,215.616
540,920,121.13,217.256
540,930,122.041,218.898
540,940,122.954,220.544
540,950,123.868,222.191
540,960,124.784,223.842
540,970,125.7,225.495
540,980,126.618,227.149
540,990,127.537,228.806
540,1000,128.457,230.465
540,1010,129.377,232.126
540,1020,130.299,233.788
540,1030,131.221,235.452
540,1040,132.144,237.117
540,1050,133.068,238.783
540,1060,133.992,240.451
540,1070,134.917,242.119
540,1080,135.842,243.788
540,1090,136.767,245.458
540,1100,137.693,247.129
540,1110,138.619,248.8
540,1120,139.545,250.472
540,1130,140.472,252.143
540,1140,141.398,253.816
540,1150,142.325,255.488
540,1160,143.251,257.16
540,1170,144.178,258.832
540,1180,145.104,260.504
540,1190,146.03,262.176
540,1200,146.956,263.847
540,1210,147.882,265.519
540,1220,148.807,267.19
540,1230,149.732,268.861
540,1240,150.658,270.531
540,1250,151.582,272.201
540,1260,152.507,273.869
540,1270,153.431,275.537
540,1280,154.355,277.205
540,1290,155.278,278.873
540,1300,156.201,280.539
540,1310,157.122,282.204
540,1320,158.044,283.868
540,1330,158.964,285.53
540,1340,159.885,287.192
540,1350,160.804,288.852
540,1360,161.722,290.511
540,1370,162.64,292.169
540,1380,163.557,293.825
540,1390,164.473,295.48
540,1400,165.388,297.133
540,1410,166.301,298.784
540,1420,167.214,300.432
540,1430,168.125,302.079
540,1440,169.036,303.725
540,1450,169.945,305.368
540,1460,170.853,307.008
540,1470,171.76,308.646
540,1480,172.665,310.282
540,1490,173.569,311.915
540,1500,174.472,313.547
540,1510,175.373,315.176
540,1520,176.273,316.802
540,1530,177.171,318.425
540,1540,178.068,320.047
540,1550,178.963,321.663
540,1560,179.857,323.279
540,1570,180.749,324.891
540,1580,181.642,326.502
540,1590,182.533,328.112
540,1600,183.423,329.72
540,1610,184.312,331.327
540,1620,185.201,332.931
540,1630,186.088,334.534
540,1640,186.975,336.137
540,1650,187.862,337.737
540,1660,188.747,339.337
540,1670,189.632,340.935
540,1680,190.516,342.531
540,1690,191.4,344.126
540,1700,192.283,345.721
540,1710,193.166,347.315
540,1720,194.048,348.908
540,1730,194.929,350.5
540,1740,195.81,352.091
540,1750,196.689,353.678
540,1760,197.567,355.265
540,1770,198.445,356.851
540,1780,199.321,358.434
540,1790,200.196,360.014
540,1800,201.07,361.593
540,1810,201.943,363.169
540,1820,202.813,364.743
540,1830,203.683,366.314
540,1840,204.551,367.883
540,1850,205.419,369.45
540,1860,206.286,371.016
540,1870,207.152,372.579
540,1880,208.017,374.142
540,1890,208.881,375.704
540,1900,209.745,377.264
540,1910,210.608,378.823
540,1920,211.471,380.379
540,1930,212.332,381.934
540,1940,213.193,383.489
540,1950,214.053,385.042
540,1960,214.913,386.595
540,1970,215.772,388.146
540,1980,216.63,389.696
540,1990,217.487,391.245
540,2000,218.344,392.793
550,0,65.509,117.227
550,2,65.509,117.228
550,4,65.51,117.23
550,6,65.512,117.233
550,8,65.515,117.238
550,10,65.518,117.245
550,12,65.523,117.252
550,14,65.528,117.261
550,16,65.534,117.272
550,18,65.54,117.284
550,20,65.548,117.297
550,22,65.556,117.312
550,24,65.565,117.328
550,26,65.574,117.345
550,28,65.585,117.364
550,30,65.596,117.384
550,32,65.608,117.406
550,34,65.621,117.429
550,36,65.635,117.453
550,38,65.649,117.479
550,40,65.664,117.506
550,42,65.68,117.535
550,44,65.697,117.565
550,46,65.714,117.596
550,48,65.733,117.629
550,50,65.752,117.663
550,55,65.803,117.755
550,60,65.858,117.855
550,65,65.919,117.963
550,70,65.984,118.08
550,75,66.054,118.206
550,80,66.129,118.34
550,85,66.208,118.483
550,90,66.293,118.634
550,95,66.382,118.794
550,100,66.475,118.961
550,105,66.573,119.138
550,110,66.676,119.322
550,115,66.784,119.515
550,120,66.896,119.716
550,125,67.012,119.925
550,130,67.133,120.143
550,135,67.259,120.368
550,140,67.389,120.602
550,145,67.524,120.843
550,150,67.663,121.093
550,155,67.806,121.35
550,160,67.954,121.615
550,165,68.106,121.888
550,170,68.262,122.169
550,175,68.423,122.457
550,180,68.588,122.753
550,185,68.757,123.056
550,190,68.93,123.367
550,195,69.107,123.686
550,200,69.289,124.012
550,210,69.664,124.685
550,220,70.055,125.387
550,230,70.462,126.118
550,240,70.884,126.876
550,250,71.322,127.661
550,260,71.774,128.473
550,270,72.241,129.311
550,280,72.722,130.175
550,290,73.216,131.063
550,300,73.725,131.977
550,310,74.247,132.914
550,320,74.782,133.874
550,330,75.329,134.858
550,340,75.889,135.863
550,350,76.461,136.891
550,360,77.045,137.94
550,370,77.64,139.009
550,380,78.247,140.099
550,390,78.865,141.208
550,400,79.493,142.337
550,410,80.131,143.484
550,420,80.78,144.649
550,430,81.438,145.833
550,440,82.106,147.033
550,450,82.784,148.25
550,460,83.47,149.484
550,470,84.165,150.733
550,480,84.869,151.998
550,490,85.581,153.277
550,500,86.301,154.571
550,510,87.028,155.88
550,520,87.764,157.202
550,530,88.506,158.537
550,540,89.256,159.885
550,550,90.013,161.246
550,560,90.777,162.619
550,570,91.547,164.004
550,580,92.323,165.4
550,590,93.105,166.808
550,600,93.894,168.226
550,610,94.688,169.654
550,620,95.488,171.093
550,630,96.293,172.541
550,640,97.103,173.999
550,650,97.919,175.466
550,660,98.739,176.942
550,670,99.564,178.427
550,680,100.393,179.919
550,690,101.227,181.42
550,700,102.065,182.929
550,710,102.908,184.445
550,720,103.754,185.969
550,730,104.604,187.499
550,740,105.458,189.036
550,750,106.316,190.58
550,760,107.176,192.13
550,770,108.041,193.686
550,780,108.908,195.248
550,790,109.778,196.816
550,800,110.652,198.389
550,810,111.528,199.967
550,820,112.407,201.55
550,830,113.289,203.138
550,840,114.173,204.731
550,850,115.059,206.328
550,860,115.948,207.93
550,870,116.839,209.535
550,880,117.732,211.144
550,890,118.627,212.758
550,900,119.524,214.374
550,910,120.423,215.994
550,920,121.324,217.617
550,930,122.226,219.244
550,940,123.13,220.873
550,950,124.035,222.505
550,960,124.942,224.139
550,970,125.849,225.776
550,980,126.759,227.416
550,990,127.669,229.057
550,1000,128.58,230.7
550,1010,129.492,232.346
550,1020,130.406,233.993
550,1030,131.32,235.642
550,1040,132.235,237.292
550,1050,133.15,238.944
550,1060,134.066,240.596
550,1070,134.983,242.25
550,1080,135.901,243.905
550,1090,136.818,245.561
550,1100,137.737,247.218
550,1110,138.655,248.875
550,1120,139.574,250.533
550,1130,140.493,252.192
550,1140,141.412,253.851
550,1150,142.331,255.51
550,1160,143.251,257.17
550,1170,144.17,258.829
550,1180,145.09,260.489
550,1190,146.009,262.149
550,1200,146.929,263.808
550,1210,147.848,265.467
550,1220,148.767,267.126
550,1230,149.685,268.784
550,1240,150.604,270.442
550,1250,151.522,272.101
550,1260,152.44,273.757
550,1270,153.357,275.414
550,1280,154.274,277.07
550,1290,155.191,278.724
550,1300,156.106,280.379
550,1310,157.021,282.032
550,1320,157.936,283.683
550,1330,158.85,285.334
550,1340,159.763,286.982
550,1350,160.675,288.631
550,1360,161.586,290.277
550,1370,162.497,291.922
550,1380,163.407,293.566
550,1390,164.316,295.209
550,1400,165.224,296.848
550,1410,166.131,298.487
550,1420,167.037,300.123
550,1430,167.942,301.758
550,1440,168.846,303.39
550,1450,169.748,305.021
550,1460,170.649,306.65
550,1470,171.549,308.275
550,1480,172.448,309.9
550,1490,173.346,311.521
550,1500,174.242,313.14
550,1510,175.136,314.756
550,1520,176.029,316.371
550,1530,176.922,317.983
550,1540,177.814,319.594
550,1550,178.706,321.204
550,1560,179.596,322.812
550,1570,180.485,324.419
550,1580,181.373,326.023
550,1590,182.261,327.626
550,1600,183.148,329.229
550,1610,184.035,330.83
550,1620,184.921,332.43
550,1630,185.806,334.028
550,1640,186.69,335.625
550,1650,187.574,337.22
550,1660,188.457,338.815
550,1670,189.34,340.41
550,1680,190.223,342.003
550,1690,191.104,343.595
550,1700,191.985,345.186
550,1710,192.865,346.776
550,1720,193.744,348.363
550,1730,194.622,349.95
550,1740,195.499,351.534
550,1750,196.375,353.117
550,1760,197.25,354.696
550,1770,198.123,356.275
550,1780,198.996,357.85
550,1790,199.866,359.424
550,1800,200.736,360.994
550,1810,201.604,362.564
550,1820,202.472,364.131
550,1830,203.339,365.697
550,1840,204.205,367.26
550,1850,205.07,368.822
550,1860,205.934,370.385
550,1870,206.798,371.945
550,1880,207.661,373.503
550,1890,208.524,375.06
550,1900,209.385,376.616
550,1910,210.246,378.17
550,1920,211.107,379.723
550,1930,211.967,381.276
550,1940,212.826,382.828
550,1950,213.684,384.379
550,1960,214.542,385.928
550,1970,215.398,387.475
550,1980,216.254,389.021
550,1990,217.108,390.564
550,2000,217.961,392.105
560,0,66.512,119.038
560,2,66.512,119.039
560,4,66.513,119.041
560,6,66.515,119.044
560,8,66.518,119.049
560,10,66.521,119.055
560,12,66.526,119.063
560,14,66.531,119.071
560,16,66.536,119.082
560,18,66.543,119.093
560,20,66.55,119.106
560,22,66.558,119.121
560,24,66.567,119.136
560,26,66.576,119.153
560,28,66.586,119.172
560,30,66.597,119.192
560,32,66.609,119.213
560,34,66.622,119.235
560,36,66.635,119.259
560,38,66.649,119.284
560,40,66.664,119.311
560,42,66.68,119.339
560,44,66.696,119.368
560,46,66.713,119.399
560,48,66.731,119.431
560,50,66.749,119.464
560,55,66.799,119.554
560,60,66.854,119.651
560,65,66.913,119.757
560,70,66.977,119.872
560,75,67.045,119.995
560,80,67.118,120.126
560,85,67.196,120.266
560,90,67.278,120.413
560,95,67.365,120.569
560,100,67.457,120.734
560,105,67.553,120.906
560,110,67.653,121.086
560,115,67.758,121.275
560,120,67.868,121.472
560,125,67.982,121.676
560,130,68.1,121.889
560,135,68.223,122.11
560,140,68.35,122.338
560,145,68.482,122.574
560,150,68.618,122.818
560,155,68.758,123.07
560,160,68.903,123.33
560,165,69.052,123.597
560,170,69.205,123.871
560,175,69.362,124.154
560,180,69.523,124.443
560,185,69.689,124.74
560,190,69.858,125.045
560,195,70.032,125.357
560,200,70.21,125.676
560,210,70.577,126.335
560,220,70.96,127.023
560,230,71.359,127.739
560,240,71.773,128.482
560,250,72.201,129.251
560,260,72.644,130.047
560,270,73.102,130.869
560,280,73.574,131.716
560,290,74.059,132.588
560,300,74.558,133.484
560,310,75.07,134.403
560,320,75.595,135.346
560,330,76.132,136.311
560,340,76.682,137.299
560,350,77.244,138.308
560,360,77.818,139.338
560,370,78.402,140.389
560,380,78.999,141.46
560,390,79.605,142.551
560,400,80.223,143.66
560,410,80.851,144.788
560,420,81.489,145.934
560,430,82.136,147.098
560,440,82.794,148.279
560,450,83.46,149.477
560,460,84.136,150.691
560,470,84.82,151.921
560,480,85.513,153.167
560,490,86.214,154.427
560,500,86.923,155.702
560,510,87.64,156.991
560,520,88.364,158.293
560,530,89.096,159.609
560,540,89.835,160.938
560,550,90.581,162.28
560,560,91.334,163.634
560,570,92.093,164.999
560,580,92.859,166.376
560,590,93.631,167.765
560,600,94.409,169.164
560,610,95.192,170.574
560,620,95.982,171.993
560,630,96.776,173.423
560,640,97.576,174.862
560,650,98.381,176.311
560,660,99.191,177.768
560,670,100.006,179.234
560,680,100.825,180.709
560,690,101.649,182.192
560,700,102.477,183.682
560,710,103.309,185.18
560,720,104.146,186.686
560,730,104.986,188.198
560,740,105.83,189.718
560,750,106.677,191.244
560,760,107.528,192.776
560,770,108.383,194.315
560,780,109.24,195.859
560,790,110.101,197.41
560,800,110.965,198.965
560,810,111.832,200.526
560,820,112.701,202.093
560,830,113.573,203.664
560,840,114.448,205.24
560,850,115.325,206.82
560,860,116.205,208.405
560,870,117.087,209.994
560,880,117.971,211.587
560,890,118.857,213.183
560,900,119.745,214.784
560,910,120.635,216.388
560,920,121.526,217.995
560,930,122.42,219.605
560,940,123.315,221.219
560,950,124.211,222.835
560,960,125.109,224.454
560,970,126.009,226.075
560,980,126.909,227.699
560,990,127.811,229.325
560,1000,128.714,230.954
560,1010,129.618,232.584
560,1020,130.523,234.216
560,1030,131.429,235.85
560,1040,132.336,237.485
560,1050,133.243,239.122
560,1060,134.151,240.761
560,1070,135.06,242.401
560,1080,135.97,244.041
560,1090,136.88,245.683
560,1100,137.79,247.326
560,1110,138.701,248.969
560,1120,139.612,250.614
560,1130,140.524,252.259
560,1140,141.435,253.904
560,1150,142.347,255.55
560,1160,143.259,257.196
560,1170,144.172,258.842
560,1180,145.084,260.488
560,1190,145.996,262.135
560,1200,146.908,263.781
560,1210,147.82,265.427
560,1220,148.731,267.073
560,1230,149.643,268.718
560,1240,150.554,270.364
560,1250,151.465,272.009
560,1260,152.376,273.654
560,1270,153.287,275.297
560,1280,154.196,276.941
560,1290,155.106,278.583
560,1300,156.015,280.224
560,1310,156.923,281.864
560,1320,157.83,283.502
560,1330,158.737,285.14
560,1340,159.644,286.777
560,1350,160.549,288.413
560,1360,161.454,290.046
560,1370,162.357,291.678
560,1380,163.261,293.31
560,1390,164.163,294.94
560,1400,165.064,296.568
560,1410,165.964,298.194
560,1420,166.863,299.819
560,1430,167.762,301.441
560,1440,168.659,303.062
560,1450,169.554,304.679
560,1460,170.449,306.296
560,1470,171.342,307.91
560,1480,172.235,309.522
560,1490,173.127,311.134
560,1500,174.019,312.744
560,1510,174.909,314.352
560,1520,175.799,315.96
560,1530,176.688,317.565
560,1540,177.576,319.169
560,1550,178.464,320.772
560,1560,179.351,322.374
560,1570,180.237,323.975
560,1580,181.123,325.575
560,1590,182.008,327.172
560,1600,182.892,328.77
560,1610,183.775,330.365
560,1620,184.659,331.96
560,1630,185.542,333.554
560,1640,186.424,335.148
560,1650,187.306,336.74
560,1660,188.187,338.331
560,1670,189.067,339.921
560,1680,189.946,341.508
560,1690,190.825,343.095
560,1700,191.702,344.68
560,1710,192.578,346.263
560,1720,193.454,347.844
560,1730,194.328,349.423
560,1740,195.201,351.0
560,1750,196.073,352.576
560,1760,196.943,354.147
560,1770,197.812,355.718
560,1780,198.68,357.286
560,1790,199.548,358.853
560,1800,200.414,360.418
560,1810,201.28,361.981
560,1820,202.145,363.544
560,1830,203.01,365.106
560,1840,203.874,366.666
560,1850,204.737,368.224
560,1860,205.599,369.781
560,1870,206.46,371.336
560,1880,207.321,372.891
560,1890,208.182,374.444
560,1900,209.042,375.997
560,1910,209.901,377.549
560,1920,210.759,379.099
560,1930,211.617,380.648
560,1940,212.474,382.196
560,1950,213.329,383.742
560,1960,214.184,385.286
560,1970,215.037,386.827
560,1980,215.889,388.366
560,1990,216.741,389.904
560,2000,217.591,391.439
570,0,67.509,120.837
570,2,67.509,120.838
570,4,67.51,120.84
570,6,67.512,120.843
570,8,67.515,120.848
570,10,67.518,120.854
570,12,67.522,120.861
570,14,67.527,120.87
570,16,67.533,120.88
570,18,67.539,120.891
570,20,67.546,120.904
570,22,67.554,120.918
570,24,67.562,120.934
570,26,67.572,120.95
570,28,67.582,120.968
570,30,67.592,120.988
570,32,67.604,121.008
570,34,67.616,121.03
570,36,67.629,121.054
570,38,67.643,121.078
570,40,67.657,121.104
570,42,67.673,121.132
570,44,67.689,121.16
570,46,67.705,121.19
570,48,67.723,121.221
570,50,67.741,121.254
570,55,67.79,121.341
570,60,67.843,121.437
570,65,67.901,121.541
570,70,67.963,121.653
570,75,68.03,121.773
570,80,68.101,121.901
570,85,68.177,122.038
570,90,68.258,122.182
570,95,68.343,122.335
570,100,68.432,122.495
570,105,68.526,122.664
570,110,68.625,122.841
570,115,68.728,123.025
570,120,68.835,123.217
570,125,68.946,123.418
570,130,69.062,123.626
570,135,69.182,123.842
570,140,69.307,124.065
570,145,69.436,124.296
570,150,69.569,124.535
570,155,69.706,124.782
570,160,69.847,125.036
570,165,69.993,125.297
570,170,70.143,125.566
570,175,70.297,125.842
570,180,70.455,126.126
570,185,70.617,126.417
570,190,70.783,126.715
570,195,70.953,127.02
570,200,71.127,127.333
570,210,71.487,127.979
570,220,71.862,128.653
570,230,72.253,129.354
570,240,72.658,130.082
570,250,73.078,130.837
570,260,73.513,131.617
570,270,73.962,132.423
570,280,74.424,133.254
570,290,74.9,134.109
570,300,75.39,134.988
570,310,75.892,135.891
570,320,76.407,136.816
570,330,76.935,137.764
570,340,77.475,138.734
570,350,78.027,139.725
570,360,78.59,140.737
570,370,79.165,141.77
570,380,79.751,142.822
570,390,80.347,143.894
570,400,80.954,144.985
570,410,81.572,146.094
570,420,82.199,147.222
570,430,82.836,148.367
570,440,83.483,149.529
570,450,84.138,150.708
570,460,84.803,151.903
570,470,85.477,153.114
570,480,86.159,154.34
570,490,86.849,155.581
570,500,87.548,156.837
570,510,88.254,158.106
570,520,88.968,159.39
570,530,89.689,160.687
570,540,90.418,161.997
570,550,91.153,163.32
570,560,91.895,164.655
570,570,92.644,166.001
570,580,93.399,167.36
570,590,94.161,168.729
570,600,94.928,170.11
570,610,95.701,171.501
570,620,96.48,172.902
570,630,97.264,174.313
570,640,98.054,175.734
570,650,98.849,177.164
570,660,99.648,178.603
570,670,100.453,180.051
570,680,101.262,181.507
570,690,102.076,182.972
570,700,102.894,184.444
570,710,103.716,185.924
570,720,104.543,187.412
570,730,105.373,188.907
570,740,106.207,190.409
570,750,107.045,191.917
570,760,107.886,193.432
570,770,108.731,194.954
570,780,109.579,196.481
570,790,110.43,198.014
570,800,111.285,199.553
570,810,112.142,201.097
570,820,113.002,202.646
570,830,113.865,204.2
570,840,114.73,205.76
570,850,115.598,207.323
570,860,116.469,208.892
570,870,117.341,210.464
570,880,118.216,212.041
570,890,119.093,213.621
570,900,119.972,215.205
570,910,120.853,216.793
570,920,121.736,218.385
570,930,122.621,219.979
570,940,123.507,221.577
570,950,124.395,223.177
570,960,125.284,224.781
570,970,126.175,226.387
570,980,127.067,227.995
570,990,127.96,229.606
570,1000,128.855,231.219
570,1010,129.751,232.835
570,1020,130.647,234.452
570,1030,131.545,236.071
570,1040,132.444,237.692
570,1050,133.343,239.314
570,1060,134.243,240.938
570,1070,135.144,242.563
570,1080,136.046,244.19
570,1090,136.948,245.817
570,1100,137.851,247.446
570,1110,138.754,249.075
570,1120,139.657,250.706
570,1130,140.561,252.337
570,1140,141.465,253.968
570,1150,142.37,255.6
570,1160,143.274,257.233
570,1170,144.179,258.865
570,1180,145.083,260.498
570,1190,145.988,262.131
570,1200,146.893,263.764
570,1210,147.798,265.397
570,1220,148.702,267.03
570,1230,149.606,268.663
570,1240,150.51,270.294
570,1250,151.414,271.926
570,1260,152.318,273.557
570,1270,153.221,275.188
570,1280,154.124,276.818
570,1290,155.026,278.447
570,1300,155.927,280.076
570,1310,156.829,281.704
570,1320,157.729,283.329
570,1330,158.629,284.955
570,1340,159.529,286.58
570,1350,160.427,288.202
570,1360,161.326,289.824
570,1370,162.223,291.445
570,1380,163.118,293.063
570,1390,164.014,294.679
570,1400,164.908,296.295
570,1410,165.801,297.909
570,1420,166.694,299.521
570,1430,167.587,301.133
570,1440,168.478,302.743
570,1450,169.369,304.352
570,1460,170.26,305.961
570,1470,171.149,307.567
570,1480,172.038,309.172
570,1490,172.926,310.776
570,1500,173.814,312.378
570,1510,174.7,313.981
570,1520,175.587,315.581
570,1530,176.473,317.181
570,1540,177.358,318.779
570,1550,178.242,320.377
570,1560,179.126,321.973
570,1570,180.01,323.567
570,1580,180.893,325.162
570,1590,181.776,326.756
570,1600,182.658,328.349
570,1610,183.539,329.941
570,1620,184.42,331.532
570,1630,185.3,333.121
570,1640,186.179,334.708
570,1650,187.057,336.295
570,1660,187.934,337.879
570,1670,188.81,339.462
570,1680,189.686,341.043
570,1690,190.56,342.622
570,1700,191.433,344.2
570,1710,192.305,345.775
570,1720,193.176,347.348
570,1730,194.045,348.918
570,1740,194.914,350.488
570,1750,195.782,352.055
570,1760,196.649,353.622
570,1770,197.515,355.185
570,1780,198.381,356.748
570,1790,199.246,358.311
570,1800,200.11,359.872
570,1810,200.973,361.431
570,1820,201.836,362.989
570,1830,202.698,364.545
570,1840,203.56,366.1
570,1850,204.42,367.655
570,1860,205.281,369.208
570,1870,206.141,370.76
570,1880,206.999,372.312
570,1890,207.858,373.862
570,1900,208.715,375.411
570,1910,209.572,376.959
570,1920,210.427,378.505
570,1930,211.282,380.048
570,1940,212.135,381.589
570,1950,212.988,383.128
570,1960,213.839,384.666
570,1970,214.689,386.202
570,1980,215.539,387.736
570,1990,216.387,389.269
570,2000,217.235,390.8
580,0,68.499,122.625
580,2,68.5,122.626
580,4,68.501,122.628
580,6,68.502,122.631
580,8,68.505,122.636
580,10,68.508,122.641
580,12,68.512,122.649
580,14,68.517,122.657
580,16,68.522,122.667
580,18,68.529,122.678
580,20,68.536,122.69
580,22,68.543,122.704
580,24,68.552,122.719
580,26,68.561,122.735
580,28,68.57,122.753
580,30,68.581,122.772
580,32,68.592,122.792
580,34,68.604,122.814
580,36,68.617,122.837
580,38,68.63,122.861
580,40,68.645,122.886
580,42,68.659,122.913
580,44,68.675,122.941
580,46,68.691,122.97
580,48,68.708,123.001
580,50,68.726,123.033
580,55,68.774,123.118
580,60,68.826,123.212
580,65,68.882,123.313
580,70,68.943,123.423
580,75,69.009,123.54
580,80,69.079,123.666
580,85,69.153,123.799
580,90,69.232,123.94
580,95,69.315,124.09
580,100,69.403,124.247
580,105,69.494,124.412
580,110,69.591,124.585
580,115,69.691,124.765
580,120,69.796,124.953
580,125,69.905,125.149
580,130,70.019,125.353
580,135,70.136,125.564
580,140,70.258,125.783
580,145,70.384,126.009
580,150,70.514,126.243
580,155,70.649,126.484
580,160,70.787,126.733
580,165,70.93,126.989
580,170,71.077,127.252
580,175,71.227,127.523
580,180,71.382,127.801
580,185,71.541,128.086
580,190,71.703,128.378
580,195,71.87,128.677
580,200,72.04,128.983
580,210,72.393,129.616
580,220,72.761,130.276
580,230,73.143,130.964
580,240,73.541,131.678
580,250,73.953,132.417
580,260,74.379,133.183
580,270,74.819,133.973
580,280,75.273,134.788
580,290,75.74,135.627
580,300,76.22,136.49
580,310,76.713,137.376
580,320,77.219,138.284
580,330,77.737,139.215
580,340,78.267,140.167
580,350,78.809,141.141
580,360,79.362,142.135
580,370,79.927,143.15
580,380,80.503,144.184
580,390,81.089,145.238
580,400,81.686,146.311
580,410,82.293,147.402
580,420,82.91,148.511
580,430,83.537,149.637
580,440,84.173,150.781
580,450,84.818,151.941
580,460,85.473,153.117
580,470,86.136,154.309
580,480,86.807,155.516
580,490,87.487,156.739
580,500,88.175,157.976
580,510,88.871,159.227
580,520,89.574,160.492
580,530,90.285,161.77
580,540,91.003,163.061
580,550,91.728,164.365
580,560,92.46,165.681
580,570,93.198,167.009
580,580,93.943,168.349
580,590,94.694,169.7
580,600,95.451,171.062
580,610,96.214,172.434
580,620,96.982,173.817
580,630,97.757,175.21
580,640,98.536,176.612
580,650,99.321,178.024
580,660,100.11,179.445
580,670,100.905,180.875
580,680,101.704,182.313
580,690,102.508,183.76
580,700,103.316,185.215
580,710,104.128,186.677
580,720,104.945,188.147
580,730,105.765,189.625
580,740,106.59,191.109
580,750,107.418,192.6
580,760,108.249,194.098
580,770,109.085,195.602
580,780,109.923,197.112
580,790,110.765,198.628
580,800,111.61,200.15
580,810,112.458,201.677
580,820,113.308,203.209
580,830,114.162,204.747
580,840,115.018,206.29
580,850,115.877,207.837
580,860,116.738,209.389
580,870,117.602,210.945
580,880,118.468,212.505
580,890,119.336,214.07
580,900,120.206,215.638
580,910,121.078,217.21
580,920,121.952,218.785
580,930,122.828,220.364
580,940,123.706,221.946
580,950,124.585,223.531
580,960,125.465,225.119
580,970,126.348,226.709
580,980,127.231,228.303
580,990,128.116,229.898
580,1000,129.003,231.496
580,1010,129.89,233.097
580,1020,130.778,234.699
580,1030,131.668,236.303
580,1040,132.558,237.909
580,1050,133.45,239.517
580,1060,134.342,241.126
580,1070,135.235,242.737
580,1080,136.128,244.349
580,1090,137.023,245.963
580,1100,137.917,247.577
580,1110,138.813,249.192
580,1120,139.709,250.809
580,1130,140.605,252.426
580,1140,141.501,254.043
580,1150,142.398,255.662
580,1160,143.295,257.28
580,1170,144.192,258.899
580,1180,145.089,260.519
580,1190,145.987,262.138
580,1200,146.884,263.758
580,1210,147.781,265.378
580,1220,148.679,266.997
580,1230,149.576,268.617
580,1240,150.472,270.236
580,1250,151.369,271.854
580,1260,152.265,273.472
580,1270,153.161,275.089
580,1280,154.056,276.705
580,1290,154.951,278.322
580,1300,155.846,279.938
580,1310,156.74,281.553
580,1320,157.633,283.166
580,1330,158.527,284.778
580,1340,159.419,286.39
580,1350,160.312,288.002
580,1360,161.204,289.612
580,1370,162.095,291.222
580,1380,162.986,292.83
580,1390,163.876,294.438
580,1400,164.766,296.044
580,1410,165.655,297.649
580,1420,166.543,299.254
580,1430,167.431,300.857
580,1440,168.318,302.459
580,1450,169.205,304.061
580,1460,170.091,305.662
580,1470,170.977,307.262
580,1480,171.862,308.86
580,1490,172.747,310.457
580,1500,173.631,312.054
580,1510,174.515,313.649
580,1520,175.398,315.244
580,1530,176.281,316.838
580,1540,177.164,318.432
580,1550,178.046,320.024
580,1560,178.927,321.615
580,1570,179.807,323.207
580,1580,180.687,324.795
580,1590,181.566,326.382
580,1600,182.445,327.969
580,1610,183.322,329.555
580,1620,184.199,331.138
580,1630,185.075,332.72
580,1640,185.949,334.299
580,1650,186.823,335.878
580,1660,187.696,337.454
580,1670,188.568,339.03
580,1680,189.438,340.602
580,1690,190.308,342.172
580,1700,191.176,343.742
580,1710,192.044,345.309
580,1720,192.911,346.875
580,1730,193.778,348.439
580,1740,194.643,350.002
580,1750,195.509,351.565
580,1760,196.373,353.126
580,1770,197.237,354.686
580,1780,198.1,356.245
580,1790,198.962,357.801
580,1800,199.824,359.357
580,1810,200.685,360.912
580,1820,201.545,362.465
580,1830,202.405,364.018
580,1840,203.265,365.57
580,1850,204.123,367.121
580,1860,204.981,368.671
580,1870,205.838,370.219
580,1880,206.695,371.766
580,1890,207.55,373.311
580,1900,208.404,374.854
580,1910,209.257,376.395
580,1920,210.109,377.933
580,1930,210.961,379.47
580,1940,211.811,381.006
580,1950,212.66,382.54
580,1960,213.508,384.073
580,1970,214.356,385.604
580,1980,215.202,387.134
580,1990,216.048,388.661
580,2000,216.893,390.186
590,0,69.483,124.401
590,2,69.484,124.402
590,4,69.485,124.404
590,6,69.486,124.407
590,8,69.489,124.411
590,10,69.492,124.417
590,12,69.496,124.424
590,14,69.501,124.432
590,16,69.506,124.442
590,18,69.512,124.453
590,20,69.519,124.465
590,22,69.526,124.478
590,24,69.534,124.493
590,26,69.543,124.509
590,28,69.553,124.526
590,30,69.563,124.545
590,32,69.574,124.565
590,34,69.586,124.586
590,36,69.598,124.608
590,38,69.612,124.632
590,40,69.625,124.656
590,42,69.64,124.683
590,44,69.655,124.71
590,46,69.671,124.739
590,48,69.688,124.769
590,50,69.705,124.8
590,55,69.752,124.883
590,60,69.803,124.975
590,65,69.858,125.074
590,70,69.918,125.181
590,75,69.982,125.296
590,80,70.05,125.419
590,85,70.123,125.55
590,90,70.2,125.688
590,95,70.281,125.834
590,100,70.367,125.988
590,105,70.457,126.149
590,110,70.551,126.319
590,115,70.649,126.495
590,120,70.752,126.68
590,125,70.859,126.871
590,130,70.97,127.071
590,135,71.085,127.277
590,140,71.204,127.492
590,145,71.328,127.713
590,150,71.455,127.942
590,155,71.587,128.178
590,160,71.722,128.422
590,165,71.862,128.673
590,170,72.006,128.931
590,175,72.153,129.196
590,180,72.305,129.468
590,185,72.46,129.747
590,190,72.62,130.033
590,195,72.783,130.326
590,200,72.95,130.626
590,210,73.295,131.246
590,220,73.656,131.893
590,230,74.031,132.567
590,240,74.42,133.267
590,250,74.824,133.992
590,260,75.242,134.743
590,270,75.674,135.518
590,280,76.119,136.318
590,290,76.577,137.141
590,300,77.048,137.988
590,310,77.532,138.858
590,320,78.029,139.75
590,330,78.538,140.664
590,340,79.058,141.599
590,350,79.591,142.555
590,360,80.134,143.532
590,370,80.689,144.53
590,380,81.255,145.546
590,390,81.831,146.582
590,400,82.418,147.637
590,410,83.015,148.71
590,420,83.622,149.801
590,430,84.239,150.909
590,440,84.865,152.034
590,450,85.5,153.176
590,460,86.144,154.334
590,470,86.797,155.507
590,480,87.458,156.696
590,490,88.127,157.9
590,500,88.805,159.119
590,510,89.49,160.351
590,520,90.183,161.597
590,530,90.884,162.857
590,540,91.591,164.13
590,550,92.306,165.415
590,560,93.028,166.713
590,570,93.756,168.022
590,580,94.49,169.344
590,590,95.231,170.676
590,600,95.978,172.02
590,610,96.73,173.374
590,620,97.489,174.739
590,630,98.253,176.113
590,640,99.022,177.498
590,650,99.797,178.892
590,660,100.576,180.295
590,670,101.361,181.707
590,680,102.15,183.127
590,690,102.944,184.556
590,700,103.742,185.993
590,710,104.545,187.438
590,720,105.351,188.891
590,730,106.162,190.35
590,740,106.977,191.817
590,750,107.795,193.291
590,760,108.618,194.772
590,770,109.443,196.259
590,780,110.272,197.752
590,790,111.105,199.251
590,800,111.94,200.756
590,810,112.779,202.266
590,820,113.62,203.782
590,830,114.465,205.303
590,840,115.312,206.829
590,850,116.161,208.36
590,860,117.013,209.896
590,870,117.868,211.436
590,880,118.725,212.98
590,890,119.584,214.528
590,900,120.445,216.08
590,910,121.309,217.636
590,920,122.174,219.196
590,930,123.041,220.759
590,940,123.91,222.325
590,950,124.781,223.895
590,960,125.653,225.467
590,970,126.527,227.043
590,980,127.402,228.621
590,990,128.278,230.201
590,1000,129.156,231.784
590,1010,130.035,233.37
590,1020,130.916,234.957
590,1030,131.797,236.547
590,1040,132.679,238.138
590,1050,133.563,239.731
590,1060,134.447,241.326
590,1070,135.332,242.922
590,1080,136.217,244.52
590,1090,137.104,246.119
590,1100,137.991,247.719
590,1110,138.878,249.32
590,1120,139.766,250.923
590,1130,140.655,252.526
590,1140,141.544,254.13
590,1150,142.433,255.734
590,1160,143.322,257.339
590,1170,144.212,258.945
590,1180,145.102,260.551
590,1190,145.992,262.157
590,1200,146.882,263.764
590,1210,147.772,265.37
590,1220,148.662,266.977
590,1230,149.552,268.583
590,1240,150.442,270.19
590,1250,151.332,271.796
590,1260,152.222,273.403
590,1270,153.111,275.009
590,1280,154.0,276.614
590,1290,154.889,278.218
590,1300,155.778,279.823
590,1310,156.667,281.427
590,1320,157.554,283.03
590,1330,158.442,284.633
590,1340,159.33,286.236
590,1350,160.217,287.838
590,1360,161.104,289.439
590,1370,161.99,291.039
590,1380,162.876,292.64
590,1390,163.762,294.238
590,1400,164.647,295.836
590,1410,165.532,297.433
590,1420,166.416,299.031
590,1430,167.3,300.626
590,1440,168.183,302.221
590,1450,169.067,303.815
590,1460,169.95,305.41
590,1470,170.832,307.003
590,1480,171.714,308.596
590,1490,172.596,310.187
590,1500,173.477,311.778
590,1510,174.357,313.369
590,1520,175.236,314.956
590,1530,176.115,316.544
590,1540,176.994,318.131
590,1550,177.872,319.716
590,1560,178.749,321.299
590,1570,179.625,322.882
590,1580,180.5,324.463
590,1590,181.375,326.042
590,1600,182.248,327.621
590,1610,183.122,329.197
590,1620,183.993,330.772
590,1630,184.864,332.344
590,1640,185.734,333.915
590,1650,186.603,335.485
590,1660,187.471,337.053
590,1670,188.338,338.62
590,1680,189.205,340.186
590,1690,190.071,341.749
590,1700,190.937,343.312
590,1710,191.802,344.874
590,1720,192.666,346.435
590,1730,193.529,347.995
590,1740,194.392,349.553
590,1750,195.255,351.11
590,1760,196.116,352.665
590,1770,196.978,354.22
590,1780,197.838,355.773
590,1790,198.698,357.326
590,1800,199.558,358.879
590,1810,200.416,360.43
590,1820,201.274,361.98
590,1830,202.132,363.528
590,1840,202.988,365.076
590,1850,203.844,366.622
590,1860,204.698,368.165
590,1870,205.552,369.707
590,1880,206.405,371.246
590,1890,207.256,372.784
590,1900,208.107,374.32
590,1910,208.957,375.856
590,1920,209.806,377.39
590,1930,210.654,378.922
590,1940,211.501,380.452
590,1950,212.347,381.981
590,1960,213.193,383.508
590,1970,214.037,385.033
590,1980,214.881,386.557
590,1990,215.724,388.079
590,2000,216.566,389.6
600,0,70.461,126.167
600,2,70.462,126.167
600,4,70.463,126.169
600,6,70.465,126.172
600,8,70.467,126.177
600,10,70.47,126.182
600,12,70.474,126.189
600,14,70.478,126.197
600,16,70.484,126.207
600,18,70.49,126.217
600,20,70.496,126.229
600,22,70.504,126.242
600,24,70.512,126.257
600,26,70.52,126.272
600,28,70.53,126.289
600,30,70.54,126.307
600,32,70.55,126.327
600,34,70.562,126.347
600,36,70.574,126.369
600,38,70.587,126.392
600,40,70.601,126.417
600,42,70.615,126.442
600,44,70.63,126.469
600,46,70.645,126.497
600,48,70.662,126.526
600,50,70.679,126.557
600,55,70.724,126.639
600,60,70.774,126.728
600,65,70.828,126.825
600,70,70.887,126.93
600,75,70.949,127.043
600,80,71.016,127.163
600,85,71.087,127.291
600,90,71.163,127.426
600,95,71.242,127.569
600,100,71.326,127.72
600,105,71.414,127.878
600,110,71.506,128.043
600,115,71.603,128.216
600,120,71.703,128.397
600,125,71.808,128.585
600,130,71.916,128.78
600,135,72.029,128.982
600,140,72.146,129.192
600,145,72.267,129.409
600,150,72.392,129.633
600,155,72.521,129.865
600,160,72.653,130.103
600,165,72.79,130.349
600,170,72.931,130.601
600,175,73.075,130.861
600,180,73.224,131.128
600,185,73.376,131.401
600,190,73.532,131.682
600,195,73.692,131.969
600,200,73.856,132.263
600,210,74.194,132.871
600,220,74.547,133.505
600,230,74.915,134.166
600,240,75.297,134.852
600,250,75.693,135.563
600,260,76.103,136.3
600,270,76.527,137.06
600,280,76.963,137.845
600,290,77.413,138.653
600,300,77.876,139.484
600,310,78.351,140.338
600,320,78.838,141.214
600,330,79.338,142.111
600,340,79.849,143.03
600,350,80.372,143.97
600,360,80.906,144.93
600,370,81.452,145.91
600,380,82.008,146.909
600,390,82.575,147.928
600,400,83.152,148.965
600,410,83.739,150.02
600,420,84.336,151.093
600,430,84.942,152.184
600,440,85.558,153.291
600,450,86.183,154.415
600,460,86.817,155.554
600,470,87.46,156.71
600,480,88.111,157.881
600,490,88.77,159.066
600,500,89.438,160.266
600,510,90.113,161.481
600,520,90.796,162.709
600,530,91.486,163.95
600,540,92.183,165.205
600,550,92.888,166.472
600,560,93.599,167.751
600,570,94.317,169.043
600,580,95.041,170.346
600,590,95.772,171.661
600,600,96.509,172.986
600,610,97.251,174.322
600,620,98.0,175.669
600,630,98.754,177.026
600,640,99.513,178.392
600,650,100.278,179.768
600,660,101.048,181.154
600,670,101.822,182.548
600,680,102.602,183.951
600,690,103.386,185.362
600,700,104.174,186.782
600,710,104.967,188.209
600,720,105.764,189.645
600,730,106.566,191.087
600,740,107.371,192.537
600,750,108.18,193.994
600,760,108.992,195.457
600,770,109.809,196.927
600,780,110.628,198.404
600,790,111.451,199.886
600,800,112.278,201.374
600,810,113.107,202.868
600,820,113.939,204.368
600,830,114.775,205.872
600,840,115.613,207.382
600,850,116.453,208.897
600,860,117.296,210.416
600,870,118.142,211.94
600,880,118.99,213.468
600,890,119.841,215.001
600,900,120.693,216.537
600,910,121.548,218.078
600,920,122.405,219.622
600,930,123.263,221.169
600,940,124.123,222.72
600,950,124.986,224.275
600,960,125.849,225.832
600,970,126.715,227.392
600,980,127.582,228.955
600,990,128.45,230.521
600,1000,129.32,232.089
600,1010,130.191,233.66
600,1020,131.063,235.233
600,1030,131.936,236.808
600,1040,132.811,238.385
600,1050,133.686,239.964
600,1060,134.562,241.544
600,1070,135.44,243.127
600,1080,136.318,244.711
600,1090,137.196,246.296
600,1100,138.076,247.882
600,1110,138.956,249.47
600,1120,139.837,251.059
600,1130,140.718,252.649
600,1140,141.599,254.24
600,1150,142.482,255.831
600,1160,143.364,257.424
600,1170,144.247,259.017
600,1180,145.13,260.61
600,1190,146.013,262.204
600,1200,146.896,263.799
600,1210,147.78,265.393
600,1220,148.664,266.988
600,1230,149.547,268.583
600,1240,150.431,270.178
600,1250,151.315,271.773
600,1260,152.199,273.368
600,1270,153.082,274.963
600,1280,153.966,276.558
600,1290,154.849,278.153
600,1300,155.733,279.748
600,1310,156.616,281.342
600,1320,157.499,282.937
600,1330,158.382,284.531
600,1340,159.265,286.124
600,1350,160.148,287.717
600,1360,161.03,289.31
600,1370,161.912,290.902
600,1380,162.793,292.494
600,1390,163.675,294.085
600,1400,164.556,295.676
600,1410,165.436,297.267
600,1420,166.316,298.856
600,1430,167.196,300.444
600,1440,168.075,302.031
600,1450,168.954,303.618
600,1460,169.833,305.205
600,1470,170.71,306.79
600,1480,171.588,308.374
600,1490,172.464,309.957
600,1500,173.34,311.539
600,1510,174.216,313.12
600,1520,175.091,314.699
600,1530,175.965,316.279
600,1540,176.839,317.856
600,1550,177.712,319.432
600,1560,178.583,321.007
600,1570,179.454,322.579
600,1580,180.324,324.151
600,1590,181.194,325.721
600,1600,182.062,327.29
600,1610,182.93,328.858
600,1620,183.797,330.424
600,1630,184.664,331.99
600,1640,185.53,333.553
600,1650,186.396,335.115
600,1660,187.261,336.678
600,1670,188.125,338.239
600,1680,188.989,339.799
600,1690,189.852,341.358
600,1700,190.715,342.915
600,1710,191.577,344.471
600,1720,192.438,346.026
600,1730,193.299,347.58
600,1740,194.159,349.133
600,1750,195.019,350.686
600,1760,195.878,352.238
600,1770,196.737,353.788
600,1780,197.595,355.338
600,1790,198.452,356.886
600,1800,199.309,358.434
600,1810,200.164,359.98
600,1820,201.019,361.522
600,1830,201.872,363.065
600,1840,202.725,364.604
600,1850,203.577,366.142
600,1860,204.428,367.679
600,1870,205.278,369.215
600,1880,206.127,370.749
600,1890,206.976,372.282
600,1900,207.823,373.813
600,1910,208.67,375.343
600,1920,209.516,376.87
600,1930,210.361,378.396
600,1940,211.205,379.921
600,1950,212.048,381.444
600,1960,212.891,382.965
600,1970,213.733,384.486
600,1980,214.574,386.006
600,1990,215.414,387.523
600,2000,216.253,389.039
610,0,71.435,127.924
610,2,71.435,127.924
610,4,71.436,127.926
610,6,71.438,127.929
610,8,71.44,127.934
610,10,71.443,127.939
610,12,71.447,127.946
610,14,71.451,127.954
610,16,71.457,127.963
610,18,71.462,127.973
610,20,71.469,127.985
610,22,71.476,127.998
610,24,71.484,128.012
610,26,71.492,128.027
610,28,71.502,128.044
610,30,71.511,128.061
610,32,71.522,128.08
610,34,71.533,128.101
610,36,71.545,128.122
610,38,71.558,128.145
610,40,71.571,128.168
610,42,71.585,128.193
610,44,71.599,128.22
610,46,71.615,128.247
610,48,71.631,128.276
610,50,71.647,128.306
610,55,71.692,128.386
610,60,71.741,128.473
610,65,71.794,128.568
610,70,71.851,128.671
610,75,71.912,128.781
610,80,71.978,128.899
610,85,72.047,129.024
610,90,72.121,129.157
610,95,72.199,129.297
610,100,72.281,129.444
610,105,72.367,129.599
610,110,72.458,129.761
610,115,72.552,129.93
610,120,72.65,130.107
610,125,72.753,130.291
610,130,72.859,130.482
610,135,72.97,130.68
610,140,73.084,130.886
610,145,73.202,131.098
610,150,73.325,131.318
610,155,73.451,131.545
610,160,73.581,131.778
610,165,73.715,132.019
610,170,73.853,132.267
610,175,73.995,132.521
610,180,74.14,132.782
610,185,74.289,133.05
610,190,74.442,133.325
610,195,74.599,133.607
610,200,74.759,133.895
610,210,75.091,134.491
610,220,75.437,135.113
610,230,75.798,135.761
610,240,76.173,136.434
610,250,76.561,137.131
610,260,76.963,137.854
610,270,77.379,138.6
610,280,77.807,139.37
610,290,78.249,140.163
610,300,78.703,140.979
610,310,79.169,141.818
610,320,79.648,142.678
610,330,80.139,143.559
610,340,80.641,144.462
610,350,81.155,145.386
610,360,81.68,146.329
610,370,82.216,147.292
610,380,82.762,148.275
610,390,83.319,149.276
610,400,83.887,150.296
610,410,84.464,151.334
610,420,85.051,152.39
610,430,85.648,153.463
610,440,86.254,154.552
610,450,86.869,155.658
610,460,87.494,156.781
610,470,88.126,157.918
610,480,88.767,159.071
610,490,89.417,160.239
610,500,90.074,161.421
610,510,90.74,162.618
610,520,91.412,163.828
610,530,92.093,165.051
610,540,92.78,166.288
610,550,93.475,167.537
610,560,94.176,168.799
610,570,94.884,170.072
610,580,95.598,171.358
610,590,96.319,172.655
610,600,97.046,173.962
610,610,97.779,175.281
610,620,98.517,176.61
610,630,99.261,177.949
610,640,100.011,179.298
610,650,100.766,180.656
610,660,101.526,182.024
610,670,102.291,183.401
610,680,103.06,184.787
610,690,103.835,186.181
610,700,104.614,187.583
610,710,105.397,188.994
610,720,106.185,190.412
610,730,106.977,191.838
610,740,107.772,193.271
610,750,108.572,194.711
610,760,109.375,196.157
610,770,110.182,197.611
610,780,110.993,199.07
610,790,111.807,200.536
610,800,112.624,202.008
610,810,113.444,203.486
610,820,114.268,204.969
610,830,115.094,206.458
610,840,115.923,207.952
610,850,116.755,209.45
610,860,117.589,210.954
610,870,118.426,212.462
610,880,119.266,213.975
610,890,120.108,215.492
610,900,120.952,217.013
610,910,121.798,218.538
610,920,122.646,220.067
610,930,123.496,221.599
610,940,124.348,223.135
610,950,125.202,224.675
610,960,126.058,226.217
610,970,126.915,227.763
610,980,127.774,229.311
610,990,128.634,230.862
610,1000,129.496,232.416
610,1010,130.359,233.973
610,1020,131.224,235.532
610,1030,132.089,237.093
610,1040,132.956,238.656
610,1050,133.824,240.221
610,1060,134.693,241.788
610,1070,135.562,243.357
610,1080,136.433,244.927
610,1090,137.305,246.5
610,1100,138.177,248.073
610,1110,139.05,249.648
610,1120,139.923,251.224
610,1130,140.798,252.802
610,1140,141.672,254.38
610,1150,142.548,255.959
610,1160,143.424,257.539
610,1170,144.3,259.121
610,1180,145.176,260.702
610,1190,146.053,262.285
610,1200,146.93,263.868
610,1210,147.808,265.451
610,1220,148.685,267.035
610,1230,149.563,268.619
610,1240,150.441,270.204
610,1250,151.319,271.788
610,1260,152.197,273.373
610,1270,153.075,274.958
610,1280,153.953,276.543
610,1290,154.831,278.128
610,1300,155.709,279.713
610,1310,156.587,281.297
610,1320,157.465,282.882
610,1330,158.342,284.466
610,1340,159.22,286.05
610,1350,160.097,287.633
610,1360,160.974,289.216
610,1370,161.851,290.799
610,1380,162.727,292.382
610,1390,163.603,293.963
610,1400,164.479,295.544
610,1410,165.354,297.124
610,1420,166.229,298.704
610,1430,167.104,300.283
610,1440,167.978,301.862
610,1450,168.852,303.439
610,1460,169.725,305.016
610,1470,170.598,306.591
610,1480,171.47,308.167
610,1490,172.341,309.74
610,1500,173.212,311.312
610,1510,174.082,312.883
610,1520,174.951,314.453
610,1530,175.82,316.023
610,1540,176.688,317.591
610,1550,177.556,319.158
610,1560,178.423,320.724
610,1570,179.29,322.289
610,1580,180.156,323.852
610,1590,181.022,325.415
610,1600,181.887,326.977
610,1610,182.751,328.539
610,1620,183.615,330.099
610,1630,184.479,331.659
610,1640,185.342,333.217
610,1650,186.204,334.773
610,1660,187.066,336.329
610,1670,187.927,337.884
610,1680,188.788,339.438
610,1690,189.648,340.991
610,1700,190.508,342.544
610,1710,191.368,344.096
610,1720,192.226,345.647
610,1730,193.084,347.197
610,1740,193.942,348.745
610,1750,194.799,350.293
610,1760,195.655,351.839
610,1770,196.509,353.383
610,1780,197.364,354.926
610,1790,198.217,356.467
610,1800,199.07,358.006
610,1810,199.921,359.544
610,1820,200.772,361.081
610,1830,201.623,362.617
610,1840,202.472,364.15
610,1850,203.32,365.683
610,1860,204.168,367.215
610,1870,205.014,368.745
610,1880,205.86,370.272
610,1890,206.706,371.799
610,1900,207.55,373.324
610,1910,208.394,374.847
610,1920,209.236,376.369
610,1930,210.079,377.89
610,1940,210.92,379.41
610,1950,211.761,380.929
610,1960,212.6,382.446
610,1970,213.439,383.96
610,1980,214.277,385.474
610,1990,215.115,386.986
610,2000,215.951,388.496
620,0,72.403,129.672
620,2,72.404,129.673
620,4,72.405,129.675
620,6,72.406,129.678
620,8,72.409,129.682
620,10,72.412,129.687
620,12,72.415,129.694
620,14,72.42,129.702
620,16,72.425,129.711
620,18,72.43,129.721
620,20,72.437,129.732
620,22,72.444,129.745
620,24,72.451,129.758
620,26,72.46,129.773
620,28,72.469,129.79
620,30,72.478,129.807
620,32,72.489,129.825
620,34,72.5,129.845
620,36,72.511,129.866
620,38,72.524,129.888
620,40,72.537,129.912
620,42,72.55,129.936
620,44,72.565,129.962
620,46,72.58,129.989
620,48,72.595,130.017
620,50,72.612,130.046
620,55,72.655,130.124
620,60,72.703,130.21
620,65,72.755,130.303
620,70,72.811,130.404
620,75,72.871,130.512
620,80,72.935,130.627
620,85,73.003,130.75
620,90,73.076,130.879
620,95,73.152,131.017
620,100,73.232,131.161
620,105,73.317,131.312
620,110,73.405,131.471
620,115,73.497,131.637
620,120,73.594,131.81
620,125,73.694,131.99
620,130,73.798,132.178
620,135,73.907,132.372
620,140,74.019,132.573
620,145,74.135,132.782
620,150,74.254,132.997
620,155,74.378,133.219
620,160,74.505,133.448
620,165,74.637,133.684
620,170,74.772,133.926
620,175,74.911,134.176
620,180,75.053,134.432
620,185,75.199,134.694
620,190,75.349,134.964
620,195,75.503,135.24
620,200,75.66,135.522
620,210,75.986,136.107
620,220,76.325,136.717
620,230,76.679,137.352
620,240,77.046,138.012
620,250,77.427,138.697
620,260,77.822,139.406
620,270,78.229,140.138
620,280,78.65,140.894
620,290,79.083,141.673
620,300,79.529,142.474
620,310,79.987,143.297
620,320,80.458,144.142
620,330,80.94,145.008
620,340,81.433,145.895
620,350,81.938,146.802
620,360,82.454,147.73
620,370,82.981,148.677
620,380,83.518,149.643
620,390,84.066,150.628
620,400,84.624,151.631
620,410,85.192,152.652
620,420,85.77,153.69
620,430,86.357,154.746
620,440,86.953,155.819
620,450,87.559,156.907
620,460,88.173,158.012
620,470,88.796,159.132
620,480,89.428,160.268
620,490,90.067,161.418
620,500,90.715,162.583
620,510,91.37,163.762
620,520,92.033,164.954
620,530,92.704,166.16
620,540,93.381,167.379
620,550,94.066,168.611
620,560,94.758,169.855
620,570,95.456,171.111
620,580,96.16,172.379
620,590,96.871,173.658
620,600,97.588,174.948
620,610,98.311,176.249
620,620,99.04,177.561
620,630,99.775,178.883
620,640,100.515,180.214
620,650,101.26,181.556
620,660,102.01,182.906
620,670,102.766,184.266
620,680,103.526,185.635
620,690,104.291,187.012
620,700,105.061,188.397
620,710,105.835,189.791
620,720,106.613,191.192
620,730,107.395,192.601
620,740,108.182,194.018
620,750,108.972,195.441
620,760,109.767,196.871
620,770,110.564,198.308
620,780,111.366,199.752
620,790,112.171,201.201
620,800,112.979,202.657
620,810,113.79,204.119
620,820,114.605,205.586
620,830,115.422,207.059
620,840,116.243,208.537
620,850,117.066,210.02
620,860,117.892,211.508
620,870,118.72,213.001
620,880,119.551,214.498
620,890,120.384,216.0
620,900,121.22,217.506
620,910,122.058,219.016
620,920,122.898,220.53
620,930,123.74,222.047
620,940,124.584,223.569
620,950,125.429,225.093
620,960,126.277,226.621
620,970,127.126,228.152
620,980,127.977,229.687
620,990,128.83,231.224
620,1000,129.684,232.764
620,1010,130.539,234.306
620,1020,131.396,235.851
620,1030,132.254,237.398
620,1040,133.113,238.948
620,1050,133.973,240.5
620,1060,134.835,242.053
620,1070,135.697,243.609
620,1080,136.561,245.166
620,1090,137.425,246.725
620,1100,138.29,248.286
620,1110,139.156,249.848
620,1120,140.023,251.412
620,1130,140.89,252.977
620,1140,141.758,254.543
620,1150,142.627,256.11
620,1160,143.496,257.678
620,1170,144.366,259.247
620,1180,145.236,260.817
620,1190,146.106,262.388
620,1200,146.977,263.959
620,1210,147.848,265.531
620,1220,148.719,267.104
620,1230,149.591,268.676
620,1240,150.463,270.25
620,1250,151.335,271.824
620,1260,152.207,273.397
620,1270,153.079,274.972
620,1280,153.951,276.546
620,1290,154.823,278.12
620,1300,155.696,279.694
620,1310,156.568,281.269
620,1320,157.44,282.843
620,1330,158.312,284.417
620,1340,159.183,285.991
620,1350,160.055,287.563
620,1360,160.926,289.136
620,1370,161.797,290.708
620,1380,162.668,292.28
620,1390,163.538,293.853
620,1400,164.408,295.423
620,1410,165.278,296.993
620,1420,166.148,298.563
620,1430,167.017,300.133
620,1440,167.885,301.701
620,1450,168.754,303.269
620,1460,169.622,304.836
620,1470,170.489,306.402
620,1480,171.356,307.968
620,1490,172.223,309.533
620,1500,173.089,311.096
620,1510,173.955,312.659
620,1520,174.82,314.222
620,1530,175.685,315.784
620,1540,176.55,317.345
620,1550,177.414,318.906
620,1560,178.277,320.465
620,1570,179.141,322.023
620,1580,180.003,323.581
620,1590,180.865,325.137
620,1600,181.727,326.692
620,1610,182.588,328.247
620,1620,183.449,329.801
620,1630,184.309,331.354
620,1640,185.169,332.907
620,1650,186.029,334.459
620,1660,186.887,336.01
620,1670,187.746,337.56
620,1680,188.604,339.109
620,1690,189.461,340.657
620,1700,190.317,342.205
620,1710,191.173,343.75
620,1720,192.028,345.295
620,1730,192.882,346.837
620,1740,193.736,348.379
620,1750,194.589,349.918
620,1760,195.44,351.456
620,1770,196.292,352.993
620,1780,197.142,354.529
620,1790,197.992,356.064
620,1800,198.841,357.597
620,1810,199.689,359.129
620,1820,200.536,360.66
620,1830,201.383,362.19
620,1840,202.229,363.717
620,1850,203.074,365.243
620,1860,203.918,366.768
620,1870,204.762,368.291
620,1880,205.604,369.813
620,1890,206.447,371.335
620,1900,207.288,372.855
620,1910,208.129,374.374
620,1920,208.969,375.891
620,1930,209.808,377.406
620,1940,210.646,378.919
620,1950,211.484,380.433
620,1960,212.321,381.943
620,1970,213.157,383.453
620,1980,213.993,384.962
620,1990,214.828,386.47
620,2000,215.664,387.978
630,0,73.367,131.412
630,2,73.367,131.412
630,4,73.368,131.414
630,6,73.37,131.417
630,8,73.372,131.421
630,10,73.375,131.426
630,12,73.379,131.433
630,14,73.383,131.44
630,16,73.388,131.449
630,18,73.394,131.459
630,20,73.4,131.47
630,22,73.407,131.483
630,24,73.414,131.496
630,26,73.422,131.511
630,28,73.431,131.527
630,30,73.441,131.544
630,32,73.451,131.562
630,34,73.461,131.581
630,36,73.473,131.602
630,38,73.485,131.623
630,40,73.498,131.646
630,42,73.511,131.67
630,44,73.525,131.695
630,46,73.54,131.722
630,48,73.555,131.749
630,50,73.571,131.778
630,55,73.614,131.855
630,60,73.66,131.939
630,65,73.711,132.03
630,70,73.766,132.128
630,75,73.825,132.234
630,80,73.888,132.347
630,85,73.955,132.467
630,90,74.025,132.594
630,95,74.1,132.728
630,100,74.179,132.87
630,105,74.262,133.018
630,110,74.348,133.174
630,115,74.439,133.336
630,120,74.533,133.506
630,125,74.631,133.683
630,130,74.733,133.866
630,135,74.839,134.056
630,140,74.949,134.254
630,145,75.063,134.458
630,150,75.18,134.669
630,155,75.301,134.886
630,160,75.426,135.111
630,165,75.555,135.342
630,170,75.687,135.58
630,175,75.824,135.824
630,180,75.963,136.075
630,185,76.107,136.333
630,190,76.254,136.597
630,195,76.404,136.868
630,200,76.558,137.145
630,210,76.877,137.718
630,220,77.211,138.316
630,230,77.557,138.939
630,240,77.918,139.587
630,250,78.292,140.259
630,260,78.679,140.955
630,270,79.079,141.674
630,280,79.492,142.416
630,290,79.917,143.18
630,300,80.355,143.967
630,310,80.805,144.776
630,320,81.267,145.605
630,330,81.74,146.456
630,340,82.225,147.328
630,350,82.721,148.22
630,360,83.229,149.131
630,370,83.746,150.062
630,380,84.275,151.012
630,390,84.814,151.981
630,400,85.362,152.968
630,410,85.921,153.972
630,420,86.49,154.994
630,430,87.067,156.033
630,440,87.654,157.088
630,450,88.251,158.16
630,460,88.855,159.248
630,470,89.469,160.351
630,480,90.091,161.47
630,490,90.721,162.603
630,500,91.359,163.75
630,510,92.005,164.912
630,520,92.658,166.087
630,530,93.319,167.276
630,540,93.987,168.477
630,550,94.662,169.692
630,560,95.344,170.919
630,570,96.032,172.157
630,580,96.727,173.408
630,590,97.428,174.67
630,600,98.136,175.943
630,610,98.849,177.227
630,620,99.569,178.521
630,630,100.294,179.826
630,640,101.024,181.141
630,650,101.76,182.465
630,660,102.501,183.799
630,670,103.247,185.142
630,680,103.998,186.493
630,690,104.753,187.854
630,700,105.514,189.222
630,710,106.278,190.599
630,720,107.047,191.984
630,730,107.821,193.377
630,740,108.598,194.776
630,750,109.38,196.184
630,760,110.165,197.598
630,770,110.954,199.018
630,780,111.746,200.446
630,790,112.542,201.88
630,800,113.341,203.319
630,810,114.144,204.765
630,820,114.95,206.217
630,830,115.758,207.674
630,840,116.57,209.136
630,850,117.385,210.604
630,860,118.202,212.077
630,870,119.022,213.554
630,880,119.844,215.036
630,890,120.669,216.523
630,900,121.497,218.014
630,910,122.326,219.509
630,920,123.158,221.008
630,930,123.992,222.511
630,940,124.828,224.018
630,950,125.665,225.528
630,960,126.505,227.041
630,970,127.346,228.558
630,980,128.189,230.078
630,990,129.034,231.601
630,1000,129.88,233.127
630,1010,130.728,234.656
630,1020,131.577,236.187
630,1030,132.428,237.721
630,1040,133.28,239.257
630,1050,134.133,240.795
630,1060,134.987,242.336
630,1070,135.842,243.878
630,1080,136.698,245.422
630,1090,137.555,246.969
630,1100,138.413,248.516
630,1110,139.272,250.066
630,1120,140.132,251.617
630,1130,140.993,253.169
630,1140,141.854,254.723
630,1150,142.716,256.278
630,1160,143.578,257.834
630,1170,144.441,259.391
630,1180,145.304,260.949
630,1190,146.168,262.508
630,1200,147.033,264.067
630,1210,147.897,265.628
630,1220,148.762,267.189
630,1230,149.628,268.75
630,1240,150.493,270.312
630,1250,151.359,271.875
630,1260,152.225,273.437
630,1270,153.091,275.0
630,1280,153.957,276.564
630,1290,154.823,278.127
630,1300,155.69,279.691
630,1310,156.556,281.254
630,1320,157.422,282.818
630,1330,158.288,284.381
630,1340,159.154,285.944
630,1350,160.02,287.507
630,1360,160.886,289.07
630,1370,161.752,290.633
630,1380,162.617,292.195
630,1390,163.483,293.758
630,1400,164.348,295.32
630,1410,165.213,296.882
630,1420,166.078,298.443
630,1430,166.942,300.004
630,1440,167.806,301.564
630,1450,168.67,303.123
630,1460,169.534,304.683
630,1470,170.397,306.241
630,1480,171.26,307.799
630,1490,172.122,309.356
630,1500,172.985,310.912
630,1510,173.846,312.468
630,1520,174.708,314.023
630,1530,175.569,315.577
630,1540,176.43,317.131
630,1550,177.29,318.684
630,1560,178.15,320.237
630,1570,179.01,321.79
630,1580,179.869,323.342
630,1590,180.728,324.892
630,1600,181.586,326.442
630,1610,182.444,327.991
630,1620,183.301,329.539
630,1630,184.158,331.087
630,1640,185.014,332.633
630,1650,185.87,334.179
630,1660,186.725,335.722
630,1670,187.579,337.265
630,1680,188.433,338.807
630,1690,189.286,340.347
630,1700,190.138,341.885
630,1710,190.99,343.423
630,1720,191.841,344.959
630,1730,192.691,346.495
630,1740,193.541,348.029
630,1750,194.389,349.563
630,1760,195.237,351.095
630,1770,196.085,352.625
630,1780,196.932,354.155
630,1790,197.778,355.683
630,1800,198.623,357.21
630,1810,199.468,358.735
630,1820,200.312,360.259
630,1830,201.155,361.782
630,1840,201.998,363.303
630,1850,202.84,364.824
630,1860,203.681,366.344
630,1870,204.522,367.862
630,1880,205.361,369.379
630,1890,206.2,370.894
630,1900,207.038,372.408
630,1910,207.876,373.921
630,1920,208.713,375.432
630,1930,209.549,376.941
630,1940,210.385,378.45
630,1950,211.221,379.958
630,1960,212.056,381.467
630,1970,212.891,382.974
630,1980,213.725,384.481
630,1990,214.559,385.987
630,2000,215.392,387.492
640,0,74.326,133.143
640,2,74.327,133.144
640,4,74.328,133.145
640,6,74.329,133.148
640,8,74.331,133.152
640,10,74.334,133.157
640,12,74.338,133.164
640,14,74.342,133.171
640,16,74.347,133.18
640,18,74.352,133.189
640,20,74.358,133.2
640,22,74.365,133.212
640,24,74.372,133.226
640,26,74.38,133.24
640,28,74.389,133.256
640,30,74.398,133.272
640,32,74.408,133.29
640,34,74.419,133.309
640,36,74.43,133.329
640,38,74.442,133.35
640,40,74.454,133.373
640,42,74.467,133.396
640,44,74.481,133.421
640,46,74.495,133.447
640,48,74.51,133.474
640,50,74.526,133.502
640,55,74.568,133.577
640,60,74.614,133.659
640,65,74.663,133.748
640,70,74.717,133.845
640,75,74.775,133.948
640,80,74.836,134.059
640,85,74.902,134.177
640,90,74.971,134.301
640,95,75.044,134.433
640,100,75.121,134.571
640,105,75.202,134.717
640,110,75.287,134.869
640,115,75.376,135.029
640,120,75.468,135.195
640,125,75.565,135.368
640,130,75.665,135.548
640,135,75.769,135.734
640,140,75.876,135.928
640,145,75.988,136.128
640,150,76.103,136.334
640,155,76.222,136.548
640,160,76.344,136.768
640,165,76.47,136.995
640,170,76.6,137.228
640,175,76.733,137.467
640,180,76.87,137.714
640,185,77.011,137.966
640,190,77.155,138.225
640,195,77.303,138.491
640,200,77.454,138.762
640,210,77.767,139.325
640,220,78.094,139.912
640,230,78.434,140.523
640,240,78.788,141.159
640,250,79.155,141.818
640,260,79.535,142.501
640,270,79.927,143.207
640,280,80.333,143.935
640,290,80.751,144.686
640,300,81.181,145.459
640,310,81.622,146.253
640,320,82.076,147.069
640,330,82.541,147.905
640,340,83.018,148.761
640,350,83.505,149.638
640,360,84.004,150.534
640,370,84.513,151.449
640,380,85.033,152.384
640,390,85.563,153.336
640,400,86.103,154.307
640,410,86.652,155.295
640,420,87.211,156.301
640,430,87.78,157.323
640,440,88.358,158.362
640,450,88.945,159.418
640,460,89.54,160.489
640,470,90.144,161.575
640,480,90.757,162.677
640,490,91.377,163.793
640,500,92.006,164.923
640,510,92.642,166.068
640,520,93.286,167.226
640,530,93.938,168.398
640,540,94.596,169.583
640,550,95.262,170.78
640,560,95.934,171.99
640,570,96.613,173.212
640,580,97.299,174.445
640,590,97.991,175.69
640,600,98.689,176.946
640,610,99.393,178.213
640,620,100.103,179.491
640,630,100.818,180.779
640,640,101.539,182.077
640,650,102.266,183.384
640,660,102.997,184.701
640,670,103.734,186.028
640,680,104.476,187.363
640,690,105.222,188.707
640,700,105.973,190.059
640,710,106.729,191.419
640,720,107.489,192.788
640,730,108.253,194.164
640,740,109.021,195.548
640,750,109.794,196.939
640,760,110.57,198.337
640,770,111.35,199.742
640,780,112.134,201.153
640,790,112.921,202.571
640,800,113.712,203.995
640,810,114.505,205.425
640,820,115.303,206.861
640,830,116.103,208.303
640,840,116.906,209.75
640,850,117.712,211.202
640,860,118.521,212.66
640,870,119.332,214.122
640,880,120.147,215.589
640,890,120.963,217.061
640,900,121.782,218.537
640,910,122.604,220.018
640,920,123.427,221.502
640,930,124.253,222.991
640,940,125.081,224.483
640,950,125.911,225.979
640,960,126.743,227.478
640,970,127.576,228.981
640,980,128.412,230.487
640,990,129.249,231.996
640,1000,130.087,233.508
640,1010,130.927,235.023
640,1020,131.769,236.541
640,1030,132.612,238.061
640,1040,133.457,239.584
640,1050,134.302,241.109
640,1060,135.149,242.636
640,1070,135.997,244.166
640,1080,136.846,245.697
640,1090,137.696,247.231
640,1100,138.548,248.766
640,1110,139.4,250.303
640,1120,140.252,251.841
640,1130,141.106,253.381
640,1140,141.961,254.923
640,1150,142.816,256.466
640,1160,143.672,258.01
640,1170,144.528,259.555
640,1180,145.385,261.101
640,1190,146.243,262.649
640,1200,147.101,264.197
640,1210,147.959,265.746
640,1220,148.818,267.295
640,1230,149.677,268.846
640,1240,150.537,270.397
640,1250,151.396,271.949
640,1260,152.256,273.501
640,1270,153.117,275.053
640,1280,153.977,276.606
640,1290,154.838,278.159
640,1300,155.698,279.713
640,1310,156.559,281.266
640,1320,157.42,282.82
640,1330,158.281,284.374
640,1340,159.142,285.927
640,1350,160.003,287.481
640,1360,160.863,289.035
640,1370,161.724,290.588
640,1380,162.585,292.141
640,1390,163.445,293.695
640,1400,164.305,295.248
640,1410,165.166,296.8
640,1420,166.026,298.353
640,1430,166.886,299.906
640,1440,167.746,301.458
640,1450,168.605,303.01
640,1460,169.465,304.562
640,1470,170.323,306.112
640,1480,171.182,307.662
640,1490,172.041,309.212
640,1500,172.899,310.762
640,1510,173.757,312.311
640,1520,174.614,313.859
640,1530,175.472,315.407
640,1540,176.328,316.954
640,1550,177.185,318.501
640,1560,178.041,320.046
640,1570,178.896,321.591
640,1580,179.751,323.135
640,1590,180.606,324.677
640,1600,181.46,326.22
640,1610,182.313,327.761
640,1620,183.166,329.3
640,1630,184.018,330.839
640,1640,184.87,332.376
640,1650,185.721,333.914
640,1660,186.572,335.45
640,1670,187.422,336.985
640,1680,188.272,338.519
640,1690,189.12,340.052
640,1700,189.969,341.584
640,1710,190.816,343.115
640,1720,191.663,344.646
640,1730,192.51,346.174
640,1740,193.355,347.701
640,1750,194.2,349.227
640,1760,195.045,350.752
640,1770,195.889,352.276
640,1780,196.732,353.799
640,1790,197.575,355.32
640,1800,198.417,356.841
640,1810,199.258,358.361
640,1820,200.1,359.88
640,1830,200.939,361.397
640,1840,201.778,362.912
640,1850,202.617,364.427
640,1860,203.455,365.94
640,1870,204.292,367.452
640,1880,205.129,368.962
640,1890,205.965,370.472
640,1900,206.801,371.98
640,1910,207.636,373.489
640,1920,208.472,374.997
640,1930,209.307,376.504
640,1940,210.141,378.011
640,1950,210.974,379.516
640,1960,211.808,381.022
640,1970,212.641,382.525
640,1980,213.473,384.027
640,1990,214.305,385.529
640,2000,215.136,387.031
650,0,75.281,134.867
650,2,75.282,134.867
650,4,75.283,134.869
650,6,75.284,134.872
650,8,75.286,134.876
650,10,75.289,134.881
650,12,75.293,134.887
650,14,75.297,134.894
650,16,75.301,134.903
650,18,75.307,134.912
650,20,75.313,134.923
650,22,75.319,134.935
650,24,75.326,134.948
650,26,75.334,134.962
650,28,75.343,134.977
650,30,75.352,134.993
650,32,75.361,135.011
650,34,75.372,135.029
650,36,75.383,135.049
650,38,75.394,135.07
650,40,75.407,135.092
650,42,75.419,135.115
650,44,75.433,135.139
650,46,75.447,135.164
650,48,75.462,135.191
650,50,75.477,135.218
650,55,75.518,135.292
650,60,75.563,135.372
650,65,75.612,135.46
650,70,75.664,135.555
650,75,75.721,135.656
650,80,75.781,135.764
650,85,75.845,135.88
650,90,75.913,136.002
650,95,75.985,136.131
650,100,76.06,136.267
650,105,76.14,136.409
650,110,76.223,136.559
650,115,76.31,136.715
650,120,76.401,136.878
650,125,76.495,137.047
650,130,76.593,137.224
650,135,76.695,137.406
650,140,76.8,137.596
650,145,76.91,137.792
650,150,77.022,137.995
650,155,77.139,138.204
650,160,77.259,138.42
650,165,77.383,138.642
650,170,77.51,138.871
650,175,77.641,139.106
650,180,77.775,139.347
650,185,77.913,139.595
650,190,78.054,139.849
650,195,78.199,140.11
650,200,78.348,140.376
650,210,78.655,140.928
650,220,78.975,141.504
650,230,79.309,142.104
650,240,79.656,142.728
650,250,80.016,143.375
650,260,80.389,144.045
650,270,80.775,144.738
650,280,81.173,145.454
650,290,81.583,146.191
650,300,82.006,146.95
650,310,82.44,147.731
650,320,82.886,148.532
650,330,83.343,149.354
650,340,83.811,150.196
650,350,84.29,151.057
650,360,84.781,151.939
650,370,85.281,152.839
650,380,85.792,153.757
650,390,86.313,154.695
650,400,86.844,155.649
650,410,87.385,156.622
650,420,87.936,157.612
650,430,88.495,158.618
650,440,89.064,159.641
650,450,89.642,160.68
650,460,90.228,161.735
650,470,90.823,162.805
650,480,91.427,163.89
650,490,92.038,164.989
650,500,92.657,166.103
650,510,93.284,167.231
650,520,93.919,168.373
650,530,94.561,169.528
650,540,95.21,170.696
650,550,95.866,171.877
650,560,96.529,173.07
650,570,97.199,174.275
650,580,97.875,175.492
650,590,98.558,176.72
650,600,99.247,177.96
650,610,99.942,179.21
650,620,100.642,180.471
650,630,101.349,181.742
650,640,102.06,183.024
650,650,102.778,184.315
650,660,103.5,185.615
650,670,104.228,186.925
650,680,104.96,188.244
650,690,105.698,189.572
650,700,106.44,190.908
650,710,107.186,192.252
650,720,107.938,193.605
650,730,108.693,194.965
650,740,109.452,196.333
650,750,110.216,197.708
650,760,110.983,199.09
650,770,111.755,200.479
650,780,112.53,201.875
650,790,113.308,203.277
650,800,114.09,204.686
650,810,114.876,206.101
650,820,115.664,207.521
650,830,116.456,208.948
650,840,117.251,210.38
650,850,118.048,211.817
650,860,118.849,213.26
650,870,119.652,214.707
650,880,120.458,216.159
650,890,121.267,217.616
650,900,122.078,219.078
650,910,122.891,220.544
650,920,123.707,222.014
650,930,124.525,223.488
650,940,125.345,224.966
650,950,126.167,226.448
650,960,126.991,227.934
650,970,127.817,229.423
650,980,128.644,230.915
650,990,129.474,232.411
650,1000,130.305,233.909
650,1010,131.138,235.411
650,1020,131.972,236.915
650,1030,132.808,238.422
650,1040,133.645,239.932
650,1050,134.484,241.444
650,1060,135.323,242.958
650,1070,136.164,244.475
650,1080,137.006,245.994
650,1090,137.85,247.515
650,1100,138.694,249.038
650,1110,139.539,250.562
650,1120,140.385,252.089
650,1130,141.232,253.617
650,1140,142.08,255.146
650,1150,142.929,256.677
650,1160,143.778,258.21
650,1170,144.628,259.743
650,1180,145.479,261.278
650,1190,146.33,262.814
650,1200,147.182,264.351
650,1210,148.035,265.889
650,1220,148.887,267.428
650,1230,149.741,268.967
650,1240,150.594,270.508
650,1250,151.448,272.049
650,1260,152.303,273.591
650,1270,153.157,275.133
650,1280,154.012,276.676
650,1290,154.867,278.219
650,1300,155.722,279.762
650,1310,156.578,281.306
650,1320,157.433,282.85
650,1330,158.289,284.395
650,1340,159.145,285.939
650,1350,160.0,287.484
650,1360,160.856,289.029
650,1370,161.712,290.573
650,1380,162.568,292.118
650,1390,163.423,293.662
650,1400,164.279,295.207
650,1410,165.134,296.751
650,1420,165.989,298.295
650,1430,166.845,299.838
650,1440,167.7,301.382
650,1450,168.554,302.925
650,1460,169.409,304.467
650,1470,170.263,306.01
650,1480,171.118,307.552
650,1490,171.971,309.093
650,1500,172.825,310.634
650,1510,173.678,312.175
650,1520,174.531,313.714
650,1530,175.383,315.253
650,1540,176.235,316.791
650,1550,177.087,318.328
650,1560,177.938,319.866
650,1570,178.789,321.402
650,1580,179.64,322.938
650,1590,180.49,324.473
650,1600,181.34,326.007
650,1610,182.189,327.54
650,1620,183.037,329.073
650,1630,183.885,330.604
650,1640,184.733,332.135
650,1650,185.58,333.665
650,1660,186.427,335.194
650,1670,187.273,336.721
650,1680,188.118,338.248
650,1690,188.963,339.774
650,1700,189.808,341.299
650,1710,190.651,342.822
650,1720,191.495,344.345
650,1730,192.338,345.867
650,1740,193.18,347.388
650,1750,194.021,348.908
650,1760,194.863,350.427
650,1770,195.704,351.945
650,1780,196.543,353.462
650,1790,197.382,354.977
650,1800,198.22,356.491
650,1810,199.058,358.004
650,1820,199.896,359.517
650,1830,200.733,361.027
650,1840,201.569,362.536
650,1850,202.405,364.045
650,1860,203.24,365.554
650,1870,204.076,367.062
650,1880,204.911,368.569
650,1890,205.745,370.076
650,1900,206.579,371.582
650,1910,207.412,373.088
650,1920,208.246,374.592
650,1930,209.078,376.095
650,1940,209.91,377.597
650,1950,210.742,379.099
650,1960,211.574,380.601
650,1970,212.405,382.102
650,1980,213.236,383.601
650,1990,214.067,385.101
650,2000,214.897,386.6
660,0,76.232,136.583
660,2,76.232,136.584
660,4,76.233,136.585
660,6,76.235,136.588
660,8,76.237,136.592
660,10,76.24,136.597
660,12,76.243,136.603
660,14,76.247,136.61
660,16,76.252,136.618
660,18,76.257,136.628
660,20,76.263,136.638
660,22,76.269,136.65
660,24,76.276,136.662
660,26,76.284,136.676
660,28,76.292,136.691
660,30,76.301,136.707
660,32,76.311,136.724
660,34,76.321,136.742
660,36,76.332,136.762
660,38,76.343,136.782
660,40,76.355,136.804
660,42,76.367,136.826
660,44,76.381,136.85
660,46,76.394,136.875
660,48,76.409,136.901
660,50,76.424,136.927
660,55,76.464,137.0
660,60,76.508,137.079
660,65,76.556,137.165
660,70,76.607,137.257
660,75,76.663,137.357
660,80,76.722,137.463
660,85,76.785,137.576
660,90,76.851,137.696
660,95,76.922,137.822
660,100,76.996,137.955
660,105,77.074,138.095
660,110,77.155,138.241
660,115,77.24,138.395
660,120,77.329,138.554
660,125,77.422,138.721
660,130,77.518,138.893
660,135,77.618,139.073
660,140,77.721,139.259
660,145,77.828,139.451
660,150,77.939,139.65
660,155,78.053,139.855
660,160,78.171,140.067
660,165,78.292,140.285
660,170,78.417,140.509
660,175,78.545,140.74
660,180,78.677,140.977
660,185,78.813,141.22
660,190,78.951,141.469
660,195,79.093,141.724
660,200,79.239,141.986
660,210,79.54,142.527
660,220,79.855,143.093
660,230,80.182,143.682
660,240,80.523,144.294
660,250,80.877,144.929
660,260,81.243,145.588
660,270,81.622,146.268
660,280,82.013,146.971
660,290,82.416,147.695
660,300,82.831,148.441
660,310,83.257,149.208
660,320,83.695,149.995
660,330,84.144,150.803
660,340,84.605,151.631
660,350,85.076,152.478
660,360,85.558,153.344
660,370,86.05,154.23
660,380,86.553,155.133
660,390,87.066,156.055
660,400,87.588,156.995
660,410,88.12,157.952
660,420,88.662,158.926
660,430,89.213,159.917
660,440,89.773,160.924
660,450,90.342,161.947
660,460,90.919,162.985
660,470,91.505,164.039
660,480,92.099,165.108
660,490,92.702,166.192
660,500,93.312,167.29
660,510,93.93,168.401
660,520,94.555,169.527
660,530,95.188,170.665
660,540,95.828,171.817
660,550,96.476,172.981
660,560,97.129,174.158
660,570,97.79,175.347
660,580,98.457,176.547
660,590,99.131,177.759
660,600,99.81,178.982
660,610,100.496,180.216
660,620,101.187,181.461
660,630,101.885,182.716
660,640,102.588,183.981
660,650,103.296,185.256
660,660,104.009,186.54
660,670,104.728,187.834
660,680,105.452,189.137
660,690,106.18,190.448
660,700,106.913,191.769
660,710,107.651,193.097
660,720,108.393,194.434
660,730,109.14,195.778
660,740,109.891,197.13
660,750,110.645,198.489
660,760,111.404,199.856
660,770,112.167,201.23
660,780,112.933,202.61
660,790,113.703,203.997
660,800,114.477,205.391
660,810,115.254,206.79
660,820,116.034,208.196
660,830,116.817,209.607
660,840,117.604,211.024
660,850,118.393,212.447
660,860,119.186,213.874
660,870,119.981,215.307
660,880,120.779,216.745
660,890,121.579,218.188
660,900,122.382,219.635
660,910,123.188,221.087
660,920,123.995,222.542
660,930,124.806,224.003
660,940,125.618,225.467
660,950,126.432,226.935
660,960,127.249,228.406
660,970,128.067,229.882
660,980,128.887,231.36
660,990,129.709,232.842
660,1000,130.533,234.328
660,1010,131.358,235.816
660,1020,132.185,237.307
660,1030,133.014,238.801
660,1040,133.844,240.298
660,1050,134.675,241.797
660,1060,135.508,243.299
660,1070,136.342,244.803
660,1080,137.177,246.309
660,1090,138.014,247.818
660,1100,138.851,249.328
660,1110,139.69,250.841
660,1120,140.529,252.355
660,1130,141.37,253.871
660,1140,142.211,255.389
660,1150,143.053,256.908
660,1160,143.896,258.429
660,1170,144.74,259.951
660,1180,145.584,261.475
660,1190,146.429,262.999
660,1200,147.275,264.525
660,1210,148.121,266.052
660,1220,148.968,267.58
660,1230,149.816,269.109
660,1240,150.663,270.638
660,1250,151.511,272.169
660,1260,152.36,273.7
660,1270,153.209,275.232
660,1280,154.058,276.764
660,1290,154.907,278.297
660,1300,155.757,279.831
660,1310,156.607,281.364
660,1320,157.457,282.899
660,1330,158.307,284.433
660,1340,159.158,285.968
660,1350,160.008,287.503
660,1360,160.859,289.038
660,1370,161.709,290.573
660,1380,162.56,292.108
660,1390,163.41,293.643
660,1400,164.261,295.178
660,1410,165.111,296.713
660,1420,165.961,298.249
660,1430,166.811,299.783
660,1440,167.661,301.317
660,1450,168.511,302.851
660,1460,169.361,304.385
660,1470,170.211,305.919
660,1480,171.06,307.453
660,1490,171.909,308.986
660,1500,172.758,310.518
660,1510,173.606,312.05
660,1520,174.454,313.582
660,1530,175.302,315.113
660,1540,176.15,316.643
660,1550,176.997,318.173
660,1560,177.844,319.702
660,1570,178.691,321.231
660,1580,179.537,322.758
660,1590,180.382,324.285
660,1600,181.228,325.812
660,1610,182.073,327.337
660,1620,182.917,328.862
660,1630,183.761,330.386
660,1640,184.605,331.909
660,1650,185.448,333.431
660,1660,186.291,334.953
660,1670,187.133,336.474
660,1680,187.975,337.994
660,1690,188.816,339.513
660,1700,189.657,341.032
660,1710,190.498,342.549
660,1720,191.337,344.065
660,1730,192.176,345.58
660,1740,193.014,347.094
660,1750,193.852,348.607
660,1760,194.69,350.12
660,1770,195.527,351.631
660,1780,196.363,353.141
660,1790,197.199,354.65
660,1800,198.035,356.158
660,1810,198.871,357.667
660,1820,199.706,359.175
660,1830,200.541,360.682
660,1840,201.375,362.189
660,1850,202.209,363.694
660,1860,203.042,365.2
660,1870,203.876,366.704
660,1880,204.708,368.207
660,1890,205.54,369.709
660,1900,206.372,371.211
660,1910,207.203,372.713
660,1920,208.035,374.214
660,1930,208.866,375.714
660,1940,209.697,377.213
660,1950,210.527,378.712
660,1960,211.358,380.211
660,1970,212.187,381.71
660,1980,213.017,383.207
660,1990,213.846,384.704
660,2000,214.674,386.201
670,0,77.179,138.292
670,2,77.179,138.293
670,4,77.18,138.294
670,6,77.182,138.297
670,8,77.184,138.301
670,10,77.186,138.305
670,12,77.19,138.311
670,14,77.194,138.318
670,16,77.198,138.327
670,18,77.203,138.336
670,20,77.209,138.346
670,22,77.215,138.357
670,24,77.222,138.37
670,26,77.23,138.383
670,28,77.238,138.398
670,30,77.247,138.414
670,32,77.256,138.43
670,34,77.266,138.448
670,36,77.276,138.467
670,38,77.288,138.487
670,40,77.299,138.508
670,42,77.312,138.53
670,44,77.324,138.554
670,46,77.338,138.578
670,48,77.352,138.603
670,50,77.367,138.63
670,55,77.406,138.7
670,60,77.449,138.778
670,65,77.496,138.862
670,70,77.547,138.953
670,75,77.601,139.05
670,80,77.659,139.155
670,85,77.721,139.265
670,90,77.786,139.383
670,95,77.855,139.507
670,100,77.928,139.637
670,105,78.004,139.774
670,110,78.084,139.918
670,115,78.167,140.068
670,120,78.255,140.225
670,125,78.345,140.388
670,130,78.44,140.557
670,135,78.538,140.733
670,140,78.639,140.916
670,145,78.744,141.104
670,150,78.853,141.299
670,155,78.965,141.501
670,160,79.08,141.708
670,165,79.199,141.922
670,170,79.322,142.142
670,175,79.447,142.369
670,180,79.577,142.601
670,185,79.709,142.839
670,190,79.846,143.084
670,195,79.985,143.335
670,200,80.128,143.591
670,210,80.423,144.123
670,220,80.732,144.678
670,230,81.054,145.256
670,240,81.389,145.857
670,250,81.736,146.481
670,260,82.095,147.128
670,270,82.467,147.796
670,280,82.851,148.487
670,290,83.247,149.198
670,300,83.655,149.931
670,310,84.074,150.685
670,320,84.504,151.459
670,330,84.946,152.253
670,340,85.399,153.066
670,350,85.862,153.899
670,360,86.336,154.751
670,370,86.82,155.622
670,380,87.315,156.511
670,390,87.819,157.418
670,400,88.333,158.343
670,410,88.857,159.285
670,420,89.39,160.244
670,430,89.932,161.219
670,440,90.484,162.21
670,450,91.044,163.218
670,460,91.613,164.241
670,470,92.19,165.279
670,480,92.775,166.332
670,490,93.369,167.4
670,500,93.97,168.482
670,510,94.579,169.577
670,520,95.196,170.687
670,530,95.82,171.809
670,540,96.451,172.945
670,550,97.089,174.093
670,560,97.734,175.253
670,570,98.385,176.426
670,580,99.043,177.61
670,590,99.708,178.806
670,600,100.379,180.013
670,610,101.055,181.231
670,620,101.738,182.46
670,630,102.426,183.699
670,640,103.12,184.948
670,650,103.819,186.207
670,660,104.524,187.475
670,670,105.234,188.753
670,680,105.949,190.04
670,690,106.668,191.336
670,700,107.393,192.64
670,710,108.122,193.953
670,720,108.855,195.274
670,730,109.593,196.603
670,740,110.335,197.939
670,750,111.082,199.283
670,760,111.832,200.635
670,770,112.586,201.993
670,780,113.344,203.358
670,790,114.106,204.73
670,800,114.871,206.108
670,810,115.639,207.493
670,820,116.411,208.884
670,830,117.186,210.28
670,840,117.965,211.682
670,850,118.746,213.09
670,860,119.53,214.503
670,870,120.317,215.922
670,880,121.107,217.345
670,890,121.9,218.774
670,900,122.695,220.207
670,910,123.493,221.644
670,920,124.293,223.086
670,930,125.095,224.532
670,940,125.9,225.982
670,950,126.706,227.437
670,960,127.515,228.895
670,970,128.326,230.357
670,980,129.139,231.822
670,990,129.953,233.29
670,1000,130.77,234.762
670,1010,131.588,236.238
670,1020,132.408,237.716
670,1030,133.229,239.197
670,1040,134.052,240.681
670,1050,134.876,242.167
670,1060,135.702,243.656
670,1070,136.529,245.148
670,1080,137.358,246.642
670,1090,138.187,248.138
670,1100,139.018,249.637
670,1110,139.85,251.137
670,1120,140.683,252.639
670,1130,141.517,254.143
670,1140,142.351,255.649
670,1150,143.187,257.157
670,1160,144.024,258.666
670,1170,144.861,260.177
670,1180,145.699,261.689
670,1190,146.538,263.202
670,1200,147.378,264.717
670,1210,148.218,266.233
670,1220,149.059,267.75
670,1230,149.9,269.268
670,1240,150.742,270.787
670,1250,151.584,272.307
670,1260,152.427,273.827
670,1270,153.27,275.349
670,1280,154.113,276.871
670,1290,154.957,278.394
670,1300,155.801,279.917
670,1310,156.646,281.441
670,1320,157.49,282.965
670,1330,158.335,284.49
670,1340,159.18,286.015
670,1350,160.025,287.54
670,1360,160.87,289.065
670,1370,161.715,290.591
670,1380,162.561,292.117
670,1390,163.406,293.643
670,1400,164.251,295.169
670,1410,165.097,296.695
670,1420,165.942,298.22
670,1430,166.787,299.746
670,1440,167.632,301.271
670,1450,168.477,302.796
670,1460,169.322,304.321
670,1470,170.167,305.846
670,1480,171.012,307.371
670,1490,171.856,308.896
670,1500,172.7,310.42
670,1510,173.544,311.943
670,1520,174.388,313.466
670,1530,175.231,314.989
670,1540,176.074,316.511
670,1550,176.917,318.033
670,1560,177.76,319.554
670,1570,178.602,321.075
670,1580,179.444,322.596
670,1590,180.286,324.115
670,1600,181.127,325.634
670,1610,181.968,327.153
670,1620,182.809,328.67
670,1630,183.649,330.187
670,1640,184.488,331.703
670,1650,185.327,333.218
670,1660,186.166,334.733
670,1670,187.004,336.246
670,1680,187.842,337.759
670,1690,188.68,339.271
670,1700,189.517,340.782
670,1710,190.353,342.292
670,1720,191.189,343.801
670,1730,192.025,345.31
670,1740,192.861,346.819
670,1750,193.696,348.327
670,1760,194.532,349.835
670,1770,195.366,351.342
670,1780,196.201,352.848
670,1790,197.034,354.354
670,1800,197.868,355.859
670,1810,198.701,357.364
670,1820,199.533,358.867
670,1830,200.366,360.369
670,1840,201.198,361.871
670,1850,202.029,363.373
670,1860,202.861,364.875
670,1870,203.692,366.375
670,1880,204.523,367.874
670,1890,205.353,369.373
670,1900,206.184,370.872
670,1910,207.014,372.371
670,1920,207.844,373.869
670,1930,208.673,375.367
670,1940,209.502,376.864
670,1950,210.33,378.361
670,1960,211.157,379.855
670,1970,211.984,381.347
670,1980,212.809,382.837
670,1990,213.635,384.327
670,2000,214.459,385.816
680,0,78.122,139.994
680,2,78.122,139.994
680,4,78.123,139.996
680,6,78.124,139.998
680,8,78.126,140.002
680,10,78.129,140.007
680,12,78.132,140.013
680,14,78.136,140.02
680,16,78.141,140.028
680,18,78.146,140.037
680,20,78.151,140.047
680,22,78.157,140.058
680,24,78.164,140.07
680,26,78.171,140.083
680,28,78.179,140.098
680,30,78.188,140.113
680,32,78.197,140.129
680,34,78.207,140.147
680,36,78.217,140.165
680,38,78.228,140.185
680,40,78.24,140.206
680,42,78.252,140.227
680,44,78.264,140.25
680,46,78.278,140.274
680,48,78.291,140.299
680,50,78.306,140.325
680,55,78.344,140.394
680,60,78.387,140.47
680,65,78.433,140.553
680,70,78.482,140.642
680,75,78.535,140.737
680,80,78.592,140.839
680,85,78.653,140.948
680,90,78.717,141.063
680,95,78.784,141.185
680,100,78.856,141.313
680,105,78.931,141.447
680,110,79.009,141.588
680,115,79.091,141.735
680,120,79.176,141.889
680,125,79.265,142.049
680,130,79.358,142.215
680,135,79.454,142.388
680,140,79.554,142.567
680,145,79.657,142.752
680,150,79.763,142.943
680,155,79.873,143.141
680,160,79.986,143.345
680,165,80.103,143.554
680,170,80.223,143.77
680,175,80.347,143.992
680,180,80.474,144.221
680,185,80.604,144.455
680,190,80.737,144.695
680,195,80.874,144.941
680,200,81.015,145.193
680,210,81.305,145.714
680,220,81.608,146.259
680,230,81.924,146.827
680,240,82.252,147.417
680,250,82.593,148.03
680,260,82.946,148.665
680,270,83.312,149.322
680,280,83.689,150.0
680,290,84.078,150.7
680,300,84.479,151.42
680,310,84.891,152.16
680,320,85.314,152.921
680,330,85.748,153.702
680,340,86.193,154.502
680,350,86.649,155.321
680,360,87.115,156.159
680,370,87.591,157.016
680,380,88.077,157.891
680,390,88.574,158.783
680,400,89.08,159.693
680,410,89.595,160.62
680,420,90.12,161.564
680,430,90.654,162.524
680,440,91.197,163.501
680,450,91.748,164.493
680,460,92.308,165.5
680,470,92.877,166.523
680,480,93.454,167.561
680,490,94.038,168.613
680,500,94.631,169.679
680,510,95.231,170.759
680,520,95.839,171.853
680,530,96.454,172.959
680,540,97.077,174.079
680,550,97.706,175.211
680,560,98.342,176.356
680,570,98.985,177.513
680,580,99.634,178.681
680,590,100.29,179.861
680,600,100.952,181.053
680,610,101.619,182.255
680,620,102.293,183.468
680,630,102.973,184.691
680,640,103.658,185.924
680,650,104.348,187.167
680,660,105.044,188.42
680,670,105.745,189.682
680,680,106.451,190.954
680,690,107.162,192.234
680,700,107.878,193.523
680,710,108.599,194.82
680,720,109.324,196.125
680,730,110.053,197.439
680,740,110.787,198.76
680,750,111.524,200.089
680,760,112.266,201.425
680,770,113.012,202.768
680,780,113.762,204.118
680,790,114.515,205.475
680,800,115.272,206.839
680,810,116.032,208.209
680,820,116.796,209.584
680,830,117.563,210.966
680,840,118.333,212.354
680,850,119.106,213.747
680,860,119.883,215.146
680,870,120.662,216.55
680,880,121.444,217.959
680,890,122.229,219.374
680,900,123.016,220.793
680,910,123.806,222.216
680,920,124.598,223.644
680,930,125.393,225.077
680,940,126.19,226.513
680,950,126.989,227.954
680,960,127.79,229.398
680,970,128.594,230.847
680,980,129.399,232.299
680,990,130.207,233.754
680,1000,131.016,235.213
680,1010,131.827,236.675
680,1020,132.639,238.14
680,1030,133.454,239.609
680,1040,134.269,241.08
680,1050,135.087,242.554
680,1060,135.906,244.03
680,1070,136.726,245.51
680,1080,137.547,246.991
680,1090,138.37,248.475
680,1100,139.194,249.961
680,1110,140.02,251.45
680,1120,140.846,252.94
680,1130,141.673,254.433
680,1140,142.502,255.927
680,1150,143.331,257.423
680,1160,144.161,258.921
680,1170,144.992,260.42
680,1180,145.824,261.921
680,1190,146.657,263.423
680,1200,147.49,264.927
680,1210,148.324,266.432
680,1220,149.159,267.938
680,1230,149.995,269.445
680,1240,150.83,270.953
680,1250,151.667,272.462
680,1260,152.504,273.972
680,1270,153.341,275.483
680,1280,154.179,276.995
680,1290,155.017,278.508
680,1300,155.856,280.021
680,1310,156.694,281.535
680,1320,157.534,283.049
680,1330,158.373,284.564
680,1340,159.212,286.079
680,1350,160.052,287.595
680,1360,160.892,289.111
680,1370,161.732,290.627
680,1380,162.572,292.143
680,1390,163.413,293.66
680,1400,164.253,295.176
680,1410,165.093,296.693
680,1420,165.934,298.21
680,1430,166.774,299.727
680,1440,167.615,301.244
680,1450,168.455,302.761
680,1460,169.295,304.277
680,1470,170.135,305.794
680,1480,170.975,307.31
680,1490,171.814,308.826
680,1500,172.654,310.341
680,1510,173.493,311.857
680,1520,174.332,313.372
680,1530,175.171,314.887
680,1540,176.01,316.401
680,1550,176.848,317.914
680,1560,177.686,319.427
680,1570,178.525,320.94
680,1580,179.362,322.453
680,1590,180.2,323.965
680,1600,181.037,325.476
680,1610,181.874,326.987
680,1620,182.71,328.496
680,1630,183.546,330.005
680,1640,184.382,331.514
680,1650,185.218,333.023
680,1660,186.053,334.531
680,1670,186.889,336.039
680,1680,187.724,337.547
680,1690,188.559,339.054
680,1700,189.393,340.56
680,1710,190.227,342.066
680,1720,191.06,343.571
680,1730,191.893,345.076
680,1740,192.727,346.58
680,1750,193.559,348.083
680,1760,194.391,349.585
680,1770,195.223,351.087
680,1780,196.055,352.589
680,1790,196.886,354.091
680,1800,197.718,355.591
680,1810,198.549,357.091
680,1820,199.379,358.59
680,1830,200.21,360.089
680,1840,201.04,361.588
680,1850,201.87,363.087
680,1860,202.7,364.585
680,1870,203.53,366.082
680,1880,204.358,367.579
680,1890,205.186,369.076
680,1900,206.014,370.57
680,1910,206.841,372.063
680,1920,207.666,373.554
680,1930,208.492,375.044
680,1940,209.317,376.534
680,1950,210.141,378.021
680,1960,210.964,379.508
680,1970,211.785,380.99
680,1980,212.606,382.472
680,1990,213.426,383.953
680,2000,214.246,385.434
690,0,79.06,141.688
690,2,79.061,141.689
690,4,79.062,141.69
690,6,79.063,141.693
690,8,79.065,141.697
690,10,79.068,141.701
690,12,79.071,141.707
690,14,79.075,141.714
690,16,79.079,141.721
690,18,79.084,141.73
690,20,79.089,141.74
690,22,79.095,141.751
690,24,79.102,141.763
690,26,79.109,141.776
690,28,79.117,141.79
690,30,79.126,141.805
690,32,79.134,141.821
690,34,79.144,141.838
690,36,79.154,141.857
690,38,79.165,141.876
690,40,79.176,141.896
690,42,79.188,141.917
690,44,79.2,141.94
690,46,79.213,141.963
690,48,79.227,141.987
690,50,79.241,142.013
690,55,79.279,142.081
690,60,79.32,142.155
690,65,79.366,142.236
690,70,79.414,142.324
690,75,79.466,142.418
690,80,79.522,142.518
690,85,79.581,142.624
690,90,79.644,142.737
690,95,79.711,142.857
690,100,79.78,142.982
690,105,79.854,143.114
690,110,79.931,143.252
690,115,80.011,143.397
690,120,80.095,143.548
690,125,80.182,143.705
690,130,80.273,143.868
690,135,80.367,144.037
690,140,80.465,144.213
690,145,80.566,144.394
690,150,80.671,144.582
690,155,80.778,144.776
690,160,80.89,144.976
690,165,81.004,145.182
690,170,81.122,145.394
690,175,81.243,145.612
690,180,81.368,145.836
690,185,81.496,146.065
690,190,81.627,146.301
690,195,81.761,146.543
690,200,81.899,146.79
690,210,82.184,147.302
690,220,82.481,147.837
690,230,82.792,148.395
690,240,83.114,148.975
690,250,83.449,149.577
690,260,83.796,150.201
690,270,84.155,150.846
690,280,84.526,151.512
690,290,84.908,152.2
690,300,85.302,152.907
690,310,85.707,153.636
690,320,86.123,154.384
690,330,86.55,155.151
690,340,86.987,155.938
690,350,87.435,156.744
690,360,87.894,157.568
690,370,88.362,158.411
690,380,88.841,159.272
690,390,89.329,160.15
690,400,89.827,161.045
690,410,90.335,161.958
690,420,90.851,162.887
690,430,91.377,163.833
690,440,91.911,164.794
690,450,92.455,165.772
690,460,93.006,166.764
690,470,93.567,167.772
690,480,94.135,168.794
690,490,94.711,169.831
690,500,95.295,170.882
690,510,95.887,171.946
690,520,96.486,173.024
690,530,97.093,174.116
690,540,97.706,175.22
690,550,98.327,176.337
690,560,98.954,177.466
690,570,99.588,178.607
690,580,100.229,179.76
690,590,100.876,180.924
690,600,101.529,182.1
690,610,102.188,183.287
690,620,102.853,184.484
690,630,103.524,185.691
690,640,104.201,186.909
690,650,104.883,188.137
690,660,105.57,189.374
690,670,106.262,190.621
690,680,106.96,191.877
690,690,107.662,193.142
690,700,108.37,194.415
690,710,109.082,195.697
690,720,109.798,196.988
690,730,110.519,198.286
690,740,111.244,199.592
690,750,111.974,200.906
690,760,112.707,202.227
690,770,113.445,203.555
690,780,114.186,204.891
690,790,114.931,206.233
690,800,115.68,207.582
690,810,116.432,208.937
690,820,117.188,210.298
690,830,117.947,211.666
690,840,118.709,213.039
690,850,119.474,214.418
690,860,120.243,215.803
690,870,121.014,217.192
690,880,121.788,218.588
690,890,122.565,219.988
690,900,123.345,221.393
690,910,124.127,222.802
690,920,124.912,224.217
690,930,125.699,225.636
690,940,126.488,227.059
690,950,127.28,228.486
690,960,128.074,229.917
690,970,128.87,231.352
690,980,129.668,232.791
690,990,130.468,234.233
690,1000,131.27,235.679
690,1010,132.074,237.128
690,1020,132.88,238.581
690,1030,133.687,240.036
690,1040,134.496,241.495
690,1050,135.306,242.956
690,1060,136.118,244.421
690,1070,136.932,245.888
690,1080,137.746,247.357
690,1090,138.563,248.829
690,1100,139.38,250.303
690,1110,140.199,251.779
690,1120,141.018,253.258
690,1130,141.839,254.739
690,1140,142.661,256.221
690,1150,143.484,257.706
690,1160,144.308,259.192
690,1170,145.133,260.68
690,1180,145.959,262.17
690,1190,146.785,263.661
690,1200,147.613,265.153
690,1210,148.441,266.647
690,1220,149.269,268.143
690,1230,150.099,269.639
690,1240,150.929,271.137
690,1250,151.759,272.635
690,1260,152.591,274.135
690,1270,153.422,275.636
690,1280,154.254,277.137
690,1290,155.087,278.64
690,1300,155.92,280.143
690,1310,156.753,281.647
690,1320,157.587,283.151
690,1330,158.421,284.656
690,1340,159.255,286.161
690,1350,160.089,287.667
690,1360,160.924,289.174
690,1370,161.759,290.681
690,1380,162.594,292.188
690,1390,163.429,293.695
690,1400,164.264,295.202
690,1410,165.1,296.71
690,1420,165.935,298.218
690,1430,166.771,299.726
690,1440,167.606,301.234
690,1450,168.442,302.742
690,1460,169.277,304.25
690,1470,170.113,305.758
690,1480,170.948,307.266
690,1490,171.783,308.774
690,1500,172.619,310.281
690,1510,173.454,311.789
690,1520,174.289,313.296
690,1530,175.124,314.804
690,1540,175.959,316.311
690,1550,176.794,317.817
690,1560,177.628,319.324
690,1570,178.462,320.83
690,1580,179.296,322.336
690,1590,180.13,323.842
690,1600,180.964,325.347
690,1610,181.797,326.852
690,1620,182.631,328.356
690,1630,183.464,329.86
690,1640,184.297,331.364
690,1650,185.129,332.866
690,1660,185.961,334.368
690,1670,186.793,335.87
690,1680,187.625,337.372
690,1690,188.457,338.874
690,1700,189.288,340.376
690,1710,190.119,341.876
690,1720,190.95,343.376
690,1730,191.781,344.875
690,1740,192.612,346.374
690,1750,193.442,347.873
690,1760,194.273,349.372
690,1770,195.103,350.871
690,1780,195.932,352.368
690,1790,196.762,353.866
690,1800,197.591,355.363
690,1810,198.419,356.86
690,1820,199.247,358.355
690,1830,200.074,359.849
690,1840,200.901,361.342
690,1850,201.727,362.834
690,1860,202.553,364.324
690,1870,203.378,365.814
690,1880,204.203,367.303
690,1890,205.027,368.791
690,1900,205.85,370.277
690,1910,206.671,371.76
690,1920,207.493,373.242
690,1930,208.313,374.724
690,1940,209.133,376.205
690,1950,209.953,377.686
690,1960,210.773,379.165
690,1970,211.592,380.645
690,1980,212.41,382.123
690,1990,213.229,383.6
690,2000,214.047,385.077
700,0,79.996,143.377
700,2,79.996,143.377
700,4,79.997,143.379
700,6,79.998,143.381
700,8,80.0,143.385
700,10,80.003,143.389
700,12,80.006,143.395
700,14,80.01,143.402
700,16,80.014,143.409
700,18,80.019,143.418
700,20,80.024,143.428
700,22,80.03,143.438
700,24,80.037,143.45
700,26,80.044,143.463
700,28,80.051,143.476
700,30,80.06,143.491
700,32,80.068,143.507
700,34,80.078,143.524
700,36,80.088,143.542
700,38,80.098,143.561
700,40,80.109,143.58
700,42,80.121,143.601
700,44,80.133,143.623
700,46,80.146,143.646
700,48,80.159,143.67
700,50,80.173,143.695
700,55,80.21,143.762
700,60,80.251,143.835
700,65,80.295,143.914
700,70,80.343,144.0
700,75,80.394,144.092
700,80,80.449,144.19
700,85,80.507,144.295
700,90,80.568,144.406
700,95,80.634,144.523
700,100,80.702,144.646
700,105,80.774,144.776
700,110,80.85,144.911
700,115,80.928,145.053
700,120,81.011,145.201
700,125,81.096,145.355
700,130,81.186,145.515
700,135,81.278,145.681
700,140,81.374,145.854
700,145,81.473,146.032
700,150,81.576,146.216
700,155,81.681,146.406
700,160,81.791,146.603
700,165,81.903,146.805
700,170,82.019,147.013
700,175,82.138,147.227
700,180,82.26,147.447
700,185,82.386,147.672
700,190,82.514,147.904
700,195,82.646,148.141
700,200,82.782,148.384
700,210,83.061,148.887
700,220,83.354,149.412
700,230,83.658,149.96
700,240,83.975,150.53
700,250,84.304,151.121
700,260,84.645,151.734
700,270,84.998,152.368
700,280,85.362,153.023
700,290,85.738,153.699
700,300,86.125,154.395
700,310,86.523,155.111
700,320,86.932,155.846
700,330,87.352,156.601
700,340,87.782,157.375
700,350,88.223,158.167
700,360,88.674,158.979
700,370,89.135,159.808
700,380,89.606,160.655
700,390,90.086,161.519
700,400,90.577,162.401
700,410,91.076,163.299
700,420,91.585,164.214
700,430,92.102,165.145
700,440,92.629,166.092
700,450,93.164,167.055
700,460,93.707,168.032
700,470,94.259,169.025
700,480,94.819,170.033
700,490,95.387,171.054
700,500,95.963,172.09
700,510,96.546,173.14
700,520,97.137,174.203
700,530,97.735,175.279
700,540,98.34,176.368
700,550,98.952,177.469
700,560,99.571,178.583
700,570,100.197,179.709
700,580,100.829,180.847
700,590,101.467,181.996
700,600,102.112,183.156
700,610,102.762,184.327
700,620,103.419,185.509
700,630,104.081,186.702
700,640,104.749,187.904
700,650,105.423,189.117
700,660,106.102,190.339
700,670,106.786,191.57
700,680,107.475,192.811
700,690,108.169,194.061
700,700,108.868,195.319
700,710,109.571,196.587
700,720,110.279,197.862
700,730,110.992,199.145
700,740,111.709,200.437
700,750,112.43,201.735
700,760,113.156,203.042
700,770,113.885,204.355
700,780,114.618,205.676
700,790,115.355,207.004
700,800,116.096,208.338
700,810,116.84,209.679
700,820,117.588,211.026
700,830,118.339,212.379
700,840,119.093,213.738
700,850,119.85,215.103
700,860,120.611,216.474
700,870,121.375,217.849
700,880,122.141,219.231
700,890,122.91,220.617
700,900,123.682,222.008
700,910,124.457,223.405
700,920,125.234,224.805
700,930,126.014,226.211
700,940,126.796,227.62
700,950,127.58,229.034
700,960,128.367,230.452
700,970,129.156,231.874
700,980,129.947,233.3
700,990,130.74,234.729
700,1000,131.535,236.163
700,1010,132.331,237.599
700,1020,133.13,239.039
700,1030,133.93,240.482
700,1040,134.732,241.928
700,1050,135.536,243.377
700,1060,136.341,244.829
700,1070,137.148,246.284
700,1080,137.956,247.741
700,1090,138.765,249.201
700,1100,139.576,250.664
700,1110,140.388,252.128
700,1120,141.202,253.595
700,1130,142.016,255.064
700,1140,142.832,256.536
700,1150,143.649,258.009
700,1160,144.466,259.484
700,1170,145.285,260.961
700,1180,146.105,262.439
700,1190,146.925,263.919
700,1200,147.746,265.401
700,1210,148.569,266.884
700,1220,149.392,268.369
700,1230,150.215,269.855
700,1240,151.039,271.342
700,1250,151.864,272.831
700,1260,152.69,274.32
700,1270,153.516,275.811
700,1280,154.343,277.302
700,1290,155.17,278.795
700,1300,155.997,280.288
700,1310,156.825,281.782
700,1320,157.654,283.277
700,1330,158.482,284.772
700,1340,159.311,286.269
700,1350,160.141,287.765
700,1360,160.97,289.263
700,1370,161.8,290.76
700,1380,162.631,292.259
700,1390,163.461,293.757
700,1400,164.291,295.256
700,1410,165.122,296.756
700,1420,165.953,298.255
700,1430,166.784,299.755
700,1440,167.615,301.255
700,1450,168.446,302.755
700,1460,169.277,304.255
700,1470,170.108,305.755
700,1480,170.939,307.255
700,1490,171.771,308.756
700,1500,172.602,310.256
700,1510,173.433,311.756
700,1520,174.264,313.256
700,1530,175.095,314.756
700,1540,175.926,316.256
700,1550,176.757,317.756
700,1560,177.588,319.256
700,1570,178.419,320.755
700,1580,179.249,322.254
700,1590,180.08,323.753
700,1600,180.91,325.252
700,1610,181.741,326.752
700,1620,182.571,328.251
700,1630,183.401,329.75
700,1640,184.231,331.248
700,1650,185.061,332.745
700,1660,185.89,334.242
700,1670,186.72,335.739
700,1680,187.549,337.236
700,1690,188.378,338.733
700,1700,189.206,340.231
700,1710,190.034,341.726
700,1720,190.862,343.221
700,1730,191.69,344.715
700,1740,192.517,346.208
700,1750,193.344,347.701
700,1760,194.17,349.193
700,1770,194.996,350.684
700,1780,195.822,352.174
700,1790,196.647,353.664
700,1800,197.472,355.153
700,1810,198.296,356.641
700,1820,199.119,358.128
700,1830,199.942,359.614
700,1840,200.764,361.098
700,1850,201.586,362.58
700,1860,202.406,364.062
700,1870,203.227,365.544
700,1880,204.047,367.024
700,1890,204.867,368.505
700,1900,205.687,369.984
700,1910,206.505,371.463
700,1920,207.324,372.942
700,1930,208.143,374.419
700,1940,208.961,375.896
700,1950,209.779,377.372
700,1960,210.596,378.847
700,1970,211.413,380.323
700,1980,212.23,381.799
700,1990,213.047,383.273
700,2000,213.863,384.747
