{"type":"FeatureCollection","features":[{"type":"Feature","properties":{"ADMIN":"Russia","ISO_A3":"RUS"},"geometry":{"type":"MultiPolygon","coordinates":[]}},{"type":"Feature","properties":{"ADMIN":"North Korea","ISO_A3":"PRK"},"geometry":{"type":"MultiPolygon","coordinates":[[[[124.88318,39.52747],[124.93361,39.55054],[124.89919,39.61412],[124.85448,39.57375],[124.88318,39.52747]]],[[[130.53077,42.53048],[130.51651,42.59936],[130.48416,42.61001],[130.43124,42.56151],[130.393,42.60624],[130.32479,42.65029],[130.24304,42.74336],[130.25647,42.86689],[130.23901,42.90224],[130.14041,42.90712],[130.12149,42.98185],[130.04729,42.9619],[129.98135,42.96673],[129.93412,43.00841],[129.87975,42.99603],[129.79903,42.83666],[129.76131,42.74605],[129.78653,42.68473],[129.74157,42.629],[129.72886,42.47586],[129.70333,42.44237],[129.59171,42.44795],[129.5945,42.42222],[129.51709,42.39095],[129.43409,42.44111],[129.36309,42.44501],[129.30377,42.38958],[129.2431,42.37871],[129.21116,42.26701],[129.21116,42.21996],[129.1198,42.14937],[129.06347,42.13609],[129.02657,42.10188],[128.96384,42.08852],[128.94007,42.03537],[128.90348,42.02627],[128.81708,42.04387],[128.72096,42.04759],[128.68251,42.02573],[128.60789,42.03017],[128.56438,42.0008],[128.50237,41.99609],[128.36377,42.02648],[128.26197,42.03286],[128.10053,41.99909],[128.03459,41.99374],[128.02043,41.96506],[128.03997,41.87959],[128.09702,41.82262],[128.15913,41.71182],[128.25091,41.66012],[128.303,41.58341],[128.2876,41.5447],[128.18569,41.40445],[128.14611,41.37634],[128.06415,41.38843],[127.94421,41.47085],[127.84887,41.43132],[127.69027,41.43897],[127.63834,41.42988],[127.47411,41.49881],[127.42734,41.4831],[127.26906,41.50496],[127.20033,41.54206],[127.10468,41.53741],[127.16607,41.59496],[127.11398,41.61036],[127.04545,41.668],[127.07662,41.68079],[127.03316,41.73159],[126.88712,41.78492],[126.86479,41.74727],[126.80888,41.72983],[126.78862,41.69591],[126.72795,41.70125],[126.6693,41.66712],[126.61788,41.66593],[126.56703,41.61415],[126.58088,41.57524],[126.54223,41.48899],[126.5013,41.43437],[126.52213,41.37763],[126.44089,41.34838],[126.38059,41.29081],[126.2607,41.14312],[126.14742,41.09227],[126.13817,41.05698],[126.06929,40.98939],[126.00784,40.89931],[125.93617,40.8774],[125.90154,40.89931],[125.82196,40.86975],[125.76093,40.88567],[125.68321,40.8479],[125.64482,40.81059],[125.66869,40.76216],[125.56007,40.77834],[125.53309,40.7218],[125.46906,40.71292],[125.4563,40.67969],[125.36359,40.64672],[125.27719,40.64362],[125.25611,40.61504],[125.02511,40.53437],[125.0263,40.45738],[124.91794,40.4611],[124.89551,40.48363],[124.80084,40.39407],[124.7412,40.37035],[124.71247,40.31031],[124.6426,40.29429],[124.36997,40.09829],[124.39145,40.04829],[124.36997,39.94001],[124.32154,39.91267],[124.36256,39.87173],[124.43442,39.83076],[124.55494,39.81708],[124.58912,39.76586],[124.58481,39.72358],[124.6451,39.66947],[124.6108,39.62865],[124.67493,39.62207],[124.75305,39.67246],[124.76039,39.74801],[124.8663,39.71385],[124.90162,39.66205],[124.95826,39.66201],[125.0477,39.60419],[125.22519,39.59121],[125.28598,39.52119],[125.4297,39.57538],[125.39723,39.50178],[125.34604,39.45962],[125.37648,39.39252],[125.43849,39.385],[125.41114,39.33348],[125.4319,39.30073],[125.39357,39.24579],[125.28736,39.15233],[125.29061,39.10453],[125.19864,38.98606],[125.15197,38.89153],[125.13722,38.80353],[125.18812,38.73861],[125.26686,38.75507],[125.26246,38.70791],[125.30836,38.70726],[125.36305,38.73456],[125.43417,38.73676],[125.44191,38.68622],[125.36911,38.69476],[125.30104,38.65681],[125.25961,38.66974],[125.13722,38.62474],[125.05824,38.56847],[124.99775,38.59252],[124.99684,38.53587],[125.02101,38.51488],[124.9852,38.45136],[124.94728,38.45051],[124.88388,38.35529],[124.87233,38.25764],[124.82179,38.18594],[124.77329,38.17597],[124.67709,38.11538],[124.79379,38.09781],[124.90488,38.12482],[125.01352,38.0624],[125.14064,38.09781],[125.2483,38.08381],[125.20167,38.04938],[125.11622,38.04194],[125.11598,37.96271],[125.07569,37.98045],[125.00546,37.95844],[125.01319,37.90599],[125.08937,37.87808],[125.15821,37.86758],[125.20851,37.88117],[125.24008,37.92959],[125.30063,37.89521],[125.29493,37.85985],[125.32667,37.81297],[125.42628,37.85602],[125.40626,37.89863],[125.44565,37.9204],[125.5101,37.89427],[125.45582,37.82282],[125.41098,37.80939],[125.34864,37.73798],[125.38526,37.71638],[125.47462,37.73119],[125.50351,37.77879],[125.62013,37.76533],[125.60922,37.8063],[125.66896,37.89916],[125.71933,37.95254],[125.64072,37.97362],[125.57822,38.00902],[125.59693,38.03221],[125.74659,38.00776],[125.80397,37.98896],[125.89552,37.86481],[125.98618,37.82282],[126.05576,37.87059],[126.06284,37.80223],[126.11036,37.74091],[126.15821,37.73347],[126.14918,37.82217],[126.17848,37.84052],[126.27955,37.85126],[126.39772,37.89175],[126.43662,37.84837],[126.57618,37.77753],[126.6421,37.798],[126.66746,37.82781],[126.66579,37.93763],[126.76191,37.979],[126.84733,38.08202],[126.91983,38.1346],[126.95373,38.20067],[127.02675,38.25446],[127.15749,38.30722],[127.37711,38.31851],[127.47194,38.29591],[127.56082,38.31208],[127.75373,38.32536],[127.80076,38.29392],[127.86685,38.30485],[128.03986,38.30428],[128.17236,38.35595],[128.26807,38.45352],[128.28543,38.51985],[128.27478,38.5715],[128.36492,38.62433],[128.35963,38.67866],[128.28281,38.75507],[128.21022,38.72773],[128.09116,38.84374],[128.01466,38.85814],[127.9087,38.96719],[127.85157,39.00141],[127.76962,39.1092],[127.66139,39.12149],[127.60694,39.15204],[127.53175,39.14614],[127.4913,39.19489],[127.45224,39.16596],[127.3934,39.20173],[127.37203,39.24043],[127.39829,39.32368],[127.37843,39.37149],[127.48292,39.437],[127.563,39.34374],[127.52044,39.51047],[127.57455,39.59504],[127.55274,39.63679],[127.51222,39.64948],[127.50172,39.69847],[127.52084,39.74698],[127.62375,39.83094],[127.66329,39.8068],[127.69575,39.8482],[127.76244,39.85353],[127.78183,39.8854],[127.8746,39.89281],[127.89104,39.96123],[127.93027,39.97191],[127.99781,40.02041],[128.00685,40.04515],[128.16432,40.01797],[128.23439,40.02936],[128.26344,40.0771],[128.30209,40.03343],[128.36476,40.09689],[128.41139,40.09638],[128.51019,40.13546],[128.58861,40.18667],[128.66456,40.20124],[128.65672,40.25714],[128.61645,40.27144],[128.65534,40.32018],[128.86053,40.37185],[128.97581,40.45993],[129.07756,40.47257],[129.17262,40.56892],[129.20643,40.67555],[129.27014,40.70798],[129.30323,40.67365],[129.35169,40.74534],[129.42695,40.7813],[129.50624,40.79207],[129.57177,40.83972],[129.71656,40.83459],[129.753,40.90994],[129.72828,40.97871],[129.71192,41.12263],[129.75913,41.29287],[129.7999,41.3686],[129.73606,41.42129],[129.6594,41.46465],[129.66066,41.52595],[129.69082,41.64972],[129.74136,41.68402],[129.77476,41.75942],[129.82655,41.77845],[129.88453,41.82416],[129.89674,41.90426],[129.96469,41.89875],[129.97828,41.94379],[130.02682,41.9927],[130.07304,42.07846],[130.15011,42.0741],[130.19931,42.1013],[130.20227,42.17355],[130.29418,42.23704],[130.33064,42.19151],[130.38624,42.27066],[130.48068,42.33975],[130.56937,42.31526],[130.61662,42.27232],[130.69996,42.29511],[130.66275,42.32057],[130.65665,42.38325],[130.57563,42.44573],[130.53077,42.53048]]]]}},{"type":"Feature","properties":{"ADMIN":"China","ISO_A3":"CHN"},"geometry":{"type":"MultiPolygon","coordinates":[[[[110.68507,20.15331],[110.64015,20.10834],[110.59311,20.10733],[110.56935,20.07978],[110.58033,19.97972],[110.43116,20.0506],[110.38299,20.08104],[110.3589,20.04979],[110.32496,20.06122],[110.261,20.03315],[110.15699,20.06737],[110.13746,20.02436],[110.08961,19.97809],[110.01368,19.95751],[109.9922,19.92536],[109.94467,19.97866],[109.88331,19.98485],[109.87037,19.95336],[109.80763,19.95136],[109.7199,19.9853],[109.719,20.01065],[109.59571,19.99315],[109.52703,19.95136],[109.51564,19.90522],[109.52703,19.86197],[109.46502,19.83405],[109.36883,19.88931],[109.3213,19.89204],[109.30372,19.9217],[109.25514,19.89834],[109.24871,19.86884],[109.16684,19.80549],[109.17018,19.7248],[109.2732,19.79365],[109.30047,19.77684],[109.25896,19.73163],[109.20493,19.71857],[109.19207,19.67845],[109.1565,19.64964],[109.06707,19.60871],[109.01588,19.60126],[108.94077,19.51411],[108.8698,19.45791],[108.79029,19.42316],[108.77068,19.39435],[108.69435,19.38032],[108.66261,19.30972],[108.63168,19.28628],[108.63429,19.21255],[108.66391,19.20962],[108.6631,19.15624],[108.61524,19.10163],[108.64259,19.01846],[108.65382,18.92105],[108.62745,18.83588],[108.66814,18.78864],[108.69361,18.71988],[108.69093,18.60472],[108.67408,18.55484],[108.695,18.50483],[108.79558,18.48656],[108.88592,18.42666],[108.95281,18.40229],[109.00074,18.36717],[109.09164,18.3686],[109.1395,18.34073],[109.16261,18.28783],[109.21811,18.30565],[109.33351,18.30427],[109.43995,18.28897],[109.48072,18.2648],[109.51075,18.21361],[109.54965,18.22553],[109.56804,18.19318],[109.67726,18.24506],[109.69068,18.20917],[109.74147,18.2508],[109.67042,18.27302],[109.72657,18.30378],[109.7461,18.3959],[109.81446,18.40209],[109.83546,18.38227],[109.91538,18.41682],[109.95802,18.41437],[109.99513,18.38231],[110.05258,18.3902],[110.10328,18.53937],[110.22722,18.64216],[110.27084,18.66816],[110.34449,18.66462],[110.42677,18.68089],[110.42457,18.70376],[110.469,18.77717],[110.44508,18.80366],[110.46559,18.8819],[110.51336,18.9064],[110.50994,18.96434],[110.53077,19.01838],[110.56324,19.05565],[110.57,19.1009],[110.54444,19.15005],[110.58904,19.1767],[110.63266,19.26447],[110.64137,19.31245],[110.67791,19.33438],[110.66969,19.38174],[110.69825,19.41694],[110.75758,19.43089],[110.79623,19.48461],[110.82179,19.5541],[110.87648,19.53978],[110.96583,19.63597],[111.03468,19.64224],[110.99659,19.68659],[111.00001,19.72167],[110.97706,19.86587],[110.93458,19.99506],[110.78834,20.0104],[110.71095,20.07518],[110.68507,20.15331]]],[[[110.60955,20.89728],[110.6325,20.93667],[110.58961,20.95938],[110.54754,20.91771],[110.60955,20.89728]]],[[[110.38982,21.09589],[110.24586,21.02757],[110.26661,20.97264],[110.36305,21.00585],[110.44142,21.00585],[110.52076,20.97236],[110.54379,21.02277],[110.52638,21.0821],[110.40821,21.04824],[110.38982,21.09589]]],[[[110.47918,21.18464],[110.46144,21.15107],[110.54322,21.10497],[110.5652,21.11262],[110.59946,21.17829],[110.54965,21.20246],[110.47918,21.18464]]],[[[111.93849,21.65257],[111.92823,21.66446],[111.8353,21.64395],[111.86329,21.56826],[111.89747,21.59553],[111.98146,21.61205],[111.99985,21.654],[111.93849,21.65257]]],[[[112.62379,21.63329],[112.65455,21.69847],[112.57781,21.68301],[112.55983,21.64838],[112.57993,21.61555],[112.62379,21.63329]]],[[[112.86256,21.76944],[112.77752,21.77265],[112.71168,21.70254],[112.76759,21.66348],[112.73439,21.62873],[112.79021,21.57758],[112.81056,21.65762],[112.79754,21.70588],[112.86256,21.76944]]],[[[113.26775,21.88646],[113.28566,21.91812],[113.25766,21.9466],[113.22584,21.90082],[113.26775,21.88646]]],[[[113.39357,22.0716],[113.3436,22.06851],[113.3235,22.01195],[113.39145,22.02753],[113.39357,22.0716]]],[[[113.53891,22.0821],[113.51889,22.12726],[113.47153,22.11408],[113.48471,22.07136],[113.53891,22.0821]]],[[[113.36476,22.1579],[113.27174,22.12002],[113.28907,22.06851],[113.33619,22.10049],[113.36476,22.1579]]],[[[113.64183,22.60162],[113.63569,22.65647],[113.5255,22.74487],[113.49137,22.70577],[113.56243,22.65568],[113.60261,22.61152],[113.64183,22.60162]]],[[[113.4878,22.89281],[113.43295,22.91201],[113.40211,22.88288],[113.4559,22.83076],[113.49529,22.81387],[113.55828,22.75788],[113.60288,22.77245],[113.57301,22.83006],[113.52703,22.84663],[113.4878,22.89281]]],[[[117.12257,23.46552],[117.063,23.47846],[117.01002,23.43895],[116.98219,23.45946],[116.9481,23.42181],[117.12878,23.39937],[117.12257,23.46552]]],[[[117.43483,23.75072],[117.37273,23.76675],[117.39373,23.67919],[117.36913,23.62236],[117.32048,23.57402],[117.43156,23.58263],[117.42115,23.64646],[117.47654,23.68943],[117.50416,23.7499],[117.43483,23.75072]]],[[[118.13787,24.53653],[118.09254,24.55622],[118.07203,24.49787],[118.07342,24.4527],[118.13649,24.42927],[118.1893,24.50308],[118.13787,24.53653]]],[[[119.5228,25.20844],[119.47039,25.25218],[119.46119,25.20331],[119.5228,25.20844]]],[[[119.30258,25.42292],[119.33058,25.46735],[119.35206,25.55223],[119.30502,25.54336],[119.2815,25.4829],[119.30258,25.42292]]],[[[119.78028,25.61742],[119.73048,25.64614],[119.69272,25.59422],[119.73048,25.581],[119.69606,25.50934],[119.72218,25.4138],[119.79461,25.46304],[119.81861,25.5458],[119.81349,25.60883],[119.78028,25.61742]]],[[[119.39064,25.96699],[119.3698,26.01423],[119.24334,26.05707],[119.25758,26.00145],[119.39064,25.96699]]],[[[119.63885,26.0705],[119.59938,26.12812],[119.56528,26.08047],[119.63885,26.0705]]],[[[121.28535,28.10195],[121.25553,28.14],[121.26889,28.19394],[121.23059,28.21973],[121.16528,28.15053],[121.12501,28.14008],[121.13063,28.10346],[121.1864,28.0437],[121.28535,28.10195]]],[[[121.86459,29.12385],[121.78981,29.14985],[121.78582,29.1197],[121.84205,29.09504],[121.86459,29.12385]]],[[[121.95834,29.10187],[121.94321,29.16112],[121.86817,29.14741],[121.93531,29.06289],[121.95834,29.10187]]],[[[122.14324,29.73338],[122.10743,29.78962],[122.06821,29.77953],[122.03647,29.71747],[122.09278,29.72578],[122.12501,29.67324],[122.18686,29.67341],[122.14324,29.73338]]],[[[122.31471,29.78368],[122.31202,29.82905],[122.27117,29.84683],[122.23268,29.82783],[122.31471,29.78368]]],[[[122.34645,29.94941],[122.38282,29.86473],[122.40805,29.89985],[122.40675,29.9527],[122.34645,29.94941]]],[[[121.88966,29.98395],[121.90919,30.04499],[121.84767,30.08316],[121.8274,30.00422],[121.88966,29.98395]]],[[[122.17359,30.10224],[122.08741,30.14753],[121.97462,30.14802],[121.97185,30.06769],[122.01222,30.03193],[122.18474,29.99445],[122.29363,29.93378],[122.32667,30.01081],[122.28956,30.06733],[122.17359,30.10224]]],[[[122.21453,30.2473],[122.23878,30.31314],[122.21144,30.34663],[122.09571,30.3107],[122.07358,30.29141],[122.13771,30.25462],[122.21453,30.2473]]],[[[122.29078,30.47167],[122.28541,30.42206],[122.41098,30.45213],[122.29078,30.47167]]],[[[121.85108,31.29393],[121.88185,31.33662],[121.86785,31.3662],[121.7942,31.3688],[121.81324,31.32079],[121.85108,31.29393]]],[[[121.78004,31.32518],[121.76238,31.37377],[121.7256,31.40274],[121.61817,31.44379],[121.59881,31.42914],[121.78004,31.32518]]],[[[121.91289,31.45633],[121.97785,31.47777],[121.98009,31.5403],[121.91897,31.57846],[121.84408,31.60795],[121.72123,31.63031],[121.66322,31.65235],[121.4753,31.77077],[121.38613,31.81174],[121.26406,31.84108],[121.2193,31.82947],[121.17629,31.78432],[121.22451,31.73767],[121.2859,31.70405],[121.31446,31.65559],[121.51746,31.56839],[121.57154,31.52936],[121.68463,31.50681],[121.85137,31.43918],[121.91289,31.45633]]],[[[119.90138,32.08246],[119.83286,32.25214],[119.78533,32.29169],[119.71616,32.27265],[119.74985,32.22801],[119.81935,32.20376],[119.79103,32.16547],[119.792,32.12177],[119.90138,32.08246]]],[[[118.64874,39.04465],[118.55972,39.00313],[118.52638,39.04669],[118.48819,39.05049],[118.4707,38.97055],[118.51431,38.91945],[118.59432,38.9722],[118.64874,39.04465]]],[[[121.35255,39.48241],[121.26588,39.43358],[121.29615,39.39142],[121.40349,39.37059],[121.4336,39.38581],[121.44239,39.46288],[121.35255,39.48241]]]]}},{"type":"Feature","properties":{"ADMIN":"South Korea","ISO_A3":"KOR"},"geometry":{"type":"MultiPolygon","coordinates":[[[[126.82337,33.55944],[126.66469,33.54968],[126.58243,33.52928],[126.48493,33.52076],[126.45938,33.50238],[126.31057,33.46448],[126.24098,33.39277],[126.20623,33.37556],[126.16114,33.30077],[126.1714,33.26935],[126.28614,33.20038],[126.33343,33.23817],[126.47056,33.22871],[126.60692,33.24061],[126.64072,33.26467],[126.74179,33.28021],[126.78014,33.30555],[126.84059,33.31021],[126.87353,33.37305],[126.93922,33.43085],[126.91285,33.50658],[126.82337,33.55944]]],[[[126.74562,34.3242],[126.72185,34.38129],[126.65366,34.39521],[126.64487,34.3371],[126.68898,34.30109],[126.74562,34.3242]]],[[[126.8602,34.39887],[126.83546,34.43806],[126.78248,34.42674],[126.7933,34.37889],[126.8602,34.39887]]],[[[127.21022,34.42398],[127.23422,34.48029],[127.14031,34.47871],[127.11736,34.43757],[127.15301,34.41958],[127.21022,34.42398]]],[[[127.77931,34.48847],[127.74806,34.55109],[127.70753,34.53388],[127.77931,34.48847]]],[[[126.3156,34.53828],[126.1963,34.50275],[126.17213,34.46491],[126.11573,34.43618],[126.12428,34.40347],[126.20997,34.35879],[126.34588,34.409],[126.38006,34.49844],[126.35035,34.53815],[126.3156,34.53828]]],[[[127.79786,34.57974],[127.81723,34.63076],[127.79249,34.68236],[127.74187,34.64362],[127.74,34.61367],[127.79786,34.57974]]],[[[125.99903,34.67744],[125.98048,34.72622],[125.92286,34.69538],[125.9769,34.6564],[125.99903,34.67744]]],[[[126.11785,34.76996],[126.10426,34.72199],[126.17791,34.71336],[126.17384,34.74445],[126.11785,34.76996]]],[[[128.37901,34.82287],[128.40653,34.7631],[128.43733,34.77981],[128.42823,34.82745],[128.37901,34.82287]]],[[[126.14226,34.87914],[126.06414,34.8426],[126.09441,34.80866],[126.1421,34.83291],[126.14226,34.87914]]],[[[126.08912,34.91132],[126.06031,34.92691],[125.99635,34.87604],[126.0547,34.8592],[126.08912,34.91132]]],[[[127.94988,34.82465],[127.90561,34.86896],[127.93824,34.91397],[127.90211,34.94001],[127.82936,34.86896],[127.83033,34.83356],[127.86801,34.72187],[127.90626,34.71308],[127.95411,34.75971],[127.97527,34.69994],[128.06007,34.7084],[128.06959,34.81501],[127.94988,34.82465]]],[[[128.72389,34.95454],[128.69386,34.98627],[128.62379,34.95356],[128.58399,34.9099],[128.53631,34.90371],[128.48845,34.86896],[128.52882,34.80809],[128.6045,34.83544],[128.5735,34.75349],[128.61817,34.72557],[128.68637,34.80809],[128.74171,34.79072],[128.71437,34.87641],[128.72389,34.95454]]],[[[126.11427,35.05931],[126.12778,35.12055],[126.0691,35.10236],[126.056,35.06135],[126.11427,35.05931]]],[[[126.4048,36.47964],[126.37941,36.51838],[126.36024,36.60936],[126.31482,36.58179],[126.34262,36.43838],[126.36378,36.41136],[126.42262,36.41153],[126.4048,36.47964]]],[[[126.57374,37.279],[126.54737,37.22748],[126.61354,37.23281],[126.57374,37.279]]],[[[126.57644,37.50237],[126.50066,37.53019],[126.47338,37.49926],[126.41889,37.49686],[126.35551,37.46622],[126.3832,37.43745],[126.44341,37.42063],[126.57644,37.50237]]],[[[130.89674,37.46312],[130.91944,37.5102],[130.90358,37.54584],[130.83229,37.53213],[130.81105,37.48701],[130.85222,37.45946],[130.89674,37.46312]]],[[[126.37013,37.65835],[126.32374,37.74555],[126.28199,37.69929],[126.37013,37.65835]]],[[[126.27654,37.81151],[126.22047,37.77131],[126.31821,37.76227],[126.33326,37.80044],[126.27654,37.81151]]],[[[126.52906,37.6249],[126.52149,37.75117],[126.50359,37.77741],[126.4253,37.82445],[126.36964,37.78535],[126.36915,37.71906],[126.41668,37.65184],[126.41017,37.60204],[126.51783,37.60383],[126.52906,37.6249]]],[[[124.73268,37.98045],[124.64942,37.97329],[124.64405,37.92451],[124.73268,37.98045]]],[[[126.66746,37.82781],[126.68686,37.77363],[126.60328,37.75454],[126.53102,37.75471],[126.56051,37.60735],[126.60379,37.5493],[126.59599,37.43966],[126.66475,37.38917],[126.68749,37.34403],[126.73331,37.30617],[126.82254,37.29561],[126.79249,37.22346],[126.70997,37.2617],[126.65846,37.2543],[126.67066,37.18561],[126.70289,37.1247],[126.80234,37.18537],[126.81121,37.14412],[126.75286,37.10069],[126.75522,37.04881],[126.85865,37.04133],[126.88429,37.00788],[126.8379,36.9759],[126.91269,36.92963],[126.94247,36.89338],[126.8602,36.86957],[126.9048,36.82225],[126.84913,36.78803],[126.8318,36.83112],[126.83432,36.89549],[126.79623,36.95576],[126.71435,36.99304],[126.62609,36.9961],[126.51905,37.05541],[126.51225,37.01643],[126.56617,36.99079],[126.55909,36.94237],[126.47958,36.92902],[126.42774,37.00837],[126.36378,37.00145],[126.37648,36.9416],[126.41554,36.89985],[126.38453,36.85293],[126.33603,36.82465],[126.30152,36.857],[126.22999,36.87303],[126.19874,36.82323],[126.22071,36.80174],[126.13095,36.76805],[126.20265,36.74242],[126.20314,36.70588],[126.3357,36.64411],[126.32431,36.69965],[126.36988,36.73233],[126.36715,36.62907],[126.42424,36.60658],[126.4838,36.6496],[126.51987,36.62617],[126.47146,36.59629],[126.47033,36.5402],[126.49878,36.42011],[126.52744,36.36978],[126.57618,36.36628],[126.57154,36.30561],[126.53492,36.21963],[126.56134,36.18159],[126.52917,36.15351],[126.58945,36.1308],[126.69247,35.9999],[126.52142,35.97052],[126.60881,35.93113],[126.61229,35.89022],[126.73316,35.88557],[126.80665,35.90965],[126.80616,35.86669],[126.71998,35.86327],[126.70069,35.83983],[126.79103,35.79145],[126.66215,35.793],[126.62939,35.77548],[126.59717,35.71389],[126.46756,35.63964],[126.46374,35.60197],[126.51316,35.5769],[126.65504,35.59577],[126.59423,35.54249],[126.49266,35.52533],[126.42555,35.41767],[126.36158,35.26903],[126.36354,35.18797],[126.45029,35.0666],[126.36166,35.0773],[126.32789,35.12263],[126.28907,35.13939],[126.25782,35.10684],[126.32065,35.08332],[126.37412,35.01683],[126.313,34.97744],[126.34523,34.92642],[126.39772,34.95148],[126.40927,34.84447],[126.38404,34.78632],[126.45607,34.80073],[126.52369,34.79393],[126.55274,34.8957],[126.58139,34.89802],[126.57578,34.82176],[126.52125,34.75349],[126.46015,34.77876],[126.36402,34.74916],[126.50839,34.71849],[126.55543,34.66352],[126.50035,34.64582],[126.45289,34.67097],[126.44788,34.70588],[126.37861,34.71118],[126.29029,34.75023],[126.27109,34.64248],[126.32496,34.56965],[126.39088,34.53384],[126.46591,34.54068],[126.49024,34.50861],[126.47584,34.43325],[126.51376,34.42398],[126.47958,34.34882],[126.52744,34.34138],[126.53281,34.29222],[126.60532,34.32168],[126.62965,34.38923],[126.71754,34.43183],[126.76149,34.47919],[126.75522,34.55768],[126.80787,34.55317],[126.80983,34.45124],[126.88502,34.42109],[126.9048,34.45869],[126.99415,34.54068],[127.01026,34.61249],[127.09913,34.65449],[127.14804,34.69147],[127.21372,34.70555],[127.24806,34.76655],[127.29078,34.72138],[127.33155,34.74116],[127.35792,34.69823],[127.261,34.62995],[127.24667,34.58373],[127.12965,34.56391],[127.1338,34.52631],[127.22348,34.54682],[127.31593,34.4449],[127.3278,34.47393],[127.39179,34.50478],[127.38041,34.5471],[127.3436,34.57819],[127.3921,34.60204],[127.45224,34.57477],[127.50076,34.61216],[127.46616,34.66218],[127.40602,34.70002],[127.38526,34.7602],[127.44467,34.82917],[127.48732,34.8415],[127.511,34.88471],[127.58448,34.74624],[127.55592,34.68456],[127.57228,34.64741],[127.64527,34.62629],[127.63795,34.69823],[127.65626,34.73127],[127.70639,34.71589],[127.74985,34.73713],[127.77451,34.82933],[127.69996,34.84227],[127.6565,34.81192],[127.61891,34.83641],[127.57643,34.89692],[127.60719,34.94131],[127.64112,34.89912],[127.7444,34.96019],[127.83033,34.94473],[127.91212,34.96206],[128.0193,34.99868],[128.05372,35.06712],[128.06398,34.92792],[128.11874,34.92036],[128.13941,34.89191],[128.20704,34.89069],[128.22413,34.93789],[128.30226,34.90803],[128.34083,34.87271],[128.43531,34.84317],[128.44044,34.96516],[128.4996,35.00922],[128.46274,35.07197],[128.52638,35.10346],[128.62705,35.09077],[128.62233,35.15738],[128.70045,35.09614],[128.77199,35.08331],[128.99703,35.07573],[129.06384,35.12085],[129.12347,35.10085],[129.12026,35.14962],[129.19435,35.1555],[129.25571,35.24698],[129.26921,35.31677],[129.36044,35.35358],[129.35776,35.45181],[129.42799,35.47875],[129.4546,35.51325],[129.46728,35.59967],[129.44305,35.63609],[129.49765,35.74787],[129.53559,35.93904],[129.58725,36.01691],[129.54257,36.0659],[129.47901,36.00959],[129.43305,35.99611],[129.38086,36.04149],[129.41871,36.07298],[129.4039,36.16763],[129.38233,36.20185],[129.38657,36.3227],[129.44093,36.40795],[129.44711,36.49331],[129.42262,36.61664],[129.46347,36.69245],[129.4712,36.77188],[129.438,36.85615],[129.4131,37.02774],[129.43019,37.07307],[129.37892,37.13011],[129.33107,37.28217],[129.28281,37.32445],[129.26279,37.37092],[129.18995,37.46939],[129.1482,37.50511],[129.10873,37.5974],[129.07333,37.61302],[129.06422,37.67886],[128.92384,37.80231],[128.69247,38.06493],[128.6316,38.14496],[128.56275,38.28897],[128.47446,38.42609],[128.44142,38.5058],[128.36492,38.62433],[128.27478,38.5715],[128.28543,38.51985],[128.26807,38.45352],[128.17236,38.35595],[128.03986,38.30428],[127.86685,38.30485],[127.80076,38.29392],[127.75373,38.32536],[127.56082,38.31208],[127.47194,38.29591],[127.37711,38.31851],[127.15749,38.30722],[127.02675,38.25446],[126.95373,38.20067],[126.91983,38.1346],[126.84733,38.08202],[126.76191,37.979],[126.66579,37.93763],[126.66746,37.82781]]]]}},{"type":"Feature","properties":{"ADMIN":"Taiwan","ISO_A3":"TWN"},"geometry":{"type":"MultiPolygon","coordinates":[[[[121.58766,22.01386],[121.56658,22.08218],[121.49204,22.08218],[121.4983,22.04804],[121.53891,22.01822],[121.58766,22.01386]]],[[[118.44959,24.50553],[118.39422,24.52269],[118.38141,24.47351],[118.31666,24.49335],[118.28207,24.47736],[118.292,24.42499],[118.31822,24.39054],[118.37286,24.4332],[118.44879,24.41551],[118.46735,24.46183],[118.44959,24.50553]]],[[[121.636,25.22281],[121.59791,25.27143],[121.53972,25.28742],[121.49781,25.27875],[121.43629,25.24144],[121.37875,25.15795],[121.33025,25.13068],[121.21095,25.11115],[121.12941,25.07111],[121.05934,25.05024],[121.00554,25.00068],[120.92604,24.88471],[120.90919,24.81688],[120.8475,24.71084],[120.70216,24.607],[120.64894,24.48387],[120.57081,24.40493],[120.51197,24.29556],[120.49317,24.23066],[120.41863,24.14252],[120.41188,24.09691],[120.3401,24.0218],[120.29225,23.91193],[120.2575,23.8784],[120.24073,23.83283],[120.18922,23.77481],[120.14361,23.63804],[120.14169,23.53795],[120.12426,23.52002],[120.13478,23.42626],[120.16458,23.36171],[120.13015,23.36096],[120.05942,23.15103],[120.09645,23.08641],[120.05942,23.07587],[120.17026,23.01337],[120.1421,22.98029],[120.16383,22.95384],[120.17555,22.8841],[120.20135,22.84414],[120.19996,22.79247],[120.25213,22.68964],[120.23959,22.65908],[120.31349,22.57705],[120.33123,22.51972],[120.51197,22.42475],[120.56967,22.37385],[120.62127,22.29507],[120.69695,22.11323],[120.68336,22.01386],[120.70436,21.98139],[120.84156,21.92548],[120.8357,21.98725],[120.87924,22.05581],[120.87501,22.28925],[120.88657,22.36595],[120.92286,22.42475],[120.94825,22.5268],[120.99122,22.58308],[121.02101,22.64789],[121.08025,22.70409],[121.14145,22.74177],[121.19028,22.80215],[121.19028,22.84317],[121.25563,22.89777],[121.29957,22.95917],[121.34742,23.08332],[121.40008,23.14549],[121.40886,23.25458],[121.46217,23.343],[121.52149,23.65868],[121.53981,23.69282],[121.57032,23.8321],[121.59449,23.89151],[121.62892,24.02619],[121.60743,24.07685],[121.64129,24.12987],[121.66285,24.1931],[121.69776,24.21898],[121.77272,24.30923],[121.75856,24.33234],[121.78004,24.43268],[121.84002,24.48135],[121.83009,24.51923],[121.85597,24.55052],[121.81495,24.64435],[121.82032,24.69965],[121.80779,24.75312],[121.8235,24.85493],[121.90577,24.9501],[122.00538,25.0019],[121.92726,25.0187],[121.90919,25.03604],[121.89283,25.11367],[121.71852,25.152],[121.64967,25.19709],[121.636,25.22281]]]]}},{"type":"Feature","properties":{"ADMIN":"China","ISO_A3":"CHN"},"geometry":{"type":"MultiPolygon","coordinates":[]}},{"type":"Feature","properties":{"ADMIN":"Aruba","ISO_A3":"ABW"},"geometry":{"type":"MultiPolygon","coordinates":[]}},{"type":"Feature","properties":{"ADMIN":"Afghanistan","ISO_A3":"AFG"},"geometry":{"type":"MultiPolygon","coordinates":[[[[74.86264,37.2446],[74.66038,37.39397],[74.22392,37.40335],[73.79821,37.22853],[73.75346,37.42839],[73.27607,37.45947],[72.76096,37.1875],[72.65771,37.02883],[72.25981,36.96731],[71.83658,36.69916],[71.61106,36.70484],[71.43112,37.06699],[71.49717,37.56655],[71.59773,37.89836],[71.25578,37.94988],[71.33438,38.28066],[70.97404,38.47367],[70.59577,38.33818],[70.4826,38.13736],[70.16521,37.88991],[70.28308,37.70483],[70.15787,37.54143],[69.52865,37.58603],[69.37838,37.43741],[69.4452,37.23641],[69.32391,37.12099],[69.00548,37.30553],[68.30728,37.11422],[68.01112,36.93087],[67.78054,37.18887],[67.48237,37.27736],[67.23675,37.19241],[67.00591,37.38439],[66.58858,37.36847],[66.53902,37.36909],[66.5029,37.35565],[65.66884,37.52055],[65.50141,37.24228],[65.06309,37.23323],[64.76016,37.09262],[64.77876,36.93847],[64.59201,36.62107],[64.60585,36.46108],[64.26613,36.15247],[63.34293,35.85626],[63.07665,35.6247],[63.08021,35.43706],[62.62107,35.22271],[62.21902,35.30627],[62.03382,35.42399],[61.5387,35.45231],[61.28332,35.62263],[61.29004,35.54806],[61.10834,35.27795],[61.06545,34.81472],[60.94752,34.63799],[60.71436,34.53743],[60.48678,34.09428],[60.51179,33.63839],[60.87962,33.5487],[60.5676,33.15129],[60.57752,32.99434],[60.83032,32.24889],[60.77493,32.02719],[60.85502,31.48273],[61.66118,31.38191],[61.82633,31.03459],[61.7852,30.8314],[60.84438,29.85818],[62.47751,29.40782],[63.56861,29.49748],[64.08609,29.38661],[64.4777,29.57037],[65.03637,29.54016],[66.19563,29.83534],[66.32182,30.43737],[66.26798,30.60139],[66.36626,30.92287],[66.55003,30.97697],[66.69699,31.19582],[67.3462,31.20776],[68.12574,31.8115],[68.67579,31.7747],[68.77728,31.61859],[69.00404,31.65109],[69.29885,31.93769],[69.228,32.4213],[69.42913,32.66736],[69.54752,33.07501],[69.88093,33.08925],[70.29445,33.31895],[70.10815,33.7273],[69.84109,33.94181],[70.00284,34.04379],[70.52198,33.9387],[71.0467,34.04188],[71.12205,34.35682],[70.97084,34.46888],[71.0806,34.67292],[71.45996,34.94267],[71.63369,35.20312],[71.52982,35.3009],[71.59349,35.54936],[71.34157,35.94726],[71.17093,36.027],[71.62915,36.45953],[71.73632,36.39592],[72.21361,36.72644],[72.56521,36.8206],[73.64008,36.89664],[74.09432,36.83124],[74.39404,36.99402],[74.52137,36.95849],[74.54928,37.00893],[74.47662,37.08314],[74.78327,37.21967],[74.86264,37.2446]]]]}},{"type":"Feature","properties":{"ADMIN":"Angola","ISO_A3":"AGO"},"geometry":{"type":"MultiPolygon","coordinates":[[[[23.96746,-10.87231],[23.83372,-11.02847],[23.49482,-10.96429],[23.01434,-11.10247],[22.53757,-11.03715],[22.28177,-11.23673],[22.1655,-10.85236],[22.32239,-10.74219],[22.3134,-10.36856],[22.15992,-9.93149],[21.8541,-9.61781],[21.85988,-8.84638],[21.93595,-8.41303],[21.7585,-8.01512],[21.8541,-7.586],[21.78495,-7.28338],[20.52054,-7.28638],[20.61149,-6.91596],[20.2943,-7.00195],[19.52184,-7.00195],[19.35554,-8.00199],[18.1766,-7.9992],[18.09815,-8.10927],[17.53653,-8.01512],[16.9961,-7.29795],[16.92696,-6.88857],[16.73079,-6.56983],[16.72676,-6.18918],[16.59736,-5.9247],[16.31573,-5.85463],[14.70373,-5.8814],[13.18391,-5.85643],[12.92757,-5.98122],[12.27945,-6.1477],[12.62043,-6.73482],[12.8152,-6.94695],[12.84996,-7.26592],[13.27687,-8.17889],[13.3694,-8.3235],[13.38014,-8.75506],[13.21217,-8.81487],[12.99635,-9.09385],[13.17066,-9.40252],[13.19858,-9.70867],[13.50896,-10.27703],[13.75294,-10.64617],[13.84653,-11.1137],[13.7942,-11.34149],[13.79461,-11.7702],[13.63982,-12.24871],[13.36402,-12.59271],[13.17856,-12.60174],[12.93946,-12.81666],[12.94483,-12.98235],[12.51271,-13.44207],[12.50245,-13.85524],[12.32879,-14.09222],[12.27272,-14.75058],[12.05641,-15.23309],[11.99204,-15.61728],[11.73662,-15.9002],[11.82195,-16.4791],[11.75278,-17.22918],[11.89496,-17.21461],[12.09526,-17.13968],[12.24264,-17.22484],[12.55456,-17.23559],[12.88715,-17.02981],[13.36371,-16.96418],[13.94275,-17.40819],[15.0572,-17.38834],[16.33981,-17.38865],[18.45358,-17.38989],[18.76199,-17.7477],[19.02057,-17.82232],[19.67263,-17.84268],[20.03426,-17.89591],[20.33615,-17.85488],[20.8062,-18.0314],[21.21662,-17.93064],[21.38115,-18.01259],[23.38165,-17.64114],[22.75585,-17.15487],[22.33365,-16.67366],[22.15165,-16.59769],[21.9838,-16.16589],[21.98081,-14.35762],[21.97988,-13.00148],[22.477,-13.00148],[24.00063,-13.00148],[23.86565,-12.78971],[24.03081,-12.38508],[23.9596,-12.19667],[23.95991,-11.61717],[24.06109,-11.39496],[23.96746,-10.87231]]],[[[13.0737,-4.63532],[13.02719,-4.61217],[12.85428,-4.40309],[12.6081,-4.56504],[12.37762,-4.61941],[12.01807,-5.0086],[12.23219,-5.47959],[12.21055,-5.76346],[12.50898,-5.72626],[12.53069,-5.16268],[12.8332,-4.72266],[13.0737,-4.63532]]]]}},{"type":"Feature","properties":{"ADMIN":"Anguilla","ISO_A3":"AIA"},"geometry":{"type":"MultiPolygon","coordinates":[]}},{"type":"Feature","properties":{"ADMIN":"Albania","ISO_A3":"ALB"},"geometry":{"type":"MultiPolygon","coordinates":[[[[20.06496,42.54676],[19.8196,42.46648],[19.60504,42.58484],[19.27203,42.18068],[19.36512,41.85237],[19.58522,41.81855],[19.5652,41.58511],[19.41424,41.3828],[19.51661,41.25642],[19.30983,40.64435],[19.47877,40.45392],[19.47625,40.21369],[19.85524,40.04987],[20.19993,39.64006],[20.28272,39.7044],[20.43279,40.06381],[20.64022,40.09011],[20.82667,40.46482],[21.03668,40.63974],[20.96526,40.84939],[20.70275,40.93631],[20.47775,41.3196],[20.44416,41.54966],[20.56715,41.87318],[20.50079,42.21122],[20.24965,42.31861],[20.06496,42.54676]]]]}},{"type":"Feature","properties":{"ADMIN":"Aland","ISO_A3":"ALA"},"geometry":{"type":"MultiPolygon","coordinates":[]}},{"type":"Feature","properties":{"ADMIN":"Andorra","ISO_A3":"AND"},"geometry":{"type":"MultiPolygon","coordinates":[[[[1.70701,42.50278],[1.46681,42.64146],[1.40976,42.54061],[1.40759,42.48676],[1.70701,42.50278]]]]}},{"type":"Feature","properties":{"ADMIN":"United Arab Emirates","ISO_A3":"ARE"},"geometry":{"type":"MultiPolygon","coordinates":[[[[56.27906,25.62745],[56.14513,25.67084],[56.18347,26.01454],[56.0774,26.06105],[55.84246,25.71381],[55.52467,25.54263],[55.08229,25.01683],[54.70704,24.8039],[54.44597,24.31615],[54.12257,24.14472],[53.58131,24.04853],[52.6701,24.14472],[52.22438,23.97403],[51.80942,24.00068],[51.77198,24.17634],[51.56935,24.25617],[51.59352,24.07832],[52.53848,22.95475],[52.58307,22.93111],[54.1343,22.74032],[55.1053,22.62095],[55.18684,22.70358],[55.19129,22.99537],[55.53835,23.77005],[55.4998,23.97061],[55.99785,24.08127],[55.80737,24.34079],[55.78867,24.8552],[56.0056,24.95618],[56.11826,24.73542],[56.38331,24.97822],[56.36997,25.5257],[56.27906,25.62745]]]]}},{"type":"Feature","properties":{"ADMIN":"Argentina","ISO_A3":"ARG"},"geometry":{"type":"MultiPolygon","coordinates":[[[[-68.64188,-54.78297],[-67.031,-54.90521],[-66.54051,-55.05105],[-65.96623,-54.90207],[-65.33226,-54.91383],[-65.15559,-54.64056],[-65.84423,-54.64739],[-66.48221,-54.4658],[-66.76658,-54.24984],[-67.29776,-54.05381],[-67.98363,-53.60133],[-68.1114,-53.3438],[-68.45135,-53.29772],[-68.52072,-53.12063],[-68.26598,-52.98065],[-68.62762,-52.63957],[-68.63475,-53.71088],[-68.64188,-54.78297]]],[[[-62.65899,-22.23167],[-62.80435,-22.00408],[-63.94759,-22.0076],[-64.29398,-22.69086],[-64.57202,-22.34318],[-64.58688,-22.21275],[-65.02037,-22.09658],[-65.74461,-22.11405],[-66.09449,-21.83293],[-66.24001,-21.79242],[-66.37747,-22.12707],[-66.7359,-22.22505],[-66.79646,-22.43486],[-67.03273,-22.52457],[-67.1939,-22.82222],[-67.01397,-23.00071],[-67.36237,-24.03037],[-68.24449,-24.38538],[-68.5037,-24.61235],[-68.57237,-24.76986],[-68.36737,-25.10338],[-68.51605,-25.18358],[-68.60596,-25.437],[-68.41988,-26.17928],[-68.57516,-26.30351],[-68.57015,-26.55063],[-68.32014,-26.87009],[-68.33048,-27.04496],[-68.58586,-27.16279],[-68.80109,-27.11276],[-69.12433,-27.73443],[-69.17301,-27.92408],[-69.65303,-28.39785],[-69.74085,-28.64063],[-69.80393,-29.09869],[-70.04262,-29.36306],[-69.92909,-29.71829],[-69.97562,-30.05863],[-69.90281,-30.31267],[-70.2171,-30.51514],[-70.33978,-31.04172],[-70.4798,-31.09671],[-70.59137,-31.5496],[-70.42828,-31.87009],[-70.2417,-31.96146],[-70.3218,-32.28015],[-70.17248,-32.46494],[-70.14003,-32.76828],[-70.00022,-32.8766],[-70.10083,-33.18686],[-69.78767,-33.37941],[-69.89537,-33.66229],[-69.90955,-33.9557],[-69.83276,-34.24323],[-70.04035,-34.27703],[-70.22783,-34.58533],[-70.38663,-35.16669],[-70.5429,-35.20927],[-70.40823,-35.5062],[-70.38032,-36.04602],[-70.70312,-36.26006],[-70.71865,-36.41457],[-71.04328,-36.48434],[-71.14534,-36.68825],[-71.12307,-37.44324],[-71.18503,-37.70607],[-71.00998,-38.06553],[-70.87383,-38.69144],[-71.41577,-38.93535],[-71.40197,-39.236],[-71.52,-39.615],[-71.71874,-39.62337],[-71.62485,-39.93105],[-71.82375,-40.2101],[-71.80417,-40.42642],[-71.95558,-40.72036],[-71.85145,-40.93833],[-71.92597,-41.62294],[-71.73626,-42.08389],[-72.12471,-42.26331],[-72.14854,-42.99872],[-71.74298,-43.19013],[-71.93734,-43.45688],[-71.72376,-43.59475],[-71.8192,-43.75805],[-71.65988,-43.92631],[-71.85874,-44.1078],[-71.82205,-44.40318],[-71.20978,-44.42757],[-71.12266,-44.5303],[-71.33598,-44.80161],[-71.58873,-44.97813],[-71.31153,-45.29946],[-71.79853,-45.73995],[-71.61229,-45.97053],[-71.77016,-46.11264],[-71.68717,-46.69007],[-71.93413,-46.79952],[-72.00984,-47.19815],[-72.54391,-47.9148],[-72.34305,-48.07045],[-72.32563,-48.28553],[-72.57678,-48.45213],[-72.59233,-48.79113],[-73.00972,-48.99039],[-73.17132,-49.18935],[-73.45786,-49.30769],[-73.58659,-49.53],[-73.4651,-49.75996],[-73.53057,-50.14081],[-73.32294,-50.26835],[-73.26185,-50.5566],[-73.09608,-50.77065],[-72.77842,-50.61965],[-72.30284,-50.6489],[-72.26347,-50.83628],[-72.38222,-51.1606],[-72.28114,-51.70149],[-71.9177,-51.99006],[-69.95275,-52.00742],[-69.21226,-52.13795],[-68.44844,-52.34689],[-68.93593,-51.64552],[-69.16778,-50.97822],[-69.07652,-50.56017],[-68.87643,-50.33057],[-68.07635,-50.08727],[-67.73201,-49.7813],[-67.55655,-49.01582],[-67.19828,-48.81835],[-67.11435,-48.67375],[-66.46849,-48.40028],[-65.84707,-47.94442],[-65.73567,-47.50954],[-65.7449,-47.20416],[-65.97956,-47.06618],[-66.20049,-47.08959],[-66.78645,-47.00661],[-67.12999,-46.7066],[-67.42322,-46.56742],[-67.62247,-46.16375],[-67.33192,-45.61349],[-66.86892,-45.2356],[-66.524,-45.2161],[-66.20037,-44.99292],[-65.60264,-45.02769],[-65.68554,-44.71253],[-65.21688,-44.36641],[-65.22237,-44.0369],[-65.33406,-43.67262],[-64.51305,-42.93629],[-64.99714,-42.78484],[-64.94603,-42.65423],[-64.61486,-42.51531],[-64.32262,-42.54241],[-64.1079,-42.88372],[-63.62027,-42.75123],[-63.59048,-42.34124],[-63.80996,-42.07017],[-64.16218,-42.20941],[-64.12755,-42.43271],[-64.56627,-42.43597],[-64.53148,-42.24424],[-64.85729,-42.19362],[-65.06957,-41.98577],[-64.99328,-41.55299],[-65.17512,-41.01019],[-64.94652,-40.71136],[-64.77302,-40.80608],[-63.77941,-41.15879],[-63.09952,-41.15488],[-62.3378,-40.87274],[-62.25064,-40.62225],[-62.4842,-40.28753],[-62.36872,-40.2112],[-62.31456,-39.8694],[-62.16417,-39.85882],[-62.05578,-39.45192],[-62.3164,-39.26523],[-62.35782,-39.10223],[-62.15734,-38.81048],[-62.02672,-38.9376],[-61.51806,-39.01149],[-60.86571,-38.97568],[-59.06322,-38.69378],[-58.15567,-38.43011],[-57.59358,-38.15276],[-57.51187,-37.87233],[-57.0559,-37.41269],[-56.66487,-36.85101],[-56.69762,-36.39617],[-56.9287,-36.3637],[-57.24804,-36.17034],[-57.36644,-35.98789],[-57.35263,-35.72752],[-57.14491,-35.4842],[-57.24877,-35.24879],[-57.52203,-35.01315],[-58.15487,-34.7504],[-58.51147,-34.43594],[-58.37857,-34.18825],[-58.54939,-33.68304],[-58.38317,-33.07545],[-58.1468,-33.04998],[-58.22008,-32.48952],[-58.16495,-32.38949],[-58.10691,-32.25183],[-58.16862,-31.84601],[-57.98682,-31.55415],[-57.80724,-30.90757],[-57.84962,-30.48527],[-57.64245,-30.19309],[-57.6117,-30.18296],[-57.32515,-29.98101],[-56.41575,-29.05135],[-55.89806,-28.46069],[-55.77253,-28.23197],[-55.44075,-28.07891],[-55.32987,-27.92811],[-55.02581,-27.84016],[-54.82753,-27.54509],[-54.18953,-27.26087],[-53.81922,-27.13974],[-53.7107,-26.87381],[-53.74604,-26.69387],[-53.66672,-26.21917],[-53.82619,-25.97268],[-53.90996,-25.62924],[-54.2148,-25.53146],[-54.46057,-25.64205],[-54.54563,-25.57477],[-54.56005,-25.57022],[-54.6002,-25.57494],[-54.60222,-25.59244],[-54.70648,-26.4418],[-54.97527,-26.78782],[-55.414,-26.97985],[-55.75473,-27.4437],[-56.12455,-27.2989],[-56.36754,-27.58064],[-56.54644,-27.45507],[-56.90435,-27.41869],[-57.1801,-27.48731],[-58.02196,-27.25983],[-58.51076,-27.27844],[-58.65329,-27.15627],[-58.24794,-26.75816],[-58.20618,-26.40273],[-58.0865,-26.12719],[-57.87272,-26.0103],[-57.87535,-25.87615],[-57.55692,-25.45984],[-57.75407,-25.18089],[-58.22406,-24.94122],[-58.8092,-24.77678],[-59.34097,-24.4876],[-59.45973,-24.35851],[-60.03367,-24.00701],[-60.32802,-24.01796],[-61.00635,-23.80547],[-61.10986,-23.60698],[-61.49185,-23.4132],[-61.95645,-23.03441],[-62.28723,-22.48395],[-62.62483,-22.24727],[-62.65899,-22.23167]]]]}},{"type":"Feature","properties":{"ADMIN":"Armenia","ISO_A3":"ARM"},"geometry":{"type":"MultiPolygon","coordinates":[[[[45.0024,41.29045],[44.55152,41.17702],[44.19098,41.23004],[43.72971,41.10669],[43.44043,41.10659],[43.60486,40.96334],[43.72935,40.6771],[43.59422,40.34545],[43.72139,40.16938],[44.03243,40.00862],[44.46434,39.97229],[44.77456,39.7028],[45.03351,39.77039],[45.16792,39.56554],[45.45746,39.48927],[45.78809,39.54896],[45.767,39.35439],[46.13587,38.8637],[46.51404,38.88218],[46.47931,39.11477],[46.59786,39.22507],[46.20646,39.58792],[45.86188,39.80455],[45.97924,40.22359],[45.52619,40.44105],[45.37364,40.6753],[45.55585,40.77658],[45.22161,41.01445],[45.0024,41.29045]]]]}},{"type":"Feature","properties":{"ADMIN":"American Samoa","ISO_A3":"ASM"},"geometry":{"type":"MultiPolygon","coordinates":[]}},{"type":"Feature","properties":{"ADMIN":"Antarctica","ISO_A3":"ATA"},"geometry":{"type":"MultiPolygon","coordinates":[[[[-24.50424,-75.79674],[-25.94815,-75.93304],[-26.98518,-76.16969],[-28.85912,-76.35329],[-30.15347,-76.63535],[-30.69213,-76.84979],[-31.69612,-76.97666],[-33.7211,-77.31097],[-35.31286,-77.84441],[-35.58096,-78.15049],[-36.01309,-78.21054],[-36.44115,-78.61126],[-36.25133,-78.85166],[-32.82018,-79.24391],[-30.6112,-79.07497],[-29.54137,-79.28004],[-30.67325,-79.58807],[-24.72985,-79.782],[-24.50424,-79.80684],[-24.50424,-75.79674]]],[[[-24.50424,-80.08047],[-29.76081,-80.17555],[-31.27888,-80.29713],[-33.47619,-80.61541],[-35.21496,-80.69541],[-36.03319,-80.92067],[-37.62279,-80.99603],[-38.75536,-80.87103],[-41.76382,-81.41041],[-41.9862,-81.61956],[-43.1903,-81.89967],[-43.14778,-82.11419],[-44.0111,-82.39121],[-45.52042,-82.52663],[-46.68879,-82.40545],[-46.08878,-82.22438],[-46.2792,-81.90976],[-48.38036,-81.89031],[-53.22492,-82.1251],[-55.92724,-82.48309],[-57.69888,-82.91025],[-59.46996,-83.46014],[-61.62483,-83.31219],[-61.93248,-82.97234],[-62.79503,-82.51971],[-61.12023,-82.34433],[-62.47191,-82.25644],[-65.07258,-82.40602],[-66.06241,-82.19541],[-65.69172,-81.71054],[-62.20735,-81.69256],[-62.41417,-81.55755],[-65.17431,-81.5123],[-68.37165,-81.11028],[-69.97582,-80.97601],[-70.43371,-80.65732],[-72.55704,-80.7986],[-74.04686,-80.80413],[-74.83829,-80.91937],[-75.71198,-80.63812],[-75.57844,-80.4035],[-76.63219,-79.93922],[-75.92463,-79.52028],[-76.53258,-79.31292],[-80.42935,-79.25848],[-81.1057,-79.20338],[-83.25353,-78.77272],[-83.88614,-78.41937],[-83.67756,-78.01149],[-82.48705,-78.46575],[-80.29524,-78.84677],[-77.75402,-78.73577],[-77.41251,-78.41961],[-81.6162,-77.86207],[-80.76228,-77.78997],[-77.68541,-77.92986],[-75.21764,-78.14463],[-73.62731,-78.025],[-72.72228,-77.57562],[-75.08039,-77.43711],[-75.5266,-77.54119],[-77.52359,-76.72975],[-76.49926,-76.525],[-72.40624,-76.68939],[-71.70906,-76.76279],[-70.33214,-76.67767],[-70.1809,-76.45062],[-68.10432,-76.14788],[-66.21862,-76.01084],[-63.16161,-75.40944],[-64.27233,-75.24114],[-63.04092,-75.14723],[-63.57311,-74.87135],[-62.67317,-74.7033],[-62.13191,-74.95159],[-61.54271,-74.54404],[-60.68196,-74.3248],[-61.05541,-74.10312],[-60.79955,-73.57789],[-61.71288,-73.46014],[-61.16763,-73.31976],[-60.09358,-73.29925],[-60.24698,-73.03395],[-60.62214,-72.94232],[-61.36563,-72.466],[-60.64257,-72.42995],[-60.66177,-72.25579],[-61.4274,-72.0652],[-61.49722,-71.85491],[-60.77156,-71.76002],[-61.11905,-71.53932],[-60.93456,-71.18222],[-61.26171,-70.89422],[-62.00577,-70.79315],[-61.35424,-70.56113],[-62.38048,-70.414],[-62.00927,-70.07586],[-62.52965,-69.86395],[-62.39729,-69.51523],[-62.96251,-69.379],[-63.32079,-69.05006],[-63.21231,-68.83864],[-63.8129,-68.71795],[-64.35945,-68.78444],[-65.33853,-68.56341],[-64.9757,-68.40781],[-65.48107,-68.30836],[-64.98908,-68.08913],[-65.67284,-67.88836],[-65.58873,-67.55438],[-65.32689,-67.3991],[-64.74913,-67.30731],[-64.9663,-67.03387],[-64.77379,-66.84564],[-63.83129,-66.9179],[-63.93619,-66.7042],[-63.75577,-66.21461],[-62.66828,-66.22747],[-62.22033,-66.17425],[-61.68236,-66.31658],[-60.5775,-65.94012],[-61.24462,-65.91286],[-61.33934,-66.08766],[-62.02278,-66.1115],[-62.37243,-65.9157],[-61.96085,-65.49358],[-62.19831,-65.30446],[-61.73937,-65.08782],[-61.05175,-65.01092],[-60.6363,-64.69655],[-60.23449,-64.52068],[-59.41763,-64.33082],[-58.99303,-64.44345],[-58.76993,-64.2824],[-58.73331,-64.03143],[-58.07706,-63.66286],[-57.75088,-63.65635],[-56.99132,-63.46038],[-57.02941,-63.28102],[-57.28661,-63.21478],[-57.88028,-63.31471],[-58.1317,-63.44443],[-58.89855,-63.54022],[-58.92077,-63.65097],[-59.489,-63.87908],[-59.91088,-63.84791],[-60.87719,-64.04746],[-61.11319,-64.38144],[-61.58288,-64.44264],[-62.14184,-64.78484],[-62.51806,-64.73187],[-62.89786,-64.93108],[-63.08361,-65.16611],[-63.82698,-65.03021],[-64.10985,-65.26775],[-63.68228,-65.52386],[-64.14513,-65.62396],[-64.68651,-66.03834],[-65.25976,-65.95745],[-65.64053,-66.21478],[-65.80036,-66.71575],[-66.29214,-66.58587],[-66.44058,-66.84564],[-67.54039,-67.13877],[-67.47216,-67.549],[-66.99275,-67.46868],[-66.63207,-67.54355],[-67.26871,-67.96868],[-66.94587,-68.22283],[-67.01618,-68.78574],[-66.75914,-69.07122],[-67.5275,-69.43369],[-67.95328,-69.37461],[-68.82486,-69.43133],[-68.36189,-69.68336],[-68.48375,-70.05267],[-67.94937,-70.31178],[-67.41112,-70.99285],[-67.62263,-71.43336],[-66.80016,-71.9555],[-66.74795,-72.09205],[-67.5111,-72.83408],[-68.66735,-73.08815],[-70.29296,-73.29339],[-73.07311,-73.44443],[-74.10513,-73.71608],[-75.26814,-73.62119],[-76.27721,-73.8209],[-77.24242,-73.81243],[-76.69872,-73.54754],[-77.53116,-73.46746],[-78.87182,-73.58318],[-78.74405,-73.36492],[-79.64745,-73.03867],[-80.37767,-72.94997],[-80.43676,-73.18816],[-81.31119,-73.27304],[-81.234,-73.73024],[-82.06477,-73.88698],[-82.93371,-73.71038],[-83.88158,-73.66668],[-85.54288,-73.37184],[-85.67862,-73.1775],[-86.94652,-73.38356],[-87.50495,-73.2011],[-88.44384,-73.2636],[-88.71402,-73.11981],[-88.10875,-72.84336],[-88.2235,-72.71233],[-89.1105,-72.76434],[-89.2838,-73.10662],[-90.2067,-73.14983],[-91.11486,-73.30071],[-91.95385,-73.1845],[-93.57164,-73.17523],[-94.3358,-73.32155],[-95.19376,-73.20908],[-95.84268,-73.33148],[-96.47496,-73.29949],[-97.71744,-73.02532],[-100.76594,-72.97601],[-101.96032,-73.0556],[-102.09398,-72.77174],[-103.04141,-72.70761],[-103.42992,-72.84938],[-103.28832,-73.15936],[-102.87365,-73.3082],[-101.8566,-73.30446],[-99.76806,-73.36419],[-99.48526,-73.54746],[-99.86742,-73.73309],[-101.16393,-73.77068],[-101.38537,-73.66717],[-102.88976,-73.58554],[-102.92333,-73.85752],[-101.58922,-74.00018],[-101.30663,-74.30657],[-101.3959,-74.5027],[-100.13073,-74.4734],[-100.08336,-74.84612],[-99.32396,-74.96258],[-99.43139,-75.3034],[-100.13744,-75.38445],[-101.65685,-75.30535],[-101.5642,-75.14674],[-103.29597,-75.08538],[-105.14175,-75.18133],[-106.44913,-75.31683],[-107.86608,-75.3235],[-109.69286,-75.14609],[-111.48107,-75.19573],[-111.52684,-75.10801],[-110.29442,-74.78191],[-110.10314,-74.5486],[-110.4486,-74.27125],[-111.88703,-74.22861],[-111.91682,-74.61842],[-111.54263,-74.80153],[-113.96963,-74.88486],[-113.64928,-74.58799],[-113.88321,-74.23707],[-113.6112,-74.02516],[-114.21003,-73.86346],[-115.12487,-74.0949],[-114.83849,-74.47145],[-116.69347,-74.55788],[-117.66234,-74.50335],[-118.12389,-74.31276],[-118.97549,-74.40423],[-119.135,-74.59808],[-120.82934,-74.73984],[-124.05134,-74.81113],[-124.36563,-74.70696],[-126.93908,-74.67669],[-128.47301,-74.76344],[-129.97509,-74.91326],[-131.01281,-74.8165],[-132.79117,-74.76865],[-133.86555,-74.92832],[-135.3424,-74.56015],[-136.88488,-74.8283],[-136.87759,-75.03818],[-139.56664,-75.14804],[-140.27701,-75.43255],[-141.23843,-75.59873],[-142.46703,-75.43174],[-144.30761,-75.64235],[-144.16039,-75.80397],[-145.18033,-75.90716],[-146.20922,-75.91546],[-146.49962,-76.08701],[-145.53864,-76.31552],[-146.25072,-76.42376],[-148.19709,-76.08709],[-148.53966,-76.22829],[-149.48335,-76.29323],[-149.63976,-76.42995],[-148.45283,-76.50604],[-147.0817,-76.43279],[-145.59252,-76.91676],[-145.27501,-77.22112],[-145.40665,-77.47926],[-146.3966,-77.49521],[-146.8898,-77.25579],[-147.84683,-77.26377],[-148.51305,-77.1076],[-149.02086,-77.33782],[-147.75821,-77.46168],[-148.6737,-77.6749],[-149.97496,-77.81618],[-151.5146,-77.41644],[-154.8944,-77.10369],[-155.47505,-77.1679],[-156.32384,-77.06609],[-157.08308,-77.35125],[-158.14021,-77.42791],[-158.63707,-77.86452],[-157.19957,-78.2527],[-156.34801,-78.19988],[-154.13659,-78.2483],[-154.73034,-78.45469],[-156.05285,-78.49407],[-156.52827,-78.66367],[-154.9698,-79.03476],[-153.07934,-79.13942],[-150.44689,-79.55918],[-149.0924,-79.6303],[-147.94567,-79.78655],[-148.8341,-80.13128],[-150.3697,-80.07464],[-150.60912,-80.26971],[-147.628,-80.92018],[-152.52919,-81.04713],[-156.45014,-81.1487],[-157.05671,-81.35133],[-154.99657,-81.48919],[-153.79035,-81.69101],[-154.80403,-81.966],[-152.8968,-82.37412],[-152.54292,-82.54811],[-155.05879,-82.80193],[-155.59223,-83.04608],[-157.55529,-83.39023],[-162.16906,-83.52467],[-164.16625,-83.39609],[-165.08629,-83.20208],[-168.0858,-83.25555],[-170.71947,-83.19695],[-171.40831,-82.95379],[-174.02758,-82.91522],[-169.43305,-83.40944],[-168.05358,-83.75368],[-165.42073,-83.76678],[-163.70283,-84.0499],[-165.15441,-84.13795],[-165.40974,-84.36452],[-163.86286,-84.5499],[-155.64265,-84.82781],[-156.93883,-85.00701],[-156.00841,-85.22194],[-162.84895,-84.88307],[-168.01863,-84.78102],[-168.25471,-84.64821],[-175.17805,-84.41481],[-180.0,-84.3528],[-180.0,-84.51524],[-180.0,-85.01385],[-180.0,-85.51247],[-180.0,-86.01108],[-180.0,-86.5097],[-180.0,-87.00831],[-180.0,-87.50693],[-180.0,-88.00554],[-180.0,-88.50416],[-180.0,-89.00277],[-180.0,-89.50139],[-180.0,-90.0],[-179.50069,-90.0],[-179.00139,-90.0],[-178.50208,-90.0],[-178.00277,-90.0],[-177.50347,-90.0],[-177.00416,-90.0],[-176.50485,-90.0],[-176.00555,-90.0],[-175.50624,-90.0],[-175.00693,-90.0],[-174.50763,-90.0],[-174.00832,-90.0],[-173.50902,-90.0],[-173.00971,-90.0],[-172.5104,-90.0],[-172.0111,-90.0],[-171.51179,-90.0],[-171.01248,-90.0],[-170.51318,-90.0],[-170.01387,-90.0],[-169.51456,-90.0],[-169.01526,-90.0],[-168.51595,-90.0],[-168.01664,-90.0],[-167.51734,-90.0],[-167.01803,-90.0],[-166.51872,-90.0],[-166.01942,-90.0],[-165.52011,-90.0],[-165.0208,-90.0],[-164.5215,-90.0],[-164.02219,-90.0],[-163.52288,-90.0],[-163.02358,-90.0],[-162.52427,-90.0],[-162.02497,-90.0],[-161.52566,-90.0],[-161.02635,-90.0],[-160.52705,-90.0],[-160.02774,-90.0],[-159.52843,-90.0],[-159.02913,-90.0],[-158.52982,-90.0],[-158.03051,-90.0],[-157.53121,-90.0],[-157.0319,-90.0],[-156.53259,-90.0],[-156.03329,-90.0],[-155.53398,-90.0],[-155.03467,-90.0],[-154.53537,-90.0],[-154.03606,-90.0],[-153.53675,-90.0],[-153.03745,-90.0],[-152.53814,-90.0],[-152.03883,-90.0],[-151.53953,-90.0],[-151.04022,-90.0],[-150.54092,-90.0],[-150.04161,-90.0],[-149.5423,-90.0],[-149.043,-90.0],[-148.54369,-90.0],[-148.04438,-90.0],[-147.54508,-90.0],[-147.04577,-90.0],[-146.54646,-90.0],[-146.04716,-90.0],[-145.54785,-90.0],[-145.04854,-90.0],[-144.54924,-90.0],[-144.04993,-90.0],[-143.55062,-90.0],[-143.05132,-90.0],[-142.55201,-90.0],[-142.0527,-90.0],[-141.5534,-90.0],[-141.05409,-90.0],[-140.55479,-90.0],[-140.05548,-90.0],[-139.55617,-90.0],[-139.05687,-90.0],[-138.55756,-90.0],[-138.05825,-90.0],[-137.55895,-90.0],[-137.05964,-90.0],[-136.56033,-90.0],[-136.06103,-90.0],[-135.56172,-90.0],[-135.06241,-90.0],[-134.56311,-90.0],[-134.0638,-90.0],[-133.56449,-90.0],[-133.06519,-90.0],[-132.56588,-90.0],[-132.06657,-90.0],[-131.56727,-90.0],[-131.06796,-90.0],[-130.56865,-90.0],[-130.06935,-90.0],[-129.57004,-90.0],[-129.07074,-90.0],[-128.57143,-90.0],[-128.07212,-90.0],[-127.57282,-90.0],[-127.07351,-90.0],[-126.5742,-90.0],[-126.0749,-90.0],[-125.57559,-90.0],[-125.07628,-90.0],[-124.57698,-90.0],[-124.07767,-90.0],[-123.57836,-90.0],[-123.07906,-90.0],[-122.57975,-90.0],[-122.08044,-90.0],[-121.58114,-90.0],[-121.08183,-90.0],[-120.58252,-90.0],[-120.08322,-90.0],[-119.58391,-90.0],[-119.0846,-90.0],[-118.5853,-90.0],[-118.08599,-90.0],[-117.58669,-90.0],[-117.08738,-90.0],[-116.58807,-90.0],[-116.08877,-90.0],[-115.58946,-90.0],[-115.09015,-90.0],[-114.59085,-90.0],[-114.09154,-90.0],[-113.59223,-90.0],[-113.09293,-90.0],[-112.59362,-90.0],[-112.09431,-90.0],[-111.59501,-90.0],[-111.0957,-90.0],[-110.59639,-90.0],[-110.09709,-90.0],[-109.59778,-90.0],[-109.09847,-90.0],[-108.59917,-90.0],[-108.09986,-90.0],[-107.60055,-90.0],[-107.10125,-90.0],[-106.60194,-90.0],[-106.10264,-90.0],[-105.60333,-90.0],[-105.10402,-90.0],[-104.60472,-90.0],[-104.10541,-90.0],[-103.6061,-90.0],[-103.1068,-90.0],[-102.60749,-90.0],[-102.10818,-90.0],[-101.60888,-90.0],[-101.10957,-90.0],[-100.61026,-90.0],[-100.11096,-90.0],[-99.61165,-90.0],[-99.11234,-90.0],[-98.61304,-90.0],[-98.11373,-90.0],[-97.61442,-90.0],[-97.11512,-90.0],[-96.61581,-90.0],[-96.1165,-90.0],[-95.6172,-90.0],[-95.11789,-90.0],[-94.61859,-90.0],[-94.11928,-90.0],[-93.61997,-90.0],[-93.12067,-90.0],[-92.62136,-90.0],[-92.12205,-90.0],[-91.62275,-90.0],[-91.12344,-90.0],[-90.62413,-90.0],[-90.12483,-90.0],[-89.62552,-90.0],[-89.12621,-90.0],[-88.62691,-90.0],[-88.1276,-90.0],[-87.62829,-90.0],[-87.12899,-90.0],[-86.62968,-90.0],[-86.13037,-90.0],[-85.63107,-90.0],[-85.13176,-90.0],[-84.63245,-90.0],[-84.13315,-90.0],[-83.63384,-90.0],[-83.13454,-90.0],[-82.63523,-90.0],[-82.13592,-90.0],[-81.63662,-90.0],[-81.13731,-90.0],[-80.638,-90.0],[-80.1387,-90.0],[-79.63939,-90.0],[-79.14008,-90.0],[-78.64078,-90.0],[-78.14147,-90.0],[-77.64216,-90.0],[-77.14286,-90.0],[-76.64355,-90.0],[-76.14424,-90.0],[-75.64494,-90.0],[-75.14563,-90.0],[-74.64632,-90.0],[-74.14702,-90.0],[-73.64771,-90.0],[-73.1484,-90.0],[-72.6491,-90.0],[-72.14979,-90.0],[-71.65049,-90.0],[-71.15118,-90.0],[-70.65187,-90.0],[-70.15257,-90.0],[-69.65326,-90.0],[-69.15395,-90.0],[-68.65465,-90.0],[-68.15534,-90.0],[-67.65603,-90.0],[-67.15673,-90.0],[-66.65742,-90.0],[-66.15811,-90.0],[-65.65881,-90.0],[-65.1595,-90.0],[-64.66019,-90.0],[-64.16089,-90.0],[-63.66158,-90.0],[-63.16227,-90.0],[-62.66297,-90.0],[-62.16366,-90.0],[-61.66436,-90.0],[-61.16505,-90.0],[-60.66574,-90.0],[-60.16644,-90.0],[-59.66713,-90.0],[-59.16782,-90.0],[-58.66852,-90.0],[-58.16921,-90.0],[-57.6699,-90.0],[-57.1706,-90.0],[-56.67129,-90.0],[-56.17198,-90.0],[-55.67268,-90.0],[-55.17337,-90.0],[-54.67406,-90.0],[-54.17476,-90.0],[-53.67545,-90.0],[-53.17614,-90.0],[-52.67684,-90.0],[-52.17753,-90.0],[-52.11772,-90.0],[-51.67822,-90.0],[-51.17892,-90.0],[-50.67961,-90.0],[-50.18031,-90.0],[-49.681,-90.0],[-49.18169,-90.0],[-48.68239,-90.0],[-48.18308,-90.0],[-47.68377,-90.0],[-47.18447,-90.0],[-46.68516,-90.0],[-46.18585,-90.0],[-45.68655,-90.0],[-45.18724,-90.0],[-44.68793,-90.0],[-44.18863,-90.0],[-43.68932,-90.0],[-43.19001,-90.0],[-42.69071,-90.0],[-42.1914,-90.0],[-41.69209,-90.0],[-41.19279,-90.0],[-40.69348,-90.0],[-40.19417,-90.0],[-39.69487,-90.0],[-39.19556,-90.0],[-38.69626,-90.0],[-38.19695,-90.0],[-37.69764,-90.0],[-37.19834,-90.0],[-36.69903,-90.0],[-36.19972,-90.0],[-35.70042,-90.0],[-35.20111,-90.0],[-34.7018,-90.0],[-34.2025,-90.0],[-33.70319,-90.0],[-33.20388,-90.0],[-32.70458,-90.0],[-32.20527,-90.0],[-31.70596,-90.0],[-31.20666,-90.0],[-30.70735,-90.0],[-30.20804,-90.0],[-29.70874,-90.0],[-29.20943,-90.0],[-28.71012,-90.0],[-28.21082,-90.0],[-27.71151,-90.0],[-27.21221,-90.0],[-26.7129,-90.0],[-26.21359,-90.0],[-25.71429,-90.0],[-25.21498,-90.0],[-24.71567,-90.0],[-24.50424,-90.0],[-24.50424,-80.08047]]],[[[-24.49732,-90.0],[-24.21637,-90.0],[-23.71706,-90.0],[-23.21775,-90.0],[-22.71845,-90.0],[-22.21914,-90.0],[-21.71983,-90.0],[-21.22053,-90.0],[-20.72122,-90.0],[-20.22191,-90.0],[-19.72261,-90.0],[-19.2233,-90.0],[-18.72399,-90.0],[-18.22469,-90.0],[-17.72538,-90.0],[-17.22607,-90.0],[-16.72677,-90.0],[-16.22746,-90.0],[-15.72816,-90.0],[-15.22885,-90.0],[-14.72954,-90.0],[-14.23024,-90.0],[-13.73093,-90.0],[-13.23162,-90.0],[-12.73232,-90.0],[-12.23301,-90.0],[-11.7337,-90.0],[-11.2344,-90.0],[-10.73509,-90.0],[-10.23578,-90.0],[-9.73648,-90.0],[-9.23717,-90.0],[-8.73786,-90.0],[-8.23856,-90.0],[-7.73925,-90.0],[-7.23994,-90.0],[-6.74064,-90.0],[-6.24133,-90.0],[-5.74202,-90.0],[-5.24272,-90.0],[-4.74341,-90.0],[-4.24411,-90.0],[-3.7448,-90.0],[-3.24549,-90.0],[-2.74619,-90.0],[-2.24688,-90.0],[-1.74757,-90.0],[-1.24827,-90.0],[-0.74896,-90.0],[-0.24965,-90.0],[0.24965,-90.0],[0.74896,-90.0],[1.24827,-90.0],[1.74757,-90.0],[2.24688,-90.0],[2.74619,-90.0],[3.24549,-90.0],[3.7448,-90.0],[4.24411,-90.0],[4.74341,-90.0],[5.24272,-90.0],[5.74202,-90.0],[6.24133,-90.0],[6.74064,-90.0],[7.23994,-90.0],[7.73925,-90.0],[8.23856,-90.0],[8.73786,-90.0],[9.23717,-90.0],[9.73648,-90.0],[10.23578,-90.0],[10.73509,-90.0],[11.2344,-90.0],[11.7337,-90.0],[12.23301,-90.0],[12.73232,-90.0],[13.23162,-90.0],[13.73093,-90.0],[14.23024,-90.0],[14.72954,-90.0],[15.22885,-90.0],[15.72816,-90.0],[16.22746,-90.0],[16.72677,-90.0],[17.22607,-90.0],[17.72538,-90.0],[18.22469,-90.0],[18.72399,-90.0],[19.2233,-90.0],[19.72261,-90.0],[20.22191,-90.0],[20.72122,-90.0],[21.22053,-90.0],[21.71983,-90.0],[22.21914,-90.0],[22.71845,-90.0],[23.21775,-90.0],[23.71706,-90.0],[24.21637,-90.0],[24.71567,-90.0],[25.21498,-90.0],[25.71429,-90.0],[26.21359,-90.0],[26.7129,-90.0],[27.21221,-90.0],[27.71151,-90.0],[28.21082,-90.0],[28.71012,-90.0],[29.20943,-90.0],[29.70874,-90.0],[30.20804,-90.0],[30.70735,-90.0],[31.20666,-90.0],[31.70596,-90.0],[32.20527,-90.0],[32.70458,-90.0],[33.20388,-90.0],[33.70319,-90.0],[34.2025,-90.0],[34.7018,-90.0],[35.20111,-90.0],[35.70042,-90.0],[36.19972,-90.0],[36.69903,-90.0],[37.19834,-90.0],[37.69764,-90.0],[38.19695,-90.0],[38.69626,-90.0],[39.19556,-90.0],[39.69487,-90.0],[40.19417,-90.0],[40.69348,-90.0],[41.19279,-90.0],[41.69209,-90.0],[42.1914,-90.0],[42.69071,-90.0],[43.19001,-90.0],[43.68932,-90.0],[44.18863,-90.0],[44.68793,-90.0],[45.18724,-90.0],[45.68655,-90.0],[46.18585,-90.0],[46.68516,-90.0],[47.18447,-90.0],[47.68377,-90.0],[48.18308,-90.0],[48.68239,-90.0],[49.18169,-90.0],[49.681,-90.0],[50.18031,-90.0],[50.67961,-90.0],[51.17892,-90.0],[51.67822,-90.0],[52.17753,-90.0],[52.67684,-90.0],[53.17614,-90.0],[53.67545,-90.0],[54.17476,-90.0],[54.67406,-90.0],[55.17337,-90.0],[55.67268,-90.0],[56.17198,-90.0],[56.67129,-90.0],[57.1706,-90.0],[57.6699,-90.0],[58.16921,-90.0],[58.66852,-90.0],[59.16782,-90.0],[59.66713,-90.0],[60.16644,-90.0],[60.66574,-90.0],[61.16505,-90.0],[61.65187,-90.0],[61.66436,-90.0],[62.16366,-90.0],[62.66297,-90.0],[63.16227,-90.0],[63.66158,-90.0],[64.16089,-90.0],[64.66019,-90.0],[65.1595,-90.0],[65.65881,-90.0],[66.15811,-90.0],[66.65742,-90.0],[67.15673,-90.0],[67.65603,-90.0],[68.15534,-90.0],[68.65465,-90.0],[69.15395,-90.0],[69.65326,-90.0],[70.15257,-90.0],[70.65187,-90.0],[71.15118,-90.0],[71.65049,-90.0],[72.14979,-90.0],[72.6491,-90.0],[73.1484,-90.0],[73.64771,-90.0],[74.14702,-90.0],[74.64632,-90.0],[75.14563,-90.0],[75.64494,-90.0],[76.14424,-90.0],[76.64355,-90.0],[77.14286,-90.0],[77.64216,-90.0],[78.14147,-90.0],[78.64078,-90.0],[79.14008,-90.0],[79.63939,-90.0],[80.1387,-90.0],[80.638,-90.0],[81.13731,-90.0],[81.63662,-90.0],[82.13592,-90.0],[82.63523,-90.0],[83.13454,-90.0],[83.63384,-90.0],[84.13315,-90.0],[84.63245,-90.0],[85.13176,-90.0],[85.63107,-90.0],[86.13037,-90.0],[86.62968,-90.0],[87.12899,-90.0],[87.62829,-90.0],[88.1276,-90.0],[88.62691,-90.0],[89.12621,-90.0],[89.62552,-90.0],[90.12483,-90.0],[90.62413,-90.0],[91.12344,-90.0],[91.62275,-90.0],[92.12205,-90.0],[92.62136,-90.0],[93.12067,-90.0],[93.61997,-90.0],[94.11928,-90.0],[94.61859,-90.0],[95.11789,-90.0],[95.6172,-90.0],[96.1165,-90.0],[96.61581,-90.0],[97.11512,-90.0],[97.61442,-90.0],[98.11373,-90.0],[98.61304,-90.0],[99.11234,-90.0],[99.61165,-90.0],[100.11096,-90.0],[100.61026,-90.0],[101.10957,-90.0],[101.60888,-90.0],[102.10818,-90.0],[102.60749,-90.0],[103.1068,-90.0],[103.6061,-90.0],[104.10541,-90.0],[104.60472,-90.0],[105.10402,-90.0],[105.60333,-90.0],[106.10264,-90.0],[106.60194,-90.0],[107.10125,-90.0],[107.60055,-90.0],[108.09986,-90.0],[108.59917,-90.0],[109.09847,-90.0],[109.59778,-90.0],[110.09709,-90.0],[110.59639,-90.0],[111.0957,-90.0],[111.59501,-90.0],[112.09431,-90.0],[112.59362,-90.0],[113.09293,-90.0],[113.59223,-90.0],[114.09154,-90.0],[114.59085,-90.0],[115.09015,-90.0],[115.58946,-90.0],[116.08877,-90.0],[116.58807,-90.0],[117.08738,-90.0],[117.58669,-90.0],[118.08599,-90.0],[118.5853,-90.0],[119.0846,-90.0],[119.58391,-90.0],[120.08322,-90.0],[120.58252,-90.0],[121.08183,-90.0],[121.58114,-90.0],[122.08044,-90.0],[122.57975,-90.0],[123.07906,-90.0],[123.57836,-90.0],[124.07767,-90.0],[124.57698,-90.0],[125.07628,-90.0],[125.57559,-90.0],[126.0749,-90.0],[126.5742,-90.0],[127.07351,-90.0],[127.57282,-90.0],[128.07212,-90.0],[128.57143,-90.0],[129.07074,-90.0],[129.57004,-90.0],[130.06935,-90.0],[130.56865,-90.0],[131.06796,-90.0],[131.56727,-90.0],[132.06657,-90.0],[132.56588,-90.0],[133.06519,-90.0],[133.56449,-90.0],[134.0638,-90.0],[134.56311,-90.0],[135.06241,-90.0],[135.56172,-90.0],[136.06103,-90.0],[136.56033,-90.0],[137.05964,-90.0],[137.55895,-90.0],[138.05825,-90.0],[138.55756,-90.0],[139.05687,-90.0],[139.55617,-90.0],[140.05548,-90.0],[140.55479,-90.0],[141.05409,-90.0],[141.5534,-90.0],[142.0527,-90.0],[142.55201,-90.0],[143.05132,-90.0],[143.55062,-90.0],[144.04993,-90.0],[144.54924,-90.0],[145.04854,-90.0],[145.54785,-90.0],[146.04716,-90.0],[146.54646,-90.0],[147.04577,-90.0],[147.54508,-90.0],[148.04438,-90.0],[148.54369,-90.0],[149.043,-90.0],[149.5423,-90.0],[150.04161,-90.0],[150.54092,-90.0],[151.04022,-90.0],[151.53953,-90.0],[152.03883,-90.0],[152.53814,-90.0],[153.03745,-90.0],[153.53675,-90.0],[154.03606,-90.0],[154.53537,-90.0],[155.03467,-90.0],[155.53398,-90.0],[156.03329,-90.0],[156.53259,-90.0],[157.0319,-90.0],[157.53121,-90.0],[158.03051,-90.0],[158.52982,-90.0],[159.02913,-90.0],[159.52843,-90.0],[160.02774,-90.0],[160.52705,-90.0],[161.02635,-90.0],[161.52566,-90.0],[162.02497,-90.0],[162.52427,-90.0],[163.02358,-90.0],[163.52288,-90.0],[164.02219,-90.0],[164.5215,-90.0],[165.0208,-90.0],[165.52011,-90.0],[166.01942,-90.0],[166.51872,-90.0],[167.01803,-90.0],[167.51734,-90.0],[168.01664,-90.0],[168.51595,-90.0],[169.01526,-90.0],[169.51456,-90.0],[170.01387,-90.0],[170.51318,-90.0],[171.01248,-90.0],[171.51179,-90.0],[172.0111,-90.0],[172.5104,-90.0],[173.00971,-90.0],[173.50902,-90.0],[174.00832,-90.0],[174.50763,-90.0],[175.00693,-90.0],[175.50624,-90.0],[176.00555,-90.0],[176.50485,-90.0],[177.00416,-90.0],[177.50347,-90.0],[178.00277,-90.0],[178.50208,-90.0],[179.00139,-90.0],[179.50069,-90.0],[180.0,-90.0],[180.0,-89.50139],[180.0,-89.00277],[180.0,-88.50416],[180.0,-88.00554],[180.0,-87.50693],[180.0,-87.00831],[180.0,-86.5097],[180.0,-86.01108],[180.0,-85.51247],[180.0,-85.01385],[180.0,-84.51524],[180.0,-84.3528],[173.96217,-83.88177],[171.19313,-83.44557],[167.74879,-83.25514],[167.30649,-82.81707],[164.67319,-82.3388],[163.31886,-82.48301],[160.63966,-82.42295],[163.83872,-82.23105],[162.39015,-81.79803],[161.01149,-81.54876],[160.90748,-80.99285],[160.15992,-80.78151],[161.20094,-80.64821],[160.75172,-80.38006],[158.5879,-80.47698],[158.7824,-80.25897],[160.85092,-79.95745],[160.38697,-79.16815],[161.13038,-79.04941],[162.06544,-79.06862],[162.12574,-78.75986],[163.85174,-78.73707],[164.40968,-78.60394],[166.08961,-78.56683],[165.68523,-78.26084],[164.20786,-78.22576],[164.50074,-77.85394],[163.9065,-77.69638],[163.71583,-77.39658],[163.06951,-77.01873],[162.73609,-76.07391],[162.90008,-75.82293],[162.20053,-75.63787],[162.19109,-75.38779],[162.78614,-74.99],[162.59148,-74.75018],[165.2881,-74.46526],[164.59148,-73.92669],[165.26059,-73.89332],[167.03297,-73.56609],[167.36313,-73.3943],[167.1714,-73.15301],[169.2199,-73.1325],[170.25538,-72.60296],[170.2824,-72.32635],[170.01637,-72.17083],[170.25636,-71.95078],[170.77361,-71.95086],[170.81373,-71.6998],[170.36183,-71.54404],[169.79151,-71.51946],[167.87794,-71.01434],[167.41619,-70.75905],[166.47071,-70.76629],[165.31227,-70.56032],[164.24041,-70.49114],[164.19988,-70.63934],[163.42213,-70.65358],[162.92018,-70.50254],[162.59523,-70.26914],[162.09441,-70.31414],[161.99008,-70.92254],[161.41627,-70.90447],[161.18678,-70.41204],[160.33448,-69.79608],[159.75359,-69.50189],[157.9922,-69.17213],[156.35011,-69.20192],[155.88803,-68.9826],[155.01108,-68.89886],[154.71852,-68.52825],[153.83595,-68.27361],[153.70045,-68.54567],[153.84498,-68.76043],[153.25066,-68.87819],[152.40309,-68.69866],[150.97071,-68.71722],[151.09425,-68.407],[150.37794,-68.43987],[149.39031,-68.38437],[148.43539,-68.47332],[147.62867,-68.35605],[147.26246,-68.40895],[146.71803,-68.3034],[147.0713,-68.11745],[146.38543,-67.91522],[146.04811,-67.5866],[145.23813,-67.52825],[144.94207,-67.71893],[143.88071,-67.93385],[144.66236,-67.11663],[144.51246,-67.01572],[143.47071,-66.84564],[142.47706,-67.02597],[141.9817,-66.79998],[140.08155,-66.73317],[139.25172,-66.56715],[138.01873,-66.48854],[137.73194,-66.3742],[136.94459,-66.32822],[136.63649,-66.45648],[136.15952,-66.24538],[134.73927,-66.36728],[133.79233,-66.1054],[133.12037,-66.09677],[131.75782,-66.24334],[130.72999,-66.14715],[130.10271,-66.27679],[129.53256,-66.61443],[129.43409,-66.96722],[129.20265,-67.10036],[128.52052,-67.14577],[127.83644,-67.02117],[127.43238,-67.07041],[126.99871,-66.93279],[126.71892,-66.59287],[125.8978,-66.30625],[125.41041,-66.41766],[125.14812,-66.6596],[124.62281,-66.75644],[124.26051,-66.59498],[122.2444,-66.84498],[121.51531,-67.09295],[119.02223,-67.4118],[118.36793,-67.04648],[117.58725,-67.11484],[116.50001,-67.12428],[115.3379,-67.2195],[114.0315,-67.47845],[114.03012,-67.19069],[115.16017,-67.05397],[115.78077,-66.78826],[115.59897,-66.59287],[114.67465,-66.47877],[114.40675,-66.23594],[113.77556,-65.9485],[113.20362,-65.76539],[110.92709,-66.05462],[110.48902,-66.30877],[110.72495,-66.40545],[110.44516,-66.6583],[109.84783,-66.85442],[108.83277,-66.96803],[108.13575,-66.62477],[106.76783,-66.45574],[103.90821,-65.97877],[103.55991,-66.00221],[102.71372,-65.86126],[102.3379,-65.95127],[101.33644,-65.94402],[101.33107,-66.08392],[100.82154,-66.38454],[99.92319,-66.49969],[98.90504,-66.7833],[98.5276,-66.44899],[97.47169,-66.63128],[97.2352,-66.50799],[95.63697,-66.67913],[94.91717,-66.47536],[93.99708,-66.73138],[93.62355,-66.58261],[92.76026,-66.63388],[91.96013,-66.49822],[91.14519,-66.57383],[90.37233,-66.82073],[89.65431,-66.84043],[87.96567,-66.77028],[86.69679,-67.0639],[86.06715,-67.04095],[85.61647,-67.18816],[84.96217,-67.0761],[84.41407,-67.12379],[83.72413,-67.31365],[83.21534,-67.57903],[82.05942,-67.67181],[79.13136,-68.14772],[78.74659,-68.26247],[78.46437,-68.50164],[78.66993,-68.6985],[77.98561,-68.82008],[77.84164,-69.13006],[77.0005,-69.21168],[76.82814,-69.35198],[75.82049,-69.52508],[75.88331,-69.7789],[74.27459,-69.9074],[74.22136,-69.73358],[73.47299,-69.78094],[73.23072,-69.97894],[72.62745,-70.19459],[72.86964,-70.43336],[71.79623,-70.7164],[71.20248,-71.33506],[71.1211,-71.73056],[70.68727,-71.83164],[70.53004,-72.04795],[69.94646,-72.08074],[69.51515,-72.4319],[68.49431,-72.47487],[67.91863,-72.7112],[68.11736,-72.95273],[67.95916,-73.14658],[67.34197,-73.30234],[66.38543,-73.20184],[66.99977,-72.9035],[67.44907,-71.89593],[67.83253,-71.53851],[68.66969,-71.20371],[69.2129,-70.67181],[69.24838,-70.40691],[68.74838,-70.33441],[68.07667,-70.45355],[67.46746,-70.20827],[67.60548,-70.01483],[68.27084,-69.83473],[68.60629,-70.02695],[69.15528,-69.87566],[69.35524,-69.61712],[68.74204,-69.38926],[69.70558,-69.32733],[69.66098,-68.98431],[69.28126,-68.83131],[69.66326,-68.57887],[70.11541,-68.49358],[69.63478,-68.12217],[69.68295,-67.86443],[68.37672,-67.8952],[64.72096,-67.65309],[63.65089,-67.50335],[62.61736,-67.66009],[62.11744,-67.56227],[61.167,-67.5053],[60.61891,-67.40057],[59.67856,-67.39414],[59.2649,-67.48431],[58.7933,-67.34124],[58.87062,-67.16513],[58.13885,-67.15203],[57.56275,-66.99424],[57.27752,-67.08489],[56.60125,-66.94345],[56.49659,-66.68572],[57.24244,-66.71893],[57.20769,-66.53118],[56.80779,-66.40545],[56.37721,-66.45281],[55.61158,-66.02793],[55.18344,-65.93092],[53.73455,-65.84588],[52.84767,-65.96209],[51.77215,-66.0372],[51.35231,-66.22177],[50.53736,-66.30389],[50.19142,-66.58652],[50.58595,-67.2164],[49.32797,-66.88348],[48.58806,-66.93727],[48.44874,-67.18174],[49.34962,-67.18239],[49.17465,-67.37705],[48.62941,-67.45192],[48.71827,-67.6819],[47.2649,-67.65065],[46.91961,-67.50652],[46.89243,-67.26458],[46.28077,-67.33424],[46.21697,-67.65301],[44.71713,-67.78362],[44.82862,-67.96592],[44.00221,-67.96852],[42.85939,-68.10377],[42.53614,-68.37957],[41.98072,-68.40635],[41.01482,-68.59645],[40.88885,-68.70941],[39.85792,-68.82952],[39.70737,-69.06797],[39.8449,-69.39324],[39.71306,-69.58685],[39.20883,-69.70664],[38.80356,-69.98773],[38.13933,-69.88144],[37.54005,-69.68475],[36.97381,-69.79062],[36.75099,-69.63747],[35.70834,-69.66611],[35.24399,-69.73561],[35.19988,-69.29412],[34.58725,-69.06683],[33.77125,-69.05348],[34.2142,-68.67791],[33.21599,-68.66961],[32.49887,-68.93092],[32.53248,-69.11883],[32.92791,-69.34368],[32.85108,-69.94549],[32.56886,-70.05153],[31.28045,-70.23707],[29.84116,-70.31129],[28.45167,-70.69402],[27.62843,-70.74131],[26.44565,-71.0324],[24.96803,-70.94549],[24.31935,-70.74033],[24.40886,-70.53395],[23.75245,-70.4026],[23.32301,-70.80975],[22.32691,-70.75945],[22.57927,-70.54022],[21.80161,-70.23594],[21.20851,-70.57643],[21.20118,-70.81219],[20.40398,-70.92344],[19.28924,-70.91432],[18.93092,-70.73602],[19.29664,-70.3681],[19.15349,-70.20355],[18.31617,-70.3244],[18.09376,-70.54241],[16.59816,-70.3742],[16.51987,-70.12672],[15.96258,-70.18963],[15.82691,-70.37762],[14.51051,-70.28387],[13.84881,-70.34783],[13.01832,-70.24179],[12.32203,-70.37029],[11.85353,-70.78151],[10.72267,-70.6369],[9.97926,-70.45355],[9.40358,-70.10426],[9.16782,-70.30804],[8.44313,-70.48235],[7.93043,-70.47234],[7.8353,-70.16367],[7.42351,-70.20436],[7.56739,-70.52435],[5.58774,-70.64918],[5.00611,-70.64267],[4.22397,-70.78379],[2.5197,-70.90057],[0.93377,-71.17938],[0.23219,-71.34987],[-0.46931,-71.754],[-0.95214,-71.62363],[-0.81281,-71.37754],[-2.13126,-71.4826],[-2.88707,-71.268],[-3.3378,-71.42523],[-5.19384,-71.33082],[-6.14977,-71.36631],[-5.73571,-71.03883],[-5.67528,-70.73268],[-6.31786,-70.70794],[-6.61828,-70.924],[-7.28429,-70.79119],[-7.85578,-70.82586],[-7.5642,-71.15057],[-7.76521,-71.4284],[-7.59659,-71.59401],[-8.61413,-71.69988],[-9.10505,-71.18532],[-9.93952,-71.06243],[-10.59561,-71.2973],[-10.60033,-71.52703],[-11.07209,-71.549],[-11.87951,-71.26035],[-12.38073,-71.39544],[-12.17516,-71.62396],[-11.52741,-71.7553],[-10.94909,-71.74285],[-11.0323,-72.04892],[-11.35656,-72.39642],[-12.45604,-72.55967],[-13.18126,-72.80389],[-14.22265,-72.8283],[-14.09748,-73.13299],[-14.88321,-73.04241],[-15.54141,-73.07684],[-16.43847,-73.41326],[-16.60285,-73.63356],[-15.68627,-73.9485],[-14.69713,-73.78965],[-14.36181,-73.85768],[-15.75308,-74.43043],[-16.59728,-74.30739],[-17.45629,-74.33717],[-17.80215,-74.77654],[-18.87352,-75.24944],[-18.5065,-75.4157],[-19.24047,-75.54844],[-20.39948,-75.4721],[-21.17394,-75.70501],[-22.30187,-75.64463],[-24.32559,-75.77988],[-24.49729,-75.79609],[-24.4973,-79.8076],[-22.90563,-79.98284],[-24.25414,-80.07594],[-24.4973,-80.08034],[-24.49732,-90.0]]],[[[-160.48766,-81.5971],[-160.67573,-81.46282],[-162.98388,-81.27028],[-163.72851,-81.48162],[-160.48766,-81.5971]]],[[[-60.07445,-79.69411],[-61.46605,-79.88161],[-61.75036,-80.36834],[-66.70092,-80.41237],[-64.28478,-80.75115],[-63.1411,-80.59246],[-62.52208,-80.86492],[-60.65266,-80.96038],[-59.819,-80.74489],[-59.58039,-80.21136],[-60.07445,-79.69411]]],[[[-67.6573,-79.5368],[-66.97301,-79.92164],[-65.51159,-79.96453],[-66.14908,-79.62819],[-67.6573,-79.5368]]],[[[-34.02086,-79.26849],[-35.50341,-79.0901],[-36.72639,-79.29811],[-34.07087,-79.3615],[-34.02086,-79.26849]]],[[[-160.29487,-79.2658],[-162.35322,-78.75262],[-163.265,-78.75726],[-164.14806,-78.99212],[-163.93663,-79.41172],[-160.71288,-79.85459],[-158.97484,-79.72234],[-160.29487,-79.2658]]],[[[-66.83361,-78.43662],[-66.99291,-78.30674],[-70.59276,-78.88592],[-71.39542,-79.10174],[-71.81566,-79.47918],[-71.44416,-79.65293],[-70.34179,-79.69687],[-68.94644,-79.09726],[-66.83361,-78.43662]]],[[[-45.34996,-78.69329],[-43.96312,-78.60329],[-43.81884,-78.2483],[-44.51456,-78.04217],[-45.93407,-77.81707],[-47.22252,-77.77264],[-49.07234,-78.04217],[-50.20409,-78.59303],[-50.21443,-78.83294],[-50.71312,-79.28167],[-50.26366,-79.53574],[-52.39635,-80.18499],[-53.45763,-80.1609],[-54.40783,-80.74],[-54.16161,-80.87713],[-49.798,-80.79095],[-49.71923,-80.68564],[-43.53156,-80.19997],[-43.01574,-79.84979],[-42.97155,-79.42995],[-43.739,-78.80055],[-45.21898,-78.81894],[-45.34996,-78.69329]]],[[[167.11313,-77.28191],[166.38868,-77.61338],[168.40089,-77.69622],[169.31821,-77.5372],[167.11313,-77.28191]]],[[[-121.14288,-73.7501],[-123.06558,-73.67539],[-123.28913,-73.77451],[-122.73107,-73.99774],[-123.02819,-74.2483],[-122.24348,-74.41326],[-121.09903,-74.34808],[-121.00402,-74.14837],[-120.27554,-74.00319],[-120.3758,-73.79648],[-121.14288,-73.7501]]],[[[-20.66902,-74.08066],[-21.33605,-74.00368],[-20.80663,-74.47519],[-20.36657,-74.42539],[-20.66902,-74.08066]]],[[[-126.08438,-73.30413],[-127.30321,-73.31813],[-127.16601,-73.60263],[-126.54654,-73.67034],[-126.47545,-73.84222],[-124.78425,-74.22601],[-123.78303,-74.10963],[-124.62951,-73.73073],[-125.27001,-73.69883],[-125.59927,-73.42938],[-126.08438,-73.30413]]],[[[-74.9464,-72.86541],[-76.12613,-73.15879],[-75.87458,-73.34661],[-74.59313,-73.61452],[-74.21858,-72.99082],[-74.9464,-72.86541]]],[[[-90.91812,-72.83359],[-91.04418,-72.54315],[-91.68651,-72.60996],[-91.3334,-72.89756],[-90.91812,-72.83359]]],[[[-98.28148,-72.0792],[-97.98241,-71.85963],[-98.82811,-71.76051],[-99.7495,-72.0403],[-100.43737,-71.87933],[-102.08703,-71.97389],[-102.29223,-72.12672],[-100.20531,-72.27125],[-99.39656,-72.49822],[-98.58015,-72.57285],[-96.05476,-72.58367],[-96.44127,-72.19345],[-96.06534,-71.91383],[-97.04821,-71.8764],[-97.59093,-72.08408],[-98.28148,-72.0792]]],[[[-2.89942,-70.68288],[-3.18773,-70.82464],[-2.56432,-71.13258],[-2.08072,-70.82562],[-2.89942,-70.68288]]],[[[-73.8839,-70.57057],[-74.82087,-70.60703],[-75.19982,-70.77663],[-76.109,-70.83766],[-76.54255,-70.96559],[-76.13044,-71.13787],[-74.4005,-70.97527],[-73.61889,-70.775],[-73.8839,-70.57057]]],[[[26.85043,-70.39642],[26.70607,-70.12965],[25.98732,-70.195],[26.0573,-70.39105],[26.85043,-70.39642]]],[[[-74.71793,-69.76295],[-74.9628,-69.71689],[-75.7788,-69.92327],[-75.6931,-70.11305],[-74.87316,-70.18353],[-74.40713,-69.93768],[-74.71793,-69.76295]]],[[[16.17156,-70.07293],[16.33041,-69.82887],[15.97218,-69.71795],[15.58912,-69.93206],[16.17156,-70.07293]]],[[[-71.9497,-69.68279],[-72.39855,-69.46526],[-72.7718,-69.64983],[-71.9497,-69.68279]]],[[[-70.02184,-69.19158],[-70.10558,-68.89072],[-70.40209,-68.7868],[-72.01268,-68.9555],[-72.14208,-69.23235],[-71.61587,-69.45485],[-71.91161,-69.70827],[-71.91222,-69.96592],[-71.31688,-70.17734],[-70.2307,-70.13633],[-70.1175,-70.32977],[-70.99861,-70.46575],[-71.26651,-70.68011],[-71.0255,-70.96217],[-71.69005,-71.15887],[-72.78612,-71.06276],[-72.89586,-71.2304],[-74.42276,-71.42832],[-75.40372,-71.67083],[-75.35603,-71.9236],[-74.00475,-72.17352],[-73.03506,-71.92645],[-72.33894,-71.61346],[-71.83056,-71.80283],[-70.71972,-71.90569],[-71.08698,-72.04957],[-72.01159,-72.11972],[-71.55264,-72.27842],[-70.45767,-72.14023],[-70.70971,-72.39642],[-72.67675,-72.27125],[-73.10924,-72.4734],[-72.40827,-72.67449],[-71.46007,-72.62916],[-70.52383,-72.66758],[-69.21817,-72.5429],[-69.13878,-72.37542],[-68.41413,-72.21966],[-68.16124,-71.60638],[-68.29918,-70.86907],[-68.72037,-70.36907],[-69.28478,-69.92311],[-69.31713,-69.62591],[-70.02184,-69.19158]]],[[[-67.98542,-67.06268],[-67.86046,-66.62566],[-68.37784,-66.82073],[-69.16478,-67.57928],[-68.88459,-67.76247],[-68.13903,-67.57147],[-67.67683,-67.14804],[-67.98542,-67.06268]]],[[[101.02491,-65.66546],[101.12672,-65.41188],[100.56593,-65.40301],[100.29802,-65.65862],[101.02491,-65.66546]]],[[[-63.26354,-64.27581],[-63.57494,-64.26523],[-64.02916,-64.77451],[-63.65071,-64.8165],[-62.85656,-64.58221],[-63.3317,-64.44508],[-63.26354,-64.27581]]],[[[-62.26692,-64.0993],[-62.66584,-64.39219],[-62.38549,-64.466],[-62.06037,-64.22731],[-62.26692,-64.0993]]],[[[-57.8072,-63.81813],[-58.25768,-63.90683],[-58.19347,-64.38104],[-57.43049,-64.38592],[-57.15538,-64.08514],[-57.52123,-64.02093],[-57.8072,-63.81813]]],[[[-55.57567,-63.12908],[-56.36954,-63.22812],[-55.17272,-63.3576],[-55.08576,-63.22161],[-55.57567,-63.12908]]],[[[-57.89025,-61.93841],[-58.41405,-61.93328],[-58.94603,-62.15879],[-58.58462,-62.24896],[-58.24283,-62.18157],[-57.89025,-61.93841]]]]}},{"type":"Feature","properties":{"ADMIN":"Ashmore and Cartier Islands","ISO_A3":"-99"},"geometry":{"type":"MultiPolygon","coordinates":[]}},{"type":"Feature","properties":{"ADMIN":"French Southern and Antarctic Lands","ISO_A3":"ATF"},"geometry":{"type":"MultiPolygon","coordinates":[[[[68.98292,-48.79852],[68.75554,-49.04762],[68.9017,-49.43108],[69.11451,-49.60312],[70.12322,-49.71356],[70.1399,-49.3388],[70.46388,-49.35662],[70.52198,-49.09588],[70.27296,-49.07643],[69.71225,-49.30682],[69.21453,-49.12127],[68.98292,-48.79852]]]]}},{"type":"Feature","properties":{"ADMIN":"Antigua and Barbuda","ISO_A3":"ATG"},"geometry":{"type":"MultiPolygon","coordinates":[]}},{"type":"Feature","properties":{"ADMIN":"Australia","ISO_A3":"AUS"},"geometry":{"type":"MultiPolygon","coordinates":[[[[144.76629,-40.7265],[144.6058,-40.99651],[144.92604,-41.70908],[145.20655,-41.96657],[145.26417,-42.59531],[145.8733,-43.2584],[146.03077,-43.48268],[146.51352,-43.53395],[146.7107,-43.629],[147.09978,-43.29941],[147.25758,-43.25433],[147.3602,-42.92523],[147.58562,-42.82122],[147.79249,-43.24407],[148.00473,-42.90887],[147.88868,-42.81951],[148.00603,-42.51409],[147.98341,-42.31902],[148.14698,-41.99928],[148.32691,-41.91579],[148.26889,-41.15163],[148.33139,-41.00221],[147.98422,-40.7365],[147.81983,-40.89349],[147.59742,-40.84686],[147.44483,-41.0084],[147.01759,-40.97666],[146.42368,-41.16619],[145.79127,-41.01702],[145.7116,-40.93043],[144.98471,-40.74481],[144.76629,-40.7265]]],[[[147.9533,-39.71168],[147.75766,-39.87933],[148.07472,-40.25514],[148.30738,-40.23773],[148.299,-39.96185],[147.9533,-39.71168]]],[[[144.07146,-40.0512],[144.14479,-39.92645],[144.08416,-39.62615],[143.86199,-39.70062],[143.83815,-39.9345],[144.07146,-40.0512]]],[[[137.62289,-35.58213],[137.35222,-35.58563],[136.6211,-35.75123],[136.53256,-35.91188],[136.71559,-36.06276],[137.21168,-35.98016],[137.45924,-36.0827],[137.75668,-35.87151],[137.58082,-35.72682],[137.62289,-35.58213]]],[[[153.28614,-24.7365],[153.22608,-25.02752],[153.03834,-25.18353],[152.94825,-25.55218],[153.08351,-25.66579],[153.37355,-25.01181],[153.28614,-24.7365]]],[[[139.69728,-16.44769],[139.28785,-16.47064],[139.30209,-16.72454],[139.69728,-16.44769]]],[[[136.72413,-13.68719],[136.43019,-13.87713],[136.46079,-14.2164],[136.90309,-14.29892],[136.71681,-14.06365],[136.79135,-13.91774],[136.72413,-13.68719]]],[[[130.38649,-11.46852],[130.20151,-11.6535],[130.49635,-11.83904],[130.62818,-11.80462],[130.54859,-11.70143],[130.44801,-11.69451],[130.46168,-11.59205],[130.38649,-11.46852]]],[[[130.50652,-11.27703],[130.36598,-11.23235],[130.43035,-11.48431],[130.49659,-11.64951],[130.71258,-11.79949],[130.97999,-11.92645],[131.43238,-11.60703],[131.42774,-11.24969],[131.27442,-11.18963],[131.00978,-11.35491],[130.69166,-11.42278],[130.50652,-11.27703]]],[[[142.54957,-10.70818],[142.32342,-10.90163],[142.17457,-10.93011],[142.13185,-11.33815],[141.9476,-11.89617],[141.80104,-12.05511],[141.6657,-12.44109],[141.81137,-12.58408],[141.75473,-12.81845],[141.58546,-12.97747],[141.69077,-13.25986],[141.47413,-13.7763],[141.58399,-14.0761],[141.52166,-14.48382],[141.6657,-15.01141],[141.48707,-15.47894],[141.4017,-15.90358],[141.42482,-16.08172],[141.19947,-16.70306],[140.94703,-17.01832],[140.83326,-17.45078],[140.5075,-17.63633],[139.99952,-17.70615],[139.27418,-17.34832],[139.03728,-16.91562],[138.65724,-16.77972],[138.18426,-16.6972],[137.86687,-16.43711],[137.7461,-16.25213],[137.36118,-16.12217],[137.04591,-15.9223],[136.76791,-15.90081],[136.26791,-15.54502],[136.24008,-15.42409],[135.46957,-14.94801],[135.39129,-14.73992],[135.90333,-14.13584],[136.00489,-13.79803],[135.84484,-13.60019],[135.88336,-13.32576],[136.30836,-13.16277],[136.45053,-13.2164],[136.63694,-12.95494],[136.47381,-12.79225],[136.67922,-12.67129],[136.6906,-12.28281],[136.45071,-11.94233],[136.18002,-12.18776],[136.36394,-12.25644],[136.2527,-12.44109],[136.02613,-12.31146],[135.73927,-11.9415],[135.53528,-12.08062],[135.07016,-12.25994],[134.86109,-12.12656],[134.76857,-11.94769],[134.60467,-12.04949],[134.38217,-12.04266],[134.13217,-11.88641],[133.94313,-11.91367],[133.8025,-11.71494],[133.62208,-11.83327],[133.34669,-11.68825],[133.14112,-11.67457],[132.91098,-11.3318],[132.67416,-11.5084],[132.34995,-11.14625],[132.18832,-11.35125],[132.01433,-11.13958],[131.85621,-11.3034],[132.08473,-11.518],[132.36988,-11.43499],[132.59498,-11.622],[132.62721,-12.04388],[132.04566,-12.30739],[131.90463,-12.21982],[131.49293,-12.29778],[131.32789,-12.18532],[131.00017,-12.17132],[130.78386,-12.43499],[130.34498,-12.695],[130.35182,-12.84246],[130.12989,-12.94052],[130.11866,-13.15618],[130.2732,-13.31878],[129.96892,-13.53045],[129.71754,-14.01556],[129.49586,-14.08913],[129.35808,-14.40879],[129.58522,-14.56634],[129.72413,-14.7907],[129.61183,-14.94256],[129.22145,-14.84352],[129.05104,-14.88014],[128.5324,-14.75286],[128.19581,-15.05682],[128.1753,-14.69842],[127.90561,-14.49749],[127.66603,-14.1784],[127.32244,-13.91741],[127.10743,-13.95281],[126.95289,-13.72357],[126.56918,-14.19525],[126.39031,-14.00506],[126.14129,-14.19549],[126.04127,-14.50872],[125.65805,-14.36028],[125.1443,-14.72845],[125.3545,-14.99391],[124.84197,-15.14121],[124.62965,-15.50498],[124.40333,-15.55926],[124.40431,-15.87477],[124.59002,-16.09417],[124.37843,-16.21494],[123.83522,-16.36826],[123.65162,-16.36028],[123.56617,-16.61598],[123.69313,-16.72991],[123.83709,-17.13242],[123.39967,-17.32928],[123.15089,-16.80771],[122.8864,-16.5123],[122.70427,-16.78672],[122.27605,-17.08929],[122.17205,-17.26116],[122.14324,-17.56365],[122.22039,-18.1972],[121.91033,-18.46445],[121.64259,-18.81024],[121.51938,-19.06959],[121.19353,-19.47243],[120.95436,-19.63372],[120.23829,-19.90683],[119.80226,-19.96575],[119.56666,-20.06878],[119.21241,-19.9612],[119.06853,-19.98284],[118.8318,-20.26198],[118.36883,-20.36207],[118.13559,-20.36207],[117.83937,-20.61688],[117.35377,-20.72772],[117.06251,-20.62168],[116.87965,-20.71307],[116.74317,-20.61688],[116.43474,-20.82236],[115.9367,-21.05901],[115.80616,-21.23545],[115.4546,-21.51377],[114.92897,-21.69394],[114.64674,-21.84336],[114.39194,-22.35801],[114.1714,-22.31748],[114.01149,-21.85996],[113.80397,-22.33082],[113.64666,-22.57773],[113.81153,-23.05136],[113.73756,-23.52703],[113.45973,-23.91033],[113.38526,-24.24912],[113.43946,-24.53281],[113.60434,-24.72829],[113.61061,-24.89275],[114.15528,-25.78973],[114.25856,-25.84189],[114.10378,-26.44788],[113.93547,-26.19172],[113.70436,-26.14805],[113.76061,-25.90479],[113.53289,-25.61826],[113.42078,-25.72822],[113.68414,-26.2216],[113.88477,-26.34267],[113.8525,-26.54477],[113.59828,-26.51851],[113.45009,-26.20061],[113.29778,-26.39729],[113.59058,-26.67565],[114.01254,-27.31536],[114.14389,-27.68776],[114.16603,-28.1067],[114.5311,-28.52239],[114.57748,-28.78509],[114.83204,-29.09205],[114.97877,-29.47991],[114.97486,-30.21404],[115.18092,-30.82724],[115.68035,-31.64861],[115.74366,-31.92783],[115.71437,-32.30299],[115.7693,-32.60231],[115.60092,-32.66172],[115.66684,-33.28769],[115.43409,-33.59547],[114.9568,-33.68231],[115.01783,-34.26214],[115.33473,-34.31422],[115.74545,-34.54022],[116.01979,-34.82936],[116.4651,-35.00066],[116.89959,-35.05039],[117.35955,-35.02418],[117.53858,-35.09222],[118.11988,-34.98707],[118.47983,-34.71705],[118.7059,-34.64772],[118.93198,-34.4459],[119.38209,-34.44012],[119.57203,-34.14202],[120.00221,-33.92604],[120.4227,-33.9699],[120.57228,-33.89153],[121.53289,-33.81951],[121.813,-33.89511],[122.01564,-33.82537],[122.56031,-33.95916],[122.78785,-33.88104],[123.56666,-33.88437],[123.95248,-33.56732],[124.11655,-33.12151],[124.35694,-32.95281],[124.70883,-32.9039],[125.00025,-32.73724],[125.53727,-32.54838],[125.87,-32.33298],[126.18572,-32.23252],[126.67774,-32.31658],[127.28875,-32.27337],[128.01734,-32.08424],[128.99,-31.69052],[130.15691,-31.57391],[130.83375,-31.60174],[131.1775,-31.47763],[131.5359,-31.60556],[132.23373,-32.03297],[132.79802,-31.95631],[133.1478,-32.19671],[133.41179,-32.21136],[133.58619,-32.10312],[134.27329,-32.58807],[134.07407,-32.71396],[134.27882,-33.16269],[134.66236,-33.22552],[134.81398,-33.3528],[134.84986,-33.63836],[135.18979,-33.893],[135.34645,-34.27557],[135.42954,-34.71266],[135.74147,-34.86102],[135.93678,-34.5346],[136.12485,-34.45289],[136.3694,-34.07342],[136.60743,-33.90293],[137.22486,-33.65325],[137.45216,-33.14007],[137.90235,-32.78753],[138.04396,-33.1251],[137.81044,-33.25998],[137.93749,-33.52784],[137.60206,-33.87664],[137.45387,-34.164],[137.51271,-34.61777],[137.44614,-34.91741],[137.03061,-34.89983],[136.95338,-35.28395],[137.40349,-35.1242],[137.6714,-35.18084],[138.03777,-34.30804],[138.25994,-34.43841],[138.53631,-34.7409],[138.42742,-35.35263],[138.12273,-35.55535],[138.17677,-35.66823],[138.53126,-35.64593],[138.96119,-35.41383],[139.04135,-35.6041],[139.47543,-35.89642],[139.85369,-36.62176],[139.86354,-36.76727],[139.67205,-36.95338],[139.74155,-37.18084],[139.98805,-37.48707],[140.11427,-37.51751],[140.35987,-37.88209],[140.71355,-38.07057],[141.13429,-38.12762],[141.43442,-38.3751],[141.94679,-38.28289],[142.22462,-38.40569],[142.39772,-38.36712],[142.81023,-38.57838],[143.06007,-38.63592],[143.53696,-38.85833],[143.8449,-38.69118],[144.0525,-38.48577],[144.40187,-38.3012],[144.52329,-38.08424],[144.98268,-37.89935],[145.11931,-38.15936],[145.29656,-38.2317],[145.57081,-38.66172],[145.80934,-38.65016],[145.91578,-38.89577],[146.25571,-38.70176],[146.41179,-38.73984],[146.87859,-38.6443],[147.58937,-38.08066],[147.91651,-37.91855],[148.30641,-37.82342],[149.47901,-37.7859],[149.78712,-37.55283],[149.98536,-37.49586],[150.01954,-37.22088],[149.90382,-36.9284],[150.14234,-36.32],[150.16342,-35.95664],[150.55397,-35.21356],[150.83375,-34.7824],[150.92492,-34.33042],[151.16896,-34.11012],[151.42416,-33.52776],[151.67058,-33.06113],[151.83403,-32.86497],[152.18946,-32.75856],[152.23586,-32.607],[152.52156,-32.42749],[152.51008,-32.16188],[152.9345,-31.48281],[153.0879,-30.92669],[152.9878,-30.73463],[153.32163,-29.69752],[153.34034,-29.32269],[153.45379,-29.03558],[153.60597,-28.86745],[153.59108,-28.26849],[153.44947,-28.07317],[153.44557,-27.81048],[153.11362,-27.24236],[153.20623,-27.04608],[153.07748,-26.28086],[153.12159,-25.93377],[152.89381,-25.68816],[152.91383,-25.28769],[152.67709,-25.24188],[152.4048,-24.74871],[152.1504,-24.61907],[151.78045,-24.02256],[151.58058,-24.05755],[151.18719,-23.80413],[151.02744,-23.58],[150.85662,-23.51995],[150.76441,-23.15887],[150.82643,-22.69793],[150.75831,-22.48235],[150.51295,-22.53541],[150.21559,-22.39479],[150.05356,-22.14153],[149.83082,-22.3886],[149.60857,-22.24432],[149.43539,-21.78973],[149.47828,-21.71844],[149.23121,-21.08978],[148.73976,-20.71893],[148.65528,-20.55543],[148.85084,-20.42108],[148.61085,-20.21364],[148.56666,-20.05999],[147.85922,-19.82488],[147.68426,-19.82806],[147.55047,-19.52093],[147.4214,-19.41277],[147.16725,-19.4],[146.44654,-19.05975],[146.27662,-18.87428],[146.33937,-18.52703],[146.02377,-18.26312],[146.09791,-17.93133],[146.07106,-17.39202],[145.77768,-16.88535],[145.4004,-16.44329],[145.46241,-16.06048],[145.3558,-15.90342],[145.27377,-15.53574],[145.27711,-14.94704],[144.67758,-14.55584],[144.5149,-14.17278],[143.952,-14.49896],[143.78273,-14.40228],[143.68727,-14.01434],[143.53443,-13.76572],[143.59457,-13.4358],[143.52662,-13.32977],[143.49724,-12.85654],[143.43393,-12.61305],[143.25294,-12.38893],[143.07716,-12.32879],[143.20395,-11.98252],[142.87289,-11.85068],[142.74195,-10.97503],[142.54957,-10.70818]]]]}},{"type":"Feature","properties":{"ADMIN":"Austria","ISO_A3":"AUT"},"geometry":{"type":"MultiPolygon","coordinates":[[[[16.94504,48.60417],[16.87301,48.71899],[16.43572,48.79454],[16.03233,48.75806],[15.26287,48.98259],[14.98206,49.00791],[14.91933,48.76157],[14.69567,48.58954],[14.07483,48.59171],[13.81572,48.76643],[13.71434,48.52322],[12.74504,48.12063],[12.99123,47.84711],[12.74483,47.66536],[12.42413,47.69156],[12.16564,47.60397],[11.62046,47.58965],[11.08375,47.38951],[10.60791,47.56227],[10.30591,47.30218],[9.94873,47.52423],[9.61262,47.52188],[9.54748,47.53455],[9.52115,47.2628],[9.5812,47.05687],[10.1113,46.84712],[10.45381,46.86443],[10.52771,46.84321],[10.66248,46.86097],[10.99693,46.76911],[11.31381,46.98726],[12.11118,46.993],[12.40501,46.69012],[13.23111,46.55217],[13.67026,46.51871],[13.70095,46.51975],[14.50219,46.41836],[15.06195,46.64956],[15.46265,46.61465],[15.97053,46.74301],[16.09404,46.86277],[16.43717,47.03178],[16.42497,47.35112],[16.79745,47.67546],[17.0548,47.70202],[17.14834,48.00544],[16.84448,48.3656],[16.94504,48.60417]]]]}},{"type":"Feature","properties":{"ADMIN":"Azerbaijan","ISO_A3":"AZE"},"geometry":{"type":"MultiPolygon","coordinates":[[[[46.13587,38.8637],[45.767,39.35439],[45.78809,39.54896],[45.45746,39.48927],[45.16792,39.56554],[45.03351,39.77039],[44.77456,39.7028],[44.80699,39.6399],[45.17893,39.21983],[45.4386,39.00424],[46.13587,38.8637]]],[[[46.43089,41.89044],[46.19277,41.61017],[46.6948,41.26978],[46.49678,41.04483],[46.21059,41.20017],[45.96916,41.16829],[45.4648,41.43019],[45.24962,41.4445],[45.0024,41.29045],[45.22161,41.01445],[45.55585,40.77658],[45.37364,40.6753],[45.52619,40.44105],[45.97924,40.22359],[45.86188,39.80455],[46.20646,39.58792],[46.59786,39.22507],[46.47931,39.11477],[46.51404,38.88218],[46.86616,39.16536],[47.84688,39.68528],[48.05203,39.65009],[48.33894,39.37894],[48.12459,39.2976],[48.3068,39.0454],[48.05854,38.94837],[48.21037,38.72976],[48.60786,38.39598],[48.87428,38.43406],[48.86313,38.75666],[48.96762,39.18382],[49.19386,39.01634],[49.31804,39.62141],[49.57716,40.21674],[49.8934,40.36905],[50.05201,40.5843],[49.58961,40.62519],[49.53883,40.78807],[49.19549,41.05728],[49.04249,41.41437],[48.57895,41.84528],[48.37015,41.58015],[48.05353,41.46129],[47.87111,41.20818],[47.26841,41.3028],[46.74503,41.84013],[46.43089,41.89044]]]]}},{"type":"Feature","properties":{"ADMIN":"Burundi","ISO_A3":"BDI"},"geometry":{"type":"MultiPolygon","coordinates":[[[[30.5546,-2.40063],[30.37859,-2.30306],[30.13912,-2.43081],[29.93169,-2.31691],[29.90327,-2.64909],[29.69755,-2.80825],[29.33969,-2.82644],[29.30661,-2.66015],[29.12973,-2.597],[29.01537,-2.72071],[29.02859,-2.7449],[29.23463,-3.04658],[29.21504,-3.89986],[29.33948,-4.09324],[29.40418,-4.4498],[29.72829,-4.46159],[30.00301,-4.27193],[30.46892,-3.51301],[30.83221,-3.17278],[30.71888,-2.98953],[30.4158,-2.85166],[30.50809,-2.46347],[30.5546,-2.40063]]]]}},{"type":"Feature","properties":{"ADMIN":"Belgium","ISO_A3":"BEL"},"geometry":{"type":"MultiPolygon","coordinates":[[[[5.99491,50.74993],[5.64072,50.81504],[5.8405,51.13892],[5.47163,51.28809],[5.21542,51.25873],[4.73121,51.48562],[4.26107,51.36938],[4.22149,51.368],[3.92703,51.20626],[3.34941,51.37522],[2.5218,51.08754],[2.62044,50.81649],[2.78673,50.72336],[3.1462,50.76889],[3.27105,50.52694],[3.75505,50.34633],[4.02273,50.33812],[4.21001,50.06015],[4.43511,49.93225],[4.78827,49.97426],[4.98908,49.79055],[5.40208,49.60245],[5.79068,49.53775],[5.88546,49.64353],[5.71493,49.88187],[5.96163,50.16562],[6.11749,50.12046],[6.33773,50.36809],[6.23293,50.58715],[5.99491,50.74993]]]]}},{"type":"Feature","properties":{"ADMIN":"Benin","ISO_A3":"BEN"},"geometry":{"type":"MultiPolygon","coordinates":[[[[3.5964,11.69577],[2.8443,12.39924],[2.36123,12.21889],[2.39017,11.89654],[2.29105,11.67479],[2.01076,11.4269],[1.60159,11.38869],[1.43384,11.45941],[1.26838,11.24789],[1.13061,11.24758],[0.90147,10.99274],[0.78127,10.69304],[0.76877,10.36709],[1.33101,9.99647],[1.35127,9.59507],[1.42527,9.2845],[1.60117,9.04953],[1.62133,7.99657],[1.62567,6.99678],[1.56603,6.67815],[1.78235,6.27727],[1.61966,6.2139],[1.88453,6.27481],[2.70384,6.36835],[2.77857,6.69877],[2.77392,7.05079],[2.67222,7.8896],[2.73495,8.2119],[2.72286,8.77231],[2.76916,9.05705],[3.09131,9.12642],[3.12863,9.42958],[3.5131,9.84661],[3.83742,10.5999],[3.73128,10.82503],[3.72208,11.11235],[3.46669,11.44248],[3.57439,11.67304],[3.5964,11.69577]]]]}},{"type":"Feature","properties":{"ADMIN":"Burkina Faso","ISO_A3":"BFA"},"geometry":{"type":"MultiPolygon","coordinates":[[[[0.21847,14.91098],[-0.2367,15.06562],[-0.7529,15.06973],[-1.04332,14.81791],[-1.35027,14.71497],[-1.69692,14.49612],[-1.96703,14.48374],[-2.02341,14.19864],[-2.15188,14.15614],[-2.46168,14.28091],[-2.84086,14.04299],[-3.06751,13.60677],[-3.25972,13.65831],[-3.24863,13.29278],[-3.59688,13.1994],[-3.98404,13.39647],[-4.35107,13.11832],[-4.22932,12.94895],[-4.38689,12.53019],[-4.40613,12.30747],[-4.80681,11.99627],[-5.16782,11.94366],[-5.30781,11.62901],[-5.21831,11.4222],[-5.32233,11.13555],[-5.48976,11.08212],[-5.43142,10.84469],[-5.52258,10.42549],[-5.50511,10.41557],[-5.40253,10.30056],[-5.1118,10.27865],[-4.96607,9.90102],[-4.32255,9.6089],[-4.27033,9.74393],[-3.66166,9.94893],[-3.13694,9.82953],[-2.98999,9.70843],[-2.81042,9.41111],[-2.72048,9.45922],[-2.68921,9.48872],[-2.7953,9.72],[-2.73675,9.83258],[-2.9325,10.63431],[-2.75071,10.98584],[-1.59868,10.99713],[-0.51648,10.98863],[-0.40589,11.10147],[-0.16611,11.13498],[0.48662,11.00321],[0.90147,10.99274],[1.13061,11.24758],[1.26838,11.24789],[1.43384,11.45941],[1.60159,11.38869],[2.01076,11.4269],[2.29105,11.67479],[2.39017,11.89654],[2.07091,12.3069],[2.24496,12.42415],[2.10905,12.70563],[1.82607,12.60419],[1.53585,12.6475],[0.97175,13.06732],[0.95098,13.5832],[0.62066,13.67997],[0.33916,14.12578],[0.38879,14.25161],[0.15294,14.54671],[0.21847,14.91098]]]]}},{"type":"Feature","properties":{"ADMIN":"Bangladesh","ISO_A3":"BGD"},"geometry":{"type":"MultiPolygon","coordinates":[[[[90.82789,22.15241],[90.85502,22.43467],[90.65056,22.78742],[90.55877,22.60293],[90.82789,22.15241]]],[[[92.57588,21.97757],[92.49588,22.69562],[92.37868,22.90044],[92.35687,23.28912],[92.15079,23.73165],[91.74368,23.27233],[91.79556,23.0895],[91.53656,22.98185],[91.3005,23.14231],[91.14082,23.6121],[91.21627,23.90839],[91.36303,24.09985],[91.59651,24.10499],[92.10759,24.40598],[92.23378,24.77753],[92.45806,24.95328],[92.00175,25.18296],[91.47104,25.13392],[91.2357,25.20193],[90.82198,25.14229],[90.36464,25.14999],[89.79501,25.37416],[89.83005,25.90798],[89.60288,26.05526],[89.35148,25.99686],[89.13159,26.13375],[89.04374,26.38108],[88.80799,26.23344],[88.65627,26.41513],[88.49546,26.37808],[88.1638,26.14047],[88.0744,25.90814],[88.41944,25.65378],[88.53029,25.5002],[88.77234,25.50196],[88.89864,25.16932],[88.43148,25.17304],[88.20245,24.9453],[88.02179,24.6456],[88.13879,24.49525],[88.47541,24.31547],[88.73751,24.2871],[88.5401,23.64995],[88.71942,23.4681],[88.68594,23.29331],[88.9547,23.18381],[88.84277,22.96457],[89.0604,22.12981],[89.10467,21.81586],[89.46583,21.78132],[90.02442,21.86245],[90.18483,21.80097],[90.3322,22.03807],[90.61345,22.31489],[90.60662,22.46577],[90.40642,22.76309],[90.62721,23.08666],[90.77418,22.77806],[90.95493,22.57583],[91.20274,22.54322],[91.24342,22.70222],[91.45631,22.78482],[91.67604,22.53461],[91.85524,22.1092],[91.9087,21.78115],[92.02215,21.59935],[91.95973,21.42398],[92.0525,21.15477],[92.26515,21.0611],[92.18365,21.3172],[92.32266,21.4619],[92.59024,21.49554],[92.57588,21.97757]]]]}},{"type":"Feature","properties":{"ADMIN":"Bulgaria","ISO_A3":"BGR"},"geometry":{"type":"MultiPolygon","coordinates":[[[[28.57838,43.74128],[28.22125,43.76198],[27.93584,43.9644],[27.38384,44.01509],[27.02748,44.17705],[26.15073,44.01241],[25.78114,43.73201],[25.35962,43.65429],[24.50014,43.7995],[24.15938,43.75294],[23.32515,43.88659],[22.91956,43.83422],[22.69164,44.22843],[22.39959,43.99334],[22.34947,43.80792],[22.51886,43.47425],[22.80453,43.32898],[22.93527,43.08556],[22.72702,42.88689],[22.50605,42.87012],[22.42398,42.32589],[22.34502,42.31344],[22.53106,42.12911],[22.8437,42.01447],[23.00958,41.71637],[22.91698,41.33577],[23.11521,41.31267],[23.2877,41.3982],[23.61244,41.37102],[24.04735,41.52574],[24.53094,41.54754],[25.28572,41.2394],[25.55149,41.31567],[26.12087,41.35779],[26.27393,41.7149],[26.31631,41.74376],[26.62357,41.96904],[27.27335,42.09175],[27.53318,41.90806],[28.01678,41.97253],[27.51149,42.55305],[27.89226,42.71052],[27.88543,43.00861],[28.09156,43.36396],[28.45948,43.38068],[28.60353,43.53815],[28.57838,43.74128]]]]}},{"type":"Feature","properties":{"ADMIN":"Bahrain","ISO_A3":"BHR"},"geometry":{"type":"MultiPolygon","coordinates":[]}},{"type":"Feature","properties":{"ADMIN":"The Bahamas","ISO_A3":"BHS"},"geometry":{"type":"MultiPolygon","coordinates":[[[[-73.03393,21.15673],[-73.39818,21.22484],[-73.70321,21.01977],[-73.49261,20.92446],[-73.12982,20.99366],[-73.03393,21.15673]]],[[[-77.74812,24.13178],[-77.81286,23.87665],[-77.51749,23.86416],[-77.54947,24.12592],[-77.74812,24.13178]]],[[[-78.10705,25.16307],[-78.35163,24.53046],[-78.0633,24.31623],[-77.71874,24.49982],[-77.73721,24.70018],[-78.10705,25.16307]]],[[[-77.77448,26.92723],[-77.51749,26.8522],[-77.31216,26.59467],[-77.16072,26.5642],[-77.25642,26.20392],[-77.01476,26.31566],[-77.05883,26.52936],[-77.26989,26.62507],[-77.5113,26.86953],[-77.77448,26.92723]]]]}},{"type":"Feature","properties":{"ADMIN":"Bosnia and Herzegovina","ISO_A3":"BIH"},"geometry":{"type":"MultiPolygon","coordinates":[[[[19.01582,44.86563],[18.61667,45.09766],[18.23788,45.15745],[17.83574,45.06443],[17.1871,45.14856],[16.93264,45.27879],[16.48192,45.19952],[16.34064,45.00594],[15.9975,45.21853],[15.78005,45.16029],[15.71731,44.78647],[16.11646,44.52147],[16.21578,44.20816],[17.08457,43.51324],[17.58068,42.94208],[17.65335,42.89093],[18.43735,42.55921],[18.53843,42.6183],[18.45275,42.9934],[18.639,43.02024],[18.67951,43.24948],[18.91102,43.50727],[19.19534,43.5328],[19.46169,43.76214],[19.27544,43.93326],[19.61888,44.03571],[19.17715,44.28696],[19.12992,44.51832],[19.36867,44.88713],[19.01582,44.86563]]]]}},{"type":"Feature","properties":{"ADMIN":"Bajo Nuevo Bank (Petrel Is.)","ISO_A3":"-99"},"geometry":{"type":"MultiPolygon","coordinates":[]}},{"type":"Feature","properties":{"ADMIN":"Saint Barthelemy","ISO_A3":"BLM"},"geometry":{"type":"MultiPolygon","coordinates":[]}},{"type":"Feature","properties":{"ADMIN":"Belarus","ISO_A3":"BLR"},"geometry":{"type":"MultiPolygon","coordinates":[[[[28.14891,56.14241],[27.91145,56.10025],[27.59271,55.79424],[26.98107,55.82688],[26.59453,55.66699],[26.4455,55.3375],[26.13864,54.96895],[25.78269,54.86968],[25.53,54.34614],[25.19353,54.24367],[24.82136,54.01991],[24.37787,53.88684],[24.20114,53.95247],[23.64262,53.89899],[23.48563,53.93929],[23.59094,53.61125],[23.89366,53.15195],[23.86896,52.67004],[23.3923,52.50964],[23.16564,52.28939],[23.63745,52.08447],[23.60624,51.5174],[23.62629,51.54089],[23.98131,51.586],[24.39079,51.88001],[25.1833,51.94975],[25.76792,51.92851],[26.85477,51.74935],[27.17785,51.74708],[27.47727,51.62367],[28.34688,51.52515],[29.16042,51.60331],[29.297,51.37371],[29.61802,51.48564],[30.14863,51.48443],[30.35513,51.30527],[30.63832,51.33586],[30.53414,51.55326],[30.66198,51.81942],[30.94052,52.02008],[31.47485,52.11778],[31.76434,52.10057],[31.60808,52.37246],[31.50514,52.84889],[31.24706,53.01439],[31.37853,53.18203],[31.73856,53.19254],[32.20592,53.10035],[32.71953,53.43948],[32.48058,53.66241],[32.0836,53.80964],[31.7538,53.81961],[31.74812,54.08631],[31.32468,54.22925],[31.16795,54.62158],[30.77061,54.78601],[31.00641,55.04243],[30.79427,55.28552],[30.91282,55.5716],[30.21777,55.85514],[29.86947,55.83055],[29.46102,55.6873],[29.37741,55.95403],[28.14891,56.14241]]]]}},{"type":"Feature","properties":{"ADMIN":"Belize","ISO_A3":"BLZ"},"geometry":{"type":"MultiPolygon","coordinates":[[[[-88.30382,18.48135],[-88.48925,18.48451],[-88.73639,18.05192],[-88.88033,17.88847],[-89.04944,17.99921],[-89.1605,17.81431],[-89.1492,17.03627],[-89.23651,15.89391],[-88.91397,15.89395],[-88.92764,15.98387],[-88.53596,16.27412],[-88.30622,16.6529],[-88.21508,16.96711],[-88.30053,17.17792],[-88.28331,17.58027],[-88.09154,18.11839],[-88.30382,18.48135]]]]}},{"type":"Feature","properties":{"ADMIN":"Bermuda","ISO_A3":"BMU"},"geometry":{"type":"MultiPolygon","coordinates":[]}},{"type":"Feature","properties":{"ADMIN":"Bolivia","ISO_A3":"BOL"},"geometry":{"type":"MultiPolygon","coordinates":[[[[-58.1588,-20.16512],[-57.85975,-19.98012],[-58.12464,-19.72991],[-57.789,-19.05925],[-57.78233,-18.91042],[-57.55108,-18.18364],[-57.73009,-17.84609],[-57.79076,-17.55577],[-58.01018,-17.49676],[-58.38116,-17.26721],[-58.48028,-16.68368],[-58.3561,-16.50953],[-58.46472,-16.33125],[-60.12984,-16.27306],[-60.17981,-16.22201],[-60.23797,-15.50267],[-60.52948,-15.14373],[-60.27497,-15.09515],[-60.29172,-14.63006],[-60.47351,-14.11723],[-60.46527,-13.81657],[-60.89674,-13.55292],[-61.34772,-13.4937],[-61.84798,-13.5308],[-62.22165,-13.12127],[-62.8074,-12.98887],[-63.07503,-12.65266],[-63.24732,-12.70134],[-63.8014,-12.45495],[-63.92124,-12.54435],[-64.39573,-12.45733],[-64.46906,-12.26106],[-64.99745,-11.99627],[-65.06556,-11.75308],[-65.35301,-11.39062],[-65.30299,-10.99075],[-65.40474,-10.79924],[-65.44998,-10.46809],[-65.28808,-10.21622],[-65.30438,-9.82565],[-65.45184,-9.68137],[-65.58398,-9.83723],[-65.78856,-9.73305],[-66.63187,-9.9043],[-67.0643,-10.25694],[-67.33782,-10.32609],[-67.58463,-10.50179],[-67.75578,-10.71418],[-68.09788,-10.69774],[-68.29332,-10.97897],[-68.61573,-11.1125],[-68.88403,-11.01638],[-69.39594,-10.93504],[-69.57763,-10.9523],[-68.68425,-12.50249],[-68.98095,-12.86795],[-68.96279,-13.28358],[-69.01596,-13.75311],[-68.88372,-14.21148],[-69.2475,-14.59368],[-69.39067,-14.96441],[-69.1481,-15.23333],[-69.29117,-15.35084],[-69.42434,-15.65625],[-69.21965,-16.15276],[-68.84365,-16.302],[-69.00173,-16.42282],[-69.03707,-16.67025],[-69.19166,-16.74301],[-69.42744,-17.08686],[-69.6228,-17.18556],[-69.51139,-17.39868],[-69.50611,-17.58513],[-69.14084,-18.03078],[-68.95465,-18.85699],[-68.98961,-18.94649],[-68.49636,-19.4584],[-68.69841,-19.74634],[-68.55351,-19.85786],[-68.58834,-20.05557],[-68.77554,-20.08968],[-68.68554,-20.51683],[-68.48163,-20.64303],[-68.57196,-20.87237],[-68.41631,-20.9598],[-68.20754,-21.28433],[-68.19844,-21.57186],[-68.09623,-21.95396],[-67.99019,-22.05762],[-67.85872,-22.56684],[-67.87634,-22.83359],[-67.54711,-22.8925],[-67.1939,-22.82222],[-67.03273,-22.52457],[-66.79646,-22.43486],[-66.7359,-22.22505],[-66.37747,-22.12707],[-66.24001,-21.79242],[-66.09449,-21.83293],[-65.74461,-22.11405],[-65.02037,-22.09658],[-64.58688,-22.21275],[-64.57202,-22.34318],[-64.29398,-22.69086],[-63.94759,-22.0076],[-62.80435,-22.00408],[-62.65899,-22.23167],[-62.65036,-22.23446],[-62.2757,-21.06657],[-62.27731,-20.57978],[-61.94425,-20.10415],[-61.76121,-19.65777],[-60.00638,-19.2981],[-59.08954,-19.28673],[-58.17528,-19.82137],[-58.1588,-20.16512]]]]}},{"type":"Feature","properties":{"ADMIN":"Brazil","ISO_A3":"BRA"},"geometry":{"type":"MultiPolygon","coordinates":[[[[-48.54259,-27.81666],[-48.37731,-27.45818],[-48.51708,-27.42832],[-48.54259,-27.81666]]],[[[-51.22326,-0.55788],[-51.50512,-0.60711],[-51.67577,-0.84677],[-51.71788,-1.12965],[-51.87247,-1.24326],[-51.78563,-1.44997],[-51.27115,-1.01767],[-51.1516,-0.63714],[-51.22326,-0.55788]]],[[[-50.09577,-0.13226],[-50.36815,-0.10565],[-50.58336,-0.19215],[-50.7799,-0.66058],[-50.80419,-1.42498],[-50.40518,-1.83099],[-50.05207,-1.70387],[-49.82356,-1.81658],[-49.55655,-1.64544],[-49.22277,-1.62119],[-48.83922,-1.44256],[-48.84203,-1.21331],[-48.64281,-1.08359],[-48.53751,-0.89446],[-48.42724,-0.25994],[-49.2154,-0.14121],[-49.65347,-0.24114],[-50.09577,-0.13226]]],[[[-50.89489,-0.30625],[-50.62743,-0.08571],[-50.766,0.04637],[-50.94727,-0.01197],[-51.03279,-0.16823],[-50.89489,-0.30625]]],[[[-49.52895,0.30081],[-49.65023,0.38637],[-50.10729,0.22215],[-50.36681,0.2145],[-50.2976,0.01203],[-49.8297,0.0113],[-49.52895,0.30081]]],[[[-56.48182,1.94161],[-56.80648,1.87358],[-57.10449,2.02145],[-57.42949,1.9003],[-57.56116,1.70897],[-57.991,1.65042],[-58.02723,1.51686],[-58.33191,1.59339],[-58.51366,1.43888],[-58.51893,1.26726],[-58.89787,1.21781],[-59.24214,1.3778],[-59.76454,1.92053],[-59.7417,2.26379],[-59.90313,2.3596],[-60.00008,2.69405],[-59.95938,3.06648],[-59.82849,3.38341],[-59.83766,3.60929],[-59.68013,3.70169],[-59.52923,3.93191],[-59.73847,4.20277],[-59.68674,4.38118],[-60.0877,4.60752],[-59.9831,5.08594],[-60.21343,5.26722],[-60.45636,5.1747],[-60.73985,5.20214],[-60.61263,4.90058],[-60.90344,4.69959],[-61.01196,4.5183],[-61.29726,4.52373],[-61.5421,4.26302],[-62.19266,4.09474],[-62.38417,4.17347],[-62.56096,4.03779],[-62.76622,4.02071],[-62.74958,3.66037],[-62.99705,3.59914],[-63.28598,3.92082],[-63.4254,3.96836],[-64.06381,3.9116],[-64.1251,4.08849],[-64.36498,4.15187],[-64.58967,4.11887],[-64.6629,3.99704],[-64.20298,3.59472],[-64.22292,3.124],[-63.99787,2.70599],[-64.04797,2.47132],[-63.38483,2.42058],[-63.41176,2.14938],[-63.76264,1.98567],[-63.99503,1.95802],[-64.08086,1.64739],[-64.30152,1.44666],[-64.40901,1.50751],[-64.73088,1.24757],[-65.13677,1.12691],[-65.45122,0.69014],[-65.58294,0.97767],[-65.74544,0.97415],[-66.15634,0.73303],[-66.3462,0.75939],[-66.87506,1.22251],[-67.0982,1.25336],[-67.11716,1.70979],[-67.34061,2.09011],[-67.59295,2.05481],[-67.79046,1.81258],[-68.1633,1.72129],[-69.3524,1.72021],[-69.5803,1.77023],[-69.84881,1.66889],[-69.85219,1.05942],[-69.37085,1.06299],[-69.20432,0.94366],[-69.13745,0.65014],[-69.61916,0.65066],[-70.05425,0.58813],[-70.07381,-0.1249],[-69.94436,-0.30546],[-69.63208,-0.50689],[-69.62838,-0.73344],[-69.39945,-1.18272],[-69.77116,-3.23417],[-69.96495,-4.23648],[-70.23132,-4.30366],[-70.42993,-4.13417],[-70.83224,-4.17943],[-70.96869,-4.38531],[-71.77435,-4.48153],[-72.07113,-4.60514],[-72.62727,-5.02243],[-72.91795,-5.13209],[-72.89666,-5.27162],[-73.00135,-5.7088],[-73.23478,-6.07756],[-73.13178,-6.43526],[-73.76549,-6.90418],[-73.76076,-7.33743],[-73.97943,-7.37454],[-73.96938,-7.58465],[-73.71216,-7.78815],[-73.52654,-8.37241],[-73.17457,-8.72071],[-72.95939,-9.08565],[-73.21498,-9.40904],[-72.8133,-9.4109],[-72.43023,-9.48221],[-72.26166,-9.66742],[-72.19567,-10.00559],[-71.39143,-10.00683],[-71.1965,-9.93986],[-70.68085,-9.52769],[-70.54342,-9.72695],[-70.63845,-9.8518],[-70.64134,-11.0108],[-70.53411,-10.93814],[-70.2894,-11.06475],[-69.95611,-10.91933],[-69.57763,-10.9523],[-69.39594,-10.93504],[-68.88403,-11.01638],[-68.61573,-11.1125],[-68.29332,-10.97897],[-68.09788,-10.69774],[-67.75578,-10.71418],[-67.58463,-10.50179],[-67.33782,-10.32609],[-67.0643,-10.25694],[-66.63187,-9.9043],[-65.78856,-9.73305],[-65.58398,-9.83723],[-65.45184,-9.68137],[-65.30438,-9.82565],[-65.28808,-10.21622],[-65.44998,-10.46809],[-65.40474,-10.79924],[-65.30299,-10.99075],[-65.35301,-11.39062],[-65.06556,-11.75308],[-64.99745,-11.99627],[-64.46906,-12.26106],[-64.39573,-12.45733],[-63.92124,-12.54435],[-63.8014,-12.45495],[-63.24732,-12.70134],[-63.07503,-12.65266],[-62.8074,-12.98887],[-62.22165,-13.12127],[-61.84798,-13.5308],[-61.34772,-13.4937],[-60.89674,-13.55292],[-60.46527,-13.81657],[-60.47351,-14.11723],[-60.29172,-14.63006],[-60.27497,-15.09515],[-60.52948,-15.14373],[-60.23797,-15.50267],[-60.17981,-16.22201],[-60.12984,-16.27306],[-58.46472,-16.33125],[-58.3561,-16.50953],[-58.48028,-16.68368],[-58.38116,-17.26721],[-58.01018,-17.49676],[-57.79076,-17.55577],[-57.73009,-17.84609],[-57.55108,-18.18364],[-57.78233,-18.91042],[-57.789,-19.05925],[-58.12464,-19.72991],[-57.85975,-19.98012],[-58.1588,-20.16512],[-57.86021,-20.73026],[-57.85556,-21.33074],[-57.98682,-22.03529],[-57.84388,-22.14371],[-57.38499,-22.21327],[-57.21379,-22.18815],[-56.84286,-22.28903],[-56.4218,-22.07447],[-56.1968,-22.27931],[-55.89294,-22.3068],[-55.6312,-22.62678],[-55.63781,-23.00071],[-55.53524,-23.22912],[-55.53053,-23.60347],[-55.39804,-23.97683],[-54.94364,-23.96918],[-54.61255,-23.81116],[-54.24529,-24.05062],[-54.26105,-24.32947],[-54.46228,-25.03723],[-54.42972,-25.13056],[-54.60981,-25.43276],[-54.59416,-25.54862],[-54.6002,-25.57494],[-54.56005,-25.57022],[-54.54563,-25.57477],[-54.46057,-25.64205],[-54.2148,-25.53146],[-53.90996,-25.62924],[-53.82619,-25.97268],[-53.66672,-26.21917],[-53.74604,-26.69387],[-53.7107,-26.87381],[-53.81922,-27.13974],[-54.18953,-27.26087],[-54.82753,-27.54509],[-55.02581,-27.84016],[-55.32987,-27.92811],[-55.44075,-28.07891],[-55.77253,-28.23197],[-55.89806,-28.46069],[-56.41575,-29.05135],[-57.32515,-29.98101],[-57.6117,-30.18296],[-57.58684,-30.20405],[-57.2126,-30.28735],[-57.10227,-30.12116],[-56.83128,-30.10204],[-56.01136,-30.79822],[-55.86426,-31.07676],[-55.59187,-30.84835],[-55.25998,-31.22869],[-54.81978,-31.43529],[-54.59152,-31.47105],[-54.46373,-31.67186],[-54.13506,-31.90896],[-53.77183,-32.04709],[-53.64868,-32.33865],[-53.12686,-32.75485],[-53.51154,-33.09922],[-53.53965,-33.64926],[-53.41128,-33.74228],[-52.81949,-33.32252],[-52.62169,-33.10198],[-52.37531,-32.49871],[-52.12743,-32.1775],[-52.25862,-32.05364],[-52.24559,-31.841],[-52.0008,-31.5512],[-51.92276,-31.3069],[-51.65282,-31.25921],[-51.44302,-31.08099],[-51.12255,-30.25604],[-50.53726,-30.32041],[-50.73107,-30.79241],[-50.93932,-30.89609],[-51.17614,-31.14935],[-51.15184,-31.48154],[-50.72142,-31.04453],[-50.31566,-30.46152],[-50.04532,-29.81455],[-49.81066,-29.44313],[-49.34276,-28.92352],[-48.81534,-28.61045],[-48.56554,-27.86028],[-48.64745,-27.64739],[-48.57518,-27.01621],[-48.6822,-26.71917],[-48.58263,-26.15716],[-48.61266,-26.04062],[-48.43273,-25.62249],[-48.2473,-25.4109],[-47.95177,-25.20135],[-47.82555,-24.89414],[-47.18139,-24.53338],[-46.96646,-24.29909],[-46.07974,-23.82781],[-45.86437,-23.75644],[-45.50927,-23.83758],[-45.4335,-23.66473],[-45.08019,-23.49765],[-44.7141,-23.18662],[-44.67321,-23.05934],[-44.43566,-22.99676],[-44.19099,-23.04876],[-43.86437,-22.89617],[-43.54223,-23.04941],[-43.22012,-22.99529],[-43.27017,-22.747],[-43.07555,-22.6657],[-43.0314,-22.9743],[-42.62426,-22.93955],[-42.05822,-22.95379],[-41.9663,-22.53541],[-41.66649,-22.28183],[-41.24369,-22.14521],[-40.96727,-21.94752],[-41.07187,-21.52334],[-40.73172,-20.84384],[-40.58342,-20.80197],[-40.34874,-20.5001],[-40.02684,-19.76442],[-39.83487,-19.65716],[-39.70979,-19.41611],[-39.72468,-18.51873],[-39.62499,-18.19264],[-39.49909,-18.00563],[-39.27505,-17.86688],[-39.18375,-17.60084],[-39.20861,-17.1622],[-39.05407,-16.43646],[-38.86437,-15.84336],[-38.9239,-15.71559],[-39.06713,-14.67498],[-38.9237,-14.00408],[-39.06249,-13.4],[-38.84179,-13.16123],[-38.73815,-12.73659],[-38.5089,-12.72291],[-38.50967,-13.02142],[-38.32042,-12.93524],[-38.05089,-12.64105],[-37.65465,-12.04974],[-37.43472,-11.56927],[-36.90307,-10.77288],[-36.57657,-10.55047],[-36.40807,-10.50213],[-36.25105,-10.24822],[-36.03628,-10.06414],[-35.85318,-9.73122],[-35.58259,-9.53289],[-35.30508,-9.19305],[-35.14745,-8.91188],[-34.81163,-7.90586],[-34.79735,-7.15846],[-34.85936,-7.07147],[-35.0382,-6.2365],[-35.09284,-6.1858],[-35.26228,-5.48333],[-35.51057,-5.14373],[-35.99718,-5.04754],[-36.13121,-5.09588],[-36.59,-5.10296],[-36.89875,-4.93825],[-37.18293,-4.9109],[-37.32482,-4.69647],[-37.60725,-4.60809],[-37.76863,-4.39642],[-38.10668,-4.15789],[-38.45735,-3.71844],[-38.65966,-3.67645],[-39.35827,-3.18353],[-39.98571,-2.8484],[-40.49962,-2.78631],[-40.58161,-2.82733],[-41.34309,-2.92034],[-41.67504,-2.87957],[-41.82127,-2.73357],[-42.00402,-2.8126],[-42.45299,-2.75221],[-42.70995,-2.56032],[-43.31177,-2.34647],[-43.47696,-2.53769],[-43.73856,-2.51721],[-44.01415,-2.6347],[-44.07299,-2.39951],[-44.36807,-2.54957],[-44.43297,-2.95029],[-44.69359,-2.99489],[-44.64623,-2.76824],[-44.47395,-2.40211],[-44.52172,-1.84726],[-45.09138,-1.46413],[-45.3402,-1.58318],[-45.40128,-1.43792],[-45.69603,-1.16058],[-45.8098,-1.27508],[-46.22118,-1.01116],[-46.48009,-1.02223],[-46.6138,-0.81324],[-47.08454,-0.75058],[-47.29402,-0.59287],[-47.58451,-0.57825],[-48.15404,-0.78183],[-48.1608,-0.96006],[-48.33971,-1.31601],[-48.64212,-1.38567],[-48.81188,-1.62127],[-48.96559,-1.59972],[-49.232,-1.94817],[-49.48522,-1.76393],[-49.6761,-1.90862],[-49.97692,-1.8261],[-50.37284,-1.97373],[-50.56534,-1.89072],[-50.8192,-1.43629],[-50.82445,-1.03094],[-51.03295,-1.03802],[-51.2683,-1.22039],[-51.66955,-1.40163],[-51.91462,-1.57098],[-52.12377,-1.61907],[-52.40197,-1.42205],[-51.92146,-1.32578],[-51.92935,-1.17832],[-51.72419,-1.03916],[-51.6975,-0.74717],[-51.44518,-0.47145],[-51.20157,-0.04909],[-50.92894,0.15542],[-50.79064,0.1695],[-50.31249,0.81721],[-49.97883,1.07221],[-49.87305,1.35985],[-49.91016,1.66426],[-50.18316,1.81886],[-50.46654,1.81542],[-50.71262,2.2368],[-50.94454,2.8222],[-51.09274,3.37633],[-51.0799,3.88227],[-51.22443,4.16504],[-51.5165,4.44112],[-51.68322,4.03937],[-51.98842,3.70456],[-52.35321,3.05842],[-52.70771,2.35893],[-52.95968,2.17522],[-53.3441,2.34963],[-53.53179,2.24705],[-53.86681,2.30493],[-54.13491,2.11067],[-54.47664,2.21413],[-54.61529,2.32627],[-54.65338,2.3165],[-55.01775,2.59059],[-55.39959,2.43019],[-55.72429,2.39691],[-55.98924,2.52083],[-56.1168,2.33309],[-55.92581,2.06168],[-56.01965,1.83351],[-56.48182,1.94161]]]]}},{"type":"Feature","properties":{"ADMIN":"Barbados","ISO_A3":"BRB"},"geometry":{"type":"MultiPolygon","coordinates":[]}},{"type":"Feature","properties":{"ADMIN":"Brunei","ISO_A3":"BRN"},"geometry":{"type":"MultiPolygon","coordinates":[[[[115.14617,4.90851],[115.02978,4.82064],[115.113,4.38237],[115.32436,4.3146],[115.27268,4.63677],[115.14617,4.90851]]],[[[113.99879,4.60114],[114.24556,4.48143],[114.58663,4.02144],[114.76688,4.13182],[114.83643,4.35723],[114.75179,4.73852],[114.9817,4.88906],[114.9284,5.00056],[114.52931,4.69379],[114.25172,4.59268],[113.99879,4.60114]]]]}},{"type":"Feature","properties":{"ADMIN":"Bhutan","ISO_A3":"BTN"},"geometry":{"type":"MultiPolygon","coordinates":[[[[91.63289,27.75944],[91.62172,27.95072],[91.26971,28.07286],[91.09256,27.97168],[90.6839,28.08707],[90.58773,28.2333],[90.2618,28.33535],[89.86292,28.29579],[89.56149,28.13464],[89.05095,27.60828],[88.89233,27.31554],[88.73007,27.15095],[88.95455,26.91262],[89.18461,26.81056],[89.34166,26.85433],[89.82209,26.70101],[90.08916,26.74173],[90.38263,26.8918],[90.58778,26.78007],[91.52065,26.79759],[92.03586,26.85485],[91.99586,27.15803],[92.08485,27.30423],[91.97509,27.47243],[91.75009,27.41616],[91.59506,27.54638],[91.63289,27.75944]]]]}},{"type":"Feature","properties":{"ADMIN":"Botswana","ISO_A3":"BWA"},"geometry":{"type":"MultiPolygon","coordinates":[[[[25.25978,-17.79411],[24.95809,-17.80093],[24.57776,-18.04443],[24.42159,-17.95647],[24.18305,-18.02944],[23.64541,-18.466],[23.31148,-18.0098],[22.98137,-18.02004],[21.47572,-18.2995],[20.97508,-18.31935],[20.97756,-19.75078],[20.98066,-20.75072],[20.97198,-22.00067],[19.97835,-22.00067],[19.97979,-23.20453],[19.98145,-24.75249],[20.0293,-24.81523],[20.36489,-25.0332],[20.79411,-25.89392],[20.84145,-26.13132],[20.62254,-26.42753],[20.6089,-26.68612],[21.12246,-26.86534],[21.68718,-26.85521],[21.76749,-26.70431],[22.0577,-26.6176],[22.25728,-26.34092],[22.54511,-26.20739],[22.71937,-25.98425],[22.84463,-25.48113],[23.007,-25.31081],[23.45927,-25.28218],[23.92477,-25.62924],[24.79862,-25.82922],[25.05173,-25.73786],[25.38649,-25.74354],[25.58725,-25.61952],[25.87675,-24.88603],[25.86837,-24.74815],[26.40436,-24.63281],[26.53118,-24.45866],[26.84971,-24.24813],[27.00417,-23.64584],[27.60801,-23.21672],[27.89554,-23.07947],[27.9375,-22.96382],[28.33856,-22.58462],[28.62386,-22.56281],[28.91253,-22.45367],[29.04782,-22.2203],[29.22207,-22.18216],[29.35007,-22.18671],[29.02157,-21.98279],[29.03872,-21.79789],[28.6297,-21.65134],[27.99042,-21.55191],[27.885,-21.31017],[27.67478,-21.09013],[27.69813,-20.50908],[27.34074,-20.47301],[27.21491,-20.11045],[26.73096,-19.93589],[26.13027,-19.50108],[25.95653,-19.12209],[25.94072,-18.92127],[25.76192,-18.63033],[25.5085,-18.39913],[25.22609,-17.93188],[25.25978,-17.79411]]]]}},{"type":"Feature","properties":{"ADMIN":"Central African Republic","ISO_A3":"CAF"},"geometry":{"type":"MultiPolygon","coordinates":[[[[22.86106,10.91915],[22.46047,11.00083],[22.17635,10.81621],[21.72263,10.63672],[21.75105,10.41182],[21.65628,10.23367],[21.25692,9.97575],[20.82615,9.41808],[20.49614,9.27088],[20.35941,9.11642],[20.06868,9.13813],[19.88946,9.04637],[19.10057,9.01526],[18.89273,8.89793],[19.12413,8.67508],[18.58928,8.04788],[17.67978,7.9852],[17.25086,7.82283],[17.10193,7.67772],[16.76862,7.55024],[16.54868,7.87001],[16.37081,7.6725],[15.7939,7.458],[15.48105,7.52326],[15.22391,7.24752],[15.04221,6.79078],[14.93245,6.71029],[14.71903,6.25786],[14.53496,6.19009],[14.3977,6.01917],[14.58477,5.92341],[14.63108,5.73805],[14.5239,5.27968],[14.66322,5.14183],[14.71727,4.62202],[15.00056,4.40319],[15.1713,3.75897],[15.78563,3.10798],[15.91399,3.09795],[16.09238,2.86329],[16.09031,2.51049],[16.19666,2.23645],[16.47913,2.83631],[16.5677,3.46439],[17.33437,3.61851],[17.45891,3.70828],[17.85641,3.5373],[18.51342,3.59224],[18.62639,3.47687],[18.593,3.70977],[18.6453,3.98245],[18.53709,4.30607],[18.72106,4.37736],[19.08331,4.90934],[19.40898,5.13039],[19.71955,5.13597],[20.33894,4.77191],[20.45232,4.52892],[20.60311,4.40973],[20.87152,4.45337],[21.53815,4.24465],[21.72294,4.29514],[22.20725,4.15032],[22.49271,4.17404],[22.78603,4.72465],[22.89837,4.82358],[23.16875,4.73811],[23.38837,4.58727],[23.56655,4.72444],[24.1629,4.90779],[24.45962,5.10744],[24.66436,4.9244],[25.30763,5.03228],[25.36365,5.31056],[25.58126,5.37492],[25.73278,5.25888],[26.02692,5.18997],[26.12996,5.25888],[26.46265,5.05964],[26.76062,5.08811],[27.11636,5.2003],[27.34275,5.10059],[27.3858,5.14385],[27.22013,5.44088],[27.17041,5.72035],[26.70502,6.00979],[26.52797,6.04317],[26.45201,6.28029],[26.28964,6.38721],[26.37801,6.65329],[26.08097,6.84235],[26.02609,6.99668],[25.36003,7.33557],[25.19043,7.5012],[25.27942,7.65948],[24.83211,8.16573],[24.13137,8.34306],[24.21767,8.69151],[24.11401,8.68164],[23.72127,8.702],[23.48232,8.78339],[23.45772,9.14616],[23.63218,9.27757],[23.67404,9.69034],[23.62401,9.90777],[23.29122,10.43973],[23.00555,10.68682],[22.86106,10.91915]]]]}},{"type":"Feature","properties":{"ADMIN":"Canada","ISO_A3":"CAN"},"geometry":{"type":"MultiPolygon","coordinates":[[[[-60.50113,47.00121],[-60.86921,46.80003],[-61.09484,46.45392],[-61.54113,46.04047],[-61.33487,45.56623],[-60.72688,45.56562],[-60.39538,45.64252],[-59.86205,45.9357],[-59.88219,46.17666],[-60.35098,46.31208],[-60.62133,46.10102],[-60.73005,45.71393],[-60.98192,45.82075],[-60.42691,46.284],[-60.31078,46.85444],[-60.50113,47.00121]]],[[[-64.0349,46.82648],[-64.23131,46.90331],[-64.41682,46.68277],[-64.10802,46.54438],[-63.62776,46.22382],[-63.23339,46.14545],[-62.99739,46.17927],[-62.77741,45.96434],[-62.54524,45.97183],[-62.43733,46.21625],[-62.09911,46.48371],[-63.19473,46.43114],[-63.83365,46.61237],[-64.0349,46.82648]]],[[[-74.71296,44.99925],[-73.39916,45.00439],[-71.50408,45.01374],[-71.39489,45.24153],[-71.14173,45.25233],[-70.83384,45.3931],[-70.40735,45.73152],[-70.31136,46.07187],[-70.07432,46.41954],[-70.00776,46.70408],[-69.26763,47.43984],[-69.06966,47.43189],[-68.90623,47.19022],[-68.19705,47.3414],[-67.80518,47.03563],[-67.77284,45.82806],[-67.80012,45.69985],[-67.44996,45.61081],[-67.47502,45.28235],[-67.17601,45.17866],[-66.74584,45.06452],[-66.49096,45.15563],[-65.90941,45.21027],[-65.31505,45.45921],[-64.83312,45.48399],[-64.38805,45.3673],[-64.06599,45.41299],[-64.22346,45.10838],[-64.51065,45.22858],[-64.86319,45.13955],[-65.78588,44.69636],[-66.11368,44.34337],[-66.21032,44.1057],[-66.12169,43.74356],[-65.46264,43.52757],[-65.03441,43.71231],[-64.81566,43.95409],[-64.56094,44.07998],[-64.35391,44.45612],[-63.94302,44.62051],[-63.71589,44.45612],[-63.28132,44.64346],[-62.5515,44.86758],[-61.63964,45.08731],[-61.33178,45.2307],[-61.07116,45.22394],[-61.47053,45.68309],[-61.89415,45.70372],[-61.92431,45.88915],[-62.47045,45.61449],[-62.7386,45.76252],[-63.18981,45.7364],[-63.8059,45.88866],[-63.81306,46.14029],[-64.51403,46.23941],[-64.90583,46.88687],[-64.82543,47.0891],[-64.95962,47.2943],[-64.82628,47.8155],[-65.20934,47.81969],[-65.62881,47.67064],[-65.81786,47.90742],[-66.26195,48.00585],[-65.95303,48.19538],[-65.28555,48.01264],[-64.77937,48.20405],[-64.7047,48.32372],[-64.32909,48.41962],[-64.16218,48.62962],[-64.22118,48.89435],[-64.61339,49.12303],[-64.96349,49.21931],[-65.56579,49.26647],[-66.62206,49.12263],[-68.20564,48.64191],[-69.05443,48.23237],[-70.5349,47.01057],[-71.15795,46.84081],[-71.30248,46.74518],[-71.71418,46.63219],[-71.84569,46.66828],[-72.49596,46.3605],[-72.73103,46.17662],[-73.1398,46.05834],[-73.41283,45.75153],[-73.55728,45.41429],[-74.71296,44.99925]]],[[[-64.1328,49.95014],[-64.42471,49.8085],[-63.92516,49.67487],[-63.58678,49.38996],[-63.09333,49.2329],[-62.2482,49.06794],[-61.81163,49.06904],[-61.88264,49.35448],[-62.20434,49.41421],[-62.53425,49.60468],[-63.37466,49.82941],[-64.1328,49.95014]]],[[[-127.88248,50.86689],[-128.40681,50.7805],[-128.31981,50.60981],[-127.91552,50.46625],[-127.7753,50.23286],[-127.4879,50.13044],[-127.14192,49.86664],[-126.64973,49.89802],[-126.57266,49.41429],[-126.07649,49.38373],[-125.73583,49.05305],[-125.36628,48.98737],[-125.18517,48.80097],[-124.66539,48.57323],[-123.89078,48.36689],[-123.5546,48.32795],[-123.39004,48.62043],[-123.81338,49.1186],[-124.15917,49.31045],[-124.79475,49.47256],[-124.88207,49.72492],[-125.17833,49.92499],[-125.43619,50.31363],[-126.11726,50.45539],[-126.45983,50.47484],[-127.19856,50.62128],[-127.88248,50.86689]]],[[[-55.88402,51.61701],[-56.7202,51.31932],[-56.9772,50.8815],[-57.45686,50.48306],[-57.61018,50.16568],[-58.1859,49.44269],[-58.13622,49.09488],[-58.44335,49.05679],[-58.70324,48.55451],[-58.5362,48.45356],[-59.39883,47.88032],[-59.30114,47.6142],[-59.11164,47.56078],[-58.09777,47.69522],[-57.32966,47.6328],[-56.77746,47.53339],[-56.67203,47.6267],[-56.23497,47.63198],[-55.9685,47.75983],[-55.77416,47.45775],[-55.43781,47.47138],[-55.37588,47.68647],[-55.07217,47.59736],[-55.30126,47.26765],[-55.48717,47.14029],[-55.86986,47.07514],[-55.85131,46.871],[-55.25088,46.91885],[-54.86608,47.37958],[-54.45836,47.49942],[-54.14102,47.83576],[-54.0133,47.8072],[-53.91055,47.37275],[-54.15046,47.00532],[-54.05036,46.80805],[-53.57258,47.16205],[-53.62287,46.65583],[-53.21133,46.63532],[-52.94127,46.79133],[-52.78563,47.31147],[-52.61661,47.52269],[-52.70421,47.75601],[-53.11376,47.43057],[-53.24364,47.5926],[-53.05358,47.93256],[-53.27648,48.01642],[-53.60513,47.53937],[-53.84679,47.70677],[-53.62157,48.00495],[-53.63948,48.16934],[-53.05846,48.43586],[-52.9829,48.60419],[-53.41417,48.62377],[-53.77448,48.55077],[-53.92394,48.91767],[-53.60896,49.04369],[-53.45368,49.24217],[-54.04109,49.48086],[-54.74291,49.31977],[-55.22289,49.26455],[-55.15567,49.5493],[-55.58239,49.47236],[-55.93863,49.60969],[-55.72265,49.93122],[-56.14879,50.15571],[-56.72533,49.69025],[-56.73876,50.0268],[-55.87312,50.9173],[-55.49185,51.38837],[-55.51407,51.60395],[-55.88402,51.61701]]],[[[-81.42439,53.22883],[-81.8828,53.17988],[-82.06265,53.02277],[-81.02684,52.75263],[-80.77953,52.94872],[-81.12279,53.20222],[-81.42439,53.22883]]],[[[-131.7941,53.25214],[-132.37312,53.13272],[-132.50438,53.04043],[-131.88264,52.57616],[-131.85241,52.86717],[-131.61303,53.05634],[-131.7941,53.25214]]],[[[-128.62194,53.15571],[-129.07811,53.3028],[-129.18981,53.02334],[-129.057,52.74103],[-128.60562,52.61123],[-128.53234,52.84663],[-128.62194,53.15571]]],[[[-130.23656,53.57079],[-130.31452,53.39277],[-129.93944,53.16889],[-129.74295,53.2353],[-130.23656,53.57079]]],[[[-129.76,53.66962],[-129.93309,53.60033],[-129.56753,53.21532],[-129.33654,53.36061],[-129.76,53.66962]]],[[[-132.99787,54.16364],[-133.1444,53.89692],[-132.8911,53.6197],[-132.75756,53.31708],[-132.46955,53.15192],[-132.00788,53.25357],[-131.87051,53.7829],[-131.69327,53.99189],[-132.29674,54.11229],[-132.99787,54.16364]]],[[[-79.16568,56.65941],[-79.40933,56.23286],[-79.73717,56.16144],[-80.02571,55.90034],[-79.46935,55.87938],[-79.04255,56.36591],[-79.16568,56.65941]]],[[[-64.79214,61.6225],[-65.04662,61.69766],[-65.48583,61.59931],[-64.85119,61.33373],[-64.79214,61.6225]]],[[[-79.44042,62.37979],[-79.8308,62.41079],[-80.21497,62.13766],[-80.1804,61.77426],[-79.75023,61.58592],[-79.26952,62.14521],[-79.44042,62.37979]]],[[[-70.78864,62.84154],[-70.68224,62.54731],[-70.17705,62.58999],[-70.78864,62.84154]]],[[[-82.10961,62.96849],[-83.51985,62.82636],[-83.90697,62.4914],[-83.673,62.14509],[-83.13459,62.17658],[-82.74669,62.31053],[-81.95694,62.69766],[-82.10961,62.96849]]],[[[-78.41438,63.49315],[-78.53173,63.3902],[-77.94076,63.08715],[-77.49596,63.27607],[-77.84431,63.47248],[-78.41438,63.49315]]],[[[-85.48827,65.79662],[-86.02839,65.66503],[-86.17394,65.28653],[-86.15933,64.93944],[-86.40575,64.43854],[-86.19286,64.10342],[-86.8959,63.93024],[-87.22378,63.66014],[-85.61701,63.67487],[-85.63516,63.24311],[-85.27392,63.12336],[-84.59024,63.31513],[-84.40534,63.55475],[-83.63378,63.77098],[-83.68529,64.01406],[-82.53392,63.97305],[-82.07462,63.69184],[-81.01887,63.45026],[-80.46642,63.72728],[-80.19636,63.75292],[-80.88878,64.12263],[-81.0585,64.02652],[-81.62719,64.1236],[-81.77131,64.51203],[-82.36596,64.76801],[-82.71451,64.78099],[-83.20836,64.9477],[-83.39769,65.13662],[-84.09846,65.20954],[-84.57738,65.48941],[-85.07673,65.45637],[-85.20104,65.80927],[-85.48827,65.79662]]],[[[-74.27697,68.07762],[-74.75601,68.06342],[-74.40233,67.77888],[-73.40949,67.77603],[-73.41291,67.96841],[-74.27697,68.07762]]],[[[-86.37247,67.93659],[-86.40783,68.20775],[-86.98571,68.06745],[-86.83658,67.79182],[-86.37247,67.93659]]],[[[-75.59748,68.31379],[-76.68887,68.26264],[-77.32266,67.70799],[-76.98156,67.24331],[-75.88927,67.258],[-75.39045,67.35765],[-75.06505,67.55244],[-75.1376,68.23627],[-75.59748,68.31379]]],[[[-97.39074,69.60017],[-97.47525,69.77717],[-98.21935,69.79759],[-98.41112,69.35253],[-98.71276,69.20213],[-99.30932,69.15876],[-99.41723,68.89045],[-97.76057,68.65209],[-97.562,68.56428],[-96.29589,68.48013],[-95.57103,68.83511],[-95.84553,68.89061],[-96.2198,69.31395],[-97.39074,69.60017]]],[[[-74.71296,44.99925],[-74.49364,45.14623],[-73.96154,45.35423],[-74.07771,45.45669],[-73.75544,45.67638],[-73.49543,45.72789],[-72.9945,46.2108],[-72.60253,46.30134],[-72.22794,46.55337],[-71.88052,46.69066],[-71.35399,46.739],[-70.95686,47.02066],[-70.71496,47.11758],[-70.49706,47.42927],[-70.23689,47.49559],[-69.93204,47.77306],[-69.73595,48.1225],[-69.44664,48.29621],[-69.06957,48.75621],[-68.12239,49.27135],[-67.37633,49.33922],[-67.24511,49.45885],[-67.13146,49.83128],[-66.54312,50.21613],[-66.16185,50.19579],[-65.25829,50.32225],[-64.88834,50.27448],[-63.72216,50.30427],[-63.44221,50.22289],[-62.85245,50.29426],[-61.84577,50.21979],[-61.71788,50.10004],[-60.83556,50.25633],[-60.06371,50.25397],[-59.4099,50.66661],[-58.99328,50.79084],[-58.94774,51.04161],[-58.45368,51.3166],[-58.23404,51.27692],[-57.24999,51.50829],[-56.96654,51.42524],[-56.33788,51.78209],[-55.93419,51.92524],[-55.6848,52.11168],[-56.0004,52.51512],[-56.0594,52.76569],[-55.95572,53.0222],[-55.7469,53.14574],[-56.03624,53.58043],[-57.15274,53.73994],[-57.35692,54.13947],[-58.01159,54.23973],[-58.22033,54.06379],[-58.85314,53.94196],[-59.07681,53.687],[-59.5111,53.55541],[-60.04174,53.48017],[-60.10827,53.75768],[-59.53165,53.82164],[-58.97452,53.9715],[-58.18615,54.35859],[-57.67833,54.37743],[-57.39102,54.50194],[-57.84699,54.73871],[-58.68147,54.81855],[-59.02595,55.01988],[-59.00796,55.15367],[-59.86205,55.14086],[-60.2871,55.23338],[-60.35485,55.57514],[-60.78161,55.85969],[-61.34545,55.96931],[-61.83023,56.3769],[-61.80919,56.78852],[-61.38191,57.12108],[-61.8651,57.17064],[-61.88988,57.62499],[-62.30504,58.0312],[-62.66137,58.17585],[-62.5786,58.50422],[-62.92691,58.82319],[-63.44221,59.12055],[-63.72814,59.50914],[-64.14786,59.68285],[-64.22053,60.04658],[-64.41662,60.25971],[-64.84878,60.36571],[-65.13781,59.90021],[-65.54625,59.73127],[-65.40673,59.41743],[-65.74267,59.26789],[-65.64249,59.07331],[-66.10863,58.77912],[-66.39122,58.8513],[-66.62877,58.59288],[-67.0642,58.39293],[-67.64904,58.25178],[-68.35021,58.62153],[-68.36156,58.78351],[-68.78694,58.92247],[-69.25634,58.89916],[-69.83397,58.60407],[-70.03449,58.81261],[-69.45165,58.89521],[-69.52807,59.18598],[-69.25479,59.32482],[-69.67146,59.45698],[-69.58983,59.87608],[-69.76976,59.97106],[-69.60245,60.22468],[-69.75329,60.33295],[-69.7198,60.68403],[-69.38134,60.79987],[-69.53661,61.0797],[-69.91588,60.81],[-70.11022,61.06013],[-70.60367,61.03282],[-71.39501,61.14952],[-71.8553,61.42377],[-71.65201,61.64985],[-72.62145,62.10187],[-73.06216,62.18757],[-73.67073,62.48212],[-74.41686,62.25251],[-75.82974,62.31334],[-76.75772,62.51081],[-77.49083,62.58832],[-78.1549,62.29731],[-78.08483,61.88805],[-77.70836,61.61628],[-77.81237,61.08808],[-78.16552,60.86835],[-77.82925,60.64326],[-77.74226,60.42585],[-77.28311,60.0266],[-77.46288,59.67662],[-77.88117,59.48493],[-77.8192,59.29304],[-78.10656,59.20991],[-78.4737,58.72016],[-78.03148,58.38813],[-77.6007,58.27135],[-77.07934,57.96149],[-76.80871,57.67552],[-76.58934,57.27131],[-76.50373,56.78376],[-76.54516,56.29503],[-76.65868,56.07298],[-77.1129,55.67536],[-77.78161,55.2735],[-78.39224,55.02753],[-78.96744,54.852],[-79.67634,54.69379],[-79.46398,54.31017],[-79.12938,54.10749],[-79.0135,53.84589],[-79.0563,53.62035],[-78.90168,53.201],[-78.97737,53.07001],[-78.78307,52.87153],[-78.78555,52.65913],[-78.52147,52.48094],[-78.5913,52.10615],[-78.84057,51.84227],[-78.88215,51.40327],[-79.34602,51.66181],[-79.70075,51.38544],[-79.74454,51.12352],[-80.4298,51.35716],[-80.59488,51.71137],[-80.97912,52.00182],[-81.39061,52.12779],[-81.56383,52.45624],[-82.30118,52.9676],[-82.11852,53.27729],[-82.21923,53.60444],[-82.12605,53.8122],[-82.4309,54.22822],[-82.20141,54.83393],[-82.45849,55.14118],[-82.81509,55.14684],[-83.92907,55.32652],[-84.61315,55.24518],[-85.12662,55.30256],[-85.68261,55.58658],[-86.87491,55.91132],[-87.31627,55.96235],[-87.6223,56.09557],[-87.97956,56.44286],[-88.31135,56.53803],[-88.92077,56.85309],[-89.82702,56.97602],[-90.58552,57.22993],[-91.03112,57.26463],[-92.2235,57.02147],[-92.45678,57.22297],[-92.45686,57.44896],[-92.75699,57.86591],[-92.80777,58.07575],[-93.12849,58.52839],[-93.18952,58.75971],[-93.71744,58.79218],[-94.39948,58.71247],[-94.80744,59.01813],[-94.71841,59.36669],[-94.82189,59.65034],[-94.71182,60.26569],[-94.35155,60.8581],[-94.00683,61.23778],[-93.98497,61.45799],[-93.30289,61.7519],[-93.50206,61.85582],[-92.59341,62.23945],[-92.71833,62.46467],[-92.26089,62.56261],[-92.45393,62.79393],[-91.9794,62.8474],[-91.44197,62.78693],[-90.64363,63.06892],[-90.97452,63.57868],[-90.16837,63.6577],[-89.81273,63.96015],[-89.1774,64.03852],[-88.73461,63.97236],[-88.0443,64.18431],[-86.93822,65.14195],[-87.04695,65.23798],[-89.03987,65.32819],[-89.83747,65.83092],[-89.68798,65.94684],[-88.97012,65.69652],[-88.58458,65.64525],[-88.20547,65.4051],[-87.38077,65.3297],[-86.47468,65.73395],[-86.41246,65.90449],[-85.85666,66.16283],[-86.62059,66.3144],[-86.62047,66.50694],[-85.41607,66.56698],[-85.26781,66.28693],[-84.38174,66.19005],[-83.69079,66.1992],[-82.63345,66.5633],[-81.9549,66.97679],[-81.52741,66.99604],[-81.23795,67.46052],[-82.08825,67.89952],[-82.3697,68.35627],[-81.26651,68.63874],[-81.7025,68.90754],[-81.33723,69.18757],[-82.23729,69.23522],[-82.57551,69.67406],[-83.75406,69.71174],[-84.33983,69.85969],[-85.33316,69.79137],[-85.53405,69.46332],[-85.21996,69.1328],[-84.7672,69.08796],[-85.22476,68.7213],[-85.66812,68.727],[-85.90172,68.05439],[-86.52929,67.6872],[-86.50194,67.37938],[-87.32779,67.17329],[-87.48379,67.3631],[-88.15298,67.68041],[-88.37365,67.97582],[-87.79223,68.33124],[-88.02261,68.80866],[-89.3317,69.2495],[-89.67219,69.0445],[-89.68798,68.81749],[-90.00015,68.37926],[-90.60351,68.44078],[-90.44652,68.8863],[-91.0336,69.21955],[-91.10997,69.51329],[-91.80272,69.51325],[-92.47142,69.69762],[-91.94294,70.02412],[-91.54524,70.14496],[-91.99071,70.32514],[-92.24991,70.62535],[-92.9077,70.90204],[-92.99063,71.35712],[-94.5487,72.00214],[-95.22517,71.94953],[-95.49205,71.72297],[-95.65831,71.29149],[-96.21174,71.38679],[-96.56151,71.12706],[-96.61644,70.82575],[-96.19034,70.62474],[-96.56151,70.31525],[-96.48632,70.09699],[-95.9759,69.7862],[-95.6503,69.78388],[-94.32217,69.45299],[-93.4344,69.3568],[-94.13516,69.1328],[-94.6361,68.75605],[-94.10985,68.7591],[-93.73046,68.6118],[-94.34093,68.24433],[-94.86099,68.03087],[-95.23351,68.06969],[-95.58202,67.89952],[-95.2556,67.26227],[-95.73497,67.37645],[-96.0751,67.22582],[-96.46524,67.54951],[-96.21638,67.78034],[-96.3981,68.17137],[-97.26037,68.4687],[-98.19237,68.30768],[-98.44896,68.07087],[-98.17154,67.87568],[-97.64086,68.00939],[-97.06115,67.68041],[-97.59032,67.60297],[-98.36095,67.81135],[-98.91544,67.71162],[-99.4237,67.79413],[-100.71703,67.84699],[-101.52945,67.68041],[-102.76256,67.81513],[-103.36608,68.0185],[-104.48388,68.03392],[-104.60196,68.23534],[-105.09512,68.26952],[-105.53596,68.4499],[-105.46959,68.72199],[-106.1975,68.9444],[-107.29259,68.7014],[-108.28083,68.62157],[-108.81505,68.27424],[-108.33764,68.1551],[-107.72956,68.20722],[-106.57315,68.42023],[-105.87914,68.63935],[-105.69758,68.48884],[-106.49437,68.24584],[-107.4287,68.04267],[-107.94164,67.85432],[-107.98961,67.69335],[-107.58585,67.50117],[-107.52701,67.21235],[-107.24645,67.08421],[-107.65868,66.70771],[-108.21496,67.02741],[-107.99254,67.28246],[-108.44396,67.43403],[-108.59911,67.62531],[-109.69835,67.81013],[-109.97118,67.96727],[-110.42081,67.94839],[-111.01895,67.76813],[-111.29198,67.82612],[-112.42101,67.68244],[-113.85875,67.69623],[-115.5338,67.93439],[-114.83703,68.26264],[-114.05679,68.30419],[-114.20104,68.57193],[-114.98778,68.86742],[-116.16047,68.98412],[-116.20812,68.8312],[-118.04088,69.0246],[-118.66637,69.22549],[-120.27864,69.40778],[-121.42785,69.76683],[-122.951,69.83857],[-123.17756,69.49592],[-123.54475,69.37702],[-124.43847,69.36961],[-124.07185,69.66584],[-124.50674,69.73615],[-124.38386,70.1402],[-124.98766,70.04556],[-125.0323,69.74726],[-125.93863,69.41401],[-126.70177,69.7674],[-127.13646,70.25288],[-127.92829,70.56708],[-128.31037,69.98941],[-128.99413,69.67939],[-129.1737,69.83234],[-130.33825,69.7023],[-130.75023,69.45433],[-131.08576,69.63312],[-129.59976,69.9912],[-130.32445,70.1402],[-130.94286,70.0788],[-132.13891,69.68793],[-132.88728,69.66108],[-133.19579,69.41401],[-133.63191,69.39916],[-134.41006,69.65693],[-134.64135,69.48225],[-135.15538,69.47972],[-135.83788,69.30907],[-136.06762,68.88532],[-137.19115,68.9479],[-138.63671,69.28368],[-139.14379,69.51366],[-139.91796,69.62132],[-141.00555,69.65094],[-141.0047,67.75581],[-141.00423,66.88114],[-141.00364,65.56918],[-141.00315,64.54867],[-141.0026,63.38249],[-141.00183,61.63309],[-141.00116,60.32107],[-140.01579,60.18739],[-139.62835,60.3341],[-139.10161,60.3466],[-139.18215,60.07339],[-138.6921,59.88689],[-138.59921,59.75382],[-137.61136,59.23933],[-137.42311,58.90772],[-136.46655,59.2878],[-136.2585,59.62158],[-135.48276,59.79248],[-135.0162,59.54345],[-135.09575,59.41885],[-134.39802,59.05195],[-134.22219,58.84271],[-133.87123,58.7359],[-133.46309,58.46222],[-132.55245,57.49908],[-132.03186,57.02841],[-132.10738,56.85875],[-131.10055,56.40767],[-130.07154,56.08412],[-130.01962,55.90795],[-130.1306,55.73627],[-129.95792,55.2735],[-130.20153,54.7285],[-130.37243,54.66425],[-130.45824,54.34862],[-130.11217,54.15933],[-130.10473,53.94709],[-129.33495,53.39692],[-129.22834,53.63272],[-128.86164,53.83023],[-128.77554,53.55561],[-128.87548,53.30622],[-128.54674,53.13597],[-128.47789,52.86831],[-128.1256,52.75283],[-128.24299,52.55878],[-127.80053,52.25629],[-127.22496,52.45612],[-127.2836,52.2377],[-127.8496,51.92011],[-127.87369,51.67341],[-127.6643,51.39814],[-127.77701,51.16722],[-127.42903,50.9431],[-127.0218,50.82193],[-126.85855,50.9431],[-126.48868,50.81672],[-126.17886,50.85322],[-126.24226,50.50104],[-125.70328,50.43793],[-125.39102,50.49726],[-125.06168,50.32758],[-124.60521,50.23286],[-124.73217,49.95429],[-124.40372,49.76732],[-124.17097,49.78099],[-123.96378,49.52114],[-123.5546,49.38996],[-123.24861,49.59781],[-123.21198,49.12995],[-122.75301,48.99251],[-121.11451,48.99251],[-119.35604,48.99251],[-117.81743,48.99251],[-116.27876,48.99251],[-113.64104,48.99251],[-111.66271,48.99262],[-109.24485,48.99262],[-107.26663,48.99262],[-104.84871,48.99262],[-102.87038,48.99262],[-101.33169,48.99267],[-99.35349,48.99267],[-98.03461,48.99267],[-96.27621,48.99267],[-95.17711,48.99267],[-95.16057,49.36949],[-94.82726,49.29286],[-94.59285,48.72643],[-93.87489,48.63621],[-93.75678,48.51655],[-93.25774,48.63031],[-92.6486,48.53626],[-92.3031,48.31093],[-92.04342,48.3346],[-91.69251,48.09787],[-91.42793,48.03645],[-90.92315,48.22711],[-90.78647,48.10045],[-90.17863,48.11644],[-89.98032,48.01009],[-89.34038,47.98415],[-88.64272,48.25659],[-88.34726,48.29866],[-86.63706,47.62412],[-84.87869,46.89791],[-84.77332,46.63343],[-84.58941,46.47512],[-84.15881,46.43334],[-83.9473,46.0606],[-83.61388,46.11564],[-83.46586,45.99311],[-83.59525,45.81643],[-82.58878,45.37181],[-82.53214,45.29352],[-82.15361,43.54959],[-82.41109,43.05128],[-82.51126,42.64667],[-83.12851,42.23996],[-83.06841,41.84773],[-82.71112,41.68025],[-82.42486,41.67681],[-81.27666,42.20867],[-80.2466,42.36548],[-79.01938,42.80269],[-79.05377,43.26036],[-79.17431,43.46453],[-78.68809,43.63181],[-76.84153,43.6255],[-76.45463,44.08424],[-75.27023,44.86377],[-74.71296,44.99925]]],[[[-114.19664,73.30805],[-114.5843,73.38459],[-117.36925,72.91779],[-118.59341,72.4287],[-118.12784,72.22724],[-118.67821,72.14228],[-119.05431,71.93529],[-119.05089,71.62678],[-118.07632,71.66498],[-118.30883,71.4322],[-117.55134,71.37417],[-116.18489,71.50031],[-115.90392,71.3935],[-118.38646,71.0222],[-118.18684,70.83942],[-117.58544,70.60635],[-116.23339,70.63972],[-115.58092,70.58015],[-113.98839,70.71621],[-112.14395,70.49388],[-111.80883,70.35212],[-112.58625,70.20002],[-114.18472,70.31574],[-116.0327,70.22028],[-116.96508,70.12906],[-117.44205,69.98941],[-117.25206,69.76411],[-116.61962,69.57168],[-116.63268,69.46182],[-115.97484,69.3002],[-115.18895,69.24266],[-114.39729,69.28815],[-113.58397,69.20124],[-113.65551,68.80048],[-113.35049,68.59154],[-112.58332,68.50967],[-111.25105,68.51968],[-110.60513,68.61693],[-109.62462,68.64167],[-108.95165,68.74242],[-108.53946,68.94697],[-107.33483,69.02558],[-106.58389,69.50361],[-105.88585,69.17646],[-103.38317,68.78229],[-101.96451,68.96963],[-101.76838,69.12295],[-102.0548,69.48444],[-102.50959,69.5642],[-102.58226,69.74348],[-102.02477,69.80858],[-101.70678,69.69123],[-100.96434,69.66446],[-100.99572,70.17495],[-101.58226,70.13251],[-102.40929,70.42552],[-103.53771,70.59951],[-104.59118,71.07319],[-104.28238,71.36396],[-104.38028,71.60004],[-105.03889,72.11396],[-105.33251,72.75113],[-105.82934,73.05134],[-106.82339,73.30964],[-107.66202,73.32844],[-108.29833,73.13378],[-107.71776,72.30268],[-107.77916,72.1413],[-107.25158,71.90168],[-107.66845,71.70816],[-108.28694,71.79873],[-108.1883,71.94953],[-108.66308,72.36103],[-108.63341,72.56558],[-110.07641,72.99575],[-110.48351,72.83918],[-109.78771,72.50438],[-110.72912,72.57128],[-112.0773,72.89802],[-113.015,73.01602],[-113.60399,72.77753],[-114.0231,72.7978],[-113.96198,73.12287],[-114.19664,73.30805]]],[[[-104.59317,73.31318],[-104.50084,73.56721],[-105.16714,73.75666],[-106.5996,73.71064],[-107.0393,73.48444],[-106.12072,73.29267],[-105.48575,72.95576],[-105.20246,72.94453],[-104.59317,73.31318]]],[[[-80.33422,73.75886],[-80.90339,73.60737],[-80.79503,73.28535],[-80.16381,73.23338],[-79.94864,72.84748],[-79.17545,72.75458],[-78.17089,72.89863],[-76.31896,72.81672],[-76.27164,73.10212],[-77.21349,73.51081],[-78.13854,73.66885],[-79.45031,73.63532],[-80.33422,73.75886]]],[[[-86.55842,73.85529],[-87.76448,73.71674],[-89.05122,73.2517],[-89.32087,72.88231],[-89.75324,72.61083],[-89.963,72.25739],[-89.76171,72.12556],[-90.10469,71.91633],[-89.81343,71.32901],[-88.06697,71.21284],[-87.35859,70.94961],[-88.32494,70.95844],[-89.12633,71.03156],[-89.44909,70.90803],[-88.69408,70.46503],[-87.85253,70.23798],[-87.03144,70.46849],[-86.26972,70.11347],[-85.78291,69.99518],[-84.95198,70.06656],[-83.6728,69.94636],[-83.05163,70.01048],[-82.12584,69.81806],[-81.07152,70.09927],[-79.83515,69.95344],[-79.68086,69.84858],[-78.88805,69.89378],[-78.76692,70.19139],[-79.56513,70.3902],[-78.7447,70.45612],[-78.38911,70.21638],[-77.68257,70.18366],[-77.49092,69.86274],[-76.87328,69.81867],[-77.0384,69.60578],[-75.68745,69.28705],[-75.98986,69.01089],[-76.42247,69.05988],[-76.67317,68.76581],[-76.32555,68.69847],[-75.49665,68.93423],[-74.87885,68.82551],[-74.37255,68.54377],[-73.8852,68.55488],[-73.72802,68.31367],[-72.98839,68.17329],[-72.85741,67.86054],[-72.43611,67.53148],[-72.3509,67.11945],[-72.80346,67.04295],[-73.00548,66.7792],[-73.45564,66.5506],[-74.34541,66.22582],[-74.42036,66.08344],[-73.71784,65.7746],[-73.49604,65.49396],[-74.17927,65.52851],[-74.50292,65.34349],[-74.87218,65.39814],[-75.21544,65.25414],[-75.75731,65.21381],[-76.67687,65.41108],[-77.43566,65.45962],[-77.31281,65.20014],[-77.96361,65.05195],[-78.18476,64.58674],[-77.7578,64.34296],[-76.72789,64.29613],[-75.86213,64.37763],[-75.70686,64.57925],[-74.71308,64.38203],[-74.55073,64.63101],[-73.89159,64.55419],[-73.45234,64.5915],[-73.13008,64.29169],[-72.31758,63.67886],[-71.56562,63.69082],[-71.76647,63.28413],[-71.37263,63.04853],[-71.02892,63.0786],[-70.82966,62.8968],[-70.24031,62.7541],[-69.62694,62.791],[-69.44506,62.55353],[-68.55366,62.24974],[-67.40062,62.14981],[-66.27448,61.8581],[-65.93,62.19782],[-67.19799,62.8769],[-68.14692,63.16063],[-68.76032,63.55475],[-68.49621,63.7403],[-67.86889,63.46369],[-67.50068,63.44282],[-66.51924,63.07734],[-65.66588,62.91226],[-65.16963,62.56843],[-64.96247,62.66267],[-64.76496,63.05508],[-64.48436,63.28779],[-64.67614,63.7403],[-65.30736,64.19343],[-65.08104,64.47919],[-65.72606,64.5152],[-65.58283,64.75682],[-65.82405,64.88276],[-66.64936,64.96992],[-67.16881,65.26854],[-67.06025,65.45336],[-67.92699,65.6201],[-67.81001,65.8784],[-67.17011,65.93256],[-67.30317,66.28075],[-66.96129,66.54084],[-66.47179,66.34406],[-65.8994,65.95368],[-65.50312,65.76675],[-64.90209,65.28205],[-64.17846,65.1767],[-63.6551,64.91836],[-63.40522,65.03278],[-63.49751,65.37084],[-63.1601,65.64924],[-62.59419,65.66401],[-61.95421,66.01976],[-62.53852,66.22736],[-61.4923,66.36742],[-61.27046,66.6048],[-62.0041,67.03681],[-62.28401,66.94611],[-62.90502,66.97305],[-63.25044,67.13231],[-63.8885,67.2416],[-64.28974,67.72944],[-64.71955,67.98517],[-66.2141,68.00507],[-66.76598,68.24213],[-67.06395,68.47492],[-67.93122,68.52823],[-68.54719,68.75308],[-68.13317,68.83723],[-67.67805,69.17719],[-66.66877,69.18456],[-67.22761,69.46434],[-68.00512,69.46198],[-68.58747,69.59101],[-68.01305,69.77607],[-67.11547,69.72866],[-67.2495,69.96345],[-67.80854,70.26374],[-68.3369,70.06883],[-69.4702,70.24811],[-68.45861,70.37299],[-68.36225,70.5843],[-70.51643,70.93708],[-70.78722,71.11457],[-71.32282,70.88719],[-71.95311,70.79133],[-72.35627,70.87873],[-72.04511,71.08478],[-71.44502,71.07347],[-71.11705,71.27045],[-71.5819,71.51508],[-72.4726,71.64728],[-73.2539,71.33002],[-73.68794,71.59325],[-73.59642,71.7639],[-74.26268,71.81977],[-74.23681,72.07612],[-75.06318,72.12824],[-75.19835,72.49763],[-77.60102,72.7558],[-78.53515,72.51463],[-79.2834,72.39444],[-80.04902,72.39789],[-80.55846,72.62759],[-80.26891,72.72517],[-80.64033,72.92792],[-80.64277,73.16983],[-81.13353,73.24706],[-81.52839,73.71621],[-82.83113,73.73672],[-84.83666,73.38906],[-85.46357,73.11188],[-85.70246,72.63471],[-85.03584,72.25471],[-85.50093,72.21442],[-86.12755,71.79426],[-86.46044,72.20336],[-86.25341,72.3946],[-86.69856,72.81611],[-86.03034,73.30244],[-84.95198,73.66767],[-85.1057,73.812],[-86.55842,73.85529]]],[[[-99.83095,73.89692],[-100.88584,73.8321],[-101.56159,73.46857],[-100.46743,73.20331],[-100.11119,73.03266],[-100.43121,72.74042],[-101.29625,72.71857],[-101.76284,73.01899],[-102.48476,73.04125],[-102.61424,72.66132],[-101.96653,72.49706],[-101.84015,72.32648],[-100.63654,72.18647],[-99.86436,71.85944],[-99.23509,71.3496],[-98.54148,71.29218],[-97.96983,71.66153],[-97.46124,71.61738],[-96.55967,71.83983],[-96.48484,72.12849],[-96.71849,72.29955],[-96.30361,72.42674],[-96.45225,72.64224],[-96.93203,72.67573],[-97.66075,73.03669],[-97.66827,73.48631],[-96.9564,73.73729],[-97.57046,73.8937],[-99.21841,73.73945],[-99.83095,73.89692]]],[[[-92.74706,74.08511],[-93.27257,74.17796],[-94.37393,74.13227],[-95.24865,74.00991],[-95.61295,73.59638],[-95.59268,72.69945],[-95.13573,72.46345],[-95.14525,71.96589],[-94.08776,72.06354],[-93.46422,72.46345],[-93.7932,72.6931],[-93.40323,72.79434],[-92.38488,72.70991],[-91.85766,72.84797],[-91.17577,73.35415],[-90.19571,73.90225],[-90.99389,74.00593],[-92.11376,73.98432],[-92.74706,74.08511]]],[[[-121.5808,74.55585],[-122.6232,74.46308],[-124.75569,74.34858],[-124.14533,73.85106],[-123.77375,73.76561],[-124.85993,73.09032],[-124.49039,72.92512],[-125.75206,72.14769],[-125.23229,71.94131],[-124.06456,71.70038],[-123.09992,71.08462],[-120.63524,71.49144],[-120.38337,71.70148],[-120.43399,71.9643],[-120.19669,72.21703],[-119.34016,72.34675],[-119.16389,72.62983],[-115.75377,73.35749],[-115.32364,73.50869],[-116.86701,74.08755],[-118.06599,74.28071],[-118.72541,74.22077],[-120.15656,74.279],[-121.5808,74.55585]]],[[[-103.74523,75.28791],[-104.40323,75.4326],[-104.90648,75.12409],[-104.22948,75.01887],[-103.74523,75.28791]]],[[[-94.39391,75.60423],[-94.89953,75.64472],[-95.79149,75.50104],[-96.60456,75.06485],[-95.89757,74.82587],[-95.30541,74.80549],[-94.72419,74.63178],[-93.60766,74.6542],[-93.40901,74.88911],[-93.49938,75.26801],[-94.39391,75.60423]]],[[[-117.65974,76.12588],[-118.62121,75.92206],[-119.40905,75.60163],[-118.61392,75.50373],[-117.93248,75.73981],[-117.65974,76.12588]]],[[[-102.64184,76.27106],[-104.312,76.21239],[-103.81143,76.03364],[-102.83764,76.08063],[-102.64184,76.27106]]],[[[-103.93562,76.62202],[-104.65201,76.60204],[-104.37767,76.32486],[-103.02261,76.41559],[-103.93562,76.62202]]],[[[-98.40803,76.66767],[-100.26964,76.64956],[-100.96304,76.48029],[-102.03515,76.41279],[-102.10277,76.22077],[-101.58947,75.92451],[-102.26228,75.86982],[-102.77611,75.54499],[-102.06379,75.54767],[-100.22326,75.66669],[-100.67577,75.33649],[-100.25227,75.26301],[-100.33019,75.01406],[-99.64542,74.97602],[-98.03502,75.02627],[-98.11669,75.298],[-97.42488,75.51972],[-97.66511,76.48615],[-98.40803,76.66767]]],[[[-108.66739,76.82486],[-110.39721,76.39671],[-109.54223,76.18944],[-108.89639,75.49238],[-110.51358,75.57331],[-111.36144,75.71524],[-112.43248,76.17084],[-112.99421,76.27326],[-113.96304,76.19062],[-114.20592,76.47101],[-115.51232,76.4562],[-115.84114,76.18496],[-116.52623,76.16014],[-116.70812,75.89956],[-117.67488,75.29316],[-117.51008,75.20112],[-115.71544,74.97036],[-111.0279,75.17715],[-111.55549,75.01264],[-112.79784,74.98505],[-114.43981,74.68366],[-113.69302,74.44448],[-112.43741,74.41352],[-111.00097,74.61636],[-110.34398,74.79658],[-109.58194,74.85814],[-108.82421,75.07152],[-108.41662,74.91706],[-107.0052,74.92381],[-106.0089,75.05663],[-105.39049,75.65965],[-105.75992,75.99018],[-106.60684,76.06159],[-107.04613,75.88898],[-107.85757,76.06586],[-108.61587,76.42349],[-108.66739,76.82486]]],[[[-95.23876,77.01366],[-95.77074,77.07673],[-96.85114,76.92963],[-95.82331,76.39912],[-94.84813,76.26923],[-93.12833,76.37018],[-92.18456,75.89492],[-92.00438,75.60163],[-92.50402,75.218],[-91.62084,74.71162],[-90.89411,74.76089],[-89.94864,74.53278],[-89.14737,74.6079],[-87.64363,74.45832],[-84.25829,74.5065],[-83.49352,74.57783],[-81.78869,74.4584],[-80.54186,74.56354],[-80.24543,74.75873],[-79.39517,74.87629],[-79.62849,75.18024],[-79.50105,75.39191],[-81.11315,75.77912],[-82.33104,75.84357],[-83.08898,75.7403],[-83.91808,75.81452],[-86.19636,75.41535],[-87.11148,75.59479],[-88.24535,75.47842],[-88.57995,75.65851],[-90.18822,76.06778],[-89.2976,76.30052],[-90.44782,76.41132],[-90.57169,76.56403],[-91.44107,76.69367],[-92.69302,76.59601],[-93.70092,76.92097],[-95.23876,77.01366]]],[[[-116.1256,77.4724],[-118.82055,77.36103],[-120.09114,77.0056],[-120.36799,76.81452],[-121.20425,76.67821],[-121.55358,76.437],[-122.3806,76.40851],[-122.86172,76.18236],[-121.43684,75.94428],[-120.71744,76.0268],[-119.86295,75.85912],[-118.90103,76.17227],[-118.64639,76.43244],[-117.35245,76.25959],[-117.07478,76.52607],[-115.89281,76.69843],[-115.83137,76.97281],[-116.24722,77.19595],[-115.40416,77.31843],[-116.1256,77.4724]]],[[[-90.30411,77.62938],[-91.16869,77.6175],[-91.19962,77.40786],[-90.0939,77.20409],[-89.71593,77.45873],[-90.30411,77.62938]]],[[[-95.40323,77.78148],[-96.23546,77.70551],[-95.98762,77.47907],[-93.47842,77.4881],[-93.60802,77.78148],[-95.40323,77.78148]]],[[[-114.31688,78.01423],[-115.11823,77.95966],[-114.30069,77.71328],[-113.73729,77.90168],[-114.31688,78.01423]]],[[[-109.60367,78.07392],[-110.71174,78.10383],[-113.24128,77.90497],[-113.19962,77.52766],[-112.10924,77.32575],[-110.23542,77.50422],[-110.12951,77.78148],[-109.60367,78.07392]]],[[[-110.39721,78.75349],[-111.81603,78.5489],[-111.77847,78.27021],[-109.82323,78.2954],[-109.34667,78.53535],[-110.39721,78.75349]]],[[[-96.8942,78.70295],[-98.35587,78.77391],[-98.35973,78.45173],[-97.76684,78.24702],[-97.74234,78.0423],[-96.36555,77.86298],[-95.06066,77.97264],[-95.36994,78.24677],[-94.82787,78.36371],[-96.27351,78.53506],[-96.8942,78.70295]]],[[[-103.65697,79.34129],[-105.15685,79.29987],[-105.62784,79.16503],[-103.38402,78.7746],[-103.49718,78.50654],[-104.64098,78.58344],[-104.81957,78.36164],[-103.94652,78.24282],[-102.74413,78.38056],[-101.036,78.1992],[-100.61002,77.86396],[-99.93859,77.7829],[-99.01724,77.89378],[-99.0445,78.08185],[-99.80272,78.3085],[-99.55793,78.5987],[-101.64843,79.081],[-102.60717,79.07648],[-103.65697,79.34129]]],[[[-99.44888,80.11249],[-100.19371,80.03229],[-99.30012,79.75943],[-98.65136,79.79222],[-98.87377,80.08381],[-99.44888,80.11249]]],[[[-92.77294,81.31769],[-95.23184,81.01533],[-96.77302,80.0727],[-96.54271,79.84837],[-95.61148,79.55903],[-95.64599,79.39427],[-92.58039,79.38475],[-92.62735,79.24543],[-94.27156,78.96821],[-92.95275,78.43671],[-92.11632,78.22696],[-90.88414,78.1446],[-89.71349,78.22614],[-88.77001,78.18553],[-88.55118,78.43281],[-87.85879,78.69269],[-84.91861,79.29597],[-85.56379,79.57978],[-87.18871,79.62783],[-86.97126,79.88158],[-87.70055,80.41258],[-90.63923,80.56851],[-91.82909,81.16193],[-92.77294,81.31769]]],[[[-69.68753,83.11652],[-72.59162,83.10236],[-74.20002,83.00214],[-76.13549,83.0537],[-78.42056,82.8723],[-79.34048,82.97553],[-81.57616,82.79125],[-82.71158,82.38146],[-85.76187,82.46747],[-85.35062,82.29027],[-86.84797,82.22057],[-86.96475,82.0515],[-88.68073,82.05842],[-91.70853,81.73436],[-89.82616,81.01305],[-86.52188,81.12523],[-86.69921,81.00544],[-88.41316,80.99877],[-89.38638,80.87889],[-88.10106,80.68077],[-86.11783,80.53681],[-84.39704,80.51],[-81.21711,80.62767],[-80.35232,80.47264],[-83.15921,80.33544],[-83.78787,80.25092],[-86.43773,80.32001],[-86.44986,79.75422],[-85.32156,79.67967],[-84.4866,79.41271],[-84.32962,79.19237],[-85.75731,78.83165],[-86.60985,78.80927],[-87.48245,78.45197],[-87.48786,78.12718],[-86.22769,78.06212],[-86.21557,77.79328],[-87.19205,77.90453],[-88.18098,77.80146],[-88.1883,77.64037],[-87.4746,77.1114],[-88.29361,77.13634],[-89.53718,76.85676],[-89.65673,76.56542],[-89.1702,76.42418],[-87.62991,76.33556],[-86.21736,76.37499],[-85.24909,76.31611],[-84.23502,76.44676],[-82.80085,76.38996],[-81.93529,76.49498],[-80.77249,76.41999],[-80.66723,76.16405],[-78.14135,76.52717],[-77.71622,76.82197],[-78.09085,77.02281],[-78.8675,76.92442],[-79.4324,77.23859],[-78.28913,77.37755],[-77.73681,77.60082],[-77.9807,77.81672],[-76.88069,77.90502],[-75.58194,78.11302],[-75.1077,78.37547],[-74.77375,78.83482],[-75.74429,78.89716],[-74.46874,79.22716],[-75.02798,79.37328],[-71.1424,79.7895],[-70.21076,80.18818],[-68.27937,80.75987],[-64.69213,81.39081],[-64.37259,81.72496],[-61.31241,82.19721],[-61.57889,82.48888],[-63.06546,82.5373],[-63.44709,82.82673],[-65.85159,82.84235],[-69.48339,83.04564],[-69.68753,83.11652]]]]}},{"type":"Feature","properties":{"ADMIN":"Switzerland","ISO_A3":"CHE"},"geometry":{"type":"MultiPolygon","coordinates":[[[[9.54748,47.53455],[9.27321,47.65009],[8.90621,47.6518],[8.55822,47.80117],[8.08724,47.56738],[7.6359,47.56459],[7.63703,47.59498],[7.55032,47.5755],[7.48273,47.54227],[7.10373,47.49628],[7.0443,47.3405],[6.66541,47.02129],[6.44263,46.94416],[6.4292,46.76082],[6.06416,46.47112],[6.21412,46.31547],[6.48294,46.44859],[6.76267,46.42926],[6.85393,46.12261],[7.02208,45.92526],[7.54112,45.98412],[7.83123,45.91446],[8.11059,46.12695],[8.42716,46.25144],[8.60183,46.12282],[9.00212,46.03931],[9.22484,46.23118],[9.26319,46.48512],[9.67432,46.2918],[10.13342,46.41402],[10.41722,46.79885],[10.45381,46.86443],[10.1113,46.84712],[9.5812,47.05687],[9.52115,47.2628],[9.54748,47.53455]]]]}},{"type":"Feature","properties":{"ADMIN":"Chile","ISO_A3":"CHL"},"geometry":{"type":"MultiPolygon","coordinates":[[[[-68.34569,-54.99847],[-68.44115,-54.93971],[-69.88598,-55.06357],[-70.03148,-55.15325],[-69.60766,-55.36549],[-69.27212,-55.21347],[-68.85582,-55.2575],[-68.96736,-55.42995],[-68.25251,-55.52451],[-68.23917,-55.29225],[-68.53059,-55.1098],[-68.34569,-54.99847]]],[[[-67.80578,-54.91375],[-68.21154,-54.90797],[-68.15689,-55.19606],[-67.60879,-55.18865],[-67.27062,-55.3069],[-67.06188,-55.07204],[-67.30183,-54.92889],[-67.80578,-54.91375]]],[[[-71.524,-53.98602],[-71.69982,-54.16619],[-71.11388,-54.37982],[-70.99014,-54.2658],[-71.3015,-53.99147],[-71.524,-53.98602]]],[[[-71.86644,-53.88649],[-72.25817,-53.94508],[-71.93688,-54.24586],[-71.71345,-54.14772],[-71.86644,-53.88649]]],[[[-70.41972,-53.87123],[-70.46953,-53.56631],[-70.88151,-53.84226],[-70.82274,-54.11354],[-70.54044,-54.22161],[-70.33628,-54.0074],[-70.41972,-53.87123]]],[[[-73.01138,-53.48919],[-73.34,-53.54795],[-73.36246,-53.71331],[-72.74307,-53.89365],[-72.54328,-54.10003],[-72.187,-53.77654],[-72.65587,-53.5368],[-73.01138,-53.48919]]],[[[-68.62762,-52.63957],[-69.14025,-52.68377],[-69.37416,-52.47029],[-69.58389,-52.50986],[-69.73435,-52.77446],[-70.00113,-52.84173],[-70.47354,-53.30926],[-70.2567,-53.46103],[-69.67547,-53.35836],[-69.36084,-53.52167],[-70.13695,-53.7387],[-70.07299,-54.24879],[-70.3225,-54.32529],[-70.86034,-54.3178],[-71.01085,-54.44866],[-71.72501,-54.40545],[-71.94001,-54.51084],[-71.28966,-54.67645],[-70.23974,-54.85784],[-69.79491,-54.78769],[-69.06701,-54.94883],[-68.65414,-54.88624],[-68.64199,-54.79917],[-68.64188,-54.78297],[-68.63475,-53.71088],[-68.62762,-52.63957]]],[[[-74.47549,-50.79974],[-74.87865,-50.88633],[-74.89322,-51.04925],[-74.38557,-50.98105],[-74.47549,-50.79974]]],[[[-75.29162,-50.0289],[-75.46093,-50.35003],[-75.05932,-50.29778],[-74.95214,-50.10882],[-75.29162,-50.0289]]],[[[-74.68098,-48.72666],[-75.0515,-48.85703],[-74.80451,-49.10394],[-74.93017,-49.31422],[-75.46727,-49.3327],[-75.13394,-49.85833],[-74.86775,-50.01621],[-74.48546,-49.95306],[-74.42052,-49.68963],[-74.53637,-49.50799],[-74.44815,-49.32244],[-74.5255,-48.72283],[-74.68098,-48.72666]]],[[[-74.7213,-48.22194],[-74.94713,-48.61956],[-74.621,-48.69183],[-74.5869,-48.40342],[-74.7213,-48.22194]]],[[[-75.12047,-48.10263],[-75.15583,-48.31219],[-74.83739,-48.34482],[-74.82782,-48.14549],[-75.12047,-48.10263]]],[[[-75.34911,-48.05918],[-75.58532,-48.08571],[-75.555,-48.37859],[-75.0987,-48.46592],[-75.34911,-48.05918]]],[[[-74.7211,-45.80983],[-75.11295,-45.88567],[-75.07433,-46.09385],[-74.76635,-45.98886],[-74.7211,-45.80983]]],[[[-73.84557,-45.00123],[-74.20694,-45.04266],[-74.00739,-45.23211],[-73.84557,-45.00123]]],[[[-73.92683,-44.62884],[-74.40054,-44.62607],[-74.27969,-44.80381],[-73.92683,-44.62884]]],[[[-72.93391,-44.45094],[-73.26122,-44.47723],[-73.46813,-44.64251],[-73.40758,-44.82244],[-73.14745,-44.91188],[-72.83764,-44.71014],[-72.72118,-44.52801],[-72.93391,-44.45094]]],[[[-73.95458,-41.81072],[-74.18962,-42.43191],[-74.12751,-42.67113],[-74.22952,-43.02288],[-74.40099,-43.26043],[-73.877,-43.42196],[-73.68173,-43.3811],[-73.72142,-43.1417],[-73.51667,-42.78924],[-73.80915,-42.60866],[-73.48908,-42.1456],[-73.53702,-41.84002],[-73.95458,-41.81072]]],[[[-67.1939,-22.82222],[-67.54711,-22.8925],[-67.87634,-22.83359],[-67.85872,-22.56684],[-67.99019,-22.05762],[-68.09623,-21.95396],[-68.19844,-21.57186],[-68.20754,-21.28433],[-68.41631,-20.9598],[-68.57196,-20.87237],[-68.48163,-20.64303],[-68.68554,-20.51683],[-68.77554,-20.08968],[-68.58834,-20.05557],[-68.55351,-19.85786],[-68.69841,-19.74634],[-68.49636,-19.4584],[-68.98961,-18.94649],[-68.95465,-18.85699],[-69.14084,-18.03078],[-69.50611,-17.58513],[-69.51004,-17.50659],[-69.85756,-17.73417],[-69.7831,-17.9816],[-69.97034,-18.25063],[-70.3947,-18.33775],[-70.30356,-18.44544],[-70.3566,-18.77337],[-70.28775,-19.30096],[-70.15119,-19.71941],[-70.12328,-20.0722],[-70.20564,-20.73935],[-70.05869,-21.43338],[-70.15197,-21.66481],[-70.29703,-22.91774],[-70.56225,-23.05983],[-70.58507,-23.4236],[-70.41308,-23.51125],[-70.49852,-23.7846],[-70.50031,-24.09743],[-70.58283,-24.52483],[-70.47273,-24.97527],[-70.44481,-25.3449],[-70.65144,-25.54079],[-70.71036,-25.83538],[-70.63073,-26.00954],[-70.64241,-26.31533],[-70.78864,-26.99627],[-70.95995,-27.16139],[-70.91242,-27.62184],[-71.03869,-27.66644],[-71.13809,-27.94598],[-71.17394,-28.36061],[-71.30187,-28.6749],[-71.52196,-28.94012],[-71.49429,-29.19264],[-71.30724,-29.42116],[-71.28661,-29.91025],[-71.38256,-30.14772],[-71.63923,-30.25221],[-71.71345,-30.61492],[-71.66784,-31.15049],[-71.51496,-31.77549],[-71.54385,-32.19329],[-71.41246,-32.36956],[-71.56823,-33.00189],[-71.72033,-33.16758],[-71.64078,-33.50058],[-72.02684,-34.16269],[-72.05724,-34.65879],[-72.23058,-35.11614],[-72.6466,-35.56658],[-72.59797,-35.81015],[-72.78014,-35.95257],[-72.83235,-36.30804],[-73.00202,-36.7138],[-73.15966,-36.73496],[-73.17333,-37.07635],[-73.28258,-37.21404],[-73.67178,-37.36256],[-73.66808,-37.71941],[-73.4628,-38.09173],[-73.54328,-38.42067],[-73.28344,-39.07529],[-73.24157,-39.48952],[-73.40193,-39.80413],[-73.68322,-39.94248],[-73.78091,-40.43727],[-73.9469,-40.97284],[-73.79817,-41.56569],[-73.65998,-41.7575],[-73.20141,-41.78476],[-72.95726,-41.48358],[-72.64513,-41.72283],[-72.8636,-41.90594],[-72.48803,-42.06471],[-72.80972,-42.24326],[-72.84219,-42.83807],[-72.76106,-43.00905],[-73.11132,-43.46103],[-72.97936,-43.76116],[-73.27774,-44.11004],[-72.68676,-44.48846],[-72.72765,-44.75856],[-73.1171,-44.94834],[-73.46068,-45.26629],[-73.55484,-45.87762],[-73.76985,-46.23455],[-74.18936,-45.79363],[-74.69091,-45.84157],[-74.71337,-45.98447],[-75.7047,-46.63926],[-75.55175,-46.94834],[-75.35261,-46.90057],[-75.43725,-46.64983],[-75.08336,-46.64088],[-74.65087,-46.78834],[-74.26684,-46.78167],[-73.95763,-47.06032],[-74.3247,-47.21893],[-74.73624,-47.70452],[-74.62841,-47.76775],[-73.70971,-47.77606],[-73.8911,-48.02223],[-74.41539,-47.98366],[-74.19713,-48.47332],[-74.39216,-48.59905],[-74.42414,-49.37119],[-74.25072,-50.08099],[-74.57372,-50.0993],[-74.12609,-50.76247],[-74.25642,-50.93939],[-73.93432,-51.39935],[-73.9042,-51.61175],[-73.68041,-51.76922],[-73.54003,-52.05527],[-73.53091,-52.45696],[-73.26891,-52.6736],[-73.32726,-53.07147],[-72.9536,-53.02361],[-73.00528,-52.83327],[-72.79084,-52.7527],[-72.65612,-52.52166],[-71.57161,-52.56128],[-71.85053,-52.69471],[-72.16087,-52.65212],[-72.56225,-52.83367],[-72.96036,-52.82497],[-72.89102,-53.05682],[-73.19909,-53.24082],[-72.52253,-53.54437],[-72.46695,-53.28314],[-71.5308,-52.86666],[-71.25414,-53.01678],[-71.83495,-53.25205],[-72.2823,-53.24277],[-72.45328,-53.40732],[-72.05346,-53.70696],[-71.22875,-53.87469],[-70.97362,-53.75604],[-70.99275,-53.38299],[-70.81212,-52.82138],[-70.58304,-52.672],[-69.84658,-52.48654],[-69.23471,-52.20314],[-68.44844,-52.34689],[-69.21226,-52.13795],[-69.95275,-52.00742],[-71.9177,-51.99006],[-72.28114,-51.70149],[-72.38222,-51.1606],[-72.26347,-50.83628],[-72.30284,-50.6489],[-72.77842,-50.61965],[-73.09608,-50.77065],[-73.26185,-50.5566],[-73.32294,-50.26835],[-73.53057,-50.14081],[-73.4651,-49.75996],[-73.58659,-49.53],[-73.45786,-49.30769],[-73.17132,-49.18935],[-73.00972,-48.99039],[-72.59233,-48.79113],[-72.57678,-48.45213],[-72.32563,-48.28553],[-72.34305,-48.07045],[-72.54391,-47.9148],[-72.00984,-47.19815],[-71.93413,-46.79952],[-71.68717,-46.69007],[-71.77016,-46.11264],[-71.61229,-45.97053],[-71.79853,-45.73995],[-71.31153,-45.29946],[-71.58873,-44.97813],[-71.33598,-44.80161],[-71.12266,-44.5303],[-71.20978,-44.42757],[-71.82205,-44.40318],[-71.85874,-44.1078],[-71.65988,-43.92631],[-71.8192,-43.75805],[-71.72376,-43.59475],[-71.93734,-43.45688],[-71.74298,-43.19013],[-72.14854,-42.99872],[-72.12471,-42.26331],[-71.73626,-42.08389],[-71.92597,-41.62294],[-71.85145,-40.93833],[-71.95558,-40.72036],[-71.80417,-40.42642],[-71.82375,-40.2101],[-71.62485,-39.93105],[-71.71874,-39.62337],[-71.52,-39.615],[-71.40197,-39.236],[-71.41577,-38.93535],[-70.87383,-38.69144],[-71.00998,-38.06553],[-71.18503,-37.70607],[-71.12307,-37.44324],[-71.14534,-36.68825],[-71.04328,-36.48434],[-70.71865,-36.41457],[-70.70312,-36.26006],[-70.38032,-36.04602],[-70.40823,-35.5062],[-70.5429,-35.20927],[-70.38663,-35.16669],[-70.22783,-34.58533],[-70.04035,-34.27703],[-69.83276,-34.24323],[-69.90955,-33.9557],[-69.89537,-33.66229],[-69.78767,-33.37941],[-70.10083,-33.18686],[-70.00022,-32.8766],[-70.14003,-32.76828],[-70.17248,-32.46494],[-70.3218,-32.28015],[-70.2417,-31.96146],[-70.42828,-31.87009],[-70.59137,-31.5496],[-70.4798,-31.09671],[-70.33978,-31.04172],[-70.2171,-30.51514],[-69.90281,-30.31267],[-69.97562,-30.05863],[-69.92909,-29.71829],[-70.04262,-29.36306],[-69.80393,-29.09869],[-69.74085,-28.64063],[-69.65303,-28.39785],[-69.17301,-27.92408],[-69.12433,-27.73443],[-68.80109,-27.11276],[-68.58586,-27.16279],[-68.33048,-27.04496],[-68.32014,-26.87009],[-68.57015,-26.55063],[-68.57516,-26.30351],[-68.41988,-26.17928],[-68.60596,-25.437],[-68.51605,-25.18358],[-68.36737,-25.10338],[-68.57237,-24.76986],[-68.5037,-24.61235],[-68.24449,-24.38538],[-67.36237,-24.03037],[-67.01397,-23.00071],[-67.1939,-22.82222]]]]}},{"type":"Feature","properties":{"ADMIN":"Ivory Coast","ISO_A3":"CIV"},"geometry":{"type":"MultiPolygon","coordinates":[[[[-2.72048,9.45922],[-2.81042,9.41111],[-2.98999,9.70843],[-3.13694,9.82953],[-3.66166,9.94893],[-4.27033,9.74393],[-4.32255,9.6089],[-4.96607,9.90102],[-5.1118,10.27865],[-5.40253,10.30056],[-5.50511,10.41557],[-5.59405,10.45394],[-5.80628,10.41347],[-6.01593,10.18987],[-6.18088,10.21584],[-6.20781,10.63754],[-6.52138,10.56421],[-6.70034,10.34167],[-6.97314,10.33229],[-6.95939,10.1855],[-7.34696,10.2479],[-7.46618,10.42949],[-7.70865,10.40247],[-7.829,10.21165],[-7.98966,10.16199],[-8.17384,9.94187],[-8.16159,9.57564],[-8.08718,9.4154],[-7.86538,9.40992],[-7.95892,8.782],[-7.69159,8.60614],[-7.77102,8.38652],[-7.97054,8.49695],[-8.2003,8.49183],[-8.26598,8.24598],[-8.0217,8.11772],[-8.22898,7.5443],[-8.48545,7.55799],[-8.28411,7.01787],[-8.35176,6.75535],[-8.56611,6.55092],[-8.38881,6.35509],[-7.93489,6.27143],[-7.79965,5.97447],[-7.44654,5.84595],[-7.39363,5.52398],[-7.48892,5.14067],[-7.6055,4.89743],[-7.56431,4.42583],[-7.45678,4.34406],[-6.91417,4.65571],[-5.85131,5.02997],[-5.52481,5.0998],[-4.78466,5.14395],[-4.12548,5.30744],[-3.84089,5.20116],[-3.31216,5.11994],[-2.8437,5.14912],[-2.78088,5.15088],[-2.77489,5.23958],[-2.79613,5.28498],[-2.73267,5.35572],[-2.76171,5.45491],[-2.9695,5.62144],[-3.26251,6.61714],[-3.22494,6.8494],[-3.04593,7.07125],[-2.94152,7.57716],[-2.84,7.82025],[-2.50633,8.20927],[-2.61945,8.92362],[-2.77484,9.05498],[-2.65981,9.2729],[-2.67567,9.47172],[-2.72048,9.45922]]]]}},{"type":"Feature","properties":{"ADMIN":"Clipperton Island","ISO_A3":"-99"},"geometry":{"type":"MultiPolygon","coordinates":[]}},{"type":"Feature","properties":{"ADMIN":"Cameroon","ISO_A3":"CMR"},"geometry":{"type":"MultiPolygon","coordinates":[[[[15.48105,7.52326],[15.5629,7.79245],[15.44074,7.83942],[15.1837,8.47915],[15.03126,8.65875],[14.34954,9.16836],[13.9476,9.63776],[14.1817,9.97818],[14.44049,9.99531],[14.73246,9.92381],[15.21492,9.98409],[15.38297,9.9302],[15.53614,10.08052],[15.30142,10.31175],[15.06588,10.79311],[15.02123,11.18255],[15.13564,11.53082],[15.04056,12.05565],[14.9031,12.14587],[14.83075,12.61825],[14.49062,12.88635],[14.41817,13.08114],[14.06491,13.07799],[14.17984,12.3856],[14.51439,12.32354],[14.66994,12.16742],[14.54653,11.71861],[14.59377,11.49643],[14.16547,11.23833],[13.98233,11.27626],[13.75485,11.01672],[13.56628,10.67901],[13.43492,10.15341],[13.24796,10.07941],[13.26294,9.80173],[13.19545,9.54221],[12.86204,9.38289],[12.80571,8.8315],[12.66039,8.65932],[12.377,8.59511],[12.24998,8.41876],[12.19779,7.97517],[12.02498,7.59659],[11.78024,7.24106],[11.88132,7.10205],[11.62325,6.93229],[11.50977,6.61231],[11.31949,6.43728],[11.09708,6.44912],[11.05594,6.70037],[10.83188,6.94521],[10.60254,7.05807],[10.49598,6.87467],[10.23842,6.871],[10.11946,6.99441],[9.76982,6.77372],[9.58813,6.50273],[8.85587,5.8475],[8.8937,5.62175],[8.79893,5.15963],[8.61217,4.83188],[8.50506,4.55093],[8.70167,4.50129],[8.87192,4.60248],[8.9712,4.10078],[9.41212,3.90217],[9.57936,4.01301],[9.6421,3.53905],[9.90309,3.27289],[9.95802,3.08222],[9.87778,2.88142],[9.81085,2.26488],[9.991,2.16561],[11.32208,2.16576],[11.35164,2.30058],[12.20264,2.27955],[12.33401,2.30958],[12.7499,2.23671],[13.24289,2.27149],[13.29839,2.21583],[13.29457,2.16106],[13.62034,2.15811],[14.26696,2.15243],[14.56214,2.20881],[15.09162,1.98443],[15.23373,2.0313],[15.76465,1.90872],[15.88991,1.79328],[16.15904,1.7348],[16.06489,1.97895],[16.19666,2.23645],[16.09031,2.51049],[16.09238,2.86329],[15.91399,3.09795],[15.78563,3.10798],[15.1713,3.75897],[15.00056,4.40319],[14.71727,4.62202],[14.66322,5.14183],[14.5239,5.27968],[14.63108,5.73805],[14.58477,5.92341],[14.3977,6.01917],[14.53496,6.19009],[14.71903,6.25786],[14.93245,6.71029],[15.04221,6.79078],[15.22391,7.24752],[15.48105,7.52326]]]]}},{"type":"Feature","properties":{"ADMIN":"Cyprus No Mans Area","ISO_A3":"-99"},"geometry":{"type":"MultiPolygon","coordinates":[[[[34.01229,35.0638],[33.90651,35.0691],[33.89812,35.06127],[34.02196,35.05701],[34.01229,35.0638]]],[[[33.67944,35.03389],[33.40032,35.19775],[33.19025,35.18995],[33.09584,35.16974],[32.85492,35.07915],[32.71139,35.18163],[32.69155,35.18371],[32.71271,35.13377],[32.8065,35.09481],[32.81586,35.06277],[32.92195,35.07228],[33.41592,35.16034],[33.70293,34.98794],[33.67944,35.03389]]]]}},{"type":"Feature","properties":{"ADMIN":"Democratic Republic of the Congo","ISO_A3":"COD"},"geometry":{"type":"MultiPolygon","coordinates":[[[[27.4413,5.07073],[27.34275,5.10059],[27.11636,5.2003],[26.76062,5.08811],[26.46265,5.05964],[26.12996,5.25888],[26.02692,5.18997],[25.73278,5.25888],[25.58126,5.37492],[25.36365,5.31056],[25.30763,5.03228],[24.66436,4.9244],[24.45962,5.10744],[24.1629,4.90779],[23.56655,4.72444],[23.38837,4.58727],[23.16875,4.73811],[22.89837,4.82358],[22.78603,4.72465],[22.49271,4.17404],[22.20725,4.15032],[21.72294,4.29514],[21.53815,4.24465],[20.87152,4.45337],[20.60311,4.40973],[20.45232,4.52892],[20.33894,4.77191],[19.71955,5.13597],[19.40898,5.13039],[19.08331,4.90934],[18.72106,4.37736],[18.53709,4.30607],[18.6453,3.98245],[18.593,3.70977],[18.62639,3.47687],[18.61305,3.12818],[18.07242,2.16002],[18.07138,1.55146],[17.86664,1.01663],[17.93992,0.36127],[17.71637,-0.1958],[17.74954,-0.52343],[17.29768,-1.02107],[17.02866,-1.09445],[16.83973,-1.26251],[16.52254,-1.86175],[16.23129,-2.12902],[16.17692,-2.28684],[16.2256,-2.63524],[16.17703,-2.88246],[16.20772,-3.36191],[15.88299,-3.94534],[15.56683,-4.03805],[15.45893,-4.21385],[15.20396,-4.33901],[14.83117,-4.81505],[14.63449,-4.90363],[14.39646,-4.85588],[14.34996,-4.5669],[14.46654,-4.44805],[14.36856,-4.27845],[13.95494,-4.49187],[13.71103,-4.46448],[13.6901,-4.69113],[13.39265,-4.88533],[13.11236,-4.57693],[13.0737,-4.63532],[12.8332,-4.72266],[12.53069,-5.16268],[12.50898,-5.72626],[12.21055,-5.76346],[12.4495,-6.05193],[12.72261,-5.97926],[12.82244,-5.82977],[13.18391,-5.85643],[14.70373,-5.8814],[16.31573,-5.85463],[16.59736,-5.9247],[16.72676,-6.18918],[16.73079,-6.56983],[16.92696,-6.88857],[16.9961,-7.29795],[17.53653,-8.01512],[18.09815,-8.10927],[18.1766,-7.9992],[19.35554,-8.00199],[19.52184,-7.00195],[20.2943,-7.00195],[20.61149,-6.91596],[20.52054,-7.28638],[21.78495,-7.28338],[21.8541,-7.586],[21.7585,-8.01512],[21.93595,-8.41303],[21.85988,-8.84638],[21.8541,-9.61781],[22.15992,-9.93149],[22.3134,-10.36856],[22.32239,-10.74219],[22.1655,-10.85236],[22.28177,-11.23673],[22.53757,-11.03715],[23.01434,-11.10247],[23.49482,-10.96429],[23.83372,-11.02847],[23.96746,-10.87231],[24.12424,-11.04325],[24.3818,-11.12056],[24.31007,-11.40664],[24.56473,-11.44467],[24.67408,-11.34163],[25.2788,-11.19994],[25.35197,-11.64611],[25.8507,-11.7938],[25.99405,-11.9048],[26.41459,-11.91183],[26.64352,-11.98552],[26.96733,-11.87039],[27.01027,-11.60983],[27.18013,-11.56963],[27.23418,-11.8091],[27.42073,-11.92196],[27.63819,-12.29362],[27.93388,-12.30333],[28.42274,-12.5213],[28.58397,-12.88872],[28.66789,-12.84934],[28.90343,-13.1623],[28.99397,-13.39593],[29.16895,-13.43386],[29.5744,-13.22539],[29.60169,-13.37443],[29.79764,-13.42424],[29.7993,-12.15409],[29.47425,-12.24266],[29.44655,-12.33506],[29.03035,-12.37619],[28.83501,-12.09218],[28.49715,-11.85736],[28.35701,-11.44695],[28.43959,-11.34825],[28.56351,-10.81195],[28.69962,-10.64317],[28.63492,-10.51946],[28.62386,-9.95102],[28.66846,-9.82162],[28.51596,-9.37834],[28.3723,-9.23509],[28.76541,-8.93403],[28.93046,-8.67988],[28.91527,-8.47287],[30.75211,-8.19412],[30.65496,-7.92737],[30.44163,-7.59633],[30.3696,-7.31025],[30.09086,-6.89002],[29.73863,-6.65241],[29.52552,-6.2731],[29.47611,-6.00211],[29.60303,-5.78166],[29.59352,-5.62033],[29.37782,-5.08754],[29.32103,-4.83634],[29.40418,-4.4498],[29.33948,-4.09324],[29.21504,-3.89986],[29.23463,-3.04658],[29.02859,-2.7449],[29.00012,-2.70366],[28.9364,-2.68505],[28.85884,-2.4182],[29.15055,-2.15041],[29.14931,-1.79932],[29.3585,-1.50993],[29.57792,-1.38839],[29.556,-0.91948],[29.71181,0.09958],[29.94048,0.49832],[29.92828,0.78502],[30.14512,0.90315],[30.23886,1.136],[30.47827,1.23863],[30.68172,1.50035],[31.02584,1.77824],[31.24283,2.05117],[31.17756,2.30291],[30.87179,2.33206],[30.72493,2.44078],[30.85484,2.89321],[30.74508,3.0363],[30.91003,3.39341],[30.90931,3.49614],[30.86125,3.49821],[30.83954,3.4902],[30.53889,3.84155],[30.20589,3.95038],[30.12269,4.10246],[29.7762,4.40562],[29.7777,4.52386],[29.4941,4.66829],[29.30393,4.38715],[29.1735,4.348],[28.98622,4.49593],[28.75543,4.55399],[28.40414,4.27783],[28.17759,4.34723],[27.77244,4.59582],[27.76686,4.73545],[27.4413,5.07073]]]]}},{"type":"Feature","properties":{"ADMIN":"Republic of Congo","ISO_A3":"COG"},"geometry":{"type":"MultiPolygon","coordinates":[[[[18.62639,3.47687],[18.51342,3.59224],[17.85641,3.5373],[17.45891,3.70828],[17.33437,3.61851],[16.5677,3.46439],[16.47913,2.83631],[16.19666,2.23645],[16.06489,1.97895],[16.15904,1.7348],[15.88991,1.79328],[15.76465,1.90872],[15.23373,2.0313],[15.09162,1.98443],[14.56214,2.20881],[14.26696,2.15243],[13.62034,2.15811],[13.29457,2.16106],[13.29488,2.10109],[13.28113,2.04497],[13.20692,1.99357],[13.12962,1.59246],[13.25023,1.22179],[13.54344,1.28349],[13.79474,1.43444],[14.18387,1.38085],[14.27471,1.15564],[14.46809,0.91323],[14.23182,0.54255],[14.07597,0.53945],[13.87123,0.19642],[13.92114,-0.05297],[13.83123,-0.20541],[14.12144,-0.30215],[14.49899,-0.63092],[14.39181,-1.02335],[14.48214,-1.3886],[14.37383,-1.60409],[14.37073,-1.92128],[14.25218,-1.96758],[14.22697,-2.32311],[14.08093,-2.49995],[13.88497,-2.48848],[13.77066,-2.11909],[13.59336,-2.32683],[13.36102,-2.42884],[13.01066,-2.28777],[12.80457,-1.91911],[12.58319,-1.8265],[12.4231,-1.89761],[12.45927,-2.32993],[12.06229,-2.41499],[11.93837,-2.32911],[11.75606,-2.4151],[11.55824,-2.34936],[11.63679,-2.83326],[11.76371,-2.98261],[11.68753,-3.17102],[11.94437,-3.30321],[11.82778,-3.54805],[11.56982,-3.54495],[11.21252,-3.69729],[11.11402,-3.93686],[11.80641,-4.57712],[11.78163,-4.68041],[12.01807,-5.0086],[12.37762,-4.61941],[12.6081,-4.56504],[12.85428,-4.40309],[13.02719,-4.61217],[13.11236,-4.57693],[13.39265,-4.88533],[13.6901,-4.69113],[13.71103,-4.46448],[13.95494,-4.49187],[14.36856,-4.27845],[14.46654,-4.44805],[14.34996,-4.5669],[14.39646,-4.85588],[14.63449,-4.90363],[14.83117,-4.81505],[15.20396,-4.33901],[15.45893,-4.21385],[15.56683,-4.03805],[15.88299,-3.94534],[16.20772,-3.36191],[16.17703,-2.88246],[16.2256,-2.63524],[16.17692,-2.28684],[16.23129,-2.12902],[16.52254,-1.86175],[16.83973,-1.26251],[17.02866,-1.09445],[17.29768,-1.02107],[17.74954,-0.52343],[17.71637,-0.1958],[17.93992,0.36127],[17.86664,1.01663],[18.07138,1.55146],[18.07242,2.16002],[18.61305,3.12818],[18.62639,3.47687]]]]}},{"type":"Feature","properties":{"ADMIN":"Cook Islands","ISO_A3":"COK"},"geometry":{"type":"MultiPolygon","coordinates":[]}},{"type":"Feature","properties":{"ADMIN":"Colombia","ISO_A3":"COL"},"geometry":{"type":"MultiPolygon","coordinates":[[[[-71.32751,11.85],[-71.11388,12.09439],[-71.2423,12.3277],[-71.65616,12.46532],[-71.90526,12.20767],[-72.13866,12.10456],[-72.26305,11.88597],[-72.75967,11.69709],[-73.29239,11.29401],[-73.82604,11.27676],[-74.18749,11.31696],[-74.21813,11.07909],[-74.36217,10.7757],[-74.50284,10.97431],[-74.84437,11.10967],[-75.03596,10.91669],[-75.50984,10.58584],[-75.5157,10.319],[-75.65779,9.70523],[-75.62063,9.45285],[-75.90998,9.42817],[-76.16812,9.24698],[-76.25626,9.00739],[-76.67321,8.68041],[-76.89371,8.62035],[-76.77009,8.39802],[-76.83226,8.13654],[-77.05281,8.27631],[-77.37352,8.66474],[-77.48036,8.5262],[-77.2012,7.98199],[-77.33974,7.70723],[-77.57999,7.52838],[-77.82018,7.47655],[-77.89584,7.2351],[-77.65274,6.97663],[-77.53181,6.71206],[-77.34301,6.54377],[-77.41511,6.23908],[-77.24645,5.78734],[-77.49083,5.59479],[-77.3592,5.29731],[-77.31957,4.54662],[-77.43517,4.15522],[-77.42504,4.00458],[-77.15148,3.80044],[-77.2049,3.62124],[-77.45739,3.35615],[-77.64771,3.07385],[-77.75154,2.62726],[-78.08666,2.51057],[-78.43222,2.58703],[-78.70316,2.18981],[-78.58633,2.00039],[-78.57123,1.78221],[-78.84605,1.82159],[-78.99798,1.60794],[-78.82865,1.43433],[-78.57006,1.19585],[-78.12001,0.92124],[-77.72789,0.84331],[-77.46806,0.65087],[-77.42439,0.4083],[-77.11743,0.35755],[-76.89683,0.24531],[-76.40802,0.25451],[-76.31159,0.45853],[-76.05347,0.36354],[-75.78971,0.08439],[-75.64667,0.08542],[-75.28349,-0.10702],[-75.14169,-0.04346],[-74.93346,-0.20944],[-74.82465,-0.17048],[-74.41266,-0.57314],[-74.28913,-0.94304],[-73.63656,-1.25517],[-73.49716,-1.478],[-73.53099,-1.67375],[-73.18625,-1.79963],[-73.11106,-2.07341],[-73.19529,-2.1872],[-72.94327,-2.41902],[-72.64432,-2.33407],[-72.39658,-2.44652],[-71.96627,-2.32849],[-71.76794,-2.14225],[-71.21986,-2.34151],[-70.99272,-2.19744],[-70.8742,-2.22958],[-70.05063,-2.71513],[-70.73413,-3.78204],[-70.54429,-3.86524],[-70.3111,-3.82927],[-69.96495,-4.23648],[-69.77116,-3.23417],[-69.39945,-1.18272],[-69.62838,-0.73344],[-69.63208,-0.50689],[-69.94436,-0.30546],[-70.07381,-0.1249],[-70.05425,0.58813],[-69.61916,0.65066],[-69.13745,0.65014],[-69.20432,0.94366],[-69.37085,1.06299],[-69.85219,1.05942],[-69.84881,1.66889],[-69.5803,1.77023],[-69.3524,1.72021],[-68.1633,1.72129],[-67.79046,1.81258],[-67.59295,2.05481],[-67.34061,2.09011],[-67.11716,1.70979],[-67.0982,1.25336],[-66.87506,1.22251],[-67.06683,1.89412],[-67.32542,2.47463],[-67.62659,2.81342],[-67.83862,2.88613],[-67.30465,3.42571],[-67.47141,3.68006],[-67.63176,3.76186],[-67.80493,4.26847],[-67.85371,4.57582],[-67.79309,5.06334],[-67.84368,5.29725],[-67.647,5.48336],[-67.60122,5.82058],[-67.42857,6.03847],[-67.57398,6.26623],[-68.63531,6.13588],[-69.06113,6.21784],[-69.2461,6.08066],[-69.44364,6.12224],[-70.09662,6.94444],[-70.31906,6.93829],[-70.7033,7.09993],[-71.18405,6.96257],[-71.6543,7.05337],[-71.83264,6.98645],[-72.081,7.0666],[-72.20621,7.38188],[-72.45131,7.44022],[-72.48779,7.94918],[-72.33576,8.1039],[-72.38677,8.33861],[-72.67543,8.65151],[-72.78307,9.05994],[-72.9364,9.09919],[-73.00972,9.29538],[-73.37782,9.16469],[-72.97763,9.83806],[-72.90756,10.45246],[-72.48149,11.13253],[-72.25659,11.16779],[-71.97108,11.66192],[-71.32751,11.85]]]]}},{"type":"Feature","properties":{"ADMIN":"Comoros","ISO_A3":"COM"},"geometry":{"type":"MultiPolygon","coordinates":[]}},{"type":"Feature","properties":{"ADMIN":"Cape Verde","ISO_A3":"CPV"},"geometry":{"type":"MultiPolygon","coordinates":[[[[-23.7399,15.31733],[-23.77208,15.03799],[-23.51138,15.11302],[-23.7399,15.31733]]]]}},{"type":"Feature","properties":{"ADMIN":"Costa Rica","ISO_A3":"CRI"},"geometry":{"type":"MultiPolygon","coordinates":[[[[-83.64436,10.92593],[-83.66303,10.80702],[-83.93332,10.71805],[-84.67645,11.07041],[-84.9314,10.94189],[-85.63115,11.19622],[-85.70174,11.08088],[-85.741,10.9396],[-85.63174,10.62116],[-85.8616,10.34699],[-85.77855,10.0799],[-85.63858,9.90546],[-85.33243,9.82661],[-85.14578,9.61262],[-84.86461,9.82294],[-85.14452,9.99934],[-85.08987,10.17239],[-84.63455,9.78339],[-84.5216,9.51931],[-84.27269,9.48159],[-83.91808,9.29475],[-83.62987,9.03535],[-83.58764,8.83535],[-83.7399,8.62381],[-83.57559,8.44497],[-83.15087,8.36929],[-82.9685,8.22122],[-82.89763,8.03475],[-82.94367,8.24857],[-82.8498,8.62986],[-82.92416,8.7412],[-82.74913,8.97408],[-82.93938,9.05958],[-82.94429,9.43715],[-82.82902,9.60272],[-82.57359,9.57619],[-82.77233,9.66104],[-83.20372,10.12934],[-83.46618,10.49453],[-83.64436,10.92593]]]]}},{"type":"Feature","properties":{"ADMIN":"Coral Sea Islands","ISO_A3":"-99"},"geometry":{"type":"MultiPolygon","coordinates":[]}},{"type":"Feature","properties":{"ADMIN":"Cuba","ISO_A3":"CUB"},"geometry":{"type":"MultiPolygon","coordinates":[[[[-82.859,21.93366],[-83.07348,21.76057],[-82.83556,21.44473],[-82.59463,21.54182],[-82.69017,21.88182],[-82.859,21.93366]]],[[[-75.09501,19.89723],[-74.81298,20.03726],[-74.2674,20.0683],[-74.21361,20.31098],[-74.40111,20.30728],[-74.60521,20.48574],[-74.99836,20.70075],[-75.78392,20.74641],[-75.57848,21.01337],[-75.82177,21.13687],[-76.11677,21.0915],[-76.38756,21.28433],[-76.65355,21.29413],[-77.50756,21.86245],[-77.66466,21.78115],[-77.89501,21.87694],[-78.06505,22.08698],[-78.78185,22.39061],[-79.34179,22.41315],[-79.70018,22.74689],[-80.02457,22.94668],[-80.27961,22.91201],[-80.62222,23.08954],[-81.18489,23.05207],[-81.27221,23.14199],[-82.03319,23.20051],[-82.40689,23.14745],[-82.57551,23.05402],[-83.20763,23.00267],[-83.36937,22.89399],[-84.02111,22.67866],[-84.39102,22.35277],[-84.42927,22.20173],[-84.30517,21.88451],[-83.99303,21.95136],[-83.92545,22.17154],[-83.41547,22.18609],[-83.08609,22.4628],[-82.63295,22.68018],[-81.8775,22.67973],[-81.6835,22.46359],[-82.11874,22.43183],[-81.82445,22.18891],[-81.19758,22.21247],[-80.9921,22.05427],[-80.43725,22.04121],[-80.26993,21.88703],[-79.24942,21.55195],[-78.76651,21.63972],[-78.5633,21.38345],[-78.49474,21.04792],[-78.06554,20.71166],[-77.4934,20.67748],[-77.31485,20.70905],[-77.11343,20.51244],[-77.18175,20.29487],[-77.40136,20.19807],[-77.73721,19.8557],[-76.5244,19.94392],[-76.24816,19.99063],[-75.72183,19.95751],[-75.60473,19.89204],[-75.23286,19.90005],[-75.16019,19.97065],[-75.13704,19.97155],[-75.09501,19.89723]]]]}},{"type":"Feature","properties":{"ADMIN":"Cura\u00e7ao","ISO_A3":"CUW"},"geometry":{"type":"MultiPolygon","coordinates":[]}},{"type":"Feature","properties":{"ADMIN":"Cayman Islands","ISO_A3":"CYM"},"geometry":{"type":"MultiPolygon","coordinates":[]}},{"type":"Feature","properties":{"ADMIN":"Northern Cyprus","ISO_A3":"-99"},"geometry":{"type":"MultiPolygon","coordinates":[[[[34.01229,35.0638],[33.89991,35.16446],[34.03562,35.47138],[33.4275,35.32892],[32.92042,35.39777],[32.71139,35.18163],[32.85492,35.07915],[33.09584,35.16974],[33.19025,35.18995],[33.40032,35.19775],[33.67944,35.03389],[33.71937,35.06277],[33.85357,35.05817],[33.92147,35.0807],[33.91445,35.07305],[33.90651,35.0691],[34.01229,35.0638]]]]}},{"type":"Feature","properties":{"ADMIN":"Cyprus","ISO_A3":"CYP"},"geometry":{"type":"MultiPolygon","coordinates":[[[[34.02196,35.05701],[33.89812,35.06127],[33.84117,35.05109],[33.82939,35.00117],[34.02196,35.05701]]],[[[33.70293,34.98794],[33.41592,35.16034],[32.92195,35.07228],[32.81586,35.06277],[32.8065,35.09481],[32.71271,35.13377],[32.69155,35.18371],[32.65981,35.18708],[32.58481,35.17251],[32.37233,35.04149],[32.41334,34.75349],[32.8845,34.66661],[33.24562,34.69823],[33.60564,34.82176],[33.70293,34.98794]]]]}},{"type":"Feature","properties":{"ADMIN":"Czech Republic","ISO_A3":"CZE"},"geometry":{"type":"MultiPolygon","coordinates":[[[[14.81039,50.85845],[14.77536,50.81297],[14.38189,50.92087],[13.83453,50.72368],[13.60194,50.71215],[12.33649,50.25859],[12.24688,50.04496],[12.52407,49.90497],[12.38362,49.74286],[12.79775,49.32784],[13.81572,48.76643],[14.07483,48.59171],[14.69567,48.58954],[14.91933,48.76157],[14.98206,49.00791],[15.26287,48.98259],[16.03233,48.75806],[16.43572,48.79454],[16.87301,48.71899],[16.94504,48.60417],[17.16746,48.85976],[17.53508,48.81299],[18.1029,49.09225],[18.19003,49.27694],[18.53564,49.48168],[18.8332,49.51026],[18.55921,49.90719],[18.09164,50.01721],[17.83936,49.97364],[17.18544,50.37569],[16.70123,50.09493],[16.33423,50.37186],[16.33164,50.64404],[15.84816,50.67515],[15.34969,50.78372],[15.22711,50.97741],[14.99653,51.00784],[14.98206,50.85907],[14.81039,50.85845]]]]}},{"type":"Feature","properties":{"ADMIN":"Germany","ISO_A3":"DEU"},"geometry":{"type":"MultiPolygon","coordinates":[[[[13.39088,54.65054],[13.16635,54.54938],[13.34702,54.23745],[13.64047,54.58568],[13.39088,54.65054]]],[[[9.4375,54.81041],[8.66082,54.8963],[8.68873,54.7353],[9.01157,54.50633],[8.62916,54.38768],[9.01832,54.09789],[8.86069,53.831],[8.16798,53.55321],[7.95143,53.72191],[7.22608,53.66649],[7.02329,53.45051],[7.19459,53.24502],[7.18362,52.96612],[7.03666,52.64738],[6.69507,52.47561],[7.04823,52.36507],[6.76587,52.1084],[6.71667,51.89926],[5.92804,51.80674],[6.19335,51.50934],[5.98292,51.07469],[5.99491,50.74993],[6.23293,50.58715],[6.33773,50.36809],[6.11749,50.12046],[6.2227,49.88714],[6.5001,49.79448],[6.34531,49.45535],[6.84349,49.21105],[7.64881,49.03572],[8.18873,48.96575],[7.81025,48.61502],[7.75196,48.35534],[7.57264,48.09497],[7.58603,47.58462],[7.63703,47.59498],[7.6359,47.56459],[8.08724,47.56738],[8.55822,47.80117],[8.90621,47.6518],[9.27321,47.65009],[9.54748,47.53455],[9.61262,47.52188],[9.94873,47.52423],[10.30591,47.30218],[10.60791,47.56227],[11.08375,47.38951],[11.62046,47.58965],[12.16564,47.60397],[12.42413,47.69156],[12.74483,47.66536],[12.99123,47.84711],[12.74504,48.12063],[13.71434,48.52322],[13.81572,48.76643],[12.79775,49.32784],[12.38362,49.74286],[12.52407,49.90497],[12.24688,50.04496],[12.33649,50.25859],[13.60194,50.71215],[13.83453,50.72368],[14.38189,50.92087],[14.77536,50.81297],[14.8105,50.87705],[14.86021,50.91684],[15.01948,51.27168],[14.73215,51.51582],[14.58581,51.80389],[14.7614,52.07667],[14.53981,52.42187],[14.64482,52.57692],[14.21601,52.81799],[14.40938,53.27243],[14.26097,53.65621],[13.98422,53.77399],[13.68344,54.16804],[13.47926,54.12519],[12.50196,54.47358],[12.1089,54.18301],[11.65789,54.14224],[11.45899,53.91669],[11.17506,54.01801],[11.0774,54.34223],[10.77711,54.31513],[10.02003,54.54584],[9.97047,54.76264],[9.4375,54.81041]]]]}},{"type":"Feature","properties":{"ADMIN":"Djibouti","ISO_A3":"DJI"},"geometry":{"type":"MultiPolygon","coordinates":[[[[43.24073,11.48786],[43.12306,11.58149],[42.68409,11.58226],[42.75408,11.70795],[43.04151,11.79853],[43.37713,12.00483],[43.41139,12.24177],[43.313,12.47769],[43.11769,12.70791],[42.85209,12.61174],[42.67825,12.36002],[42.37946,12.46591],[41.74911,11.53795],[41.79872,10.97068],[42.39176,11.00589],[42.61562,11.08966],[42.92372,10.99879],[43.24073,11.48786]]]]}},{"type":"Feature","properties":{"ADMIN":"Dominica","ISO_A3":"DMA"},"geometry":{"type":"MultiPolygon","coordinates":[[[[-61.36286,15.20181],[-61.25666,15.28535],[-61.30769,15.57925],[-61.48892,15.53571],[-61.36286,15.20181]]]]}},{"type":"Feature","properties":{"ADMIN":"Denmark","ISO_A3":"DNK"},"geometry":{"type":"MultiPolygon","coordinates":[[[[11.25603,54.95458],[11.03053,54.76065],[11.45183,54.62836],[11.76612,54.64655],[11.72576,54.87336],[11.25603,54.95458]]],[[[10.33839,55.61009],[9.88819,55.50869],[9.88396,55.25349],[10.31275,55.06367],[10.73365,55.07184],[10.82838,55.30659],[10.33839,55.61009]]],[[[12.32846,56.1269],[12.16538,56.10371],[11.76271,55.7495],[11.64088,55.94343],[11.07106,55.67695],[11.24537,55.21479],[12.04664,55.14008],[12.39243,55.25532],[12.24822,55.54613],[12.60222,55.70856],[12.32846,56.1269]]],[[[9.4375,54.81041],[9.73862,54.98086],[9.4944,55.16055],[9.58676,55.42744],[10.24537,55.91462],[10.37696,56.20331],[10.75001,56.21605],[10.96412,56.44843],[10.36085,56.56171],[10.26588,56.9077],[10.53907,57.23672],[10.43043,57.57054],[9.96697,57.59138],[9.41212,57.16543],[8.58627,57.10639],[8.27036,56.84325],[9.1128,57.03864],[9.10597,56.80012],[8.87664,56.76431],[8.60108,56.50113],[8.12241,56.55166],[8.10646,56.11945],[8.38689,55.9265],[8.19361,55.81184],[8.29021,55.58381],[8.61769,55.43793],[8.66082,54.8963],[9.4375,54.81041]]]]}},{"type":"Feature","properties":{"ADMIN":"Dominican Republic","ISO_A3":"DOM"},"geometry":{"type":"MultiPolygon","coordinates":[[[[-71.77623,18.03925],[-71.41723,17.6048],[-71.06111,18.14208],[-70.70385,18.43012],[-70.55285,18.20425],[-70.15807,18.24262],[-69.88366,18.47101],[-69.52526,18.40843],[-69.23632,18.45051],[-68.8496,18.37482],[-68.74299,18.20454],[-68.44433,18.4195],[-68.35619,18.65656],[-68.73974,18.96442],[-69.60847,19.09345],[-69.60294,19.22899],[-69.86799,19.42528],[-69.89794,19.63597],[-70.30134,19.65766],[-71.00088,19.93769],[-71.21207,19.8371],[-71.64859,19.89671],[-71.75744,19.71011],[-71.63911,19.21211],[-71.7837,18.99631],[-71.71885,18.78423],[-71.91217,18.43074],[-71.70934,18.31325],[-71.77623,18.03925]]]]}},{"type":"Feature","properties":{"ADMIN":"Algeria","ISO_A3":"DZA"},"geometry":{"type":"MultiPolygon","coordinates":[[[[9.51971,30.22891],[9.04501,32.07184],[8.31957,32.5606],[8.28288,32.83637],[8.08682,33.09429],[7.75072,33.20766],[7.69315,33.45411],[7.47983,33.8939],[7.51745,34.09503],[7.77428,34.26096],[7.83154,34.41439],[8.23648,34.64765],[8.31368,35.10308],[8.32361,35.65219],[8.24144,35.82774],[8.44401,36.7962],[8.60251,36.93951],[8.23316,36.95808],[7.90846,36.84955],[7.38347,37.08299],[6.90943,36.89305],[6.33872,37.06928],[6.19703,36.90233],[5.57618,36.76138],[5.30437,36.64301],[4.78712,36.89541],[3.82748,36.91291],[3.4607,36.77509],[2.93312,36.80858],[2.63299,36.60513],[2.30983,36.63052],[1.04477,36.48688],[0.12729,36.05077],[-0.12389,35.78693],[-0.34854,35.90705],[-0.68261,35.71735],[-0.82502,35.76854],[-1.19034,35.56615],[-1.26773,35.39033],[-1.76114,35.12962],[-2.22256,35.0893],[-2.19379,35.0036],[-1.78772,34.75669],[-1.87112,34.59665],[-1.67475,34.10596],[-1.71873,33.89809],[-1.61274,33.52147],[-1.67423,33.23797],[-1.49952,33.06021],[-1.42335,32.7424],[-1.0475,32.51701],[-1.21798,32.39262],[-1.24956,32.08166],[-2.51615,32.1322],[-2.93873,32.04864],[-2.82784,31.79459],[-3.65951,31.64782],[-3.67348,31.38923],[-3.81498,31.22052],[-3.55467,30.95593],[-3.64553,30.71132],[-4.37237,30.50864],[-4.62397,30.285],[-4.87556,30.18017],[-5.27393,29.88664],[-5.5395,29.52322],[-5.75616,29.61407],[-6.69965,29.51623],[-6.78351,29.44634],[-7.14693,29.50924],[-7.34961,29.38344],[-7.61945,29.38942],[-8.38349,28.90578],[-8.68239,28.6659],[-8.68239,27.66144],[-8.68239,27.28542],[-7.29704,26.47074],[-6.1399,25.79021],[-4.82161,24.99506],[-3.44854,24.10602],[-2.52323,23.501],[-0.96358,22.48126],[-0.01041,21.85815],[1.14652,21.10171],[1.14528,20.79589],[1.64396,20.52268],[1.77811,20.30429],[2.05634,20.21505],[2.18243,20.2785],[2.4004,20.05655],[2.946,19.94165],[3.21679,19.79406],[3.25823,19.41039],[3.10268,19.15356],[3.30836,18.98168],[4.22861,19.14224],[5.74934,19.4337],[5.83761,19.47863],[6.60996,20.14285],[7.48273,20.87258],[8.63449,21.5515],[9.72331,22.19343],[11.08437,22.99576],[11.96886,23.51735],[11.56713,24.26684],[10.72067,24.5523],[10.45019,24.47693],[10.26033,24.57664],[10.03203,24.85634],[9.9695,25.3954],[9.40116,26.11339],[9.4826,26.35255],[9.83576,26.50422],[9.91059,26.84312],[9.72135,27.29188],[9.93591,27.86672],[9.77695,28.26758],[9.85126,28.786],[9.82615,29.12853],[9.66771,29.60832],[9.28654,30.11713],[9.51971,30.22891]]]]}},{"type":"Feature","properties":{"ADMIN":"Ecuador","ISO_A3":"ECU"},"geometry":{"type":"MultiPolygon","coordinates":[[[[-80.1151,-2.99798],[-79.94579,-2.70664],[-80.21068,-2.72487],[-80.1151,-2.99798]]],[[[-90.24063,-0.50701],[-90.4877,-0.52549],[-90.54455,-0.68157],[-90.33707,-0.77695],[-90.1988,-0.68157],[-90.24063,-0.50701]]],[[[-91.33967,0.15379],[-91.42333,-0.02858],[-91.35196,-0.30722],[-91.09423,-0.56943],[-91.43586,-0.77842],[-91.39973,-1.01849],[-90.9287,-0.97031],[-90.79654,-0.75994],[-90.95604,-0.60711],[-90.96227,-0.44199],[-91.18456,-0.21103],[-91.2093,-0.01067],[-91.33967,0.15379]]],[[[-75.28349,-0.10702],[-75.64667,0.08542],[-75.78971,0.08439],[-76.05347,0.36354],[-76.31159,0.45853],[-76.40802,0.25451],[-76.89683,0.24531],[-77.11743,0.35755],[-77.42439,0.4083],[-77.46806,0.65087],[-77.72789,0.84331],[-78.12001,0.92124],[-78.57006,1.19585],[-78.82865,1.43433],[-78.95775,1.1634],[-79.45653,1.07246],[-80.07584,0.81615],[-80.01696,0.55891],[-80.06646,0.05221],[-80.49646,-0.38137],[-80.42199,-0.5996],[-80.61632,-0.94141],[-80.91618,-1.06552],[-80.74426,-1.34377],[-80.84952,-1.61582],[-80.73302,-1.90399],[-80.74498,-2.10291],[-80.91364,-2.31878],[-80.65665,-2.41579],[-80.32055,-2.71063],[-80.17512,-2.58668],[-79.72509,-2.56976],[-79.9532,-3.19744],[-80.34073,-3.3935],[-80.16526,-3.89005],[-80.48108,-3.99877],[-80.48854,-4.39596],[-80.4085,-4.4775],[-80.07966,-4.30904],[-79.79574,-4.48474],[-79.50721,-4.53156],[-79.45057,-4.8102],[-79.30322,-4.96125],[-79.00928,-4.96011],[-78.85306,-4.65227],[-78.67266,-4.55099],[-78.68243,-4.32692],[-78.50177,-3.95371],[-78.36294,-3.48873],[-77.84902,-2.98064],[-76.68459,-2.57364],[-76.09124,-2.12891],[-75.56003,-1.50259],[-75.41258,-0.92392],[-75.27204,-0.5257],[-75.43423,-0.40302],[-75.45526,-0.16118],[-75.28349,-0.10702]]]]}},{"type":"Feature","properties":{"ADMIN":"Egypt","ISO_A3":"EGY"},"geometry":{"type":"MultiPolygon","coordinates":[[[[34.20027,31.31427],[33.64796,31.11725],[32.73129,31.03876],[32.50953,31.10692],[32.05698,31.07966],[31.79021,31.34345],[31.22096,31.5799],[30.74073,31.4055],[30.36215,31.50873],[30.26775,31.25731],[30.04225,31.3205],[29.50327,30.95669],[29.02809,30.82705],[28.40496,31.08649],[27.89715,31.11441],[27.38347,31.2685],[27.32065,31.38101],[25.82407,31.61494],[25.40187,31.50316],[25.08842,31.61352],[24.86125,31.38036],[24.8595,31.14596],[24.99489,30.7851],[24.90766,30.49866],[24.68834,30.14416],[24.81164,29.89089],[24.87376,29.46833],[24.98124,29.18137],[24.98124,27.6665],[24.98124,26.66452],[24.98124,25.20544],[24.98124,23.16267],[24.98124,21.99535],[26.3438,21.99509],[28.29035,21.99478],[29.45823,21.99463],[31.24841,21.99437],[33.18114,21.99541],[34.3231,21.99545],[35.48644,21.99556],[36.88364,21.99571],[36.89538,22.06613],[36.43982,22.35644],[36.19776,22.65168],[35.88596,22.73569],[35.69531,22.93213],[35.48943,23.49702],[35.51393,23.97712],[35.39186,24.28278],[35.23545,24.40013],[34.54656,25.72504],[34.33872,26.00178],[34.01401,26.61164],[34.00359,26.84894],[33.82537,27.25971],[33.55787,27.53677],[33.51254,27.95905],[33.12648,28.2875],[32.86891,28.57892],[32.6255,28.97272],[32.59148,29.34951],[32.33766,29.59992],[32.56349,29.9724],[32.68084,29.59992],[32.88559,29.24307],[33.14503,29.03172],[33.22869,28.5694],[33.56471,28.29711],[33.76336,28.02399],[34.07846,27.80069],[34.23951,27.79413],[34.42742,27.98306],[34.40691,28.30801],[34.63347,28.7707],[34.73658,29.30512],[34.88673,29.49006],[34.82436,29.7417],[34.24835,31.21145],[34.20027,31.31427]]]]}},{"type":"Feature","properties":{"ADMIN":"Eritrea","ISO_A3":"ERI"},"geometry":{"type":"MultiPolygon","coordinates":[[[[36.52638,14.26352],[36.74807,14.33207],[37.0727,14.2853],[37.29377,14.45744],[37.56497,14.11668],[37.89146,14.87953],[38.0067,14.7244],[38.22932,14.67973],[38.42683,14.41718],[38.86608,14.49366],[39.07547,14.6374],[39.20818,14.44018],[39.4894,14.52449],[39.91119,14.42341],[40.10456,14.46597],[40.42165,14.27376],[40.8332,14.10596],[41.19204,13.61586],[41.7118,13.24793],[41.94662,12.87617],[42.1373,12.77333],[42.37946,12.46591],[42.67825,12.36002],[42.85209,12.61174],[43.11769,12.70791],[43.08644,12.82087],[42.77394,12.86213],[42.73764,13.01773],[42.52068,13.2355],[42.37941,13.22264],[42.28842,13.57461],[42.09962,13.65436],[41.98097,13.8378],[41.67652,13.94025],[41.62094,14.06363],[41.1561,14.64159],[40.80812,14.70283],[40.55421,14.99018],[40.15943,14.98225],[39.87525,15.5041],[39.71827,15.2639],[39.42701,15.82038],[39.23561,16.10871],[39.16334,16.62816],[38.92905,17.39712],[38.60157,18.00483],[38.34374,17.65593],[37.87203,17.43728],[37.50679,17.31848],[37.40343,17.02992],[37.00046,17.0726],[36.98496,16.7657],[36.87726,16.52731],[36.94403,16.25286],[36.67097,15.72312],[36.52493,15.24791],[36.42365,15.11151],[36.52638,14.26352]]]]}},{"type":"Feature","properties":{"ADMIN":"Dhekelia Sovereign Base Area","ISO_A3":"-99"},"geometry":{"type":"MultiPolygon","coordinates":[[[[33.90651,35.0691],[33.91445,35.07305],[33.92147,35.0807],[33.85357,35.05817],[33.71937,35.06277],[33.82939,35.00117],[33.84117,35.05109],[33.89812,35.06127],[33.90651,35.0691]]]]}},{"type":"Feature","properties":{"ADMIN":"Spain","ISO_A3":"ESP"},"geometry":{"type":"MultiPolygon","coordinates":[[[[-15.41564,28.14151],[-15.70621,28.16739],[-15.786,27.84422],[-15.57795,27.73436],[-15.37784,27.85228],[-15.41564,28.14151]]],[[[-16.11775,28.57209],[-16.50714,28.42413],[-16.91606,28.35497],[-16.67634,27.9971],[-16.4277,28.14967],[-16.35551,28.38115],[-16.11775,28.57209]]],[[[-14.24454,28.12922],[-13.96679,28.22797],[-13.84777,28.39741],[-13.83552,28.71548],[-13.99991,28.71674],[-14.24454,28.12922]]],[[[-17.86583,28.84064],[-18.00219,28.74958],[-17.83088,28.45539],[-17.72104,28.73064],[-17.86583,28.84064]]],[[[3.17945,39.96878],[2.93328,39.9145],[2.35768,39.61188],[2.49269,39.47024],[3.0608,39.26907],[3.22104,39.35989],[3.46852,39.73933],[3.12485,39.8111],[3.17945,39.96878]]],[[[-1.79407,43.38602],[-2.36742,43.3157],[-2.75585,43.45026],[-3.11238,43.35407],[-3.55435,43.51691],[-4.18859,43.40538],[-4.73493,43.4171],[-5.42422,43.56114],[-6.22277,43.59589],[-7.23009,43.56863],[-7.36705,43.68008],[-7.77379,43.74258],[-8.05932,43.70942],[-8.50597,43.33153],[-8.84118,43.33893],[-9.2176,43.15534],[-9.07087,42.59614],[-8.82299,42.56953],[-8.79577,42.25825],[-8.89859,42.10175],[-8.7508,41.96898],[-8.22236,42.15363],[-8.04857,41.81639],[-7.72203,41.89925],[-7.25146,41.8637],[-7.14537,41.98749],[-6.65677,41.93307],[-6.55528,41.6749],[-6.20595,41.57028],[-6.818,41.05414],[-6.85712,40.44213],[-7.04311,40.18137],[-6.8797,40.00919],[-7.03577,39.68926],[-7.55729,39.6798],[-7.31353,39.45744],[-7.16749,39.11348],[-6.97329,39.01395],[-7.27043,38.73751],[-7.35921,38.44636],[-7.02399,38.02256],[-7.26862,37.94924],[-7.52969,37.56717],[-7.41442,37.19282],[-7.02937,37.20551],[-6.49958,36.95966],[-6.23489,36.57575],[-6.21837,36.40245],[-6.03677,36.18952],[-5.61177,36.00646],[-5.44551,36.05744],[-5.18655,36.4112],[-4.72277,36.49299],[-4.43326,36.71068],[-3.6011,36.74255],[-3.41515,36.69552],[-2.93326,36.75165],[-2.75666,36.68037],[-2.57689,36.81131],[-2.07116,36.77534],[-1.89867,36.95006],[-1.67089,37.36331],[-1.32374,37.56199],[-0.92516,37.55589],[-0.65453,37.98933],[-0.60949,38.17805],[-0.32942,38.47004],[-0.0902,38.53535],[0.23406,38.75788],[-0.00976,38.8697],[-0.21003,39.07869],[-0.32335,39.51622],[-0.19449,39.71544],[0.54851,40.57233],[0.7142,40.81521],[0.99041,41.0397],[1.53924,41.18745],[2.06031,41.2746],[2.29672,41.46532],[2.7785,41.64558],[3.15017,41.84535],[3.18097,42.43148],[2.9337,42.47023],[2.46489,42.34062],[2.05169,42.35235],[1.70701,42.50278],[1.40759,42.48676],[1.40976,42.54061],[1.4293,42.59539],[1.31912,42.71336],[0.65632,42.83842],[0.60816,42.68799],[-0.03893,42.68515],[-0.30742,42.83183],[-0.56118,42.77354],[-0.75966,42.9465],[-1.27488,43.04683],[-1.4035,43.24333],[-1.79407,43.38602]]]]}},{"type":"Feature","properties":{"ADMIN":"Estonia","ISO_A3":"EST"},"geometry":{"type":"MultiPolygon","coordinates":[[[[22.6408,58.58885],[22.11362,58.49799],[21.86785,58.26459],[22.32342,58.20661],[22.75668,58.24225],[23.08676,58.39496],[23.09108,58.57095],[22.6408,58.58885]]],[[[28.01905,59.48176],[27.8733,59.40762],[26.82691,59.47696],[26.66505,59.55195],[25.68483,59.62865],[25.1941,59.52265],[24.39967,59.47883],[24.09205,59.31257],[23.47088,59.21214],[23.49317,58.67341],[23.74098,58.34309],[24.11166,58.24103],[24.52882,58.35065],[24.40154,57.86647],[25.16697,58.05873],[26.02475,57.77436],[26.49955,57.51582],[26.83855,57.60987],[27.35293,57.5276],[27.67312,57.91282],[27.49535,58.22146],[27.55489,58.39525],[27.41061,58.75486],[27.69441,58.97594],[28.01905,59.48176]]]]}},{"type":"Feature","properties":{"ADMIN":"Ethiopia","ISO_A3":"ETH"},"geometry":{"type":"MultiPolygon","coordinates":[[[[42.37946,12.46591],[42.1373,12.77333],[41.94662,12.87617],[41.7118,13.24793],[41.19204,13.61586],[40.8332,14.10596],[40.42165,14.27376],[40.10456,14.46597],[39.91119,14.42341],[39.4894,14.52449],[39.20818,14.44018],[39.07547,14.6374],[38.86608,14.49366],[38.42683,14.41718],[38.22932,14.67973],[38.0067,14.7244],[37.89146,14.87953],[37.56497,14.11668],[37.29377,14.45744],[37.0727,14.2853],[36.74807,14.33207],[36.52638,14.26352],[36.43657,13.99121],[36.3821,13.57103],[36.23358,13.36164],[36.11442,12.93389],[36.12361,12.72145],[35.72839,12.67437],[35.61687,12.57515],[35.21556,11.89659],[35.04823,11.77138],[35.07314,11.54896],[34.94715,11.27487],[34.93382,10.84531],[34.83852,10.72914],[34.58707,10.87929],[34.27949,10.56551],[34.32486,10.26865],[34.06689,9.53118],[34.09747,8.91584],[34.11185,8.62655],[33.97077,8.44538],[33.69554,8.37288],[33.6001,8.46395],[33.17408,8.40448],[33.20689,8.24074],[32.9898,7.91724],[33.05129,7.80113],[33.46233,7.7495],[33.71606,7.65716],[34.00653,7.40994],[34.03113,7.25537],[34.29758,6.96857],[34.50366,6.89002],[34.52474,6.75287],[34.73352,6.63761],[34.98436,5.84101],[35.09866,5.62247],[35.43022,5.42722],[35.80415,5.31802],[35.75588,5.06344],[35.78451,4.76418],[35.92084,4.61933],[36.04134,4.44368],[36.84409,4.43224],[37.97673,3.72644],[38.10189,3.61265],[38.49691,3.62394],[38.89523,3.51359],[39.43618,3.46237],[39.7451,3.66058],[39.84845,3.86728],[40.76374,4.28493],[41.11452,3.96234],[41.88502,3.97723],[42.13534,4.20008],[42.78977,4.28561],[43.11926,4.6477],[43.52848,4.84157],[43.96897,4.95396],[44.94153,4.91148],[45.93599,5.99669],[46.42392,6.49674],[47.97917,7.99657],[46.97923,7.99657],[45.51441,8.49654],[44.02386,8.98553],[43.6215,9.3369],[43.41903,9.41302],[42.83628,10.20809],[42.69965,10.65855],[42.92372,10.99879],[42.61562,11.08966],[42.39176,11.00589],[41.79872,10.97068],[41.74911,11.53795],[42.37946,12.46591]]]]}},{"type":"Feature","properties":{"ADMIN":"Finland","ISO_A3":"FIN"},"geometry":{"type":"MultiPolygon","coordinates":[[[[28.95408,69.02726],[28.86478,69.2166],[29.34454,69.46439],[29.13122,69.6742],[28.40455,69.80225],[27.86691,70.07531],[27.3118,69.92948],[26.50069,69.91832],[26.03198,69.69668],[25.65164,68.8835],[25.20128,68.81265],[25.11757,68.63767],[23.92901,68.81621],[23.19758,68.61803],[22.59648,68.72464],[21.66289,69.26322],[21.31356,69.29143],[20.62316,69.03636],[22.07217,68.47701],[23.05216,68.29821],[23.49885,67.88216],[23.76519,67.42007],[23.58133,67.15314],[24.00125,66.81243],[23.64231,66.43626],[23.72416,66.20663],[24.1631,65.8227],[25.35182,65.48412],[25.28248,65.19139],[25.44353,64.96678],[24.77312,64.86579],[24.34409,64.53075],[23.72438,64.20893],[23.6045,64.02766],[22.49724,63.62299],[22.37371,63.32136],[21.90553,63.17544],[21.61541,63.20392],[21.38282,62.87458],[21.11354,62.7812],[21.11557,62.49579],[21.33904,62.35554],[21.23658,61.98501],[21.62338,61.54588],[21.54347,61.22508],[21.3357,61.00458],[21.46998,60.6083],[21.77394,60.60395],[22.06446,60.43635],[22.62761,60.37539],[23.23715,59.89802],[24.29591,60.07221],[25.73552,60.24726],[26.09457,60.42333],[26.68735,60.41816],[27.05437,60.54682],[27.4568,60.46369],[27.80787,60.55305],[28.7976,61.09684],[29.20316,61.2459],[29.77914,61.59311],[30.63501,62.18401],[31.22216,62.49172],[31.56952,62.90593],[31.22567,63.19604],[30.48866,63.46212],[29.98078,63.74154],[30.50933,63.99139],[30.55848,64.2197],[30.09313,64.36124],[29.58815,64.99143],[29.82048,65.09365],[29.70287,65.62938],[30.11173,65.71201],[29.90017,66.10806],[29.08916,66.83755],[29.09991,66.99113],[29.91624,67.50813],[30.00941,67.68584],[29.29866,68.08179],[28.66376,68.204],[28.44744,68.51489],[28.95408,69.02726]]]]}},{"type":"Feature","properties":{"ADMIN":"Fiji","ISO_A3":"FJI"},"geometry":{"type":"MultiPolygon","coordinates":[[[[178.27272,-17.35174],[177.83326,-17.36647],[177.38893,-17.64056],[177.43531,-17.74326],[177.25164,-17.95224],[177.33595,-18.10556],[177.82716,-18.23447],[178.1683,-18.24847],[178.27703,-18.14625],[178.68458,-18.07041],[178.5949,-17.92604],[178.60231,-17.65],[178.27272,-17.35174]]],[[[179.90382,-16.23113],[180.0,-16.16895],[180.0,-16.14911],[179.76441,-16.18141],[179.24041,-16.39813],[178.917,-16.47064],[178.60231,-16.77972],[178.70533,-16.99879],[178.8838,-16.85768],[179.26637,-16.68987],[179.29689,-16.80682],[179.90382,-16.71771],[179.85108,-16.50856],[179.90382,-16.23113]]]]}},{"type":"Feature","properties":{"ADMIN":"Falkland Islands","ISO_A3":"FLK"},"geometry":{"type":"MultiPolygon","coordinates":[[[[-59.36486,-51.35491],[-60.02961,-51.39251],[-60.24877,-51.61159],[-60.61018,-51.74277],[-60.39989,-51.9166],[-60.88679,-52.03623],[-60.53661,-52.21705],[-60.25988,-51.98545],[-59.87173,-51.94899],[-59.52253,-51.61834],[-59.36486,-51.35491]]],[[[-58.73351,-51.3283],[-59.0843,-51.40602],[-59.1007,-51.62176],[-59.58129,-51.91131],[-59.38598,-52.11191],[-58.60448,-52.00205],[-58.1444,-51.7623],[-57.86384,-51.72625],[-57.9064,-51.37664],[-58.32909,-51.41627],[-58.73351,-51.3283]]]]}},{"type":"Feature","properties":{"ADMIN":"France","ISO_A3":"FRA"},"geometry":{"type":"MultiPolygon","coordinates":[[[[55.50131,-20.87322],[55.22543,-21.04827],[55.3545,-21.27459],[55.55445,-21.36354],[55.82081,-21.32497],[55.8545,-21.157],[55.65065,-20.89804],[55.50131,-20.87322]]],[[[-51.68322,4.03937],[-51.65071,4.19001],[-51.8015,4.6127],[-51.93126,4.5904],[-52.99458,5.45762],[-53.51732,5.58077],[-53.94435,5.74464],[-54.06111,5.43651],[-54.19046,5.32575],[-54.48212,4.9128],[-54.45081,4.48422],[-54.35515,4.06652],[-53.98882,3.611],[-54.00303,3.4554],[-54.19046,3.1781],[-54.21253,2.77642],[-54.35944,2.50801],[-54.58475,2.34833],[-54.61529,2.32627],[-54.47664,2.21413],[-54.13491,2.11067],[-53.86681,2.30493],[-53.53179,2.24705],[-53.3441,2.34963],[-52.95968,2.17522],[-52.70771,2.35893],[-52.35321,3.05842],[-51.98842,3.70456],[-51.68322,4.03937]]],[[[-60.97899,14.78474],[-61.22883,14.82197],[-61.00597,14.47626],[-60.81041,14.46198],[-60.97899,14.78474]]],[[[9.44939,42.6826],[9.10711,42.7259],[8.66749,42.50971],[8.56577,42.17451],[8.80543,41.90693],[8.69557,41.72944],[8.93572,41.4892],[9.2107,41.44086],[9.40162,41.70645],[9.40317,41.95295],[9.55274,42.11302],[9.52809,42.56354],[9.44939,42.6826]]],[[[5.79068,49.53775],[5.40208,49.60245],[4.98908,49.79055],[4.78827,49.97426],[4.43511,49.93225],[4.21001,50.06015],[4.02273,50.33812],[3.75505,50.34633],[3.27105,50.52694],[3.1462,50.76889],[2.78673,50.72336],[2.62044,50.81649],[2.5218,51.08754],[1.97348,51.00715],[1.58058,50.8688],[1.52101,50.21467],[1.17262,49.961],[0.67482,49.8758],[0.23585,49.72932],[0.25685,49.46406],[-0.21947,49.2801],[-1.07226,49.3968],[-1.39127,49.71271],[-1.81184,49.69074],[-1.88467,49.53091],[-1.61042,49.21589],[-1.5797,48.64326],[-2.31249,48.68696],[-2.63634,48.5388],[-3.07706,48.82827],[-3.51529,48.84195],[-3.614,48.68268],[-3.97399,48.73281],[-4.56363,48.62962],[-4.78336,48.37641],[-4.45763,48.24897],[-4.43464,47.97565],[-3.34512,47.72126],[-3.07384,47.57648],[-2.75821,47.63906],[-2.5017,47.52668],[-2.4049,47.28644],[-1.99258,47.05231],[-2.11876,46.81997],[-1.8048,46.50361],[-1.1796,46.22948],[-1.0487,46.0388],[-1.1942,45.71019],[-1.13996,45.49006],[-1.2473,44.50454],[-1.47688,43.58006],[-1.79407,43.38602],[-1.4035,43.24333],[-1.27488,43.04683],[-0.75966,42.9465],[-0.56118,42.77354],[-0.30742,42.83183],[-0.03893,42.68515],[0.60816,42.68799],[0.65632,42.83842],[1.31912,42.71336],[1.4293,42.59539],[1.46681,42.64146],[1.70701,42.50278],[2.05169,42.35235],[2.46489,42.34062],[2.9337,42.47023],[3.18097,42.43148],[3.05185,42.55488],[3.03899,42.94278],[3.11402,43.10631],[3.38543,43.28392],[3.9393,43.53254],[4.56629,43.37109],[5.33888,43.33429],[5.53784,43.20739],[6.02701,43.0782],[6.6798,43.20155],[7.15162,43.65477],[7.50229,43.79222],[7.69191,44.08465],[7.03345,44.24293],[6.83884,44.50292],[7.01898,44.73887],[6.60273,45.10345],[7.06218,45.21853],[7.16068,45.41092],[6.98281,45.51112],[6.8008,45.82645],[7.02208,45.92526],[6.85393,46.12261],[6.76267,46.42926],[6.48294,46.44859],[6.21412,46.31547],[6.06416,46.47112],[6.4292,46.76082],[6.44263,46.94416],[6.66541,47.02129],[7.0443,47.3405],[7.10373,47.49628],[7.48273,47.54227],[7.55032,47.5755],[7.58603,47.58462],[7.57264,48.09497],[7.75196,48.35534],[7.81025,48.61502],[8.18873,48.96575],[7.64881,49.03572],[6.84349,49.21105],[6.34531,49.45535],[5.9607,49.44132],[5.79068,49.53775]]]]}},{"type":"Feature","properties":{"ADMIN":"Faroe Islands","ISO_A3":"FRO"},"geometry":{"type":"MultiPolygon","coordinates":[]}},{"type":"Feature","properties":{"ADMIN":"Federated States of Micronesia","ISO_A3":"FSM"},"geometry":{"type":"MultiPolygon","coordinates":[]}},{"type":"Feature","properties":{"ADMIN":"Gabon","ISO_A3":"GAB"},"geometry":{"type":"MultiPolygon","coordinates":[[[[9.80437,0.99835],[9.61817,0.80679],[9.30885,0.614],[9.49806,0.29096],[9.35532,0.01618],[9.26743,-0.41237],[9.10084,-0.5997],[8.8003,-0.73366],[9.03004,-1.29909],[9.28533,-1.41579],[9.24431,-1.78582],[9.56577,-2.19256],[9.59702,-2.35223],[9.84254,-2.50058],[9.90244,-2.70043],[10.63543,-3.31365],[10.64643,-3.45191],[10.98463,-3.71461],[11.11402,-3.93686],[11.21252,-3.69729],[11.56982,-3.54495],[11.82778,-3.54805],[11.94437,-3.30321],[11.68753,-3.17102],[11.76371,-2.98261],[11.63679,-2.83326],[11.55824,-2.34936],[11.75606,-2.4151],[11.93837,-2.32911],[12.06229,-2.41499],[12.45927,-2.32993],[12.4231,-1.89761],[12.58319,-1.8265],[12.80457,-1.91911],[13.01066,-2.28777],[13.36102,-2.42884],[13.59336,-2.32683],[13.77066,-2.11909],[13.88497,-2.48848],[14.08093,-2.49995],[14.22697,-2.32311],[14.25218,-1.96758],[14.37073,-1.92128],[14.37383,-1.60409],[14.48214,-1.3886],[14.39181,-1.02335],[14.49899,-0.63092],[14.12144,-0.30215],[13.83123,-0.20541],[13.92114,-0.05297],[13.87123,0.19642],[14.07597,0.53945],[14.23182,0.54255],[14.46809,0.91323],[14.27471,1.15564],[14.18387,1.38085],[13.79474,1.43444],[13.54344,1.28349],[13.25023,1.22179],[13.12962,1.59246],[13.20692,1.99357],[13.28113,2.04497],[13.29488,2.10109],[13.29426,2.18576],[13.29839,2.21583],[13.24289,2.27149],[12.7499,2.23671],[12.33401,2.30958],[12.20264,2.27955],[11.35164,2.30058],[11.32208,2.16576],[11.33634,0.99916],[9.80437,0.99835]]]]}},{"type":"Feature","properties":{"ADMIN":"United Kingdom","ISO_A3":"GBR"},"geometry":{"type":"MultiPolygon","coordinates":[[[[-6.26989,54.09793],[-5.61262,54.25556],[-5.43346,54.46625],[-5.53661,54.65746],[-6.06208,55.07412],[-6.47594,55.24868],[-7.0172,55.07111],[-7.2471,55.06933],[-7.5517,54.7547],[-7.90662,54.66132],[-8.15603,54.43906],[-7.83696,54.20434],[-7.31032,54.11468],[-7.04925,54.41151],[-6.64034,54.16801],[-6.26989,54.09793]]],[[[-6.03352,56.61884],[-6.3275,56.27725],[-5.71996,56.35277],[-6.03352,56.61884]]],[[[-6.3109,57.70283],[-6.70645,57.51093],[-6.71475,57.37661],[-6.31835,57.16104],[-6.02351,57.19575],[-6.15388,57.58954],[-6.3109,57.70283]]],[[[-6.19555,58.35627],[-6.34561,58.4632],[-7.12645,58.12397],[-6.98078,57.73505],[-6.35245,58.03864],[-6.19555,58.35627]]],[[[-3.34789,58.65204],[-4.38239,58.52464],[-4.98819,58.62832],[-5.31078,58.24339],[-5.29263,57.98062],[-5.80736,57.84394],[-5.80777,57.35493],[-5.59944,57.27924],[-5.8317,56.99714],[-5.7355,56.89411],[-6.00341,56.61872],[-5.66739,56.49848],[-5.52253,56.16576],[-5.6964,55.91596],[-5.58121,55.75764],[-4.98314,55.87104],[-4.61779,55.49559],[-5.17081,55.00869],[-4.85912,54.86628],[-3.96418,54.77192],[-3.38793,54.88337],[-3.63419,54.51288],[-3.01757,53.93195],[-2.95173,53.70808],[-3.05826,53.43476],[-3.56233,53.29442],[-4.15152,53.22809],[-4.35823,53.02847],[-4.12987,52.88923],[-4.05313,52.54243],[-4.19713,52.27928],[-4.51382,52.13569],[-5.28893,51.91694],[-4.94103,51.5965],[-4.64538,51.73212],[-4.37926,51.72687],[-4.27245,51.55475],[-3.9746,51.56297],[-3.53917,51.3985],[-2.95958,51.37425],[-3.05753,51.20816],[-3.76915,51.24771],[-4.15233,51.21162],[-4.79247,50.5952],[-5.43798,50.19432],[-5.21036,49.96674],[-5.02038,50.19196],[-4.75211,50.33031],[-4.21614,50.41572],[-4.03295,50.29491],[-3.64562,50.22602],[-3.46727,50.5856],[-2.86482,50.73379],[-1.98371,50.59663],[-1.94929,50.71332],[-1.31729,50.80024],[-0.81281,50.73477],[-0.17317,50.82901],[0.27101,50.74738],[1.35719,51.13101],[1.42384,51.39208],[0.97722,51.34919],[0.92449,51.58832],[1.58229,52.08149],[1.77117,52.48591],[1.64422,52.77582],[1.27467,52.92919],[0.56959,52.96931],[0.37924,52.79084],[0.02215,52.91258],[0.32984,53.08649],[0.13347,53.64265],[-0.56298,54.47736],[-1.10363,54.62466],[-1.27546,54.74844],[-1.57006,55.2862],[-1.63085,55.58511],[-2.14684,55.9173],[-2.96434,56.20563],[-2.21988,56.87263],[-1.9803,57.31928],[-1.75935,57.47358],[-2.10814,57.70498],[-2.43285,57.66812],[-3.49185,57.71312],[-3.83747,57.59296],[-4.03014,57.95319],[-3.22053,58.30557],[-3.01911,58.64033],[-3.34789,58.65204]]]]}},{"type":"Feature","properties":{"ADMIN":"Georgia","ISO_A3":"GEO"},"geometry":{"type":"MultiPolygon","coordinates":[[[[46.43089,41.89044],[45.94756,42.02291],[45.62138,42.22448],[45.69869,42.50759],[45.35597,42.51996],[45.1842,42.67484],[44.85936,42.75951],[44.27201,42.70238],[43.93973,42.55221],[43.80061,42.74646],[43.19434,42.92676],[42.75153,43.17695],[42.42287,43.22899],[42.07529,43.18527],[41.55057,43.22628],[41.38066,43.33477],[41.01179,43.37542],[40.65192,43.53897],[40.23313,43.57577],[39.98598,43.38899],[40.21909,43.31904],[40.33513,43.14086],[40.85597,43.06306],[41.15024,42.79564],[41.50017,42.64057],[41.77394,41.8216],[41.52076,41.51423],[41.80079,41.42569],[41.94796,41.50558],[42.43785,41.43086],[42.56518,41.56713],[42.95772,41.43701],[43.23062,41.17263],[43.44043,41.10659],[43.72971,41.10669],[44.19098,41.23004],[44.55152,41.17702],[45.0024,41.29045],[45.24962,41.4445],[45.4648,41.43019],[45.96916,41.16829],[46.21059,41.20017],[46.49678,41.04483],[46.6948,41.26978],[46.19277,41.61017],[46.43089,41.89044]]]]}},{"type":"Feature","properties":{"ADMIN":"Guernsey","ISO_A3":"GGY"},"geometry":{"type":"MultiPolygon","coordinates":[]}},{"type":"Feature","properties":{"ADMIN":"Ghana","ISO_A3":"GHA"},"geometry":{"type":"MultiPolygon","coordinates":[[[[-0.16611,11.13498],[-0.40589,11.10147],[-0.51648,10.98863],[-1.59868,10.99713],[-2.75071,10.98584],[-2.9325,10.63431],[-2.73675,9.83258],[-2.7953,9.72],[-2.68921,9.48872],[-2.67567,9.47172],[-2.65981,9.2729],[-2.77484,9.05498],[-2.61945,8.92362],[-2.50633,8.20927],[-2.84,7.82025],[-2.94152,7.57716],[-3.04593,7.07125],[-3.22494,6.8494],[-3.26251,6.61714],[-2.9695,5.62144],[-2.76171,5.45491],[-2.73267,5.35572],[-2.79613,5.28498],[-2.77489,5.23958],[-2.78088,5.15088],[-2.8437,5.14912],[-2.69042,5.0102],[-2.3566,4.91962],[-2.09057,4.73713],[-1.74861,4.87718],[-1.56949,5.01878],[-1.04979,5.19868],[-0.79955,5.21483],[-0.37157,5.49274],[0.03452,5.62836],[0.32195,5.7792],[0.72348,5.75544],[0.99529,5.83934],[1.1854,6.10049],[0.76681,6.41935],[0.51928,6.83225],[0.64568,7.32359],[0.50057,7.45505],[0.61229,7.69943],[0.57385,8.20394],[0.70521,8.28275],[0.61632,8.48876],[0.36587,8.77427],[0.53757,9.37765],[0.35461,9.5711],[0.3666,10.30449],[-0.08813,10.63349],[0.01621,11.06258],[-0.16611,11.13498]]]]}},{"type":"Feature","properties":{"ADMIN":"Gibraltar","ISO_A3":"GIB"},"geometry":{"type":"MultiPolygon","coordinates":[]}},{"type":"Feature","properties":{"ADMIN":"Guinea","ISO_A3":"GIN"},"geometry":{"type":"MultiPolygon","coordinates":[[[[-11.38842,12.4039],[-12.07918,12.40813],[-12.36092,12.30561],[-12.77327,12.43506],[-13.07646,12.63592],[-13.72828,12.67339],[-13.6634,12.47578],[-13.68203,12.40033],[-13.96485,12.14789],[-13.72394,12.00278],[-13.72993,11.70983],[-14.01513,11.63712],[-14.27874,11.66508],[-14.52094,11.51289],[-14.68677,11.51072],[-15.02099,10.96747],[-14.74926,10.81611],[-14.46304,10.33002],[-14.15319,10.05565],[-13.94538,9.96695],[-13.62438,9.72028],[-13.56139,9.50898],[-13.32217,9.3454],[-13.27738,9.0586],[-13.02886,9.09598],[-12.95791,9.27243],[-12.7016,9.42023],[-12.50833,9.86038],[-12.14135,9.87488],[-11.9101,9.99252],[-11.1996,9.98216],[-11.16027,9.87276],[-11.0101,9.74274],[-10.85486,9.45526],[-10.67513,9.30646],[-10.6002,8.81902],[-10.48186,8.67247],[-10.63885,8.51989],[-10.51928,8.33479],[-10.28224,8.48463],[-9.68351,8.48705],[-9.57918,8.38729],[-9.42234,8.01579],[-9.35351,7.62243],[-9.4381,7.42156],[-9.23434,7.38131],[-9.11962,7.23796],[-8.92542,7.2486],[-8.72962,7.50869],[-8.48545,7.55799],[-8.22898,7.5443],[-8.0217,8.11772],[-8.26598,8.24598],[-8.2003,8.49183],[-7.97054,8.49695],[-7.77102,8.38652],[-7.69159,8.60614],[-7.95892,8.782],[-7.86538,9.40992],[-8.08718,9.4154],[-8.16159,9.57564],[-8.17384,9.94187],[-7.98966,10.16199],[-8.01571,10.33934],[-8.29554,10.53745],[-8.31114,11.0008],[-8.50576,11.05279],[-8.52756,11.42339],[-8.84723,11.65795],[-8.797,11.91323],[-8.9263,12.06428],[-8.99384,12.38751],[-9.3085,12.34504],[-9.62817,12.17016],[-9.72299,12.02542],[-10.26694,12.21781],[-10.71136,11.89039],[-10.90979,12.20013],[-11.05232,12.20251],[-11.19117,12.01441],[-11.50779,12.19161],[-11.38842,12.4039]]]]}},{"type":"Feature","properties":{"ADMIN":"Gambia","ISO_A3":"GMB"},"geometry":{"type":"MultiPolygon","coordinates":[[[[-16.75365,13.06501],[-16.67353,13.16431],[-15.83332,13.15685],[-15.82267,13.31942],[-15.01507,13.49574],[-14.20169,13.22956],[-13.85104,13.33575],[-13.96749,13.57558],[-14.32995,13.45644],[-14.58554,13.66046],[-14.72858,13.61932],[-14.9158,13.79244],[-15.39407,13.77151],[-15.5182,13.5831],[-16.5614,13.58691],[-16.8297,13.33853],[-16.75365,13.06501]]]]}},{"type":"Feature","properties":{"ADMIN":"Guinea Bissau","ISO_A3":"GNB"},"geometry":{"type":"MultiPolygon","coordinates":[[[[-15.02099,10.96747],[-14.68677,11.51072],[-14.52094,11.51289],[-14.27874,11.66508],[-14.01513,11.63712],[-13.72993,11.70983],[-13.72394,12.00278],[-13.96485,12.14789],[-13.68203,12.40033],[-13.6634,12.47578],[-13.72828,12.67339],[-15.19511,12.67943],[-15.67705,12.43929],[-16.23288,12.45288],[-16.66887,12.35671],[-16.33178,12.00462],[-15.96955,11.76826],[-15.58495,11.85126],[-15.39607,11.53213],[-15.40954,11.1896],[-15.02099,10.96747]]]]}},{"type":"Feature","properties":{"ADMIN":"Equatorial Guinea","ISO_A3":"GNQ"},"geometry":{"type":"MultiPolygon","coordinates":[[[[11.32208,2.16576],[9.991,2.16561],[9.81085,2.26488],[9.79908,1.90111],[9.61752,1.67145],[9.40756,1.28384],[9.58432,1.04295],[9.80437,0.99835],[11.33634,0.99916],[11.32208,2.16576]]],[[[8.76824,3.7517],[8.62794,3.64834],[8.45021,3.27294],[8.69549,3.20856],[8.95753,3.64301],[8.76824,3.7517]]]]}},{"type":"Feature","properties":{"ADMIN":"Greece","ISO_A3":"GRC"},"geometry":{"type":"MultiPolygon","coordinates":[[[[23.90138,35.52717],[23.5735,35.43476],[23.58717,35.23949],[24.40211,35.19111],[24.70753,35.09614],[24.73854,34.93163],[25.60125,35.01358],[26.24098,35.03905],[26.06739,35.2333],[25.83033,35.12238],[25.76637,35.33568],[25.48194,35.29743],[24.72096,35.42723],[24.3401,35.34833],[23.90138,35.52717]]],[[[28.23976,36.43252],[27.89967,36.34016],[27.70069,36.1634],[27.78045,35.89004],[28.13054,36.18545],[28.23976,36.43252]]],[[[20.57179,38.47394],[20.47291,38.18207],[20.7977,38.13129],[20.57179,38.47394]]],[[[23.44223,38.89834],[23.20232,38.8299],[23.63551,38.52855],[23.63852,38.41551],[24.04908,38.39452],[24.07309,38.67939],[23.8576,38.68252],[23.44223,38.89834]]],[[[26.41139,39.32095],[26.34303,39.383],[25.85865,39.25922],[25.88893,39.14472],[26.42416,38.96735],[26.61232,39.04926],[26.41139,39.32095]]],[[[26.33336,41.71304],[26.27393,41.7149],[26.12087,41.35779],[25.55149,41.31567],[25.28572,41.2394],[24.53094,41.54754],[24.04735,41.52574],[23.61244,41.37102],[23.2877,41.3982],[23.11521,41.31267],[22.82603,41.34099],[22.72722,41.16581],[22.18317,41.15992],[21.90908,41.09749],[21.58156,40.86629],[20.96526,40.84939],[21.03668,40.63974],[20.82667,40.46482],[20.64022,40.09011],[20.43279,40.06381],[20.28272,39.7044],[20.19993,39.64006],[20.29282,39.33344],[20.68653,39.07246],[21.02467,38.60847],[21.15561,38.3039],[21.36988,38.40819],[21.53541,38.31395],[21.98764,38.41059],[23.10963,38.21011],[22.8672,37.93952],[22.68043,38.0666],[22.22657,38.18594],[21.9559,38.33674],[21.32594,38.02143],[21.12208,37.83739],[21.54998,37.56147],[21.6823,37.28392],[21.56756,37.15632],[21.70737,36.81802],[22.15317,37.02119],[22.37062,36.67357],[22.76515,36.80419],[22.97242,36.52021],[23.09555,36.80703],[22.75799,37.39826],[22.72316,37.54165],[23.16863,37.61416],[23.09409,37.91104],[23.44996,38.02143],[24.07211,37.68952],[23.95102,38.29092],[23.70997,38.33674],[23.20493,38.68268],[22.76954,38.78482],[23.02329,39.00845],[22.82618,39.22126],[23.10182,39.49738],[22.5713,40.05427],[22.71095,40.51162],[23.29908,40.23542],[23.86817,40.41352],[23.80926,40.78042],[24.11012,40.72785],[24.41554,40.94554],[24.80201,40.85346],[25.29965,40.95185],[25.91863,40.85297],[26.04396,40.73847],[26.35909,40.96468],[26.3317,41.25412],[26.6366,41.37846],[26.59629,41.59754],[26.33336,41.71304]]]]}},{"type":"Feature","properties":{"ADMIN":"Grenada","ISO_A3":"GRD"},"geometry":{"type":"MultiPolygon","coordinates":[]}},{"type":"Feature","properties":{"ADMIN":"Greenland","ISO_A3":"GRL"},"geometry":{"type":"MultiPolygon","coordinates":[[[[-24.50424,83.03286],[-25.64965,83.29755],[-30.64712,83.60175],[-32.20788,83.61347],[-36.7386,83.53803],[-38.6903,83.42548],[-38.86168,83.25666],[-37.62833,83.15355],[-39.43761,82.96182],[-40.6903,82.98652],[-41.74071,83.19465],[-45.1538,83.16234],[-46.55753,82.89289],[-43.7272,82.40689],[-44.70226,82.2578],[-44.39879,82.10521],[-46.00817,82.0362],[-48.73526,82.35814],[-51.10725,82.50991],[-50.58129,82.154],[-49.46451,81.94721],[-50.8907,81.87812],[-53.02375,82.00804],[-54.44074,82.37271],[-58.61091,82.10521],[-61.28108,81.81513],[-60.78685,81.50886],[-61.50154,81.10786],[-62.9768,81.22834],[-64.75353,80.99624],[-65.12475,80.77973],[-66.75841,80.55244],[-67.45543,80.34252],[-67.05012,80.06118],[-64.92601,80.07266],[-65.12857,79.85029],[-64.85985,79.50776],[-66.1171,79.10277],[-66.67886,79.14444],[-69.03392,78.98005],[-69.43863,78.80878],[-72.5902,78.52123],[-72.78429,78.10761],[-70.25544,77.55736],[-69.22256,77.45291],[-67.59166,77.52436],[-66.61343,77.6739],[-66.05337,77.49348],[-66.77278,77.35635],[-68.3695,77.37686],[-69.06188,77.25727],[-70.90331,77.19135],[-71.34561,76.99177],[-70.66015,76.80199],[-68.91031,76.66486],[-69.57726,76.43765],[-68.43253,76.07941],[-66.48713,75.94741],[-65.35448,76.0268],[-64.38121,76.26032],[-63.47692,76.3769],[-62.39761,76.24457],[-60.87255,76.15815],[-59.27221,75.88011],[-59.04162,75.70136],[-58.16674,75.50043],[-58.65954,75.37735],[-58.1315,75.10822],[-56.84602,74.81122],[-56.60338,74.24482],[-55.26911,73.38662],[-55.46569,73.07294],[-54.65026,72.84496],[-54.96833,72.51699],[-55.65128,72.45038],[-54.88345,72.25117],[-55.55175,72.03815],[-55.37011,71.826],[-55.84752,71.72199],[-55.51448,71.44916],[-54.62515,71.3513],[-53.95177,71.43781],[-53.67894,71.7425],[-52.66299,71.67975],[-52.70092,71.52595],[-52.04943,71.24726],[-51.91487,71.02143],[-51.18977,70.88691],[-51.54943,70.43159],[-52.45035,70.70258],[-53.97964,70.82966],[-54.58812,70.68256],[-54.01871,70.41323],[-53.23184,70.35309],[-52.3295,70.05362],[-50.33288,69.88996],[-50.84716,69.62629],[-50.88752,69.17447],[-51.10188,68.8662],[-50.92907,68.67414],[-51.56884,68.52387],[-51.96471,68.58755],[-52.61644,68.52595],[-53.08849,68.31786],[-52.44514,68.18146],[-51.22326,68.27481],[-51.21711,68.07087],[-51.93155,68.04682],[-52.58288,68.19107],[-53.13589,68.10912],[-53.68765,67.81184],[-53.57673,67.51887],[-53.96491,67.10444],[-53.64704,66.91157],[-53.09577,66.93195],[-52.66747,66.69302],[-53.42691,66.64533],[-53.6953,66.35883],[-53.35367,66.11213],[-53.45539,65.96076],[-52.7556,65.67231],[-52.79174,65.53474],[-52.27286,65.44652],[-52.27855,65.0788],[-51.87926,64.83706],[-52.15616,64.67878],[-52.14261,64.22218],[-51.83507,64.22504],[-51.25255,64.7602],[-50.90974,64.68504],[-50.89953,64.40668],[-51.43993,64.08226],[-51.53921,63.68504],[-51.12731,63.49555],[-51.0563,63.18476],[-50.59301,63.23029],[-50.56298,62.9809],[-50.17846,62.76642],[-50.30773,62.49128],[-49.69579,62.26679],[-49.31041,61.99616],[-49.43493,61.84736],[-49.24108,61.60757],[-48.61913,61.21214],[-48.07335,61.08845],[-47.93212,60.84174],[-47.05651,60.86079],[-46.86229,60.80012],[-46.37572,61.08466],[-45.72151,60.73867],[-45.9816,60.58039],[-45.39367,60.51634],[-44.92638,60.32709],[-45.18733,60.21263],[-44.97484,60.03974],[-43.99059,60.19086],[-43.13817,60.08076],[-43.08975,60.25886],[-43.31542,60.43749],[-42.82628,60.61127],[-42.88508,60.8454],[-42.67252,61.02513],[-42.70751,61.29182],[-42.11718,62.00674],[-42.42309,62.81582],[-41.75011,62.84394],[-41.47289,63.22578],[-40.61413,63.80756],[-40.56094,64.10688],[-41.38728,64.17853],[-40.56111,64.51496],[-40.62906,64.69208],[-41.05455,64.87739],[-41.07763,65.06769],[-40.18432,65.0419],[-39.85757,65.23579],[-39.8745,65.50593],[-38.22057,65.64643],[-37.79792,66.04873],[-37.21011,65.7753],[-36.38878,66.01553],[-36.0738,65.93549],[-34.6433,66.38044],[-34.25646,66.58478],[-33.75088,66.98835],[-33.18668,67.55768],[-32.1254,68.05069],[-31.41112,68.11831],[-30.91275,68.04511],[-30.00817,68.12604],[-29.00666,68.3476],[-26.41674,68.65892],[-25.66771,68.87043],[-24.6151,69.2801],[-24.50424,69.33334],[-24.50424,70.27538],[-25.30529,70.41323],[-26.32616,70.19831],[-26.32128,70.37979],[-26.74332,70.48412],[-28.2329,70.37202],[-28.31029,70.56387],[-27.50617,70.94212],[-26.42561,70.97455],[-25.60192,71.16958],[-25.41006,71.35366],[-24.66942,71.27196],[-24.50424,71.19413],[-24.50424,72.45743],[-24.84838,72.72411],[-25.52278,72.84024],[-24.98428,73.02578],[-25.72061,73.13813],[-25.70495,73.2722],[-25.29223,73.47354],[-24.50424,73.54747],[-24.50424,81.78283],[-24.70621,81.7812],[-24.61986,81.98749],[-27.76195,82.06245],[-30.80333,81.8653],[-31.77404,81.96137],[-29.85228,82.13935],[-24.50424,82.26443],[-24.50424,83.03286]]],[[[-24.50424,73.38101],[-25.24352,73.41112],[-25.70726,73.18472],[-24.50424,73.04048],[-24.50424,73.38101]]],[[[-24.50424,72.99396],[-24.53649,72.99189],[-24.52623,72.90168],[-24.50424,72.9013],[-24.50424,72.99396]]],[[[-24.49699,69.33681],[-23.70303,69.71809],[-22.37165,70.11506],[-23.5598,70.11286],[-24.49699,70.27414],[-24.49699,69.33681]]],[[[-24.49699,71.19072],[-24.26488,71.08137],[-23.9298,70.61319],[-23.34545,70.44058],[-22.66088,70.43846],[-21.73005,70.57905],[-21.57242,70.9558],[-21.78498,71.08613],[-21.66796,71.40143],[-22.5314,71.46454],[-22.30508,71.69721],[-22.50341,71.90078],[-24.34203,72.33173],[-24.49699,72.45181],[-24.49699,71.19072]]],[[[-24.49698,72.90117],[-23.16332,72.87792],[-22.65404,72.69807],[-21.90075,72.91596],[-23.23827,73.07526],[-24.49698,72.99443],[-24.49698,72.90117]]],[[[-24.49698,73.03961],[-24.46752,73.03608],[-22.9807,73.10712],[-23.23021,73.25113],[-24.00731,73.36077],[-24.49698,73.38071],[-24.49698,73.03961]]],[[[-24.49698,73.54815],[-24.3754,73.55956],[-22.31408,73.25043],[-21.28091,73.45718],[-20.54328,73.44904],[-20.68859,73.88646],[-22.2294,74.1013],[-21.77164,74.43871],[-20.35733,74.44526],[-20.20067,74.27977],[-19.37438,74.26683],[-18.97476,74.48436],[-20.75817,74.83128],[-20.66784,75.29316],[-19.42724,75.22553],[-19.3815,75.54133],[-19.74938,75.88898],[-19.67243,76.12726],[-21.56725,76.38471],[-21.93545,76.62271],[-20.51342,76.94571],[-18.50219,76.74872],[-18.32445,77.20848],[-20.23013,77.3725],[-20.77477,77.61701],[-20.02038,77.69253],[-20.76057,77.97061],[-21.62999,77.99811],[-20.88976,78.5644],[-20.97899,78.76683],[-19.92585,78.82868],[-19.91055,79.01826],[-18.95519,79.14899],[-19.56591,79.38593],[-19.20775,79.70848],[-20.42309,79.83959],[-19.47435,80.2602],[-17.87287,80.16112],[-16.44734,80.21931],[-15.78917,80.40469],[-16.89623,80.58369],[-15.4204,80.64838],[-11.63858,81.38841],[-12.02766,81.63727],[-13.92048,81.8122],[-16.48522,81.74946],[-17.14684,81.4134],[-19.24633,81.55475],[-21.36278,81.20038],[-21.02562,81.77163],[-21.38842,82.08344],[-23.19542,82.02228],[-23.30773,81.79255],[-24.49697,81.78289],[-24.49698,73.54815]]],[[[-24.49697,82.2646],[-23.88671,82.27888],[-22.43733,82.33999],[-21.31851,82.60554],[-23.66222,82.83828],[-24.49696,83.03118],[-24.49697,82.2646]]],[[[-37.39688,65.82323],[-37.95434,65.79637],[-37.7379,65.5694],[-37.31306,65.67935],[-37.39688,65.82323]]],[[[-52.7281,69.92866],[-53.26598,70.2023],[-54.45303,70.3133],[-54.82917,70.20083],[-54.76675,69.96955],[-54.99275,69.70197],[-54.73738,69.58906],[-53.88109,69.5611],[-53.58739,69.23908],[-52.14159,69.47728],[-51.83642,69.63178],[-51.99816,69.80508],[-52.7281,69.92866]]],[[[-25.47802,70.77123],[-25.70377,71.08584],[-26.66251,70.89647],[-27.06749,70.89354],[-28.0677,70.43073],[-26.5751,70.52383],[-25.30114,70.65729],[-25.47802,70.77123]]],[[[-23.93041,72.88154],[-24.48526,72.82656],[-24.3518,72.59129],[-23.06509,72.31],[-22.67516,72.36164],[-22.71752,72.63471],[-23.1468,72.8402],[-23.93041,72.88154]]],[[[-20.94237,74.43037],[-21.84,74.35122],[-21.93293,74.20767],[-21.02546,74.09634],[-20.16153,74.16877],[-20.94237,74.43037]]],[[[-17.80289,75.31428],[-18.79727,75.33625],[-18.9276,75.04678],[-17.81338,75.08885],[-17.80289,75.31428]]],[[[-17.31444,79.97834],[-17.74083,80.09121],[-19.35749,79.87067],[-18.48522,79.6861],[-17.31444,79.97834]]],[[[-45.98841,82.64053],[-47.69807,82.64378],[-46.87597,82.36001],[-45.07042,82.22256],[-44.42211,82.38467],[-45.98841,82.64053]]]]}},{"type":"Feature","properties":{"ADMIN":"Guatemala","ISO_A3":"GTM"},"geometry":{"type":"MultiPolygon","coordinates":[[[[-89.1605,17.81431],[-90.9909,17.80196],[-90.99199,17.25192],[-91.29042,17.18908],[-91.06687,16.91819],[-90.73531,16.74658],[-90.64818,16.52959],[-90.39879,16.34758],[-90.48574,16.0707],[-91.72378,16.06879],[-92.20465,15.28951],[-92.16173,14.70233],[-92.24623,14.54628],[-91.76256,14.18017],[-91.31646,13.95568],[-90.70728,13.92889],[-90.09298,13.7289],[-90.09904,13.85851],[-89.88012,14.04268],[-89.53094,14.22557],[-89.36162,14.41548],[-89.1445,14.7083],[-89.17277,15.04221],[-88.97343,15.14039],[-88.23492,15.70158],[-88.44791,15.85871],[-88.62597,15.75389],[-88.91397,15.89395],[-89.23651,15.89391],[-89.1492,17.03627],[-89.1605,17.81431]]]]}},{"type":"Feature","properties":{"ADMIN":"Guam","ISO_A3":"GUM"},"geometry":{"type":"MultiPolygon","coordinates":[]}},{"type":"Feature","properties":{"ADMIN":"Guyana","ISO_A3":"GUY"},"geometry":{"type":"MultiPolygon","coordinates":[[[[-56.48182,1.94161],[-56.70519,2.02964],[-57.17462,2.81895],[-57.28355,3.3438],[-57.56514,3.34982],[-57.82977,3.66244],[-58.03214,3.98772],[-58.06769,4.15114],[-57.83742,4.65088],[-57.9185,4.82976],[-57.72048,4.9898],[-57.31523,5.0261],[-57.32412,5.33859],[-57.25694,5.46409],[-57.16152,5.63891],[-57.16731,6.08511],[-57.28982,6.23474],[-57.59858,6.42725],[-58.06786,6.8217],[-58.39843,6.88337],[-58.48502,7.01081],[-58.46422,7.3122],[-59.16515,8.05874],[-60.02099,8.55801],[-59.81559,8.28776],[-60.01946,8.06031],[-60.37476,7.82361],[-60.50328,7.82087],[-60.73058,7.52543],[-60.64306,7.2209],[-60.29234,7.10525],[-60.42096,6.94221],[-61.20479,6.59583],[-61.12156,6.18665],[-61.37961,5.9053],[-60.73985,5.20214],[-60.45636,5.1747],[-60.21343,5.26722],[-59.9831,5.08594],[-60.0877,4.60752],[-59.68674,4.38118],[-59.73847,4.20277],[-59.52923,3.93191],[-59.68013,3.70169],[-59.83766,3.60929],[-59.82849,3.38341],[-59.95938,3.06648],[-60.00008,2.69405],[-59.90313,2.3596],[-59.7417,2.26379],[-59.76454,1.92053],[-59.24214,1.3778],[-58.89787,1.21781],[-58.51893,1.26726],[-58.51366,1.43888],[-58.33191,1.59339],[-58.02723,1.51686],[-57.991,1.65042],[-57.56116,1.70897],[-57.42949,1.9003],[-57.10449,2.02145],[-56.80648,1.87358],[-56.48182,1.94161]]]]}},{"type":"Feature","properties":{"ADMIN":"Hong Kong S.A.R.","ISO_A3":"HKG"},"geometry":{"type":"MultiPolygon","coordinates":[]}},{"type":"Feature","properties":{"ADMIN":"Heard Island and McDonald Islands","ISO_A3":"HMD"},"geometry":{"type":"MultiPolygon","coordinates":[]}},{"type":"Feature","properties":{"ADMIN":"Honduras","ISO_A3":"HND"},"geometry":{"type":"MultiPolygon","coordinates":[[[[-83.13044,14.99701],[-83.40803,15.26642],[-83.77453,15.28571],[-84.29464,15.81101],[-84.66005,15.77449],[-84.67655,15.8762],[-84.99995,15.98794],[-85.48858,15.86957],[-85.7032,15.97647],[-86.47057,15.80419],[-86.87873,15.76415],[-87.34508,15.85033],[-87.50963,15.79865],[-87.72216,15.92292],[-88.23492,15.70158],[-88.97343,15.14039],[-89.17277,15.04221],[-89.1445,14.7083],[-89.36162,14.41548],[-89.0266,14.3113],[-88.488,13.86533],[-88.08754,13.98054],[-87.71263,13.80045],[-87.81716,13.40656],[-87.62243,13.423],[-87.31403,12.98156],[-86.94841,13.06969],[-86.91079,13.23958],[-86.70186,13.3142],[-86.7662,13.74526],[-86.4101,13.74903],[-86.09673,14.04408],[-85.82416,13.84768],[-85.43173,14.13283],[-85.02964,14.58896],[-85.00199,14.74068],[-84.77017,14.80514],[-84.48269,14.61947],[-83.86948,14.77711],[-83.39031,15.03097],[-83.13044,14.99701]]]]}},{"type":"Feature","properties":{"ADMIN":"Croatia","ISO_A3":"HRV"},"geometry":{"type":"MultiPolygon","coordinates":[[[[18.90131,45.9312],[18.76333,45.88397],[18.41172,45.7432],[17.88979,45.79214],[17.34533,45.9557],[16.83766,46.38187],[16.58372,46.47065],[16.5153,46.50171],[16.34415,46.54698],[16.19181,46.36978],[15.6613,46.21532],[15.66605,45.83167],[15.24892,45.71184],[15.31403,45.45051],[14.66849,45.53397],[13.889,45.42364],[13.58953,45.48884],[13.64381,45.0705],[13.97267,44.82665],[14.32976,45.35399],[14.8274,45.11396],[14.90138,44.69017],[15.30795,44.3544],[15.14454,44.19546],[15.46608,43.9217],[15.93116,43.6765],[16.09848,43.48005],[16.43385,43.54975],[16.88063,43.40595],[17.58068,42.94208],[17.08457,43.51324],[16.21578,44.20816],[16.11646,44.52147],[15.71731,44.78647],[15.78005,45.16029],[15.9975,45.21853],[16.34064,45.00594],[16.48192,45.19952],[16.93264,45.27879],[17.1871,45.14856],[17.83574,45.06443],[18.23788,45.15745],[18.61667,45.09766],[19.01582,44.86563],[19.16207,45.28504],[18.91236,45.61923],[18.90131,45.9312]]]]}},{"type":"Feature","properties":{"ADMIN":"Haiti","ISO_A3":"HTI"},"geometry":{"type":"MultiPolygon","coordinates":[[[[-72.82046,18.70067],[-72.8461,18.82709],[-73.2008,18.9687],[-73.21459,18.83662],[-72.82046,18.70067]]],[[[-71.75744,19.71011],[-72.33043,19.7521],[-72.77603,19.94392],[-73.14371,19.92031],[-73.46813,19.7248],[-73.40949,19.63597],[-73.01887,19.60073],[-72.72834,19.4256],[-72.81355,19.05292],[-72.54955,18.78563],[-72.32506,18.67137],[-72.35383,18.5301],[-72.62829,18.55414],[-72.75499,18.42939],[-73.52668,18.5235],[-73.60473,18.49828],[-74.25593,18.67031],[-74.42626,18.60822],[-74.48917,18.42939],[-73.96776,18.14142],[-73.65416,18.25267],[-73.37727,18.25812],[-72.88589,18.14142],[-72.4403,18.22394],[-72.07177,18.23753],[-71.77623,18.03925],[-71.70934,18.31325],[-71.91217,18.43074],[-71.71885,18.78423],[-71.7837,18.99631],[-71.63911,19.21211],[-71.75744,19.71011]]]]}},{"type":"Feature","properties":{"ADMIN":"Hungary","ISO_A3":"HUN"},"geometry":{"type":"MultiPolygon","coordinates":[[[[22.13284,48.4048],[21.7277,48.3409],[21.42456,48.56127],[21.10934,48.48911],[20.78408,48.56905],[20.48167,48.52608],[20.27238,48.25246],[19.88429,48.12962],[19.62323,48.22701],[19.4282,48.08585],[18.83847,48.04001],[18.76767,47.8223],[17.82571,47.75001],[17.14834,48.00544],[17.0548,47.70202],[16.79745,47.67546],[16.42497,47.35112],[16.43717,47.03178],[16.09404,46.86277],[16.27201,46.86396],[16.5153,46.50171],[16.58372,46.47065],[16.83766,46.38187],[17.34533,45.9557],[17.88979,45.79214],[18.41172,45.7432],[18.76333,45.88397],[18.90131,45.9312],[18.98647,45.93125],[19.04858,45.96345],[19.26345,45.98143],[19.54995,46.16416],[20.18846,46.14039],[20.24283,46.10809],[20.66399,46.13775],[20.81964,46.2717],[21.16453,46.31826],[21.31625,46.61664],[21.48358,46.68485],[21.63282,47.02269],[22.26172,47.71585],[22.74583,47.82499],[22.8776,47.94674],[22.84081,47.96679],[22.13284,48.4048]]]]}},{"type":"Feature","properties":{"ADMIN":"Indonesia","ISO_A3":"IDN"},"geometry":{"type":"MultiPolygon","coordinates":[[[[123.37159,-10.57171],[123.22511,-10.54363],[123.04916,-10.71136],[122.81251,-10.77842],[122.84181,-10.92108],[123.20916,-10.81308],[123.37159,-10.57171]]],[[[120.01173,-9.3576],[119.62924,-9.34189],[119.16871,-9.38551],[118.94158,-9.57049],[119.03736,-9.67588],[119.47731,-9.74863],[119.97633,-9.99245],[120.15561,-10.22096],[120.39161,-10.26312],[120.71119,-10.20672],[120.79249,-9.96087],[120.43629,-9.63128],[120.01173,-9.3576]]],[[[125.06163,-9.48577],[124.91951,-8.96202],[124.45053,-9.18019],[124.31007,-9.48872],[124.03004,-9.34197],[123.68881,-9.61142],[123.51539,-10.33554],[123.82635,-10.36395],[124.12241,-10.17254],[124.41847,-10.16383],[124.97071,-9.66237],[125.06163,-9.48577]]],[[[116.74317,-8.39178],[116.37623,-8.20184],[116.02794,-8.44501],[116.06027,-8.71391],[116.00213,-8.89886],[116.50044,-8.80269],[116.74317,-8.39178]]],[[[123.94117,-8.24375],[123.79819,-8.17995],[123.3576,-8.41131],[123.39942,-8.58603],[123.94117,-8.24375]]],[[[138.90447,-8.35174],[138.83139,-8.18564],[138.68881,-8.18133],[138.55836,-8.36663],[138.90447,-8.35174]]],[[[124.5687,-8.13104],[124.45069,-8.14902],[124.41822,-8.46461],[125.1233,-8.35231],[125.09254,-8.16155],[124.5687,-8.13104]]],[[[117.9712,-8.10036],[117.70631,-8.22967],[118.00318,-8.47373],[118.06813,-8.65594],[117.80519,-8.71998],[117.55812,-8.40545],[117.3532,-8.44671],[117.19508,-8.3576],[116.79009,-8.5837],[116.76303,-9.01556],[117.00974,-9.10729],[117.33413,-9.05935],[117.7378,-8.90976],[117.89047,-8.93678],[118.29933,-8.75791],[118.46502,-8.865],[118.89845,-8.68841],[119.05112,-8.47047],[118.98829,-8.30901],[118.44361,-8.25791],[118.30397,-8.36826],[118.14967,-8.13445],[117.9712,-8.10036]]],[[[122.98292,-8.16033],[122.79566,-8.11004],[122.75815,-8.36102],[122.28842,-8.63388],[121.83473,-8.47373],[121.50953,-8.60215],[120.97608,-8.3375],[120.65455,-8.26165],[120.27703,-8.26922],[119.91944,-8.4612],[119.80372,-8.59677],[119.82399,-8.78037],[120.24391,-8.82317],[120.59392,-8.79583],[120.92286,-8.9262],[121.34059,-8.91806],[121.39601,-8.79412],[121.79371,-8.88397],[122.11451,-8.73235],[122.40789,-8.74147],[122.80738,-8.61094],[122.80738,-8.48675],[123.01873,-8.33408],[122.98292,-8.16033]]],[[[115.50245,-8.17262],[115.21551,-8.0595],[115.02263,-8.17262],[114.69142,-8.13502],[114.46844,-8.21852],[114.63901,-8.39861],[114.92701,-8.46746],[115.25392,-8.71461],[115.7142,-8.37518],[115.50245,-8.17262]]],[[[126.72169,-7.66806],[126.63136,-7.56536],[126.32838,-7.69573],[125.94793,-7.67832],[125.80836,-7.86419],[126.42189,-7.93255],[126.72169,-7.66806]]],[[[138.89259,-8.04127],[139.0464,-7.56194],[138.80454,-7.3742],[138.24415,-7.45648],[138.02809,-7.61004],[137.75904,-8.07342],[137.63697,-8.38942],[138.44418,-8.37908],[138.60255,-8.25465],[138.6609,-8.16904],[138.74659,-8.15154],[138.89259,-8.04127]]],[[[131.65358,-7.16619],[131.52882,-7.1701],[131.25473,-7.47226],[131.11964,-7.73382],[131.11622,-8.00075],[131.36085,-7.94736],[131.64332,-7.59905],[131.69923,-7.414],[131.65358,-7.16619]]],[[[113.98992,-6.87786],[112.91529,-6.8917],[112.69264,-7.05853],[112.74252,-7.16139],[113.12794,-7.23105],[113.54898,-7.23378],[114.0511,-7.01143],[113.98992,-6.87786]]],[[[134.43653,-6.44525],[134.12379,-6.17156],[134.07342,-6.82676],[134.31072,-6.85947],[134.49928,-6.63779],[134.43653,-6.44525]]],[[[106.15919,-6.00954],[106.05274,-5.88104],[105.88787,-6.07057],[105.82409,-6.43465],[105.45362,-6.80877],[105.55519,-6.85568],[105.95957,-6.81763],[106.28338,-6.98333],[106.53715,-6.98296],[106.37537,-7.31019],[106.52266,-7.41096],[107.41139,-7.49586],[107.68655,-7.66208],[108.32683,-7.81747],[108.53956,-7.69232],[109.36883,-7.71347],[110.03419,-7.8847],[110.47674,-8.11191],[111.17123,-8.28265],[111.44207,-8.27606],[111.67335,-8.36785],[111.792,-8.25652],[112.36622,-8.34197],[112.6727,-8.44704],[113.19793,-8.27728],[113.72389,-8.52825],[114.19703,-8.6456],[114.46119,-8.61834],[114.35865,-8.40911],[114.4673,-7.83099],[114.01612,-7.6181],[113.80388,-7.72177],[113.52858,-7.70037],[113.29933,-7.78851],[112.76149,-7.53118],[112.58277,-6.98992],[112.36354,-6.87054],[112.06788,-6.89365],[111.97625,-6.78484],[111.74041,-6.78167],[111.49342,-6.62347],[111.15691,-6.69207],[111.05177,-6.45672],[110.73048,-6.45696],[110.57154,-6.8362],[110.35572,-6.97291],[110.19801,-6.89088],[109.89633,-6.91823],[109.53199,-6.83514],[109.3519,-6.87566],[108.92302,-6.84466],[108.60548,-6.76165],[108.53956,-6.48691],[108.21636,-6.23797],[108.09368,-6.32685],[107.81084,-6.18935],[107.47027,-6.14543],[107.35414,-5.97599],[106.9935,-6.07855],[106.15919,-6.00954]]],[[[134.58123,-5.42425],[134.35182,-5.71445],[134.27589,-6.08359],[134.33351,-6.22145],[134.60776,-6.36956],[134.77223,-6.08961],[134.69654,-5.53411],[134.58123,-5.42425]]],[[[121.91944,-5.09547],[121.80681,-5.25986],[121.96827,-5.46795],[122.06422,-5.18987],[121.91944,-5.09547]]],[[[122.77858,-4.94948],[122.73552,-4.64373],[122.40496,-4.73789],[122.4026,-5.06178],[122.27516,-5.32757],[122.54347,-5.42881],[122.65545,-5.32252],[122.6434,-5.07879],[122.77858,-4.94948]]],[[[123.21127,-4.6775],[123.01954,-4.39023],[122.90895,-4.47454],[122.76344,-5.20794],[122.56715,-5.50693],[122.63836,-5.6622],[122.82765,-5.6762],[122.97755,-5.39422],[123.21315,-5.30169],[122.98357,-5.08782],[123.0464,-4.75286],[123.21127,-4.6775]]],[[[116.12469,-4.03037],[116.30795,-3.87859],[116.26303,-3.40553],[116.12623,-3.31862],[116.01303,-3.65049],[116.12469,-4.03037]]],[[[126.87525,-3.10947],[126.4214,-3.07049],[125.99174,-3.24819],[126.17356,-3.60253],[126.74219,-3.85938],[127.24342,-3.60605],[127.25978,-3.37119],[127.09352,-3.20078],[126.87525,-3.10947]]],[[[129.54103,-2.78004],[129.12184,-2.9577],[129.05291,-2.80446],[128.86524,-2.86207],[128.17547,-2.85703],[127.87525,-3.20875],[128.28207,-3.22088],[128.48414,-3.4625],[128.87745,-3.20257],[129.11354,-3.34881],[129.48561,-3.46347],[129.54493,-3.29778],[129.89047,-3.3331],[129.98316,-3.45973],[130.41879,-3.6369],[130.81788,-3.86883],[130.87322,-3.57399],[130.66668,-3.40358],[130.57846,-3.12282],[130.34498,-2.97763],[130.04664,-2.99212],[129.54103,-2.78004]]],[[[107.84816,-2.5499],[107.67026,-2.56146],[107.58107,-3.01067],[107.75315,-3.19846],[108.18767,-3.1369],[108.26726,-2.75742],[108.06658,-2.5945],[107.84816,-2.5499]]],[[[130.35719,-1.69492],[130.01197,-1.75018],[129.74529,-1.86346],[129.92555,-2.00384],[130.25611,-2.04583],[130.43775,-1.85068],[130.35719,-1.69492]]],[[[124.52955,-1.63567],[124.33139,-1.82692],[124.40602,-2.00408],[124.85328,-1.89691],[125.01352,-1.94427],[125.32163,-1.86435],[125.28403,-1.73105],[124.52955,-1.63567]]],[[[135.47731,-1.58994],[136.2732,-1.90936],[136.64487,-1.8764],[136.19125,-1.6539],[135.47731,-1.58994]]],[[[105.87574,-1.48919],[105.45965,-1.56292],[105.37566,-1.82187],[105.15431,-1.93597],[105.30641,-2.13502],[105.79575,-2.17181],[105.82879,-2.39511],[105.9865,-2.82122],[106.44703,-2.98113],[106.61305,-2.94256],[106.68295,-2.53248],[106.35401,-2.46299],[106.26417,-2.35133],[106.17457,-1.87908],[105.87574,-1.48919]]],[[[127.83082,-1.43157],[127.62452,-1.32952],[127.40358,-1.49163],[127.53273,-1.73138],[128.15113,-1.66969],[127.83082,-1.43157]]],[[[123.20102,-1.15521],[122.89869,-1.18434],[122.81202,-1.44362],[123.09457,-1.34637],[123.18483,-1.48561],[123.52858,-1.43304],[123.53907,-1.27272],[123.20102,-1.15521]]],[[[109.60629,-0.9747],[109.45232,-1.004],[109.47869,-1.29852],[109.78028,-1.13161],[109.60629,-0.9747]]],[[[98.91798,-0.94012],[98.65821,-0.96347],[98.59376,-1.19842],[98.88478,-1.67938],[99.1006,-1.79941],[99.27247,-1.60182],[98.90528,-0.99066],[98.91798,-0.94012]]],[[[130.93491,-0.92588],[130.68067,-0.95664],[130.74969,-1.2234],[130.9826,-1.34857],[131.07252,-1.07757],[130.93491,-0.92588]]],[[[135.42335,-0.65488],[135.64064,-0.88161],[135.78102,-0.87265],[135.8283,-1.10784],[136.14283,-1.2234],[136.29363,-1.1832],[136.06577,-0.87168],[135.84742,-0.6959],[135.42335,-0.65488]]],[[[140.97446,-2.60052],[140.7308,-2.49147],[140.10475,-2.32008],[139.86476,-2.372],[138.80323,-1.92083],[138.66521,-1.78916],[138.07488,-1.61028],[137.79444,-1.48414],[137.14283,-1.78704],[137.22633,-2.0744],[136.75864,-2.24871],[136.40382,-2.21966],[136.26637,-2.56032],[135.96461,-2.77581],[135.90992,-2.98577],[135.47047,-3.36305],[134.98471,-3.32969],[134.70135,-2.95867],[134.65805,-2.56276],[134.47438,-2.58074],[134.19337,-2.37908],[134.08709,-1.68279],[134.28199,-1.35019],[134.03614,-0.95778],[133.97722,-0.72324],[133.39161,-0.72324],[133.1548,-0.532],[132.70916,-0.36004],[132.43719,-0.3471],[132.09962,-0.4699],[131.88429,-0.6819],[131.24301,-0.81943],[131.29151,-0.91497],[131.18165,-1.21722],[131.00359,-1.45623],[131.20574,-1.52361],[131.57309,-1.48016],[131.92726,-1.70623],[132.07342,-2.10516],[132.34791,-2.27011],[132.56039,-2.18564],[132.69874,-2.30535],[133.29615,-2.2042],[133.86305,-2.21795],[133.92091,-2.38763],[133.73504,-2.51678],[133.03354,-2.47942],[132.73658,-2.80999],[132.5857,-2.71746],[132.20191,-2.67645],[131.99692,-2.91481],[132.32569,-2.94655],[132.55307,-3.10703],[132.83188,-3.46103],[132.75611,-3.62754],[132.79176,-3.92718],[132.90773,-4.08815],[133.26938,-4.05202],[133.45558,-3.84694],[133.40886,-3.72243],[133.58619,-3.56658],[133.8436,-3.63836],[133.95899,-3.83758],[134.17311,-3.78786],[134.31528,-4.02028],[134.43043,-3.90781],[134.8235,-4.25937],[135.18556,-4.44891],[135.42954,-4.43043],[135.97047,-4.51963],[136.35548,-4.67742],[136.82211,-4.92832],[137.2671,-4.99944],[137.70631,-5.22194],[138.05983,-5.57529],[138.07106,-5.72861],[138.27084,-5.88698],[138.46608,-6.40211],[138.82244,-6.80608],[138.57203,-6.94248],[138.68824,-7.19264],[139.09303,-7.55999],[138.99399,-7.86549],[138.83855,-8.13836],[138.9144,-8.29209],[139.20118,-8.09564],[139.3567,-8.1994],[139.93238,-8.10858],[140.03191,-8.24635],[140.5075,-8.63812],[140.85694,-9.04909],[140.97701,-9.10615],[140.9769,-7.9621],[140.97716,-6.89663],[140.84921,-6.70285],[140.9769,-6.33512],[140.97577,-4.59595],[140.97446,-2.60052]]],[[[127.63201,-0.4153],[127.31666,-0.33961],[127.30299,-0.51092],[127.4699,-0.81845],[127.62574,-0.75237],[127.74879,-0.88535],[127.8982,-0.76735],[127.60646,-0.62908],[127.63201,-0.4153]]],[[[130.82472,-0.00384],[130.36866,-0.12184],[130.31625,-0.25994],[130.68067,-0.33961],[130.69557,-0.07952],[130.95167,-0.34645],[131.33855,-0.2776],[131.29737,-0.15927],[130.82472,-0.00384]]],[[[104.5879,0.00829],[104.54135,-0.27125],[104.76629,-0.18825],[104.5879,0.00829]]],[[[102.64527,0.99722],[102.55787,0.78026],[103.02174,0.84528],[102.76385,1.01118],[102.64527,0.99722]]],[[[104.59254,1.1988],[104.39967,1.20262],[104.48341,0.85895],[104.66163,0.93724],[104.59254,1.1988]]],[[[102.46485,0.96345],[102.4734,1.24201],[102.29086,1.40453],[102.23292,1.09951],[102.46485,0.96345]]],[[[97.37452,1.51854],[97.23308,1.27729],[97.38885,0.95209],[97.61378,0.82355],[97.70411,0.57274],[97.88299,0.64297],[97.93922,0.98607],[97.69361,1.18602],[97.48634,1.47655],[97.37452,1.51854]]],[[[125.0617,1.67455],[124.85043,1.48969],[124.54835,1.35985],[124.31495,1.03775],[123.94793,0.83893],[122.96803,0.96259],[122.84889,0.81802],[122.45411,1.02066],[122.23536,1.00983],[121.92612,1.0987],[121.63087,1.06196],[121.43002,1.23298],[120.9673,1.34618],[120.82081,1.31],[120.80323,1.06843],[120.56813,0.78213],[120.34034,0.87238],[120.06284,0.74287],[119.79396,0.1966],[119.88819,0.07128],[119.792,-0.10678],[119.68214,-0.73691],[119.53736,-0.85003],[119.32838,-1.21445],[119.30844,-1.69492],[119.35401,-1.93475],[119.13404,-2.20355],[119.14145,-2.44199],[118.75733,-2.77581],[118.88063,-2.86102],[118.76417,-3.09092],[118.92677,-3.56609],[119.29762,-3.42791],[119.49757,-3.49529],[119.45672,-3.71453],[119.58522,-3.97031],[119.6268,-4.31455],[119.52516,-4.88307],[119.35279,-5.35565],[119.43751,-5.52174],[119.64796,-5.67881],[119.91489,-5.56894],[120.10043,-5.59564],[120.32325,-5.50954],[120.38111,-5.33733],[120.26433,-5.15],[120.40211,-4.57448],[120.35353,-3.93084],[120.44654,-3.72869],[120.39527,-3.38226],[120.23162,-2.95037],[120.77605,-2.61492],[121.06691,-2.75221],[121.06674,-3.19378],[120.89381,-3.53916],[121.35426,-3.96844],[121.6277,-4.08709],[121.53631,-4.23056],[121.48463,-4.65643],[121.70436,-4.83522],[121.99171,-4.85573],[122.10776,-4.51995],[122.59913,-4.39674],[122.76881,-4.47845],[122.90707,-4.19598],[122.67506,-4.12274],[122.44142,-3.73105],[122.20053,-3.55657],[122.38592,-3.13201],[122.31251,-2.92685],[122.01564,-2.69354],[121.82293,-2.28729],[121.327,-1.91904],[121.69215,-1.90814],[121.79859,-1.71795],[122.18393,-1.61419],[122.36883,-1.49277],[122.8117,-0.92409],[123.0608,-0.88055],[123.23878,-1.02483],[123.38331,-1.00368],[123.45436,-0.75823],[123.23951,-0.57049],[122.82301,-0.61224],[122.91245,-0.76287],[122.20769,-0.76474],[122.10532,-0.9262],[121.7142,-0.93548],[121.50066,-0.85931],[121.07325,-1.42132],[120.80388,-1.34287],[120.67595,-1.39471],[120.58237,-1.10524],[120.41245,-0.90496],[120.24391,-0.88763],[120.0892,-0.65732],[119.99562,-0.20924],[120.12843,0.1811],[120.37525,0.47769],[120.67954,0.53059],[120.89243,0.42333],[121.69011,0.52383],[121.80047,0.42646],[122.32439,0.49706],[122.97788,0.48281],[123.23878,0.32453],[123.74578,0.31086],[124.32179,0.39887],[124.50343,0.534],[124.66383,0.80561],[124.89869,0.97305],[125.1443,1.42133],[125.0617,1.67455]]],[[[101.7212,2.05809],[101.44093,2.06493],[101.46013,1.76553],[101.7151,1.77823],[101.7212,2.05809]]],[[[128.05665,2.19245],[127.91725,2.17211],[127.5809,1.75178],[127.54078,1.47565],[127.40594,1.22989],[127.49195,1.05492],[127.57228,0.42235],[127.71372,0.27733],[127.67237,-0.23016],[128.04274,-0.4153],[127.89243,-0.01719],[127.88087,0.30174],[127.96022,0.48281],[128.26222,0.39134],[128.70387,0.33202],[128.68434,0.54169],[128.31349,0.66816],[128.31544,0.90156],[128.70118,1.07087],[128.71949,1.57062],[128.45973,1.54499],[128.18678,1.37417],[128.19606,1.19644],[127.93637,1.00731],[127.79566,0.79906],[127.63754,1.00072],[127.8943,1.15664],[128.03533,1.53799],[128.0149,1.71922],[127.85174,1.82538],[128.05665,2.19245]]],[[[128.59604,2.60859],[128.46656,2.59431],[128.19711,2.26618],[128.34498,2.03994],[128.56666,2.10993],[128.69451,2.43887],[128.59604,2.60859]]],[[[95.91188,2.90624],[95.69801,2.77875],[95.93141,2.59561],[96.2461,2.6],[95.91188,2.90624]]],[[[108.30681,4.08649],[108.17026,4.17943],[107.98463,4.01203],[108.06235,3.85594],[108.31764,3.68378],[108.40626,3.87434],[108.30681,4.08649]]],[[[117.56715,4.15965],[117.16466,4.33315],[116.49411,4.32485],[116.12576,4.37891],[115.87885,4.35214],[115.64693,4.1691],[115.46409,3.03082],[115.24209,3.04162],[115.06691,2.8282],[115.12654,2.47923],[114.77876,2.2472],[114.83199,1.90252],[114.50064,1.43604],[114.35574,1.50195],[114.1604,1.4248],[113.90967,1.44247],[113.64953,1.23326],[113.08905,1.43133],[113.02342,1.53701],[112.47048,1.56766],[112.18006,1.44903],[112.10006,1.15492],[111.82308,1.00847],[111.35179,1.01389],[111.19758,1.07523],[110.8527,0.9972],[110.5539,0.85137],[110.25656,1.03906],[109.67726,1.57285],[109.52844,1.88999],[109.64527,2.08324],[109.34099,1.93553],[109.34783,1.80956],[109.09596,1.56061],[108.92701,1.14045],[108.98032,0.99555],[108.85548,0.83222],[108.92726,0.64077],[108.92091,0.34028],[109.16676,0.11229],[109.1233,-0.49969],[109.2732,-0.85361],[109.73414,-0.95403],[110.06853,-1.43255],[109.92164,-1.76963],[110.07504,-1.92246],[110.09555,-2.19736],[110.22104,-2.53281],[110.26319,-3.00286],[110.50807,-2.87461],[110.9065,-3.08327],[111.29615,-2.93646],[111.83253,-3.06162],[111.82203,-3.5451],[112.30274,-3.3139],[112.61801,-3.42376],[113.18263,-3.07708],[113.34523,-3.24651],[113.62037,-3.18532],[113.71315,-3.47259],[114.10825,-3.34734],[114.41245,-3.48528],[114.61109,-3.68385],[114.6316,-4.01287],[114.7129,-4.17083],[115.06031,-3.98577],[115.96795,-3.60882],[116.16334,-3.17295],[116.11134,-2.93027],[116.33424,-2.92555],[116.39039,-2.58904],[116.54005,-2.51287],[116.60328,-2.22422],[116.39283,-2.19109],[116.46656,-1.90748],[116.32488,-1.70387],[116.55747,-1.60622],[116.53924,-1.48122],[116.81983,-1.26141],[117.02369,-1.20289],[117.30112,-0.81601],[117.45191,-0.86647],[117.59596,-0.42262],[117.43393,-0.26385],[117.53028,-0.03232],[117.51726,0.29096],[117.81129,0.81175],[118.18784,0.87523],[118.79819,0.80492],[119.00294,0.96247],[118.42506,1.48574],[117.92408,1.81916],[117.85987,2.03828],[118.09148,2.26203],[118.06349,2.36693],[117.63331,2.81224],[117.6172,3.08588],[117.35271,3.18281],[117.21949,3.64737],[117.74855,3.63695],[117.77719,3.79914],[117.52027,4.0493],[117.56715,4.15965]]],[[[126.87501,4.49433],[126.73373,4.53587],[126.66476,4.03406],[126.92213,4.28205],[126.87501,4.49433]]],[[[95.5027,5.60513],[95.19728,5.54637],[95.42628,4.82734],[96.01002,4.22565],[96.19093,4.12596],[96.43035,3.82526],[96.76051,3.74868],[97.01857,3.52269],[97.27076,3.21442],[97.42213,2.92837],[97.60271,2.8662],[97.65821,2.41157],[97.7444,2.28107],[97.98357,2.24437],[98.53517,1.93647],[98.81886,1.6197],[98.73024,1.51439],[98.91733,1.11717],[99.08985,0.62202],[99.13933,0.27375],[99.61085,0.09858],[99.74724,-0.02984],[99.81381,-0.29461],[100.30144,-0.81634],[100.41285,-1.03916],[100.40602,-1.26442],[100.57057,-1.44256],[100.88722,-2.0372],[100.83155,-2.14129],[101.10483,-2.58709],[101.327,-2.73919],[101.63746,-3.25066],[102.22218,-3.64284],[102.31251,-3.99147],[102.70118,-4.27044],[102.92042,-4.49261],[103.17286,-4.61793],[103.41456,-4.86932],[103.70541,-4.95501],[103.90138,-5.21852],[104.2977,-5.64332],[104.54176,-5.84189],[104.53321,-5.55983],[104.62281,-5.49066],[105.11842,-5.78216],[105.31072,-5.466],[105.60206,-5.80983],[105.78256,-5.82855],[105.90626,-4.46933],[105.81275,-4.2387],[105.95248,-3.83375],[105.81959,-3.67254],[105.92905,-3.36541],[106.06316,-3.2667],[106.01564,-2.9695],[105.79176,-2.86207],[105.77809,-2.69012],[105.60841,-2.55234],[105.62379,-2.40179],[104.88331,-2.28493],[104.87428,-2.08001],[104.66383,-2.03135],[104.45436,-1.53102],[104.37721,-1.03167],[104.21241,-1.07334],[103.95582,-0.97698],[103.83912,-1.03281],[103.37599,-0.72682],[103.48219,-0.37371],[103.4944,-0.11842],[103.79151,-0.01255],[103.71119,0.31147],[103.36215,0.53628],[103.07472,0.44233],[102.87713,0.72639],[102.55193,0.7381],[102.24008,0.98208],[102.11817,1.38654],[101.77858,1.64427],[101.37761,1.77326],[101.29998,2.04662],[100.90789,2.29951],[100.85572,1.99921],[100.56105,2.15681],[100.38168,2.35505],[100.20338,2.70987],[100.01857,2.73168],[99.9795,2.94847],[99.75074,3.18049],[98.95753,3.67133],[98.79658,3.72544],[98.67662,3.91455],[98.30567,4.08031],[98.27556,4.42536],[98.05397,4.55317],[97.90919,4.88959],[97.49684,5.2519],[97.26837,5.15507],[96.9734,5.27342],[96.65056,5.21625],[96.12623,5.28181],[95.88754,5.51215],[95.5027,5.60513]]]]}},{"type":"Feature","properties":{"ADMIN":"Isle of Man","ISO_A3":"IMN"},"geometry":{"type":"MultiPolygon","coordinates":[]}},{"type":"Feature","properties":{"ADMIN":"India","ISO_A3":"IND"},"geometry":{"type":"MultiPolygon","coordinates":[[[[93.85532,7.21418],[93.67644,7.18187],[93.81373,6.80829],[93.92872,7.01236],[93.85532,7.21418]]],[[[92.58212,10.79026],[92.37568,10.77503],[92.40256,10.57521],[92.57421,10.58062],[92.58212,10.79026]]],[[[93.01629,13.56737],[92.84742,13.34492],[92.8003,12.85781],[92.73748,12.8072],[92.71778,12.36249],[92.53972,11.89444],[92.63356,11.58259],[92.79689,11.86514],[92.76881,12.0847],[92.89259,12.21454],[92.99057,12.51923],[92.96404,12.86494],[93.07944,13.25983],[93.01629,13.56737]]],[[[80.99602,30.19697],[80.72306,30.39205],[80.25281,30.56501],[79.8335,30.96152],[79.52965,30.95356],[79.29566,31.12415],[79.1984,31.32491],[78.73848,31.33499],[78.81889,31.60737],[78.67089,31.77052],[78.74458,31.9642],[78.45798,32.22966],[78.44754,32.56626],[78.63017,32.57801],[78.94343,32.34637],[79.27602,32.49019],[79.49998,32.74684],[79.33421,32.95683],[79.38185,33.12733],[78.9733,33.30957],[78.78137,33.55279],[78.73011,34.07926],[78.98539,34.28636],[78.60733,34.54647],[78.27319,34.65887],[78.00116,35.26891],[78.05563,35.45288],[77.80035,35.49541],[77.04897,35.11044],[76.92112,34.92071],[76.55319,34.72584],[76.0234,34.67716],[75.77711,34.50381],[75.34809,34.55722],[74.28583,34.76889],[73.96223,34.66817],[73.77486,34.37095],[73.9983,34.1968],[74.03458,33.82861],[73.9767,33.64839],[74.14155,33.54937],[74.00234,33.17769],[74.32201,32.97205],[74.41895,32.78461],[74.64974,32.72315],[74.72498,32.46081],[75.02367,32.46626],[75.35905,32.26168],[75.29466,32.14889],[74.82864,32.02544],[74.48944,31.71119],[74.61191,31.4402],[74.50639,31.17541],[74.60096,31.05661],[74.32976,30.89961],[74.16367,30.6649],[73.85175,30.37267],[73.94435,30.18829],[73.73972,30.04845],[73.37033,29.92732],[73.23287,29.5366],[72.90152,29.02262],[72.38218,28.78401],[72.14994,28.35377],[71.89156,28.0971],[71.86086,27.95021],[71.31144,27.86171],[70.83157,27.70146],[70.63319,27.93163],[70.34194,28.01147],[70.09069,27.79355],[70.01689,27.60059],[69.57558,27.18842],[69.46509,26.80777],[69.81556,26.58029],[70.15807,26.53011],[70.06464,25.98033],[70.26458,25.6973],[70.65747,25.63363],[70.64662,25.43137],[70.85989,25.13945],[71.06386,24.68258],[70.91772,24.36172],[70.75545,24.23144],[70.56291,24.42409],[70.1097,24.3049],[69.97204,24.16522],[69.56307,24.27676],[68.98078,24.25539],[68.72591,24.28922],[68.72447,23.96518],[68.43156,23.96714],[68.18304,23.84216],[68.16375,23.75772],[68.55226,23.25971],[68.86622,23.01996],[69.23878,22.84195],[69.71583,22.74689],[69.83318,22.85847],[70.39877,22.9455],[70.17848,22.56196],[69.96209,22.53535],[69.61606,22.3559],[69.35987,22.32917],[68.97438,22.40473],[68.99415,22.20392],[69.19842,21.97972],[69.81471,21.43366],[70.05763,21.14924],[70.54151,20.80785],[70.98243,20.71015],[71.46225,20.88532],[72.10475,21.20506],[72.29566,21.65388],[72.16603,21.79393],[72.31723,22.18488],[72.55307,22.28246],[72.53207,21.71385],[72.60613,21.26659],[72.945,20.77001],[72.74822,20.28034],[72.65008,19.84199],[72.82423,19.05353],[72.85239,18.76992],[72.97739,18.29507],[72.98097,18.08055],[73.23471,17.30231],[73.31918,16.50975],[73.44703,16.06892],[73.58758,15.9029],[73.76629,15.49726],[73.88592,15.43521],[73.94728,15.16083],[74.11134,14.78034],[74.26319,14.70161],[74.50473,14.01024],[74.61459,13.83552],[74.81756,12.86176],[75.13087,12.20783],[75.53077,11.69367],[75.83277,11.09785],[75.92205,10.76557],[76.1775,10.17064],[76.35922,9.91543],[76.31178,9.49299],[76.54396,8.9125],[76.99586,8.36811],[77.3156,8.12775],[77.51092,8.076],[78.06275,8.3732],[78.17791,8.86107],[78.44988,9.1166],[78.9568,9.27485],[78.9808,9.66718],[79.27906,10.03583],[79.23634,10.16657],[79.39812,10.32465],[79.75978,10.25825],[79.86378,10.37873],[79.85532,11.15986],[79.75196,11.57697],[79.86183,12.02204],[80.15602,12.47451],[80.33277,13.19815],[80.327,13.43037],[80.1194,13.50068],[80.23715,13.83967],[80.1211,14.24201],[80.19695,14.56501],[80.05454,15.01415],[80.09059,15.30488],[80.26319,15.67455],[80.69044,15.9007],[80.99887,15.84675],[81.15545,15.9855],[81.31739,16.3675],[81.76295,16.32258],[82.30738,16.57978],[82.36557,16.81159],[82.29933,17.03034],[82.47486,17.20596],[83.23894,17.59296],[83.61394,18.04515],[84.0774,18.27155],[84.42368,18.63646],[84.87208,19.21988],[85.18043,19.475],[85.22096,19.73603],[85.46355,19.9029],[85.54916,19.69062],[86.26857,19.91035],[86.49513,20.18407],[86.70167,20.28465],[86.7339,20.46223],[87.00359,20.65705],[86.844,21.08222],[86.91765,21.32738],[87.20094,21.55199],[87.70379,21.6555],[87.97047,21.83649],[88.20379,21.80541],[88.39308,21.60025],[88.76246,21.55585],[88.8816,21.67202],[89.0604,22.12981],[88.84277,22.96457],[88.9547,23.18381],[88.68594,23.29331],[88.71942,23.4681],[88.5401,23.64995],[88.73751,24.2871],[88.47541,24.31547],[88.13879,24.49525],[88.02179,24.6456],[88.20245,24.9453],[88.43148,25.17304],[88.89864,25.16932],[88.77234,25.50196],[88.53029,25.5002],[88.41944,25.65378],[88.0744,25.90814],[88.1638,26.14047],[88.49546,26.37808],[88.65627,26.41513],[88.80799,26.23344],[89.04374,26.38108],[89.13159,26.13375],[89.35148,25.99686],[89.60288,26.05526],[89.83005,25.90798],[89.79501,25.37416],[90.36464,25.14999],[90.82198,25.14229],[91.2357,25.20193],[91.47104,25.13392],[92.00175,25.18296],[92.45806,24.95328],[92.23378,24.77753],[92.10759,24.40598],[91.59651,24.10499],[91.36303,24.09985],[91.21627,23.90839],[91.14082,23.6121],[91.3005,23.14231],[91.53656,22.98185],[91.79556,23.0895],[91.74368,23.27233],[92.15079,23.73165],[92.35687,23.28912],[92.37868,22.90044],[92.49588,22.69562],[92.57588,21.97757],[92.70807,22.14795],[92.8539,22.02413],[93.16902,22.24691],[93.07952,22.77272],[93.3749,23.12973],[93.45665,23.95996],[93.6124,24.00905],[93.99791,23.91697],[94.19025,23.99528],[94.28999,24.31676],[94.70856,25.02589],[94.55012,25.24528],[94.608,25.39463],[95.0088,25.73714],[95.13955,26.02994],[95.04632,26.24796],[95.11908,26.60422],[95.39266,26.69176],[96.14259,27.25751],[96.75888,27.34174],[96.90512,27.40841],[96.87019,27.61909],[97.22293,27.89972],[97.3235,28.21748],[97.11555,28.36656],[96.96579,28.33047],[96.59801,28.70991],[96.45761,28.99459],[96.14197,29.36847],[95.74478,29.34043],[95.51131,29.13179],[95.19153,29.09683],[94.77657,29.1667],[94.63043,29.31945],[94.27079,29.09793],[94.25018,28.93311],[93.62553,28.67236],[93.44621,28.67189],[93.15538,28.49485],[93.09316,28.36664],[92.65484,28.10583],[92.62849,27.91576],[92.30385,27.78616],[91.97509,27.72658],[91.63289,27.75944],[91.59506,27.54638],[91.75009,27.41616],[91.97509,27.47243],[92.08485,27.30423],[91.99586,27.15803],[92.03586,26.85485],[91.52065,26.79759],[90.58778,26.78007],[90.38263,26.8918],[90.08916,26.74173],[89.82209,26.70101],[89.34166,26.85433],[89.18461,26.81056],[88.95455,26.91262],[88.73007,27.15095],[88.89233,27.31554],[88.74102,27.54571],[88.85388,27.84368],[88.81771,27.99473],[88.61049,28.10583],[88.37877,27.98263],[88.12669,27.95044],[88.0975,27.90401],[88.11822,27.86088],[88.14302,27.85572],[88.02334,27.49491],[87.97073,27.10274],[88.16907,26.744],[88.07419,26.45394],[87.87069,26.46071],[87.32622,26.35333],[87.08329,26.43208],[87.04133,26.58019],[86.7136,26.41456],[86.28443,26.61202],[86.01137,26.65445],[85.82161,26.57171],[85.59858,26.85438],[85.28728,26.73697],[84.80193,27.01375],[84.64024,27.02838],[84.57704,27.32903],[84.28941,27.37611],[84.0796,27.50954],[83.83409,27.43404],[83.13279,27.44422],[82.75214,27.49496],[82.65214,27.70415],[82.40193,27.67717],[82.05161,27.90517],[81.85565,27.85094],[81.30706,28.12381],[81.14634,28.37225],[80.64834,28.61975],[80.34975,28.62022],[80.03639,28.83703],[80.13261,29.11021],[80.27875,29.26809],[80.21374,29.41689],[80.3852,29.60483],[80.36898,29.75793],[80.57134,29.94686],[80.98816,30.19656],[80.99602,30.19697]]]]}},{"type":"Feature","properties":{"ADMIN":"Indian Ocean Territories","ISO_A3":"-99"},"geometry":{"type":"MultiPolygon","coordinates":[]}},{"type":"Feature","properties":{"ADMIN":"British Indian Ocean Territory","ISO_A3":"IOT"},"geometry":{"type":"MultiPolygon","coordinates":[]}},{"type":"Feature","properties":{"ADMIN":"Ireland","ISO_A3":"IRL"},"geometry":{"type":"MultiPolygon","coordinates":[[[[-7.2471,55.06933],[-6.93956,55.23908],[-7.33251,55.37279],[-7.8142,55.20185],[-8.26301,55.16108],[-8.59691,54.61929],[-8.12084,54.64655],[-8.48595,54.28864],[-9.20946,54.26756],[-9.78551,54.33808],[-9.98819,54.21312],[-9.83853,53.96357],[-10.02575,53.3854],[-9.27221,53.14667],[-9.43757,52.96674],[-9.57698,52.57038],[-9.84838,52.42841],[-9.83723,52.2543],[-10.27579,52.26813],[-10.23461,51.85102],[-9.77033,51.59223],[-9.10774,51.54938],[-8.53917,51.64838],[-7.58991,51.99116],[-7.43545,52.12568],[-6.36986,52.18],[-6.44807,52.3559],[-6.2091,52.54584],[-5.99657,52.96491],[-6.0924,53.57713],[-6.22277,53.64606],[-6.26989,54.09793],[-6.64034,54.16801],[-7.04925,54.41151],[-7.31032,54.11468],[-7.83696,54.20434],[-8.15603,54.43906],[-7.90662,54.66132],[-7.5517,54.7547],[-7.2471,55.06933]]]]}},{"type":"Feature","properties":{"ADMIN":"Iran","ISO_A3":"IRN"},"geometry":{"type":"MultiPolygon","coordinates":[[[[56.1714,26.90681],[56.04103,26.97565],[55.73683,26.78242],[55.94703,26.69628],[56.1714,26.90681]]],[[[46.13587,38.8637],[45.4386,39.00424],[45.17893,39.21983],[44.80699,39.6399],[44.45949,39.69846],[44.40481,39.43439],[44.06137,39.40028],[44.1392,38.99395],[44.275,38.84357],[44.28952,38.38226],[44.42466,38.37704],[44.21961,37.87531],[44.59612,37.71638],[44.56594,37.44717],[44.80159,37.29269],[44.76614,37.14192],[44.88075,37.02492],[44.83125,36.79192],[44.99139,36.53374],[45.23887,36.403],[45.34832,36.08751],[45.81419,35.80934],[46.06042,35.85724],[45.96399,35.49417],[46.16548,35.18995],[45.85702,35.02127],[45.83501,34.89017],[45.50066,34.59169],[45.44795,34.36209],[45.53436,34.1282],[45.41995,33.99436],[45.65879,33.68169],[45.88596,33.63092],[46.1553,33.26022],[46.09701,32.95432],[46.27343,32.95949],[46.71589,32.75601],[47.12103,32.46104],[47.39579,32.33702],[47.83132,31.76184],[47.67893,31.40785],[47.67293,30.9947],[48.01545,30.97625],[48.01359,30.46388],[48.39702,30.221],[48.53103,29.96135],[48.93483,30.07974],[48.86232,30.34561],[49.24513,30.15648],[49.47983,30.15607],[49.60076,30.0301],[49.91456,30.20392],[50.07342,30.19575],[50.14487,29.93806],[50.65528,29.44912],[50.64381,29.14346],[50.92018,29.06904],[50.813,28.9147],[51.05885,28.73591],[51.14186,28.40078],[51.38027,27.99142],[51.58513,27.84931],[52.01124,27.83271],[52.56764,27.54072],[52.60133,27.35293],[53.07203,27.09687],[53.41212,26.99356],[53.71608,26.70856],[54.30812,26.71499],[54.38941,26.60513],[54.80152,26.49824],[55.27084,26.79255],[55.55445,26.81053],[55.68483,27.003],[55.9393,27.02668],[56.35304,27.20161],[56.80885,27.13955],[56.97332,26.96882],[57.09002,26.6188],[57.16456,26.09492],[57.32618,25.777],[57.96323,25.69318],[58.07309,25.56363],[58.81373,25.56363],[59.1172,25.39419],[59.4539,25.46161],[59.90381,25.32986],[60.36256,25.33055],[61.03061,25.20978],[61.41172,25.05941],[61.58823,25.20209],[61.66035,25.76918],[61.76009,25.8376],[61.85713,26.24238],[62.24341,26.35064],[62.29199,26.50123],[62.75356,26.64416],[63.14134,26.6254],[63.26485,26.89004],[63.25152,27.21896],[62.80064,27.22516],[62.8147,27.49496],[62.73568,27.99498],[62.76638,28.21148],[62.57564,28.22903],[62.36279,28.41889],[61.89279,28.5426],[61.65301,28.75633],[61.27918,29.40663],[60.84438,29.85818],[61.7852,30.8314],[61.82633,31.03459],[61.66118,31.38191],[60.85502,31.48273],[60.77493,32.02719],[60.83032,32.24889],[60.57752,32.99434],[60.5676,33.15129],[60.87962,33.5487],[60.51179,33.63839],[60.48678,34.09428],[60.71436,34.53743],[60.94752,34.63799],[61.06545,34.81472],[61.10834,35.27795],[61.29004,35.54806],[61.26968,35.6185],[61.22275,36.11754],[61.07548,36.64779],[60.34229,36.63714],[60.01921,37.0258],[59.50947,37.18982],[59.35165,37.49384],[58.86104,37.66809],[58.37176,37.63037],[58.18118,37.77485],[57.3524,37.96753],[57.21835,38.26508],[57.03841,38.18728],[56.739,38.2696],[56.43648,38.25508],[56.29975,38.08023],[55.70867,38.11866],[55.42311,38.07589],[54.85663,37.76113],[54.78366,37.51745],[54.18659,37.32374],[53.91375,37.34275],[54.01433,36.82111],[53.49236,36.88788],[51.90903,36.58271],[51.08863,36.73701],[50.47885,37.03498],[50.14877,37.40388],[49.44174,37.49486],[49.0145,37.73916],[48.87428,38.43406],[48.60786,38.39598],[48.21037,38.72976],[48.05854,38.94837],[48.3068,39.0454],[48.12459,39.2976],[48.33894,39.37894],[48.05203,39.65009],[47.84688,39.68528],[46.86616,39.16536],[46.51404,38.88218],[46.13587,38.8637]]]]}},{"type":"Feature","properties":{"ADMIN":"Iraq","ISO_A3":"IRQ"},"geometry":{"type":"MultiPolygon","coordinates":[[[[44.76614,37.14192],[44.57824,37.16641],[44.23428,36.98366],[44.22317,37.25406],[43.4796,37.24336],[43.08371,37.36883],[42.77158,37.3749],[42.56126,37.14662],[42.35724,37.10998],[41.84378,36.61787],[41.41487,36.52738],[41.27699,36.35478],[41.24061,36.04302],[41.3635,35.65524],[41.19152,35.18214],[41.19566,34.76847],[40.98802,34.42852],[40.69047,34.3315],[38.77451,33.37169],[39.05718,32.4966],[39.04633,32.30849],[39.26647,32.21287],[39.14637,32.11814],[40.42413,31.92053],[42.0754,31.07986],[42.85871,30.49468],[43.89006,29.76738],[44.69182,29.20184],[46.35746,29.06314],[46.53244,29.09574],[46.85345,29.44456],[47.11049,29.96091],[47.35823,30.09212],[47.67417,30.09822],[47.94801,29.99405],[48.20924,30.02448],[48.53103,29.96135],[48.39702,30.221],[48.01359,30.46388],[48.01545,30.97625],[47.67293,30.9947],[47.67893,31.40785],[47.83132,31.76184],[47.39579,32.33702],[47.12103,32.46104],[46.71589,32.75601],[46.27343,32.95949],[46.09701,32.95432],[46.1553,33.26022],[45.88596,33.63092],[45.65879,33.68169],[45.41995,33.99436],[45.53436,34.1282],[45.44795,34.36209],[45.50066,34.59169],[45.83501,34.89017],[45.85702,35.02127],[46.16548,35.18995],[45.96399,35.49417],[46.06042,35.85724],[45.81419,35.80934],[45.34832,36.08751],[45.23887,36.403],[44.99139,36.53374],[44.83125,36.79192],[44.88075,37.02492],[44.76614,37.14192]]]]}},{"type":"Feature","properties":{"ADMIN":"Iceland","ISO_A3":"ISL"},"geometry":{"type":"MultiPolygon","coordinates":[[[[-16.02294,66.53661],[-16.54332,66.50698],[-16.48705,66.18952],[-17.41934,65.99405],[-17.91275,66.15229],[-18.69225,66.16999],[-19.3627,66.08836],[-19.65038,65.76496],[-20.03059,66.08344],[-20.44888,66.02945],[-20.2633,65.74453],[-21.36986,65.48713],[-21.31851,65.98778],[-22.85033,66.46699],[-23.79259,66.07038],[-24.19669,65.50117],[-23.89753,65.40461],[-22.92577,65.57319],[-22.19921,65.43232],[-22.67443,65.00755],[-24.06005,64.89106],[-23.83357,64.7259],[-23.24625,64.83047],[-22.31965,64.75385],[-22.39102,64.63784],[-21.96264,64.29731],[-21.96337,64.08226],[-22.33642,63.86319],[-21.16832,63.87556],[-20.1857,63.54442],[-18.73205,63.39671],[-17.96496,63.52253],[-17.86026,63.73701],[-16.89582,63.80777],[-15.99205,64.14448],[-14.99547,64.2626],[-14.51049,64.44233],[-14.49348,64.65827],[-14.04845,64.71971],[-13.52697,65.05549],[-13.68765,65.30638],[-13.60961,65.51423],[-14.82299,65.81586],[-15.076,66.04963],[-14.95914,66.29645],[-15.77514,66.28946],[-16.02294,66.53661]]]]}},{"type":"Feature","properties":{"ADMIN":"Israel","ISO_A3":"ISR"},"geometry":{"type":"MultiPolygon","coordinates":[[[[35.75743,32.74428],[35.88807,32.94494],[35.8211,33.40672],[35.52003,33.22219],[35.48014,33.08739],[35.10524,33.08902],[34.94752,32.81415],[34.83766,32.28071],[34.71192,31.95161],[34.4812,31.58314],[34.24835,31.21145],[34.82436,29.7417],[34.88673,29.49006],[34.98983,29.65196],[35.14528,30.1549],[35.14,30.43019],[35.43849,31.10374],[35.45285,31.40082],[35.45812,31.49193],[35.22331,31.38103],[34.86715,31.39643],[34.97361,31.63037],[35.18145,31.80411],[34.97609,31.94823],[34.94611,32.17726],[35.06435,32.46314],[35.20863,32.54264],[35.56096,32.38472],[35.54959,32.39854],[35.55197,32.43621],[35.57998,32.49773],[35.56272,32.64421],[35.63599,32.67914],[35.75743,32.74428]]]]}},{"type":"Feature","properties":{"ADMIN":"Italy","ISO_A3":"ITA"},"geometry":{"type":"MultiPolygon","coordinates":[[[[15.64243,38.26227],[15.51287,38.29759],[15.0879,38.12824],[14.90707,38.18769],[14.2732,38.01512],[13.79078,37.97362],[13.31023,38.21955],[12.90113,38.02806],[12.72535,38.12592],[12.50416,38.01122],[12.42701,37.79702],[12.69776,37.56273],[12.94264,37.56851],[13.89438,37.10082],[14.27882,37.04401],[14.48732,36.79336],[15.07358,36.65913],[15.17465,36.94408],[15.32944,37.02774],[15.11069,37.32184],[15.20655,37.74775],[15.64243,38.26227]]],[[[9.23829,41.24885],[8.76441,40.9138],[8.31023,40.85065],[8.1338,40.72891],[8.4629,40.31452],[8.55519,39.85269],[8.38689,39.46979],[8.37176,39.23062],[8.64283,38.88996],[9.01832,38.99531],[9.07895,39.21235],[9.55779,39.13972],[9.73227,40.08393],[9.62615,40.26309],[9.82667,40.5196],[9.57325,40.9064],[9.54615,41.12092],[9.23829,41.24885]]],[[[7.50229,43.79222],[7.95973,43.85285],[8.1447,43.95258],[8.46608,44.30427],[8.76238,44.43211],[9.23064,44.35371],[9.77182,44.07941],[10.1058,44.01675],[10.26401,43.80939],[10.32635,43.47687],[10.54656,43.14712],[10.49952,42.9405],[10.99,42.71027],[11.18686,42.52082],[11.65821,42.27936],[11.82748,42.03417],[12.14747,41.90347],[12.23902,41.73627],[12.6194,41.45913],[12.89357,41.39932],[13.04461,41.22753],[13.32439,41.29483],[13.72185,41.25239],[14.05226,40.83759],[14.2942,40.83877],[14.5442,40.61359],[14.75221,40.6767],[14.99827,40.39756],[14.91114,40.24164],[15.4101,39.99397],[15.6102,40.07319],[15.78191,39.8686],[15.86752,39.56391],[15.9954,39.43877],[16.08302,39.07526],[16.22006,38.89907],[16.12086,38.72093],[15.84449,38.66039],[15.9048,38.47394],[15.65056,38.24103],[15.66578,37.96686],[16.09002,37.9492],[16.16944,38.14322],[16.56959,38.42951],[16.53883,38.72333],[16.83855,38.9182],[17.1277,38.92878],[17.1587,39.4062],[16.51564,39.6896],[16.60475,40.08446],[17.04957,40.51911],[17.51205,40.3037],[17.84767,40.29003],[18.00733,39.98607],[18.38396,39.81391],[18.51743,40.11416],[18.43727,40.26789],[18.00701,40.6507],[17.47608,40.83015],[17.05714,41.08185],[16.59392,41.20698],[16.02166,41.4278],[15.9253,41.64004],[16.19288,41.79092],[16.02711,41.94408],[15.44606,41.90693],[15.12338,41.93427],[14.74073,42.08462],[14.07537,42.59882],[13.61695,43.53132],[12.7103,43.9829],[12.36883,44.25068],[12.25359,44.75129],[12.52703,44.94335],[12.37623,45.03897],[12.27272,45.46361],[12.4878,45.45673],[12.94386,45.62857],[13.13136,45.76887],[13.84776,45.58466],[13.58127,45.80925],[13.62282,45.96639],[13.36526,46.2903],[13.68845,46.46776],[13.67026,46.51871],[13.23111,46.55217],[12.40501,46.69012],[12.11118,46.993],[11.31381,46.98726],[10.99693,46.76911],[10.66248,46.86097],[10.52771,46.84321],[10.41722,46.79885],[10.13342,46.41402],[9.67432,46.2918],[9.26319,46.48512],[9.22484,46.23118],[9.00212,46.03931],[8.60183,46.12282],[8.42716,46.25144],[8.11059,46.12695],[7.83123,45.91446],[7.54112,45.98412],[7.02208,45.92526],[6.8008,45.82645],[6.98281,45.51112],[7.16068,45.41092],[7.06218,45.21853],[6.60273,45.10345],[7.01898,44.73887],[6.83884,44.50292],[7.03345,44.24293],[7.69191,44.08465],[7.50229,43.79222]]]]}},{"type":"Feature","properties":{"ADMIN":"Jamaica","ISO_A3":"JAM"},"geometry":{"type":"MultiPolygon","coordinates":[[[[-76.26374,18.01236],[-76.35114,18.15599],[-76.76464,18.27302],[-76.89492,18.40925],[-77.90233,18.51878],[-78.19498,18.45547],[-78.34073,18.22187],[-78.07518,18.19843],[-77.72387,17.85358],[-77.44103,17.86465],[-77.21605,17.7167],[-77.14165,17.88113],[-76.95531,17.83344],[-76.84997,17.99228],[-76.52355,17.86026],[-76.30736,17.8701],[-76.26374,18.01236]]]]}},{"type":"Feature","properties":{"ADMIN":"Jersey","ISO_A3":"JEY"},"geometry":{"type":"MultiPolygon","coordinates":[]}},{"type":"Feature","properties":{"ADMIN":"Jordan","ISO_A3":"JOR"},"geometry":{"type":"MultiPolygon","coordinates":[[[[39.26647,32.21287],[39.04633,32.30849],[39.05718,32.4966],[38.77451,33.37169],[36.81939,32.31679],[36.37311,32.38642],[36.06987,32.5166],[35.75743,32.74428],[35.63599,32.67914],[35.56272,32.64421],[35.57998,32.49773],[35.55197,32.43621],[35.54959,32.39854],[35.56096,32.38472],[35.56561,32.36795],[35.55941,32.37482],[35.55197,32.36795],[35.55941,31.76535],[35.46422,31.56857],[35.45285,31.40082],[35.43849,31.10374],[35.14,30.43019],[35.14528,30.1549],[34.98983,29.65196],[34.94939,29.35169],[36.01644,29.18995],[36.47708,29.49461],[36.75624,29.86552],[37.4702,29.99455],[37.63453,30.31278],[37.98107,30.49948],[36.95953,31.491],[38.99806,32.00694],[39.26647,32.21287]]]]}},{"type":"Feature","properties":{"ADMIN":"Morocco","ISO_A3":"MAR"},"geometry":{"type":"MultiPolygon","coordinates":[[[[-8.68239,27.28542],[-8.68239,27.66144],[-8.68239,28.6659],[-8.38349,28.90578],[-7.61945,29.38942],[-7.34961,29.38344],[-7.14693,29.50924],[-6.78351,29.44634],[-6.69965,29.51623],[-5.75616,29.61407],[-5.5395,29.52322],[-5.27393,29.88664],[-4.87556,30.18017],[-4.62397,30.285],[-4.37237,30.50864],[-3.64553,30.71132],[-3.55467,30.95593],[-3.81498,31.22052],[-3.67348,31.38923],[-3.65951,31.64782],[-2.82784,31.79459],[-2.93873,32.04864],[-2.51615,32.1322],[-1.24956,32.08166],[-1.21798,32.39262],[-1.0475,32.51701],[-1.42335,32.7424],[-1.49952,33.06021],[-1.67423,33.23797],[-1.61274,33.52147],[-1.71873,33.89809],[-1.67475,34.10596],[-1.87112,34.59665],[-1.78772,34.75669],[-2.19379,35.0036],[-2.22256,35.0893],[-2.90514,35.17357],[-2.96304,35.37348],[-3.41291,35.19794],[-3.67357,35.28791],[-4.37605,35.15184],[-4.7705,35.24103],[-5.24942,35.58462],[-5.34073,35.84737],[-5.39886,35.9245],[-5.92724,35.78075],[-6.2921,34.8808],[-6.82209,34.03962],[-7.09948,33.84028],[-7.49706,33.64997],[-8.24315,33.40453],[-8.62914,33.12763],[-9.25992,32.57689],[-9.27001,32.22748],[-9.36612,32.02631],[-9.66731,31.73115],[-9.84752,31.40241],[-9.82022,30.7923],[-9.88671,30.68667],[-9.61164,30.40436],[-9.65514,30.1269],[-9.82022,29.83893],[-10.14175,29.42862],[-10.5738,28.99042],[-11.0476,28.7617],[-11.48559,28.32563],[-12.06143,28.08902],[-12.96809,27.91462],[-13.17125,27.685],[-13.61998,26.68891],[-14.41015,26.26008],[-14.51952,25.92377],[-14.78205,25.44693],[-14.83605,24.91869],[-14.90783,24.68549],[-15.17186,24.49413],[-15.62011,24.02627],[-16.28962,22.89981],[-16.35729,22.58308],[-16.52184,22.31489],[-16.70678,22.27546],[-16.96691,21.78115],[-17.08117,20.87475],[-16.95883,21.33286],[-15.00226,21.33317],[-13.01525,21.33343],[-13.09333,22.49548],[-13.1655,22.7527],[-13.01525,23.018],[-12.61943,23.27083],[-12.35389,23.32248],[-12.01531,23.49518],[-12.01531,24.02954],[-12.01531,25.9949],[-11.61244,25.99495],[-11.10875,25.99495],[-10.20229,25.99495],[-8.70722,25.995],[-8.68081,26.01314],[-8.68239,27.28542]]]]}},{"type":"Feature","properties":{"ADMIN":"Siachen Glacier","ISO_A3":"-99"},"geometry":{"type":"MultiPolygon","coordinates":[[[[77.80035,35.49541],[77.41277,35.46941],[77.03905,35.58501],[76.9358,35.57964],[76.77735,35.64611],[77.04897,35.11044],[77.80035,35.49541]]]]}},{"type":"Feature","properties":{"ADMIN":"Kazakhstan","ISO_A3":"KAZ"},"geometry":{"type":"MultiPolygon","coordinates":[[[[87.3238,49.08527],[86.90506,49.35192],[86.77587,49.695],[86.6102,49.79551],[86.11152,49.52018],[85.38402,49.61568],[85.26309,49.58152],[84.97577,50.07519],[84.24998,50.25993],[84.10172,50.62859],[83.8205,50.86801],[83.43396,50.99265],[82.07311,50.71567],[81.76346,50.78434],[81.46023,50.73034],[81.4008,50.95911],[81.14717,51.13595],[80.68275,51.30201],[80.47615,51.20964],[80.43905,50.95813],[79.99008,50.78812],[79.46981,51.49259],[78.47648,52.63793],[77.8668,53.27233],[77.61276,53.44279],[76.5257,53.96131],[76.76609,54.36459],[75.64037,54.09887],[75.02791,53.80793],[74.2139,53.59704],[73.87273,53.63213],[73.39121,53.52025],[73.22967,53.66241],[73.48526,53.87485],[72.65616,54.04254],[72.1518,54.36826],[72.06674,54.22238],[71.70873,54.1322],[71.1823,54.10156],[71.18034,54.72736],[71.00598,54.77423],[70.97715,55.07798],[70.66574,55.30918],[70.19704,55.13348],[69.67387,55.33404],[68.7225,55.3528],[68.6053,55.1956],[68.26238,55.19405],[68.16605,54.95613],[67.62272,54.85386],[66.44652,54.71093],[65.97745,54.61171],[65.47738,54.63269],[65.21429,54.52789],[65.21295,54.34304],[64.57852,54.38557],[63.70865,54.25044],[63.08466,54.08564],[62.55058,54.02683],[61.1935,54.01825],[61.20198,53.81961],[61.00757,53.63575],[61.28073,53.54242],[61.20291,53.27644],[62.05066,53.12477],[62.09417,52.99248],[61.57426,52.95584],[61.1903,53.01315],[60.69617,52.73492],[61.03992,52.335],[60.50652,52.15165],[60.13807,51.88888],[60.45205,51.80547],[60.5151,51.61791],[60.9374,51.61117],[61.02328,51.48551],[61.4738,51.4258],[61.59317,51.27783],[61.3721,50.78248],[60.71849,50.65267],[60.30043,50.68466],[60.02128,50.85405],[59.77468,50.53371],[59.43764,50.63112],[58.92594,50.67815],[58.66436,50.78992],[58.59501,51.02337],[57.7688,51.11967],[57.73728,50.93824],[57.35271,50.88599],[57.16822,51.09378],[56.508,51.06626],[56.07888,50.72476],[55.65999,50.53004],[55.30539,50.66497],[54.63825,51.02769],[54.67628,50.60255],[54.37976,50.61944],[54.47857,50.85349],[54.17657,50.9679],[53.6103,51.38841],[53.15327,51.51267],[52.50582,51.47887],[52.33487,51.76371],[51.86916,51.67307],[51.6205,51.51869],[51.37193,51.62959],[50.92545,51.67969],[50.5817,51.6353],[50.32538,51.30346],[49.77906,51.10218],[49.42311,51.102],[49.36942,50.82677],[48.67339,50.57955],[48.7013,50.3346],[48.88568,50.01989],[48.41759,49.81169],[48.23931,49.86476],[47.99323,50.1818],[47.62467,50.4408],[47.29477,50.27543],[47.30872,50.0448],[46.89991,49.82032],[46.77511,49.33255],[47.02088,49.09685],[46.75382,48.91407],[46.47931,48.41022],[47.07829,48.27535],[47.05116,47.97464],[47.17446,47.77052],[47.43533,47.83439],[48.04449,47.7697],[48.52508,47.41023],[48.69726,47.10098],[49.00629,46.76911],[48.45511,46.6608],[49.22713,46.32788],[49.46925,46.56265],[49.81739,46.54043],[50.16879,46.74909],[50.60694,46.86811],[50.85743,47.04003],[51.18702,47.11689],[51.76368,46.91572],[52.23894,46.80683],[52.4559,47.00117],[52.91993,46.95746],[53.18816,46.718],[53.0866,46.02049],[52.56666,45.4007],[51.39723,45.33259],[51.24342,45.10106],[50.98219,44.98949],[50.97071,44.84715],[51.31935,44.59638],[51.14332,44.48477],[50.84791,44.6328],[50.29908,44.65534],[50.23015,44.39094],[50.84718,44.18928],[51.14186,43.63373],[51.31959,43.44253],[51.26629,43.18757],[51.65105,43.19139],[51.93279,42.83495],[52.1692,42.88703],[52.57423,42.79853],[52.74464,42.65738],[52.40203,42.09252],[52.43767,41.74888],[52.97871,42.12663],[53.41227,42.25817],[54.04717,42.3454],[54.73829,42.04821],[55.42952,41.29081],[55.97842,41.32172],[55.97739,42.69853],[55.97677,43.61638],[55.97584,44.99441],[58.53144,45.55872],[59.67577,45.02914],[61.0363,44.38282],[61.16167,44.16811],[62.02612,43.48063],[63.20801,43.62747],[64.42674,43.54703],[64.95653,43.69736],[65.27145,43.41702],[65.51691,43.29723],[65.79524,42.8772],[66.10127,42.99032],[66.01724,41.99762],[66.50414,41.99348],[66.68821,41.19919],[66.81528,41.14188],[67.93743,41.20038],[68.13132,41.02964],[68.0675,40.788],[68.46174,40.58466],[68.5497,40.83503],[68.74627,41.0638],[69.03918,41.22028],[69.04445,41.37918],[69.62457,41.66831],[69.87086,41.69957],[70.31507,42.03459],[70.61024,42.02741],[70.94779,42.24815],[71.00319,42.56353],[71.40461,42.79488],[71.84774,42.83405],[72.72582,42.65288],[72.84075,42.5557],[73.41002,42.58965],[73.49301,42.89495],[73.63409,43.06246],[74.25865,43.21576],[74.71392,42.99988],[75.17859,42.84966],[75.2712,42.84576],[75.64616,42.8061],[75.7706,42.92565],[76.68879,42.91033],[76.95688,42.98851],[77.16369,42.92198],[78.49612,42.8756],[79.03087,42.75615],[79.47642,42.45397],[79.91794,42.42444],[80.21033,42.18952],[80.14005,42.62296],[80.36815,43.02846],[80.77339,43.11293],[80.71273,43.45887],[80.3451,44.1031],[80.37631,44.67128],[80.06171,45.01896],[80.85386,45.1265],[81.73928,45.33806],[81.95012,45.14448],[82.29459,45.2282],[82.58522,45.17683],[82.61571,45.43542],[82.29149,45.53319],[82.48895,45.9017],[82.83895,46.73245],[83.15036,47.21154],[83.90535,46.97396],[84.66354,46.98385],[84.91604,46.85055],[85.20511,47.03372],[85.49864,47.05183],[85.67036,47.38434],[85.51538,47.92028],[85.78368,48.40759],[86.19203,48.41823],[86.56508,48.52732],[86.7445,48.70354],[86.7275,48.99034],[86.88734,49.10682],[87.3238,49.08527]]]]}},{"type":"Feature","properties":{"ADMIN":"Kenya","ISO_A3":"KEN"},"geometry":{"type":"MultiPolygon","coordinates":[[[[35.92084,4.61933],[35.61064,4.62001],[35.57084,4.90431],[35.24573,4.98172],[34.66628,4.76498],[34.38119,4.62016],[33.97708,4.21969],[34.0611,4.00777],[34.27887,3.70972],[34.434,3.18203],[34.57466,2.94613],[34.73011,2.85285],[34.92358,2.47732],[34.8656,2.34751],[34.96751,2.10191],[34.97867,1.67595],[34.77899,1.38855],[34.79791,1.23192],[34.50748,1.10252],[34.38801,0.81582],[34.13242,0.57283],[34.08798,0.36737],[33.89357,0.10981],[33.95351,-0.15436],[33.89481,-0.66275],[33.90421,-1.00257],[34.05253,-1.0404],[35.41565,-1.80128],[36.70353,-2.52041],[37.64486,-3.04596],[37.70005,-3.31437],[37.59029,-3.40408],[37.77096,-3.65543],[39.1906,-4.6775],[39.36248,-4.63397],[39.55112,-4.40211],[39.78639,-3.91717],[39.84897,-3.62518],[40.12908,-3.25189],[40.22511,-2.99375],[40.17498,-2.76263],[40.38982,-2.56032],[40.6159,-2.5525],[40.82862,-2.37477],[40.90431,-2.08034],[41.30348,-1.95615],[41.5351,-1.69628],[41.52287,-1.57277],[40.97975,-0.8708],[40.96849,0.87225],[40.96539,2.81414],[41.34273,3.20115],[41.88502,3.97723],[41.11452,3.96234],[40.76374,4.28493],[39.84845,3.86728],[39.7451,3.66058],[39.43618,3.46237],[38.89523,3.51359],[38.49691,3.62394],[38.10189,3.61265],[37.97673,3.72644],[36.84409,4.43224],[36.04134,4.44368],[35.92084,4.61933]]]]}},{"type":"Feature","properties":{"ADMIN":"Kyrgyzstan","ISO_A3":"KGZ"},"geometry":{"type":"MultiPolygon","coordinates":[[[[80.21033,42.18952],[79.91794,42.42444],[79.47642,42.45397],[79.03087,42.75615],[78.49612,42.8756],[77.16369,42.92198],[76.95688,42.98851],[76.68879,42.91033],[75.7706,42.92565],[75.64616,42.8061],[75.2712,42.84576],[75.17859,42.84966],[74.71392,42.99988],[74.25865,43.21576],[73.63409,43.06246],[73.49301,42.89495],[73.41002,42.58965],[72.84075,42.5557],[72.72582,42.65288],[71.84774,42.83405],[71.40461,42.79488],[71.00319,42.56353],[70.94779,42.24815],[71.21785,42.20637],[70.82511,41.93633],[70.16929,41.57834],[70.75628,41.26963],[71.27615,41.11315],[71.58553,41.32353],[71.87161,41.19449],[72.16989,41.16865],[72.61947,40.88009],[73.00343,40.87017],[72.3705,40.38565],[72.0993,40.42637],[71.67307,40.14789],[71.36513,40.29413],[70.95896,40.23837],[70.6274,39.99389],[69.96956,40.2116],[69.31399,39.98691],[69.2263,39.75101],[69.28619,39.53971],[69.66942,39.57779],[70.20603,39.5241],[70.62213,39.56353],[70.73974,39.38623],[71.00929,39.40762],[71.45954,39.61211],[71.74025,39.44834],[72.31634,39.32882],[72.65048,39.39377],[73.16786,39.35538],[73.63264,39.44834],[73.92678,39.59288],[73.82302,39.80569],[74.00399,40.06081],[74.36986,40.10582],[74.70575,40.33129],[74.83536,40.51164],[75.19389,40.44125],[75.55986,40.63287],[75.68182,40.2917],[76.24416,40.4412],[76.44911,40.41552],[76.86097,41.01321],[77.47489,40.98205],[78.07495,41.03951],[78.3599,41.37753],[79.30413,41.78755],[79.74751,41.87974],[79.84291,42.00183],[80.18191,42.02098],[80.21033,42.18952]],[[70.97715,40.14458],[71.0312,40.1469],[71.10597,40.06495],[71.1747,39.99399],[70.97715,40.14458]]]]}},{"type":"Feature","properties":{"ADMIN":"Cambodia","ISO_A3":"KHM"},"geometry":{"type":"MultiPolygon","coordinates":[[[[104.45135,10.41966],[104.55401,10.51833],[104.85441,10.53132],[105.06623,10.74643],[105.7529,11.01561],[105.86101,10.83931],[106.15505,10.78485],[106.06307,11.09333],[105.84344,11.30409],[105.85321,11.54687],[106.01542,11.7705],[106.28734,11.67459],[106.394,11.96981],[106.70158,11.97079],[106.97769,12.09725],[107.15251,12.27703],[107.51429,12.34385],[107.56509,12.60642],[107.4604,13.02161],[107.60695,13.36975],[107.59693,13.53507],[107.31994,14.11984],[107.52039,14.70458],[107.47378,14.64626],[106.94611,14.32352],[106.793,14.32259],[106.5125,14.59035],[105.96917,14.33202],[106.14456,14.0724],[106.04922,13.91546],[105.87305,13.93685],[105.53318,14.16433],[105.34786,14.10607],[105.18431,14.34574],[104.77167,14.43987],[104.46197,14.35711],[104.24747,14.40109],[103.87033,14.34326],[103.55025,14.42186],[103.085,14.29582],[102.5132,13.56716],[102.33223,13.5646],[102.3282,13.27516],[102.47316,13.00613],[102.55863,12.63122],[102.76513,12.41635],[102.69996,12.13874],[102.9138,11.76554],[102.91359,11.64589],[103.11451,11.45824],[103.09555,10.93399],[103.40211,10.88434],[103.47446,11.13369],[103.65952,11.02977],[103.62387,10.50092],[103.85426,10.58649],[104.28631,10.54047],[104.45135,10.41966]]]]}},{"type":"Feature","properties":{"ADMIN":"Kiribati","ISO_A3":"KIR"},"geometry":{"type":"MultiPolygon","coordinates":[]}},{"type":"Feature","properties":{"ADMIN":"Saint Kitts and Nevis","ISO_A3":"KNA"},"geometry":{"type":"MultiPolygon","coordinates":[]}},{"type":"Feature","properties":{"ADMIN":"Kosovo","ISO_A3":"-99"},"geometry":{"type":"MultiPolygon","coordinates":[[[[21.56407,42.24629],[21.73865,42.68215],[21.37867,42.74414],[21.09259,43.09068],[20.83855,43.17047],[20.34535,42.82744],[20.07632,42.77344],[20.06496,42.54676],[20.24965,42.31861],[20.50079,42.21122],[20.56715,41.87318],[20.76538,42.06433],[21.09848,42.19595],[21.56407,42.24629]]]]}},{"type":"Feature","properties":{"ADMIN":"Kuwait","ISO_A3":"KWT"},"geometry":{"type":"MultiPolygon","coordinates":[[[[48.18873,29.98355],[48.04607,29.80048],[48.22901,29.59992],[48.34449,29.79059],[48.18873,29.98355]]],[[[48.43278,28.54048],[48.15846,29.01728],[48.09207,29.28723],[47.727,29.36193],[47.96553,29.5763],[48.02174,29.77973],[47.94801,29.99405],[47.67417,30.09822],[47.35823,30.09212],[47.11049,29.96091],[46.85345,29.44456],[46.53244,29.09574],[47.43409,28.99459],[47.66813,28.5335],[48.43278,28.54048]]]]}},{"type":"Feature","properties":{"ADMIN":"Laos","ISO_A3":"LAO"},"geometry":{"type":"MultiPolygon","coordinates":[[[[102.11866,22.39755],[101.65455,22.44612],[101.51823,22.22821],[101.6068,21.9676],[101.75155,21.80637],[101.7225,21.30423],[101.2753,21.17411],[101.18657,21.53533],[101.14316,21.51342],[100.79197,21.29736],[100.5157,20.88648],[100.21133,20.69739],[100.12095,20.38878],[100.0993,20.3178],[100.11661,20.24802],[100.3644,20.36896],[100.54335,20.06658],[100.38352,19.76386],[100.46196,19.5371],[100.74551,19.48501],[100.8746,19.61291],[101.19287,19.45279],[101.2401,18.67364],[101.0303,18.42779],[101.14554,18.33625],[101.16517,18.05342],[101.00828,17.89524],[100.90193,17.56193],[101.13231,17.46167],[101.57755,17.86811],[101.72907,17.91219],[102.0785,18.2138],[102.30671,18.05146],[102.56752,17.97084],[102.59558,17.85007],[103.03793,17.99069],[103.26076,18.4002],[103.39677,18.44141],[104.00004,18.31844],[104.11094,18.11455],[104.4812,17.64042],[104.81642,17.37279],[104.74532,17.0248],[104.75452,16.52891],[105.01548,16.27673],[105.04246,16.14144],[105.40491,16.01882],[105.44796,15.76488],[105.651,15.6346],[105.56397,15.27253],[105.44378,15.13381],[105.58356,14.97759],[105.41597,14.42816],[105.18431,14.34574],[105.34786,14.10607],[105.53318,14.16433],[105.87305,13.93685],[106.04922,13.91546],[106.14456,14.0724],[105.96917,14.33202],[106.5125,14.59035],[106.793,14.32259],[106.94611,14.32352],[107.47378,14.64626],[107.52225,14.71869],[107.65759,15.28243],[107.36934,15.49606],[107.16026,15.75873],[107.39063,15.93582],[107.11685,16.25462],[106.65517,16.47083],[106.42025,16.98868],[106.18544,17.2574],[105.73528,17.66404],[105.47602,18.12732],[105.15666,18.31984],[105.11268,18.69834],[104.72196,18.79201],[104.14773,19.18289],[103.85674,19.31719],[104.08996,19.48367],[104.22897,19.70601],[104.50585,19.60281],[104.805,19.79089],[104.95321,20.00927],[104.90799,20.17533],[104.54264,20.5357],[104.60073,20.66055],[104.29527,20.87981],[104.05668,20.95883],[103.77556,20.83491],[103.66538,20.65828],[103.42659,20.82069],[103.11529,20.86839],[102.88786,21.22692],[102.9478,21.73712],[102.65066,21.6578],[102.59103,21.90135],[102.22625,22.22841],[102.11866,22.39755]]]]}},{"type":"Feature","properties":{"ADMIN":"Lebanon","ISO_A3":"LBN"},"geometry":{"type":"MultiPolygon","coordinates":[[[[35.8211,33.40672],[36.01292,33.60803],[36.05044,33.81644],[36.26717,33.91039],[36.6041,34.1991],[36.38892,34.59624],[36.32381,34.67949],[36.03793,34.62843],[35.80543,34.45869],[35.62721,34.20112],[35.57838,33.91669],[35.27101,33.45751],[35.10524,33.08902],[35.48014,33.08739],[35.52003,33.22219],[35.8211,33.40672]]]]}},{"type":"Feature","properties":{"ADMIN":"Liberia","ISO_A3":"LBR"},"geometry":{"type":"MultiPolygon","coordinates":[[[[-8.48545,7.55799],[-8.72962,7.50869],[-8.92542,7.2486],[-9.11962,7.23796],[-9.23434,7.38131],[-9.4381,7.42156],[-9.35351,7.62243],[-9.42234,8.01579],[-9.57918,8.38729],[-9.68351,8.48705],[-10.28224,8.48463],[-10.36492,8.14821],[-10.61767,8.01078],[-10.61519,7.76904],[-11.37323,7.13884],[-11.47619,6.91942],[-11.35318,6.70116],[-10.82433,6.43773],[-10.78832,6.29295],[-10.39562,6.17699],[-9.49747,5.38939],[-9.27872,5.14574],[-9.0148,4.97846],[-8.25731,4.57998],[-7.83288,4.45222],[-7.56431,4.42583],[-7.6055,4.89743],[-7.48892,5.14067],[-7.39363,5.52398],[-7.44654,5.84595],[-7.79965,5.97447],[-7.93489,6.27143],[-8.38881,6.35509],[-8.56611,6.55092],[-8.35176,6.75535],[-8.28411,7.01787],[-8.48545,7.55799]]]]}},{"type":"Feature","properties":{"ADMIN":"Libya","ISO_A3":"LBY"},"geometry":{"type":"MultiPolygon","coordinates":[[[[23.98131,19.49612],[23.98131,19.99542],[24.96802,19.99496],[24.98114,21.37244],[24.98124,23.16267],[24.98124,25.20544],[24.98124,26.66452],[24.98124,27.6665],[24.98124,29.18137],[24.87376,29.46833],[24.81164,29.89089],[24.68834,30.14416],[24.90766,30.49866],[24.99489,30.7851],[24.8595,31.14596],[24.86125,31.38036],[25.08842,31.61352],[24.9817,31.96792],[24.09067,32.00576],[23.66969,32.18325],[23.2435,32.22061],[23.09555,32.32355],[23.08644,32.64647],[22.0962,32.92308],[21.60865,32.93073],[21.4546,32.81257],[21.09669,32.78107],[20.56267,32.55785],[20.07154,32.17642],[19.94011,31.95775],[19.92066,31.71772],[20.14666,31.21678],[20.03647,30.81908],[19.74887,30.51093],[19.33855,30.29881],[19.05681,30.26618],[18.65317,30.42231],[18.1753,30.78608],[17.3659,31.08662],[16.72804,31.22382],[16.04461,31.27554],[15.76149,31.38813],[15.49041,31.66486],[15.37045,31.92939],[15.37045,32.15908],[15.19597,32.3898],[14.46949,32.51903],[14.17555,32.71768],[13.57146,32.8028],[13.35174,32.90424],[12.72983,32.79857],[12.34832,32.83267],[11.84702,33.08283],[11.50511,33.18123],[11.44403,32.36849],[10.87322,32.1367],[10.60595,31.95361],[10.51355,31.75703],[10.26395,31.6805],[10.1081,31.41183],[10.27015,30.91563],[10.19222,30.73125],[9.87131,30.35515],[9.51971,30.22891],[9.28654,30.11713],[9.66771,29.60832],[9.82615,29.12853],[9.85126,28.786],[9.77695,28.26758],[9.93591,27.86672],[9.72135,27.29188],[9.91059,26.84312],[9.83576,26.50422],[9.4826,26.35255],[9.40116,26.11339],[9.9695,25.3954],[10.03203,24.85634],[10.26033,24.57664],[10.45019,24.47693],[10.72067,24.5523],[11.56713,24.26684],[11.96886,23.51735],[13.48226,23.17967],[14.23172,22.61795],[14.97991,22.99566],[15.9851,23.44472],[17.43483,22.72879],[19.16413,21.87489],[20.52281,21.20393],[21.63447,20.65497],[23.24016,19.8621],[23.98131,19.49612]]]]}},{"type":"Feature","properties":{"ADMIN":"Saint Lucia","ISO_A3":"LCA"},"geometry":{"type":"MultiPolygon","coordinates":[]}},{"type":"Feature","properties":{"ADMIN":"Liechtenstein","ISO_A3":"LIE"},"geometry":{"type":"MultiPolygon","coordinates":[]}},{"type":"Feature","properties":{"ADMIN":"Sri Lanka","ISO_A3":"LKA"},"geometry":{"type":"MultiPolygon","coordinates":[[[[80.46827,9.58137],[80.22682,9.82958],[79.98845,9.82294],[80.27223,9.50414],[80.05299,9.39155],[80.11598,9.23383],[79.94711,8.94868],[79.76385,7.99014],[79.86305,6.8072],[80.10377,6.12714],[80.24757,6.00918],[80.59083,5.92373],[81.36207,6.22541],[81.68149,6.46214],[81.77565,6.61042],[81.89031,7.01992],[81.88071,7.32709],[81.69679,7.753],[81.4485,8.128],[81.36573,8.48216],[80.93067,9.02098],[80.7444,9.35969],[80.46827,9.58137]]]]}},{"type":"Feature","properties":{"ADMIN":"Lesotho","ISO_A3":"LSO"},"geometry":{"type":"MultiPolygon","coordinates":[[[[28.15495,-28.70233],[28.01873,-28.85684],[27.74743,-28.90862],[27.66496,-29.06572],[27.24183,-29.549],[27.01487,-29.62558],[27.36616,-30.31102],[27.74361,-30.6003],[28.0547,-30.6497],[28.36409,-30.15929],[28.86003,-30.06638],[29.14425,-29.91972],[29.1613,-29.66692],[29.43591,-29.34239],[29.20843,-29.06892],[28.66655,-28.59722],[28.40341,-28.61892],[28.31722,-28.70006],[28.27391,-28.70956],[28.15495,-28.70233]]]]}},{"type":"Feature","properties":{"ADMIN":"Lithuania","ISO_A3":"LTU"},"geometry":{"type":"MultiPolygon","coordinates":[[[[22.76722,54.35627],[22.97331,54.37539],[23.4325,54.1693],[23.46289,53.97252],[23.64262,53.89899],[24.20114,53.95247],[24.37787,53.88684],[24.82136,54.01991],[25.19353,54.24367],[25.53,54.34614],[25.78269,54.86968],[26.13864,54.96895],[26.4455,55.3375],[26.59453,55.66699],[25.64968,56.14381],[25.1092,56.18308],[24.89226,56.43873],[24.44722,56.26052],[23.28843,56.37305],[23.01671,56.32385],[22.09408,56.41741],[21.59603,56.30788],[21.0534,56.0726],[21.07439,55.74494],[21.2676,55.24867],[22.09987,55.02992],[22.58067,55.05762],[22.80887,54.89376],[22.6804,54.45321],[22.76722,54.35627]]]]}},{"type":"Feature","properties":{"ADMIN":"Luxembourg","ISO_A3":"LUX"},"geometry":{"type":"MultiPolygon","coordinates":[[[[6.11749,50.12046],[5.96163,50.16562],[5.71493,49.88187],[5.88546,49.64353],[5.79068,49.53775],[5.9607,49.44132],[6.34531,49.45535],[6.5001,49.79448],[6.2227,49.88714],[6.11749,50.12046]]]]}},{"type":"Feature","properties":{"ADMIN":"Latvia","ISO_A3":"LVA"},"geometry":{"type":"MultiPolygon","coordinates":[[[[28.14891,56.14241],[28.12612,56.54776],[27.91889,56.80589],[27.64873,56.87927],[27.8403,57.29064],[27.35293,57.5276],[26.83855,57.60987],[26.49955,57.51582],[26.02475,57.77436],[25.16697,58.05873],[24.40154,57.86647],[24.37916,57.23021],[23.69516,56.96727],[23.2505,57.11445],[23.13022,57.37079],[22.48373,57.7425],[21.69923,57.55532],[21.4214,57.28872],[21.40162,57.0375],[21.0652,56.84634],[20.96909,56.25349],[21.0534,56.0726],[21.59603,56.30788],[22.09408,56.41741],[23.01671,56.32385],[23.28843,56.37305],[24.44722,56.26052],[24.89226,56.43873],[25.1092,56.18308],[25.64968,56.14381],[26.59453,55.66699],[26.98107,55.82688],[27.59271,55.79424],[27.91145,56.10025],[28.14891,56.14241]]]]}},{"type":"Feature","properties":{"ADMIN":"Macao S.A.R","ISO_A3":"MAC"},"geometry":{"type":"MultiPolygon","coordinates":[]}},{"type":"Feature","properties":{"ADMIN":"Saint Martin","ISO_A3":"MAF"},"geometry":{"type":"MultiPolygon","coordinates":[]}},{"type":"Feature","properties":{"ADMIN":"Monaco","ISO_A3":"MCO"},"geometry":{"type":"MultiPolygon","coordinates":[]}},{"type":"Feature","properties":{"ADMIN":"Moldova","ISO_A3":"MDA"},"geometry":{"type":"MultiPolygon","coordinates":[[[[28.1995,45.46177],[28.21727,45.49335],[28.2705,45.52151],[28.48093,45.50198],[28.474,45.65794],[28.93196,45.99316],[29.20068,46.35712],[29.72695,46.4558],[29.95262,46.72469],[29.55869,46.94574],[29.55657,47.32404],[29.11743,47.53333],[29.23861,47.756],[29.12399,47.97599],[28.79925,48.11179],[28.19991,48.21174],[27.75177,48.45198],[27.50383,48.47237],[27.17579,48.3618],[26.84278,48.39374],[26.61789,48.25897],[27.04804,48.12223],[27.27201,47.71497],[27.56315,47.46834],[27.80655,47.14462],[28.03703,47.01646],[28.23412,46.66242],[28.24606,46.42786],[28.08612,46.00055],[28.16591,45.49459],[28.1995,45.46177]]]]}},{"type":"Feature","properties":{"ADMIN":"Madagascar","ISO_A3":"MDG"},"geometry":{"type":"MultiPolygon","coordinates":[[[[49.35174,-12.09051],[48.98463,-12.33343],[48.86622,-12.63714],[48.95533,-12.8117],[48.74741,-13.41155],[48.42758,-13.52418],[48.18133,-13.74676],[48.03126,-13.51719],[47.87582,-13.78427],[48.04477,-14.15163],[47.81446,-14.216],[47.70948,-14.36956],[47.75294,-14.60052],[47.48243,-15.08025],[47.29176,-14.92344],[47.05787,-15.21624],[46.87941,-15.22503],[46.33269,-15.63014],[46.0158,-15.79225],[45.69386,-15.78314],[45.63836,-15.94305],[45.26637,-15.92392],[44.85426,-16.22536],[44.45281,-16.1867],[44.40065,-16.37282],[44.43067,-16.70037],[43.94313,-17.45574],[44.03566,-17.76946],[44.00099,-17.93792],[44.04965,-18.42653],[44.25733,-18.80389],[44.22755,-19.05462],[44.45965,-19.41766],[44.37086,-19.77402],[44.47934,-19.91277],[44.25473,-20.37607],[43.90154,-20.88291],[43.81275,-21.2243],[43.47267,-21.40521],[43.47267,-21.67205],[43.33619,-21.76881],[43.22291,-22.25482],[43.3567,-22.82969],[43.58318,-23.07586],[43.62859,-23.33929],[43.75799,-23.45403],[43.64161,-23.63893],[43.65626,-24.18532],[43.83985,-24.50579],[44.02882,-24.99896],[44.36948,-25.25677],[44.83473,-25.34401],[45.13608,-25.58416],[45.4922,-25.57366],[46.23764,-25.19817],[46.65366,-25.18385],[46.96469,-25.06569],[47.13746,-24.90927],[47.33839,-24.32431],[47.5687,-23.85263],[47.83383,-22.90097],[47.90065,-22.48113],[48.20183,-21.79616],[48.45558,-21.01409],[48.56227,-20.57708],[48.82374,-19.90276],[48.85963,-19.68467],[49.07691,-19.06561],[49.35922,-18.424],[49.50408,-17.66302],[49.43133,-17.28387],[49.72316,-16.7081],[49.84946,-16.55242],[49.84571,-16.21209],[49.70265,-16.115],[49.73373,-15.90569],[49.63844,-15.54461],[49.90113,-15.4223],[50.03891,-15.85947],[50.24155,-15.95827],[50.42986,-15.60027],[50.50392,-15.31618],[50.2837,-14.87916],[50.19093,-14.45664],[50.14291,-13.78314],[49.97267,-13.33131],[49.86427,-12.88047],[49.56324,-12.61679],[49.5394,-12.37819],[49.34938,-12.29852],[49.35174,-12.09051]]]]}},{"type":"Feature","properties":{"ADMIN":"Maldives","ISO_A3":"MDV"},"geometry":{"type":"MultiPolygon","coordinates":[]}},{"type":"Feature","properties":{"ADMIN":"Mexico","ISO_A3":"MEX"},"geometry":{"type":"MultiPolygon","coordinates":[[[[-112.28157,29.22547],[-112.43871,29.20209],[-112.58303,28.87536],[-112.27466,28.76839],[-112.19561,29.02133],[-112.28157,29.22547]]],[[[-113.49949,29.53514],[-113.5891,29.4096],[-113.35397,29.17074],[-113.18276,29.28969],[-113.49949,29.53514]]],[[[-97.13927,25.96583],[-97.42542,25.85486],[-97.67961,26.03464],[-98.22266,26.07541],[-98.36934,26.19401],[-98.64056,26.24181],[-98.79585,26.36831],[-99.0855,26.40764],[-99.24828,26.8271],[-99.46173,27.05695],[-99.5072,27.57377],[-99.70037,27.65919],[-100.07489,28.15441],[-100.28434,28.29652],[-100.3971,28.59273],[-100.62432,28.92472],[-100.66897,29.11621],[-101.16356,29.5013],[-101.40931,29.76578],[-102.30217,29.88939],[-102.4061,29.77728],[-102.68347,29.74372],[-102.88307,29.34377],[-103.14799,28.98511],[-103.30155,29.00237],[-103.79418,29.27759],[-104.05731,29.33904],[-104.53082,29.66791],[-104.68048,29.94231],[-104.68156,30.19294],[-105.0085,30.67699],[-105.36377,30.85037],[-106.00474,31.39695],[-106.16432,31.4478],[-106.35849,31.71755],[-106.51719,31.77382],[-108.21512,31.77775],[-108.21481,31.32744],[-109.96628,31.32724],[-111.06712,31.33364],[-112.32472,31.72799],[-113.9617,32.23413],[-114.82211,32.50024],[-114.72428,32.71284],[-115.79406,32.63196],[-117.12512,32.53167],[-116.84227,31.98652],[-116.6197,31.85757],[-116.67561,31.55264],[-116.30944,31.1485],[-116.24975,30.95677],[-116.06802,30.81318],[-116.04925,30.47959],[-115.8373,30.34647],[-115.69756,29.75583],[-115.18712,29.42862],[-114.97204,29.37775],[-114.27175,28.6588],[-114.04259,28.45844],[-114.12488,28.25573],[-114.03974,28.02773],[-114.17325,27.82681],[-114.49906,27.77407],[-114.9234,27.83628],[-114.73423,27.52125],[-114.50646,27.40618],[-114.48754,27.2381],[-113.81639,26.94897],[-113.63714,26.72553],[-113.50389,26.79342],[-113.14306,26.75772],[-113.06072,26.59912],[-112.72836,26.37023],[-112.3435,26.17813],[-112.07599,25.7134],[-112.07787,25.25874],[-112.14253,25.08598],[-112.08804,24.77338],[-111.67903,24.58633],[-111.44444,24.32439],[-111.03971,24.10418],[-110.57734,23.68156],[-110.30736,23.54103],[-110.16726,23.32109],[-110.09838,23.01756],[-109.89538,22.8742],[-109.53167,23.10821],[-109.42565,23.29719],[-109.47646,23.5602],[-109.67983,23.64816],[-109.69844,23.79843],[-110.17276,24.25298],[-110.56236,24.2125],[-110.73859,24.55457],[-110.65697,24.80692],[-110.90445,25.14301],[-111.02627,25.45861],[-111.30712,25.77921],[-111.31834,26.07374],[-111.56908,26.57623],[-111.56005,26.69565],[-112.01716,26.9785],[-112.37311,27.5641],[-112.59801,27.6543],[-112.77322,27.8639],[-112.79381,28.19027],[-112.90236,28.47534],[-113.10297,28.50458],[-113.26039,28.84011],[-113.47869,28.94625],[-113.77087,29.40776],[-114.27121,29.77207],[-114.39224,29.78301],[-114.6603,30.18325],[-114.62952,30.4248],[-114.72026,30.9411],[-114.88868,31.16289],[-114.85291,31.52661],[-114.58471,31.76075],[-114.15901,31.49451],[-113.87572,31.59675],[-113.65958,31.49754],[-113.54895,31.2957],[-113.04872,31.15669],[-113.12884,30.81244],[-112.87068,30.42853],[-112.68635,29.90778],[-112.26347,29.32998],[-112.15073,28.96298],[-111.89436,28.78067],[-111.70835,28.46014],[-111.4735,28.38105],[-111.25066,28.05201],[-111.05915,27.93702],[-110.58658,27.83706],[-110.62671,27.60854],[-110.55476,27.38475],[-110.28762,27.14839],[-109.91704,27.06007],[-109.85631,26.80097],[-109.5499,26.72796],[-109.25573,26.49799],[-109.26806,26.17988],[-109.43326,26.02167],[-109.44054,25.7934],[-108.4508,25.26935],[-108.18639,24.98656],[-107.99519,24.64838],[-107.62413,24.45848],[-107.37776,24.20685],[-107.03588,23.98078],[-106.79324,23.63235],[-106.52282,23.40754],[-106.4298,23.23041],[-105.80016,22.63845],[-105.65503,22.2563],[-105.63226,21.95574],[-105.41408,21.60111],[-105.18497,21.44302],[-105.23433,21.06097],[-105.36156,20.76275],[-105.32873,20.51374],[-105.69868,20.40691],[-105.52562,20.03193],[-105.25076,19.66608],[-105.08771,19.56107],[-105.01712,19.36848],[-104.80691,19.22907],[-104.45158,19.10443],[-103.97998,18.87494],[-103.70017,18.65433],[-103.4984,18.33348],[-102.7423,18.06696],[-102.19063,17.91599],[-102.03673,17.99067],[-101.81106,17.89026],[-101.64449,17.66829],[-101.18225,17.41254],[-101.00824,17.25298],[-99.99169,16.90974],[-99.74124,16.73062],[-98.85655,16.52818],[-98.56824,16.32398],[-98.12377,16.20917],[-97.77272,15.97945],[-97.26602,15.93591],[-96.84512,15.73257],[-96.55604,15.65903],[-96.23664,15.68333],[-95.95988,15.82791],[-95.43448,15.97538],[-94.85208,16.4289],[-94.12784,16.22085],[-93.94339,16.01057],[-93.65604,15.83926],[-92.824,15.1728],[-92.69986,14.99909],[-92.24623,14.54628],[-92.16173,14.70233],[-92.20465,15.28951],[-91.72378,16.06879],[-90.48574,16.0707],[-90.39879,16.34758],[-90.64818,16.52959],[-90.73531,16.74658],[-91.06687,16.91819],[-91.29042,17.18908],[-90.99199,17.25192],[-90.9909,17.80196],[-89.1605,17.81431],[-89.04944,17.99921],[-88.88033,17.88847],[-88.73639,18.05192],[-88.48925,18.48451],[-88.30382,18.48135],[-88.10391,18.80272],[-88.00219,18.69013],[-88.07779,18.4986],[-87.77123,18.4064],[-87.72338,18.68122],[-87.42321,19.55801],[-87.66637,19.55248],[-87.47155,19.88471],[-87.444,20.19115],[-87.23497,20.49258],[-86.87531,20.85505],[-86.74157,21.16413],[-86.82795,21.43329],[-86.99791,21.5659],[-87.23819,21.44302],[-87.96207,21.60008],[-88.44782,21.5751],[-88.70271,21.45856],[-89.12316,21.36347],[-89.78596,21.28457],[-90.3601,21.00039],[-90.4899,20.53413],[-90.47782,19.9221],[-90.70946,19.68749],[-90.73009,19.37592],[-90.93554,19.16307],[-91.43119,18.88012],[-91.26553,18.73566],[-91.33283,18.57343],[-91.54442,18.44916],[-91.99071,18.53925],[-91.94806,18.69122],[-92.68102,18.62287],[-92.93977,18.44574],[-93.44469,18.4418],[-94.20714,18.18964],[-94.58088,18.18985],[-94.80785,18.52363],[-95.00255,18.55541],[-95.20836,18.70864],[-95.72838,18.75723],[-95.85204,18.71678],[-95.97716,19.05825],[-96.27831,19.3146],[-96.45613,19.8688],[-96.67601,20.15786],[-97.15054,20.64704],[-97.49682,21.40062],[-97.65758,21.63654],[-97.61046,21.83576],[-97.76061,22.09585],[-97.88939,22.62543],[-97.74234,22.97207],[-97.76854,23.26008],[-97.71666,24.00812],[-97.65144,24.51586],[-97.45897,25.17939],[-97.16515,25.72333],[-97.13927,25.96583]]]]}},{"type":"Feature","properties":{"ADMIN":"Marshall Islands","ISO_A3":"MHL"},"geometry":{"type":"MultiPolygon","coordinates":[]}},{"type":"Feature","properties":{"ADMIN":"Macedonia","ISO_A3":"MKD"},"geometry":{"type":"MultiPolygon","coordinates":[[[[22.34502,42.31344],[22.30761,42.31933],[22.2334,42.34889],[21.56407,42.24629],[21.09848,42.19595],[20.76538,42.06433],[20.56715,41.87318],[20.44416,41.54966],[20.47775,41.3196],[20.70275,40.93631],[20.96526,40.84939],[21.58156,40.86629],[21.90908,41.09749],[22.18317,41.15992],[22.72722,41.16581],[22.82603,41.34099],[22.91698,41.33577],[23.00958,41.71637],[22.8437,42.01447],[22.53106,42.12911],[22.34502,42.31344]]]]}},{"type":"Feature","properties":{"ADMIN":"Mali","ISO_A3":"MLI"},"geometry":{"type":"MultiPolygon","coordinates":[[[[4.22861,19.14224],[3.30836,18.98168],[3.10268,19.15356],[3.25823,19.41039],[3.21679,19.79406],[2.946,19.94165],[2.4004,20.05655],[2.18243,20.2785],[2.05634,20.21505],[1.77811,20.30429],[1.64396,20.52268],[1.14528,20.79589],[1.14652,21.10171],[-0.01041,21.85815],[-0.96358,22.48126],[-2.52323,23.501],[-3.44854,24.10602],[-4.82161,24.99506],[-6.59311,24.99413],[-6.37472,23.15029],[-6.21938,21.82286],[-6.1137,20.91955],[-5.96353,19.62061],[-5.75647,17.74104],[-5.62335,16.52783],[-5.35329,16.31198],[-5.51095,15.4959],[-6.67393,15.49466],[-8.32701,15.49528],[-9.34922,15.49564],[-9.8356,15.3711],[-10.30875,15.43521],[-10.73637,15.42263],[-10.91517,15.1029],[-11.40956,15.6022],[-11.72706,15.54117],[-11.84565,15.17907],[-11.83708,14.8931],[-11.97397,14.77985],[-12.26413,14.77494],[-12.16595,14.62518],[-12.22173,14.39124],[-11.99758,14.16616],[-11.96291,13.90915],[-12.09763,13.70441],[-11.99681,13.54416],[-11.61311,13.36081],[-11.45028,13.07509],[-11.38842,12.4039],[-11.50779,12.19161],[-11.19117,12.01441],[-11.05232,12.20251],[-10.90979,12.20013],[-10.71136,11.89039],[-10.26694,12.21781],[-9.72299,12.02542],[-9.62817,12.17016],[-9.3085,12.34504],[-8.99384,12.38751],[-8.9263,12.06428],[-8.797,11.91323],[-8.84723,11.65795],[-8.52756,11.42339],[-8.50576,11.05279],[-8.31114,11.0008],[-8.29554,10.53745],[-8.01571,10.33934],[-7.98966,10.16199],[-7.829,10.21165],[-7.70865,10.40247],[-7.46618,10.42949],[-7.34696,10.2479],[-6.95939,10.1855],[-6.97314,10.33229],[-6.70034,10.34167],[-6.52138,10.56421],[-6.20781,10.63754],[-6.18088,10.21584],[-6.01593,10.18987],[-5.80628,10.41347],[-5.59405,10.45394],[-5.52258,10.42549],[-5.43142,10.84469],[-5.48976,11.08212],[-5.32233,11.13555],[-5.21831,11.4222],[-5.30781,11.62901],[-5.16782,11.94366],[-4.80681,11.99627],[-4.40613,12.30747],[-4.38689,12.53019],[-4.22932,12.94895],[-4.35107,13.11832],[-3.98404,13.39647],[-3.59688,13.1994],[-3.24863,13.29278],[-3.25972,13.65831],[-3.06751,13.60677],[-2.84086,14.04299],[-2.46168,14.28091],[-2.15188,14.15614],[-2.02341,14.19864],[-1.96703,14.48374],[-1.69692,14.49612],[-1.35027,14.71497],[-1.04332,14.81791],[-0.7529,15.06973],[-0.2367,15.06562],[0.21847,14.91098],[0.51483,14.99356],[0.67007,14.93974],[0.97372,14.99126],[1.33153,15.28362],[3.00016,15.33912],[3.07302,15.4272],[3.5071,15.35397],[3.52653,15.49595],[3.87122,15.7148],[4.06056,16.29833],[4.18396,16.41605],[4.23564,16.99586],[4.23192,18.1531],[4.22861,19.14224]]]]}},{"type":"Feature","properties":{"ADMIN":"Malta","ISO_A3":"MLT"},"geometry":{"type":"MultiPolygon","coordinates":[]}},{"type":"Feature","properties":{"ADMIN":"Myanmar","ISO_A3":"MMR"},"geometry":{"type":"MultiPolygon","coordinates":[[[[101.15902,21.55269],[101.06869,21.76203],[100.62174,21.46908],[100.32652,21.52427],[99.95026,21.72116],[99.94241,22.04553],[99.16638,22.20464],[99.35779,22.49548],[99.30787,22.7196],[99.53463,22.94932],[99.35097,23.11926],[99.21661,23.05738],[98.91069,23.2976],[98.85736,23.60435],[98.66326,23.96955],[98.50327,24.12127],[98.18153,24.11866],[97.88997,24.02262],[97.70766,24.1253],[97.53609,24.74503],[97.66394,24.82978],[97.73753,25.09051],[98.10836,25.38889],[98.15022,25.61306],[98.33263,25.56697],[98.46131,25.79465],[98.6924,25.87899],[98.54554,26.10564],[98.70553,26.17494],[98.74925,26.77144],[98.67256,27.1756],[98.67928,27.57734],[98.40002,27.67573],[98.2947,27.53661],[98.10712,27.97307],[98.11869,28.14079],[97.6996,28.48803],[97.52772,28.52953],[97.3235,28.21748],[97.22293,27.89972],[96.87019,27.61909],[96.90512,27.40841],[96.75888,27.34174],[96.14259,27.25751],[95.39266,26.69176],[95.11908,26.60422],[95.04632,26.24796],[95.13955,26.02994],[95.0088,25.73714],[94.608,25.39463],[94.55012,25.24528],[94.70856,25.02589],[94.28999,24.31676],[94.19025,23.99528],[93.99791,23.91697],[93.6124,24.00905],[93.45665,23.95996],[93.3749,23.12973],[93.07952,22.77272],[93.16902,22.24691],[92.8539,22.02413],[92.70807,22.14795],[92.57588,21.97757],[92.59024,21.49554],[92.32266,21.4619],[92.18365,21.3172],[92.26515,21.0611],[92.38111,20.70014],[92.65317,20.41828],[92.77215,20.20148],[93.14812,19.99433],[93.37485,20.08853],[93.60141,19.78343],[93.98732,19.3867],[93.79689,19.23517],[93.49781,19.31391],[93.75025,18.9704],[94.13356,18.8465],[94.48097,18.09422],[94.44744,17.97333],[94.59523,17.61546],[94.57252,17.3111],[94.37892,16.88695],[94.2151,16.15766],[94.34002,15.99624],[94.56235,15.96186],[94.85865,15.78262],[95.39649,15.71638],[95.66472,15.9492],[95.75554,16.14525],[96.33644,16.43944],[96.61594,16.518],[96.80104,16.73737],[96.9109,17.02481],[96.84938,17.21296],[97.06861,17.25137],[97.19899,16.99746],[97.25544,16.69787],[97.4026,16.51691],[97.54835,16.53815],[97.64991,16.28384],[97.58229,16.0091],[97.72706,15.84321],[97.79477,15.4079],[97.79477,14.88032],[98.10857,14.13264],[98.10328,13.701],[98.2448,13.71406],[98.43165,13.47875],[98.69117,12.71044],[98.55201,12.27961],[98.72023,11.9643],[98.69801,11.38801],[98.75929,11.26895],[98.71241,10.92438],[98.45932,10.7154],[98.58985,10.04206],[98.74741,10.35053],[98.76672,10.68875],[99.24328,11.19766],[99.63002,11.81577],[99.46631,12.12603],[99.39376,12.58978],[99.21413,12.73465],[99.1021,13.17134],[99.19015,13.2295],[99.15253,13.71487],[98.94531,14.06914],[98.54771,14.37768],[98.24334,14.80512],[98.16499,15.1258],[98.28302,15.28997],[98.55991,15.35532],[98.54306,15.73537],[98.65871,16.11628],[98.63163,16.46313],[98.45666,16.72322],[98.52456,16.85045],[98.31331,17.05204],[97.98278,17.50544],[97.76895,17.67918],[97.75406,17.96903],[97.43811,18.48812],[97.75179,18.58248],[97.71913,18.86464],[97.8108,19.11222],[97.76709,19.39753],[97.83985,19.55532],[98.21791,19.70797],[98.53262,19.67585],[99.00877,19.84592],[99.01683,20.041],[99.29568,20.0625],[99.94204,20.44402],[100.0993,20.3178],[100.12095,20.38878],[100.21133,20.69739],[100.5157,20.88648],[100.79197,21.29736],[101.14316,21.51342],[101.15902,21.55269]]]]}},{"type":"Feature","properties":{"ADMIN":"Montenegro","ISO_A3":"MNE"},"geometry":{"type":"MultiPolygon","coordinates":[[[[20.34535,42.82744],[19.92915,43.11391],[19.61868,43.16824],[19.19534,43.5328],[18.91102,43.50727],[18.67951,43.24948],[18.639,43.02024],[18.45275,42.9934],[18.53843,42.6183],[18.43735,42.55921],[18.44428,42.47793],[18.91334,42.22224],[19.36512,41.85237],[19.27203,42.18068],[19.60504,42.58484],[19.8196,42.46648],[20.06496,42.54676],[20.07632,42.77344],[20.34535,42.82744]]]]}},{"type":"Feature","properties":{"ADMIN":"Mongolia","ISO_A3":"MNG"},"geometry":{"type":"MultiPolygon","coordinates":[[[[116.68428,49.82326],[116.60705,49.94879],[116.21764,50.01385],[116.03768,50.02025],[115.7509,49.88497],[115.56456,49.89808],[115.3687,49.89541],[115.01133,50.18103],[114.75375,50.23621],[114.66613,50.25768],[114.28628,50.27688],[114.10945,50.23693],[113.57966,50.01995],[113.21245,49.82202],[113.06637,49.70214],[113.04367,49.5886],[112.94997,49.58055],[112.73372,49.49279],[112.58403,49.54021],[112.43224,49.52917],[112.03019,49.41187],[111.68387,49.41343],[111.33845,49.36474],[110.73136,49.13767],[110.37117,49.24175],[110.18142,49.16196],[109.28669,49.33854],[108.53806,49.32743],[108.03266,49.58933],[107.94652,49.93349],[107.22491,49.99705],[106.65652,50.32701],[106.24486,50.29026],[105.98488,50.39977],[105.32864,50.47645],[104.4058,50.30055],[104.12169,50.14826],[103.60141,50.13353],[102.58659,50.41527],[102.32763,50.54555],[102.05122,51.38361],[101.3878,51.45056],[100.5109,51.7269],[100.00597,51.73173],[99.67932,51.88867],[99.32389,51.93422],[98.8556,52.10669],[98.71111,51.84511],[98.33222,51.71832],[98.05089,51.46642],[97.80636,51.00113],[98.0233,50.64203],[98.29346,50.51862],[98.10557,50.06387],[97.56658,49.9168],[97.30169,49.72554],[96.9692,49.88667],[96.37286,49.88605],[95.86705,50.01498],[95.48061,49.8922],[94.62454,50.01519],[94.34435,50.24918],[94.23759,50.56524],[93.01141,50.62332],[92.64978,50.67407],[92.30168,50.84336],[92.15885,50.6891],[91.74978,50.68409],[91.41574,50.46137],[91.01205,50.4253],[90.6839,50.21621],[90.05123,50.08418],[89.62386,49.90269],[89.68231,49.70834],[89.25221,49.62943],[88.87063,49.436],[88.19997,49.45435],[87.95678,49.16889],[87.82191,49.02874],[87.80589,48.80059],[87.94283,48.59949],[88.56512,48.34299],[88.58077,48.21199],[89.04555,47.99299],[89.5418,48.03102],[89.7513,47.82432],[90.08285,47.7561],[90.44123,47.49305],[90.46872,47.30892],[90.82818,46.9823],[91.0475,46.56641],[90.89619,46.30203],[91.00243,46.02184],[90.71077,45.7522],[90.65114,45.49314],[90.90549,45.18598],[91.13504,45.19786],[91.66296,45.05952],[92.0094,45.07622],[92.47511,44.99746],[92.75272,45.03798],[93.52528,44.95126],[93.97507,44.65996],[94.69823,44.3435],[95.03681,44.25497],[95.37943,44.28712],[95.32755,44.00667],[95.51027,43.97913],[95.90849,43.21455],[96.29431,42.93327],[96.35064,42.74091],[97.19327,42.78726],[99.47448,42.5642],[100.01697,42.67652],[101.21871,42.52983],[101.6376,42.51544],[102.03416,42.18461],[103.07348,42.00452],[103.72099,41.75557],[104.50078,41.8706],[104.49799,41.66578],[105.01481,41.59614],[105.27448,41.75546],[105.86861,41.99348],[106.76783,42.28662],[108.17736,42.45431],[108.79685,42.39837],[109.48513,42.4493],[109.66734,42.54898],[110.40673,42.76861],[110.93372,43.28777],[111.59725,43.52339],[111.93335,43.69664],[111.94407,43.7869],[111.93023,43.8209],[111.83879,43.93879],[111.51943,44.18857],[111.40636,44.41646],[111.73853,44.9663],[112.0112,45.08748],[112.10744,45.0674],[112.44104,45.05239],[112.61424,44.90884],[112.75086,44.86368],[113.10486,44.79437],[113.53086,44.7441],[113.63506,44.74626],[114.05529,44.94057],[114.41889,45.20148],[114.47711,45.25325],[114.53371,45.3855],[114.93885,45.37377],[115.33462,45.39155],[115.63783,45.44436],[115.69249,45.45725],[116.01197,45.67856],[116.15467,45.67163],[116.60356,46.30932],[116.72346,46.32859],[116.80458,46.38291],[116.96319,46.36317],[117.30171,46.35014],[117.35507,46.36662],[117.41039,46.49341],[117.3938,46.57137],[117.69621,46.51225],[117.81379,46.50263],[118.23829,46.71539],[118.46614,46.65707],[118.72007,46.67674],[118.75543,46.68588],[118.81624,46.75818],[119.0136,46.65131],[119.31693,46.61168],[119.68012,46.59163],[119.79908,46.62537],[119.9126,46.70202],[119.90289,46.84241],[119.75355,47.11233],[119.69996,47.15953],[119.53456,47.28176],[119.31327,47.48],[119.15756,47.51767],[119.08346,47.66156],[118.76741,47.75616],[118.6275,47.91913],[118.54225,47.96625],[118.42695,48.0194],[118.18248,48.02821],[117.8207,48.02632],[117.74168,47.97759],[117.31711,47.65407],[117.07384,47.82116],[116.85326,47.87212],[116.24389,47.86289],[116.16216,47.86265],[115.8527,47.70556],[115.56187,47.9332],[115.51453,48.1221],[115.79104,48.22225],[115.80929,48.27395],[115.8004,48.53037],[116.04229,48.7363],[116.68428,49.82326]]]]}},{"type":"Feature","properties":{"ADMIN":"Northern Mariana Islands","ISO_A3":"MNP"},"geometry":{"type":"MultiPolygon","coordinates":[]}},{"type":"Feature","properties":{"ADMIN":"Mozambique","ISO_A3":"MOZ"},"geometry":{"type":"MultiPolygon","coordinates":[[[[32.89308,-26.84612],[32.92945,-26.26605],[32.68084,-26.18816],[32.59148,-25.96901],[32.87273,-25.54388],[33.15309,-25.36582],[33.72918,-25.10508],[34.64894,-24.81276],[35.10646,-24.59791],[35.4935,-24.11053],[35.39479,-23.84189],[35.52076,-22.90765],[35.49684,-22.14153],[35.33579,-22.08913],[35.27101,-21.64414],[35.05795,-21.13763],[35.12013,-20.9664],[34.99334,-20.73016],[34.74244,-20.55023],[34.67994,-20.34694],[34.88006,-19.86338],[35.33985,-19.52068],[35.66228,-19.13299],[36.10857,-18.80592],[36.24431,-18.88323],[36.55201,-18.48602],[36.88738,-18.18906],[37.08644,-17.86907],[37.36085,-17.65],[37.90886,-17.35516],[38.59547,-17.09441],[39.09051,-16.98382],[39.20436,-16.81699],[39.69825,-16.53216],[39.81332,-16.27695],[39.99236,-16.22243],[40.16456,-15.91562],[40.57325,-15.50498],[40.68165,-15.23301],[40.67091,-14.97666],[40.83546,-14.80234],[40.84254,-14.46445],[40.60963,-14.1386],[40.65056,-14.03191],[40.54265,-13.65887],[40.56007,-12.8139],[40.48032,-12.48431],[40.53688,-11.99684],[40.42945,-11.64153],[40.50652,-11.18743],[40.4961,-10.95574],[40.60206,-10.82049],[40.53207,-10.50945],[40.43686,-10.47479],[40.00813,-10.81112],[39.7605,-10.9431],[39.48269,-10.99922],[39.28662,-11.15415],[38.89626,-11.16769],[38.49225,-11.41346],[38.25661,-11.27714],[37.87524,-11.3191],[37.78367,-11.55888],[37.42782,-11.72259],[37.04438,-11.59567],[36.74704,-11.66647],[36.19968,-11.70151],[36.16806,-11.57872],[35.82637,-11.41346],[35.65481,-11.57831],[34.96461,-11.57356],[34.65125,-11.57004],[34.56381,-11.8309],[34.35401,-12.19946],[34.49446,-12.68739],[34.54531,-13.32575],[34.6406,-13.49235],[34.89444,-13.53473],[35.45575,-14.13697],[35.85304,-14.66748],[35.9043,-14.88689],[35.78451,-15.1952],[35.84053,-15.4172],[35.79568,-16.00497],[35.69759,-16.10749],[35.37462,-16.14098],[35.21442,-16.48421],[35.30496,-17.10423],[35.0813,-17.12407],[35.00451,-16.81463],[34.38522,-16.18645],[34.23319,-15.88983],[34.40403,-15.64685],[34.41013,-15.48128],[34.56908,-15.27116],[34.58417,-14.98446],[34.5018,-14.5757],[34.34408,-14.38739],[33.60423,-14.52402],[33.43918,-14.38067],[33.20271,-14.01387],[31.65841,-14.51958],[31.41088,-14.63358],[30.81577,-14.76824],[30.21447,-14.98146],[30.39595,-15.59062],[30.40257,-16.00124],[31.25998,-16.02347],[31.40457,-16.16227],[31.68611,-16.20723],[31.91028,-16.42892],[32.29046,-16.45176],[32.89337,-16.71242],[32.82878,-16.93514],[33.02246,-17.36147],[32.93709,-18.04711],[32.99641,-18.46714],[32.87074,-18.53577],[32.88521,-18.78784],[32.69142,-18.83425],[32.69106,-19.01429],[32.86226,-19.11806],[32.76883,-19.36362],[32.81627,-19.65208],[33.03279,-19.78417],[32.84521,-20.28667],[32.46911,-20.68685],[32.49722,-20.8981],[32.33981,-21.13406],[32.40854,-21.29033],[31.43382,-22.30205],[31.28892,-22.39734],[31.53635,-23.15698],[31.52147,-23.41557],[31.74119,-23.83679],[31.98655,-24.42311],[31.99162,-25.65022],[31.94924,-25.9581],[32.05745,-26.0412],[32.03988,-26.28367],[32.11388,-26.84001],[32.89308,-26.84612]]]]}},{"type":"Feature","properties":{"ADMIN":"Mauritania","ISO_A3":"MRT"},"geometry":{"type":"MultiPolygon","coordinates":[[[[-12.26413,14.77494],[-11.97397,14.77985],[-11.83708,14.8931],[-11.84565,15.17907],[-11.72706,15.54117],[-11.40956,15.6022],[-10.91517,15.1029],[-10.73637,15.42263],[-10.30875,15.43521],[-9.8356,15.3711],[-9.34922,15.49564],[-8.32701,15.49528],[-6.67393,15.49466],[-5.51095,15.4959],[-5.35329,16.31198],[-5.62335,16.52783],[-5.75647,17.74104],[-5.96353,19.62061],[-6.1137,20.91955],[-6.21938,21.82286],[-6.37472,23.15029],[-6.59311,24.99413],[-4.82161,24.99506],[-6.1399,25.79021],[-7.29704,26.47074],[-8.68239,27.28542],[-8.68081,26.01314],[-8.70722,25.995],[-10.50444,25.99495],[-11.61244,25.99495],[-12.01531,25.9949],[-12.01531,24.02954],[-12.01531,23.49518],[-12.35389,23.32248],[-12.61943,23.27083],[-13.01525,23.018],[-13.1655,22.7527],[-13.09333,22.49548],[-13.01525,21.33343],[-15.00226,21.33317],[-16.95883,21.33286],[-17.08117,20.87475],[-16.93122,21.15152],[-16.66503,20.67056],[-16.39118,20.56948],[-16.1997,20.21516],[-16.29796,19.92251],[-16.23379,19.79365],[-16.38463,19.57392],[-16.4746,19.27082],[-16.20458,18.98273],[-16.06941,18.48404],[-16.02416,17.96015],[-16.04898,17.66718],[-16.1726,17.26236],[-16.45922,16.64395],[-16.53921,16.26724],[-16.47044,16.10636],[-16.3274,16.47455],[-15.67219,16.48137],[-15.49091,16.56452],[-14.93094,16.64338],[-14.34325,16.63666],[-13.81132,16.12207],[-13.48493,16.15498],[-13.31373,15.92213],[-13.23784,15.62344],[-12.96432,15.50916],[-12.85678,15.22199],[-12.47151,14.998],[-12.26413,14.77494]]]]}},{"type":"Feature","properties":{"ADMIN":"Montserrat","ISO_A3":"MSR"},"geometry":{"type":"MultiPolygon","coordinates":[]}},{"type":"Feature","properties":{"ADMIN":"Mauritius","ISO_A3":"MUS"},"geometry":{"type":"MultiPolygon","coordinates":[[[[57.71388,-20.09612],[57.53248,-20.02483],[57.37062,-20.26051],[57.35776,-20.42742],[57.67221,-20.47967],[57.79575,-20.22275],[57.71388,-20.09612]]]]}},{"type":"Feature","properties":{"ADMIN":"Malawi","ISO_A3":"MWI"},"geometry":{"type":"MultiPolygon","coordinates":[[[[34.96461,-11.57356],[34.75915,-11.3375],[34.59296,-11.01617],[34.67244,-10.7395],[34.58107,-10.53972],[34.58531,-10.30066],[34.4833,-9.94616],[34.01273,-9.47746],[33.86525,-9.66959],[33.73461,-9.58412],[33.40424,-9.60489],[32.92086,-9.4079],[32.97471,-9.60127],[33.21671,-9.72705],[33.30999,-10.01272],[33.53328,-10.23121],[33.6742,-10.57703],[33.50098,-10.76916],[33.31908,-10.81815],[33.39091,-11.1648],[33.2303,-11.41656],[33.30265,-11.60973],[33.2549,-12.07265],[33.37324,-12.51851],[33.02484,-12.61267],[32.99507,-13.19087],[32.87425,-13.44316],[32.72284,-13.57338],[33.04943,-13.99661],[33.20271,-14.01387],[33.43918,-14.38067],[33.60423,-14.52402],[34.34408,-14.38739],[34.5018,-14.5757],[34.58417,-14.98446],[34.56908,-15.27116],[34.41013,-15.48128],[34.40403,-15.64685],[34.23319,-15.88983],[34.38522,-16.18645],[35.00451,-16.81463],[35.0813,-17.12407],[35.30496,-17.10423],[35.21442,-16.48421],[35.37462,-16.14098],[35.69759,-16.10749],[35.79568,-16.00497],[35.84053,-15.4172],[35.78451,-15.1952],[35.9043,-14.88689],[35.85304,-14.66748],[35.45575,-14.13697],[34.89444,-13.53473],[34.6406,-13.49235],[34.54531,-13.32575],[34.49446,-12.68739],[34.35401,-12.19946],[34.56381,-11.8309],[34.65125,-11.57004],[34.96461,-11.57356]]]]}},{"type":"Feature","properties":{"ADMIN":"Malaysia","ISO_A3":"MYS"},"geometry":{"type":"MultiPolygon","coordinates":[[[[102.07311,6.2575],[102.06,6.0948],[101.80048,5.73991],[101.53466,5.90602],[101.24899,5.78699],[101.10544,5.63764],[100.9672,5.78102],[101.07112,5.91985],[101.08166,6.24647],[100.82215,6.25988],[100.80561,6.4148],[100.38739,6.52208],[100.16684,6.69512],[100.12729,6.44229],[100.34913,6.01268],[100.344,5.66926],[100.43002,5.30288],[100.36451,5.0843],[100.5774,4.85432],[100.63258,4.5329],[100.56544,4.31916],[100.77605,4.08649],[100.72071,3.86807],[101.04054,3.62198],[101.29762,3.2746],[101.37281,3.00235],[101.28305,2.9112],[101.54233,2.66128],[101.78305,2.57587],[102.188,2.21638],[102.48902,2.09292],[102.80445,1.86009],[103.36736,1.5384],[103.50408,1.28994],[103.83969,1.47655],[104.21925,1.34618],[104.29469,1.44652],[103.94899,2.33991],[103.7671,2.62385],[103.63844,2.67211],[103.43458,2.96182],[103.42807,3.36717],[103.48219,3.51179],[103.33872,3.75821],[103.438,3.97504],[103.39519,4.11628],[103.49415,4.33662],[103.44858,4.79507],[103.12029,5.38133],[102.49985,5.89741],[102.31568,6.19038],[102.07311,6.2575]]],[[[117.56715,4.15965],[117.67115,4.42601],[117.89226,4.25698],[118.54282,4.36001],[118.59962,4.51919],[118.33351,4.65156],[118.13649,4.88231],[118.35719,5.0388],[118.68149,4.94432],[119.15594,5.10619],[119.2671,5.20108],[119.20484,5.44335],[118.97088,5.42829],[118.41066,5.79613],[117.88404,5.95466],[117.65463,5.95869],[117.60564,6.18183],[117.74383,6.38988],[117.50978,6.6022],[117.30893,6.62881],[117.14381,7.00373],[116.97381,6.70808],[116.74643,7.01044],[116.50318,6.49518],[116.20135,6.21796],[116.05079,5.84227],[115.84864,5.56],[115.55014,5.54019],[115.35963,5.31965],[115.5608,5.20783],[115.55698,5.06721],[115.35841,4.90278],[115.14617,4.90851],[115.27268,4.63677],[115.32436,4.3146],[115.113,4.38237],[115.02978,4.82064],[114.9817,4.88906],[114.75179,4.73852],[114.83643,4.35723],[114.76688,4.13182],[114.58663,4.02144],[114.24556,4.48143],[113.99879,4.60114],[113.94679,4.27383],[113.73683,4.00129],[113.43426,3.75316],[113.2776,3.4842],[112.97438,3.14423],[112.01352,2.88593],[111.66961,2.84309],[111.44028,2.68012],[111.36549,2.34077],[111.20851,2.38886],[111.21127,2.07392],[110.96795,1.50324],[110.72674,1.54743],[110.36647,1.71589],[109.92774,1.69229],[109.65463,1.937],[109.64527,2.08324],[109.52844,1.88999],[109.67726,1.57285],[110.25656,1.03906],[110.5539,0.85137],[110.8527,0.9972],[111.19758,1.07523],[111.35179,1.01389],[111.82308,1.00847],[112.10006,1.15492],[112.18006,1.44903],[112.47048,1.56766],[113.02342,1.53701],[113.08905,1.43133],[113.64953,1.23326],[113.90967,1.44247],[114.1604,1.4248],[114.35574,1.50195],[114.50064,1.43604],[114.83199,1.90252],[114.77876,2.2472],[115.12654,2.47923],[115.06691,2.8282],[115.24209,3.04162],[115.46409,3.03082],[115.64693,4.1691],[115.87885,4.35214],[116.12576,4.37891],[116.49411,4.32485],[117.16466,4.33315],[117.56715,4.15965]]]]}},{"type":"Feature","properties":{"ADMIN":"Namibia","ISO_A3":"NAM"},"geometry":{"type":"MultiPolygon","coordinates":[[[[23.38165,-17.64114],[21.38115,-18.01259],[21.21662,-17.93064],[20.8062,-18.0314],[20.33615,-17.85488],[20.03426,-17.89591],[19.67263,-17.84268],[19.02057,-17.82232],[18.76199,-17.7477],[18.45358,-17.38989],[16.33981,-17.38865],[15.0572,-17.38834],[13.94275,-17.40819],[13.36371,-16.96418],[12.88715,-17.02981],[12.55456,-17.23559],[12.24264,-17.22484],[12.09526,-17.13968],[11.89496,-17.21461],[11.75514,-17.2667],[11.71762,-17.54632],[11.84908,-18.14318],[12.03189,-18.50535],[12.28688,-18.69769],[12.56739,-19.10231],[12.7046,-19.41082],[13.15463,-20.15423],[13.38722,-20.81609],[13.83172,-21.45648],[13.95232,-21.78395],[14.38649,-22.27646],[14.50856,-22.54803],[14.52198,-22.92344],[14.41017,-22.9708],[14.49195,-23.30918],[14.47364,-24.15911],[14.6019,-24.56243],[14.78077,-24.8034],[14.85328,-25.06422],[14.80128,-25.26279],[14.87696,-25.57806],[14.84278,-25.7636],[14.97901,-26.05877],[14.96632,-26.33522],[15.12875,-26.45761],[15.08302,-26.69525],[15.23422,-26.96543],[15.29526,-27.32244],[15.68426,-27.94988],[16.41944,-28.60703],[16.59736,-28.52622],[16.76934,-28.4426],[16.89295,-28.08263],[17.0978,-28.03116],[17.34574,-28.22763],[17.40362,-28.70429],[17.91325,-28.78129],[18.16647,-28.9019],[18.74566,-28.83989],[19.08166,-28.95937],[19.24857,-28.77158],[19.48287,-28.67825],[19.56876,-28.53118],[19.98165,-28.42235],[19.983,-27.90465],[19.98269,-26.89551],[19.98227,-25.94239],[19.98207,-25.43783],[19.98145,-24.75249],[19.97979,-23.20453],[19.97835,-22.00067],[20.97198,-22.00067],[20.98066,-20.75072],[20.97756,-19.75078],[20.97508,-18.31935],[21.47572,-18.2995],[22.98137,-18.02004],[23.31148,-18.0098],[23.64541,-18.466],[24.18305,-18.02944],[24.42159,-17.95647],[24.57776,-18.04443],[24.95809,-17.80093],[25.25978,-17.79411],[24.95799,-17.55174],[24.68442,-17.49242],[24.22046,-17.4795],[23.38165,-17.64114]]]]}},{"type":"Feature","properties":{"ADMIN":"New Caledonia","ISO_A3":"NCL"},"geometry":{"type":"MultiPolygon","coordinates":[[[[167.30128,-20.71307],[167.06739,-20.99635],[167.42335,-21.14756],[167.30128,-20.71307]]],[[[164.01352,-20.0831],[164.19256,-20.52581],[164.36557,-20.75807],[164.80079,-21.08221],[164.92042,-21.28509],[165.29078,-21.57676],[165.67774,-21.76141],[166.47836,-22.2872],[166.91163,-22.38502],[167.02882,-22.22682],[166.93881,-22.07985],[166.57342,-21.87493],[166.41131,-21.7055],[165.40675,-21.05543],[165.21754,-20.76442],[165.06153,-20.73406],[164.49562,-20.30023],[164.24431,-20.28533],[164.01352,-20.0831]]]]}},{"type":"Feature","properties":{"ADMIN":"Niger","ISO_A3":"NER"},"geometry":{"type":"MultiPolygon","coordinates":[[[[14.97991,22.99566],[14.23172,22.61795],[13.48226,23.17967],[11.96886,23.51735],[11.08437,22.99576],[9.72331,22.19343],[8.63449,21.5515],[7.48273,20.87258],[6.60996,20.14285],[5.83761,19.47863],[5.74934,19.4337],[4.22861,19.14224],[4.23192,18.1531],[4.23564,16.99586],[4.18396,16.41605],[4.06056,16.29833],[3.87122,15.7148],[3.52653,15.49595],[3.5071,15.35397],[3.07302,15.4272],[3.00016,15.33912],[1.33153,15.28362],[0.97372,14.99126],[0.67007,14.93974],[0.51483,14.99356],[0.21847,14.91098],[0.15294,14.54671],[0.38879,14.25161],[0.33916,14.12578],[0.62066,13.67997],[0.95098,13.5832],[0.97175,13.06732],[1.53585,12.6475],[1.82607,12.60419],[2.10905,12.70563],[2.24496,12.42415],[2.07091,12.3069],[2.39017,11.89654],[2.36123,12.21889],[2.8443,12.39924],[3.5964,11.69577],[3.64777,11.726],[3.60394,11.90558],[3.6457,12.52854],[3.92909,12.75039],[4.08877,12.99624],[4.12577,13.47298],[4.50673,13.69467],[4.85689,13.7741],[5.27351,13.75252],[5.55432,13.87342],[6.12038,13.65408],[6.36894,13.62628],[6.67254,13.32118],[6.90664,13.00686],[7.1982,13.11739],[7.39198,13.11253],[7.75558,13.32715],[8.07752,13.31002],[8.67935,12.92358],[9.26939,12.80979],[9.64073,12.82253],[9.93012,13.14597],[10.16153,13.2672],[10.67499,13.3751],[11.44,13.36443],[11.8528,13.24539],[12.05764,13.11677],[12.47271,13.06416],[12.56107,13.24276],[12.88384,13.496],[13.22811,13.54804],[13.35999,13.71441],[13.60731,13.7041],[13.44918,14.38013],[13.76436,14.71908],[13.83391,15.0196],[14.36897,15.74963],[15.45242,16.87623],[15.59112,18.26509],[15.73602,19.90354],[15.95399,20.37457],[15.5442,20.79899],[15.60931,20.95066],[15.1804,21.50727],[15.17202,21.99339],[14.97991,22.99566]]]]}},{"type":"Feature","properties":{"ADMIN":"Norfolk Island","ISO_A3":"NFK"},"geometry":{"type":"MultiPolygon","coordinates":[]}},{"type":"Feature","properties":{"ADMIN":"Nigeria","ISO_A3":"NGA"},"geometry":{"type":"MultiPolygon","coordinates":[[[[13.60731,13.7041],[13.35999,13.71441],[13.22811,13.54804],[12.88384,13.496],[12.56107,13.24276],[12.47271,13.06416],[12.05764,13.11677],[11.8528,13.24539],[11.44,13.36443],[10.67499,13.3751],[10.16153,13.2672],[9.93012,13.14597],[9.64073,12.82253],[9.26939,12.80979],[8.67935,12.92358],[8.07752,13.31002],[7.75558,13.32715],[7.39198,13.11253],[7.1982,13.11739],[6.90664,13.00686],[6.67254,13.32118],[6.36894,13.62628],[6.12038,13.65408],[5.55432,13.87342],[5.27351,13.75252],[4.85689,13.7741],[4.50673,13.69467],[4.12577,13.47298],[4.08877,12.99624],[3.92909,12.75039],[3.6457,12.52854],[3.60394,11.90558],[3.64777,11.726],[3.57439,11.67304],[3.46669,11.44248],[3.72208,11.11235],[3.73128,10.82503],[3.83742,10.5999],[3.5131,9.84661],[3.12863,9.42958],[3.09131,9.12642],[2.76916,9.05705],[2.72286,8.77231],[2.73495,8.2119],[2.67222,7.8896],[2.77392,7.05079],[2.77857,6.69877],[2.70384,6.36835],[3.38453,6.39769],[3.54135,6.45482],[4.40553,6.35887],[4.71705,6.16364],[5.00733,5.84919],[5.34018,5.34394],[5.36362,5.17158],[5.5949,4.63646],[5.9463,4.33519],[6.09669,4.27814],[6.96949,4.37458],[7.16969,4.60594],[7.55844,4.52534],[8.29835,4.55329],[8.35841,4.79735],[8.61217,4.83188],[8.79893,5.15963],[8.8937,5.62175],[8.85587,5.8475],[9.58813,6.50273],[9.76982,6.77372],[10.11946,6.99441],[10.23842,6.871],[10.49598,6.87467],[10.60254,7.05807],[10.83188,6.94521],[11.05594,6.70037],[11.09708,6.44912],[11.31949,6.43728],[11.50977,6.61231],[11.62325,6.93229],[11.88132,7.10205],[11.78024,7.24106],[12.02498,7.59659],[12.19779,7.97517],[12.24998,8.41876],[12.377,8.59511],[12.66039,8.65932],[12.80571,8.8315],[12.86204,9.38289],[13.19545,9.54221],[13.26294,9.80173],[13.24796,10.07941],[13.43492,10.15341],[13.56628,10.67901],[13.75485,11.01672],[13.98233,11.27626],[14.16547,11.23833],[14.59377,11.49643],[14.54653,11.71861],[14.66994,12.16742],[14.51439,12.32354],[14.17984,12.3856],[14.06491,13.07799],[13.60731,13.7041]]]]}},{"type":"Feature","properties":{"ADMIN":"Nicaragua","ISO_A3":"NIC"},"geometry":{"type":"MultiPolygon","coordinates":[[[[-83.13044,14.99701],[-83.39031,15.03097],[-83.86948,14.77711],[-84.48269,14.61947],[-84.77017,14.80514],[-85.00199,14.74068],[-85.02964,14.58896],[-85.43173,14.13283],[-85.82416,13.84768],[-86.09673,14.04408],[-86.4101,13.74903],[-86.7662,13.74526],[-86.70186,13.3142],[-86.91079,13.23958],[-86.94841,13.06969],[-87.31403,12.98156],[-87.64651,12.87238],[-87.0714,12.3887],[-86.79752,12.21853],[-86.49637,11.75943],[-85.92801,11.31074],[-85.70174,11.08088],[-85.63115,11.19622],[-84.9314,10.94189],[-84.67645,11.07041],[-83.93332,10.71805],[-83.66303,10.80702],[-83.64436,10.92593],[-83.83727,11.14252],[-83.86803,11.3749],[-83.65298,11.61152],[-83.71325,12.0493],[-83.66373,12.25609],[-83.7672,12.5467],[-83.5891,12.63215],[-83.50768,12.90278],[-83.57014,13.2871],[-83.43126,13.95673],[-83.1918,14.38691],[-83.29922,14.77119],[-83.13044,14.99701]]]]}},{"type":"Feature","properties":{"ADMIN":"Niue","ISO_A3":"NIU"},"geometry":{"type":"MultiPolygon","coordinates":[]}},{"type":"Feature","properties":{"ADMIN":"Netherlands","ISO_A3":"NLD"},"geometry":{"type":"MultiPolygon","coordinates":[[[[4.22149,51.368],[3.34941,51.37522],[3.92703,51.20626],[4.22149,51.368]]],[[[7.19459,53.24502],[6.73024,53.46064],[5.9808,53.40607],[5.59156,53.3028],[5.37924,53.09736],[4.9131,52.90559],[4.74545,52.9676],[4.50815,52.33637],[4.14186,52.0056],[4.11801,51.63068],[3.56039,51.59463],[3.53541,51.45921],[4.26107,51.36938],[4.73121,51.48562],[5.21542,51.25873],[5.47163,51.28809],[5.8405,51.13892],[5.64072,50.81504],[5.99491,50.74993],[5.98292,51.07469],[6.19335,51.50934],[5.92804,51.80674],[6.71667,51.89926],[6.76587,52.1084],[7.04823,52.36507],[6.69507,52.47561],[7.03666,52.64738],[7.18362,52.96612],[7.19459,53.24502]]]]}},{"type":"Feature","properties":{"ADMIN":"Norway","ISO_A3":"NOR"},"geometry":{"type":"MultiPolygon","coordinates":[[[[15.90789,68.95734],[15.45916,68.79613],[15.21656,68.33539],[15.90398,68.36986],[16.48146,68.54751],[15.93312,68.68415],[15.90789,68.95734]]],[[[15.19288,68.93423],[14.41725,68.61953],[15.06267,68.57852],[15.39422,68.73111],[15.19288,68.93423]]],[[[17.73569,69.5517],[16.91529,69.31757],[16.82325,69.05443],[17.95826,69.18049],[17.92311,69.33234],[18.07862,69.42499],[17.73569,69.5517]]],[[[18.84164,69.878],[18.35678,69.79287],[18.26197,69.53059],[18.82293,69.59073],[18.84164,69.878]]],[[[19.2234,70.07368],[18.7693,69.95527],[19.12159,69.78783],[19.54021,69.95161],[19.2234,70.07368]]],[[[30.84095,69.80584],[29.68588,69.96955],[31.06332,70.36677],[30.2068,70.68146],[29.38054,70.76944],[28.54607,70.97993],[27.5687,71.09724],[26.97608,70.52741],[26.61362,70.94912],[25.44109,70.34223],[25.24594,70.5279],[25.82521,70.82746],[24.8602,70.92837],[24.26433,70.60627],[23.51319,70.36555],[23.35776,70.1153],[21.98683,70.32343],[21.20924,70.20848],[21.17042,69.87564],[20.51197,69.76948],[19.78419,69.80439],[19.09832,69.73615],[18.85271,69.55231],[18.30095,69.48676],[18.0031,69.28571],[18.08131,69.16913],[17.67937,69.09186],[17.23439,68.75605],[16.62924,68.64167],[16.53484,68.4383],[16.17237,68.31786],[15.78875,67.95136],[15.06324,67.83877],[15.0407,67.67756],[14.40691,67.27806],[14.22283,66.98151],[13.68832,66.83503],[13.0818,66.49799],[13.22535,66.18578],[12.34889,65.63837],[12.60222,65.43232],[12.34213,65.30256],[12.47153,65.0893],[11.97853,65.06883],[11.40203,64.66315],[10.61524,64.4501],[10.01368,64.1188],[9.99391,63.92939],[9.54591,63.7744],[9.91822,63.51472],[10.75571,63.62507],[10.77768,63.48749],[9.96062,63.42772],[9.69907,63.64448],[9.16774,63.402],[8.79176,63.43122],[7.7483,62.94208],[7.27117,63.01411],[6.91017,62.92939],[6.97039,62.72557],[6.3047,62.45917],[5.92872,62.19892],[5.29786,62.06818],[5.22926,61.62873],[4.96412,61.26569],[5.03297,60.74169],[5.30006,60.56078],[5.30405,60.19062],[6.09799,60.09186],[5.77223,59.93073],[5.7461,59.67552],[5.43719,59.7082],[5.1823,59.51122],[5.47543,59.27875],[6.11232,59.27456],[5.47795,58.75475],[5.70417,58.52077],[6.14031,58.33967],[6.62623,58.2447],[6.99936,58.03071],[7.39064,58.01752],[8.12289,58.10204],[9.34051,58.75117],[9.42807,58.89313],[10.28199,59.09968],[10.48373,59.51447],[10.85027,59.18037],[11.37045,59.10065],[11.43751,58.99172],[11.81166,59.24967],[11.67741,59.55905],[11.90354,59.77],[12.51095,60.11799],[12.59435,60.51494],[12.25608,60.98132],[12.68251,61.04033],[12.87713,61.37098],[12.16172,61.72484],[12.31747,62.23403],[12.09123,62.58631],[12.2227,63.00148],[11.99243,63.2889],[12.1703,63.59813],[12.68189,63.95636],[13.23411,64.09087],[13.93944,64.00953],[14.16144,64.20544],[14.11555,64.44124],[13.64276,64.58402],[14.31068,65.08414],[14.51429,65.31808],[14.64441,65.84291],[14.54054,66.12545],[15.48188,66.27487],[15.42627,66.49121],[16.41557,67.0527],[16.12711,67.42276],[16.48295,67.55784],[16.808,67.91064],[17.32145,68.1053],[17.89537,67.96965],[18.16667,68.15848],[18.17184,68.53592],[19.03814,68.50564],[19.93101,68.3502],[20.24593,68.47737],[20.34111,68.91006],[20.62316,69.03636],[21.31356,69.29143],[21.66289,69.26322],[22.59648,68.72464],[23.19758,68.61803],[23.92901,68.81621],[25.11757,68.63767],[25.20128,68.81265],[25.65164,68.8835],[26.03198,69.69668],[26.50069,69.91832],[27.3118,69.92948],[27.86691,70.07531],[28.40455,69.80225],[29.13122,69.6742],[29.34454,69.46439],[28.86478,69.2166],[28.95408,69.02726],[29.33452,69.27737],[30.51166,69.53633],[30.84095,69.80584]]],[[[23.32781,78.20014],[21.69679,78.21109],[20.88014,78.08539],[21.66179,77.91804],[20.92172,77.44237],[22.19174,77.50414],[22.4297,77.26374],[23.23454,77.26368],[24.42476,77.82594],[23.12045,77.98591],[23.32781,78.20014]]],[[[21.47608,78.58657],[20.18312,78.49535],[21.06121,78.20034],[22.27125,78.26752],[22.23536,78.48786],[21.47608,78.58657]]],[[[16.82008,79.8758],[15.65162,79.85029],[15.26238,79.61884],[13.79705,79.8819],[12.76759,79.77326],[11.82228,79.84504],[10.70802,79.56143],[11.64324,78.74726],[12.85808,78.35969],[13.85597,78.21288],[14.38356,78.50092],[15.20932,78.6562],[15.7951,78.34292],[15.03468,78.11664],[13.58912,78.05585],[13.71876,77.76789],[15.11541,77.70319],[14.77418,77.54877],[13.91066,77.53449],[14.37371,77.19868],[15.04021,77.13475],[16.33676,76.61644],[17.32374,76.97895],[17.48325,77.3061],[18.1941,77.49018],[18.33041,77.90497],[18.92058,78.17853],[18.99301,78.46699],[20.21957,78.64619],[21.03736,78.64423],[21.52215,78.85371],[18.94508,79.15697],[18.88185,79.44111],[17.56251,79.89785],[16.82008,79.8758]]],[[[23.14243,80.38117],[22.37371,80.11099],[20.88258,80.21125],[19.80226,80.49299],[19.10515,80.25804],[18.00782,80.19038],[18.14674,79.91645],[18.78386,79.72309],[21.88771,79.82355],[21.85035,79.70694],[19.63331,79.61131],[20.81691,79.37808],[22.41668,79.40974],[22.92563,79.22285],[25.64568,79.39769],[25.82602,79.62604],[26.91961,79.84252],[27.23911,80.09732],[24.37599,80.33234],[23.14243,80.38117]]]]}},{"type":"Feature","properties":{"ADMIN":"Nepal","ISO_A3":"NPL"},"geometry":{"type":"MultiPolygon","coordinates":[[[[88.02995,27.89334],[87.75638,27.82037],[87.1558,27.8258],[86.66198,28.10684],[86.43884,27.91086],[86.20304,28.00258],[85.98026,27.88517],[85.84828,28.15893],[85.67506,28.30639],[85.25958,28.26693],[85.08021,28.31879],[85.16801,28.58319],[84.91872,28.53568],[84.67776,28.60441],[84.23515,28.90002],[84.09913,29.247],[83.94555,29.29183],[83.51705,29.19171],[83.16209,29.62517],[82.83658,29.65979],[82.54181,29.92324],[82.14453,30.06943],[82.08877,30.33009],[81.59159,30.41427],[81.19451,30.00447],[81.0742,30.07191],[81.0309,30.15273],[81.00651,30.18891],[80.98816,30.19656],[80.57134,29.94686],[80.36898,29.75793],[80.3852,29.60483],[80.21374,29.41689],[80.27875,29.26809],[80.13261,29.11021],[80.03639,28.83703],[80.34975,28.62022],[80.64834,28.61975],[81.14634,28.37225],[81.30706,28.12381],[81.85565,27.85094],[82.05161,27.90517],[82.40193,27.67717],[82.65214,27.70415],[82.75214,27.49496],[83.13279,27.44422],[83.83409,27.43404],[84.0796,27.50954],[84.28941,27.37611],[84.57704,27.32903],[84.64024,27.02838],[84.80193,27.01375],[85.28728,26.73697],[85.59858,26.85438],[85.82161,26.57171],[86.01137,26.65445],[86.28443,26.61202],[86.7136,26.41456],[87.04133,26.58019],[87.08329,26.43208],[87.32622,26.35333],[87.87069,26.46071],[88.07419,26.45394],[88.16907,26.744],[87.97073,27.10274],[88.02334,27.49491],[88.14302,27.85572],[88.09574,27.86533],[88.02995,27.89334]]]]}},{"type":"Feature","properties":{"ADMIN":"Nauru","ISO_A3":"NRU"},"geometry":{"type":"MultiPolygon","coordinates":[]}},{"type":"Feature","properties":{"ADMIN":"New Zealand","ISO_A3":"NZL"},"geometry":{"type":"MultiPolygon","coordinates":[[[[167.96754,-46.6998],[167.6482,-47.04803],[167.64576,-47.20517],[168.19207,-47.09889],[168.17921,-46.86443],[167.96754,-46.6998]]],[[[172.90447,-40.50848],[172.64145,-40.5097],[172.10678,-40.8869],[172.07081,-41.41424],[171.90382,-41.60687],[171.48878,-41.83034],[171.30486,-42.29461],[171.12281,-42.59238],[170.70074,-42.95466],[169.89682,-43.39446],[169.73365,-43.56569],[169.19215,-43.75872],[168.74676,-44.01035],[168.3401,-44.11834],[167.41871,-44.84092],[167.20346,-44.94997],[166.70248,-45.54241],[166.79754,-45.72438],[166.48976,-45.80755],[166.46941,-45.98349],[166.76197,-46.21998],[167.40577,-46.25115],[167.69793,-46.18873],[167.85011,-46.39658],[168.21608,-46.35442],[168.36573,-46.54022],[168.8449,-46.56015],[169.03598,-46.6819],[169.6351,-46.57838],[170.23487,-46.15399],[170.33375,-45.98154],[170.78728,-45.86305],[170.69842,-45.67929],[170.90626,-45.40276],[170.98032,-45.15496],[171.20314,-44.90553],[171.19597,-44.56683],[171.346,-44.27863],[172.06121,-43.95664],[172.36557,-43.86842],[172.49708,-43.72186],[172.87672,-43.90203],[173.10548,-43.82936],[173.05291,-43.65325],[172.80397,-43.61102],[172.72966,-43.41485],[172.81121,-43.16904],[173.28728,-42.95387],[173.5586,-42.49114],[173.89088,-42.24082],[174.19793,-41.87607],[174.22592,-41.7234],[174.05551,-41.42457],[174.26043,-41.11826],[174.21144,-40.99961],[173.57114,-41.06813],[173.21274,-41.30185],[173.03094,-41.1491],[173.06495,-40.88665],[172.68914,-40.73406],[172.90447,-40.50848]]],[[[173.07927,-34.41172],[172.74171,-34.43125],[173.14357,-34.9284],[173.10027,-35.21998],[173.85825,-36.06561],[174.07984,-36.39951],[174.44142,-36.40651],[174.35987,-36.63128],[174.48894,-37.01458],[174.83277,-36.9428],[174.69166,-37.32936],[174.85035,-37.76491],[174.70509,-38.11972],[174.57887,-38.83945],[173.85271,-39.13445],[173.78443,-39.39324],[173.98658,-39.54225],[174.31902,-39.61386],[174.56764,-39.82676],[174.9673,-39.91644],[175.15496,-40.08538],[175.23487,-40.33603],[175.14129,-40.67441],[174.94272,-40.97064],[174.60939,-41.29192],[174.86557,-41.41953],[175.18181,-41.4179],[175.33033,-41.6098],[175.96681,-41.247],[176.34799,-40.69655],[176.83725,-40.17791],[177.03639,-39.75359],[176.90626,-39.44752],[177.06495,-39.1994],[177.38738,-39.07741],[177.88282,-39.08554],[177.96404,-38.76141],[178.29461,-38.53981],[178.35157,-38.00172],[178.5643,-37.71771],[178.27768,-37.55926],[178.0315,-37.54957],[177.73878,-37.6762],[177.55681,-37.91383],[177.14552,-38.02353],[176.51857,-37.76214],[175.99724,-37.63177],[175.88185,-36.92604],[175.78566,-36.78281],[175.50245,-36.6539],[175.59571,-37.21315],[175.3672,-37.20721],[175.24098,-36.94232],[174.8191,-36.82366],[174.72291,-36.59368],[174.75701,-36.24489],[174.49692,-35.98756],[174.56951,-35.59433],[174.33253,-35.28802],[174.13754,-35.31911],[173.88819,-35.00604],[173.47828,-34.99041],[173.12306,-34.80967],[173.07927,-34.41172]]]]}},{"type":"Feature","properties":{"ADMIN":"Oman","ISO_A3":"OMN"},"geometry":{"type":"MultiPolygon","coordinates":[[[[53.09035,16.64241],[53.58269,16.74995],[54.02345,16.98534],[54.59205,17.03848],[54.80844,16.95148],[55.02687,17.01114],[55.25473,17.22871],[55.22543,17.51545],[55.44516,17.84101],[56.18849,17.9571],[56.3449,17.93781],[56.56129,18.14924],[56.65968,18.59536],[56.91505,18.81029],[57.20753,18.90998],[57.70973,18.944],[57.8401,19.01533],[57.75066,19.26805],[57.6989,19.75438],[57.85613,20.26065],[58.10353,20.57514],[58.22429,20.39639],[58.51857,20.41682],[58.68035,20.82836],[58.9192,21.1437],[59.33619,21.43773],[59.79176,22.19807],[59.84457,22.44526],[59.53549,22.58308],[59.08367,23.05537],[58.78614,23.51211],[57.91277,23.71784],[57.15154,23.95356],[56.93946,24.11591],[56.61118,24.49632],[56.38331,24.97822],[56.11826,24.73542],[56.0056,24.95618],[55.78867,24.8552],[55.80737,24.34079],[55.99785,24.08127],[55.4998,23.97061],[55.53835,23.77005],[55.19129,22.99537],[55.18684,22.70358],[55.63756,21.97897],[54.97838,19.99542],[53.63004,19.54599],[51.97861,18.99564],[52.73015,17.29988],[52.80156,17.26742],[53.09035,16.64241]]],[[[56.27906,25.62745],[56.4004,25.99046],[56.30193,26.20531],[56.0774,26.06105],[56.18347,26.01454],[56.14513,25.67084],[56.27906,25.62745]]]]}},{"type":"Feature","properties":{"ADMIN":"Pakistan","ISO_A3":"PAK"},"geometry":{"type":"MultiPolygon","coordinates":[[[[76.77735,35.64611],[76.56528,35.86546],[76.16603,35.80624],[75.89431,36.09738],[76.01441,36.2304],[75.97658,36.46263],[75.79055,36.68784],[75.41052,36.74732],[75.3513,36.91578],[74.54235,37.02167],[74.54928,37.00893],[74.52137,36.95849],[74.39404,36.99402],[74.09432,36.83124],[73.64008,36.89664],[72.56521,36.8206],[72.21361,36.72644],[71.73632,36.39592],[71.62915,36.45953],[71.17093,36.027],[71.34157,35.94726],[71.59349,35.54936],[71.52982,35.3009],[71.63369,35.20312],[71.45996,34.94267],[71.0806,34.67292],[70.97084,34.46888],[71.12205,34.35682],[71.0467,34.04188],[70.52198,33.9387],[70.00284,34.04379],[69.84109,33.94181],[70.10815,33.7273],[70.29445,33.31895],[69.88093,33.08925],[69.54752,33.07501],[69.42913,32.66736],[69.228,32.4213],[69.29885,31.93769],[69.00404,31.65109],[68.77728,31.61859],[68.67579,31.7747],[68.12574,31.8115],[67.3462,31.20776],[66.69699,31.19582],[66.55003,30.97697],[66.36626,30.92287],[66.26798,30.60139],[66.32182,30.43737],[66.19563,29.83534],[65.03637,29.54016],[64.4777,29.57037],[64.08609,29.38661],[63.56861,29.49748],[62.47751,29.40782],[60.84438,29.85818],[61.27918,29.40663],[61.65301,28.75633],[61.89279,28.5426],[62.36279,28.41889],[62.57564,28.22903],[62.76638,28.21148],[62.73568,27.99498],[62.8147,27.49496],[62.80064,27.22516],[63.25152,27.21896],[63.26485,26.89004],[63.14134,26.6254],[62.75356,26.64416],[62.29199,26.50123],[62.24341,26.35064],[61.85713,26.24238],[61.76009,25.8376],[61.66035,25.76918],[61.58823,25.20209],[61.88111,25.10301],[62.08003,25.19715],[62.47718,25.25906],[63.5005,25.19367],[63.57252,25.36498],[64.06674,25.34626],[64.66277,25.22907],[64.8073,25.32852],[65.15528,25.29609],[65.39536,25.39228],[65.67164,25.3474],[66.2518,25.47289],[66.43702,25.59772],[66.71754,25.23119],[66.6797,24.83055],[66.9651,24.84357],[67.17604,24.75772],[67.3003,24.18627],[67.6316,23.80345],[67.86451,23.86579],[68.18304,23.84216],[68.43156,23.96714],[68.72447,23.96518],[68.72591,24.28922],[68.98078,24.25539],[69.56307,24.27676],[69.97204,24.16522],[70.1097,24.3049],[70.56291,24.42409],[70.75545,24.23144],[70.91772,24.36172],[71.06386,24.68258],[70.85989,25.13945],[70.64662,25.43137],[70.65747,25.63363],[70.26458,25.6973],[70.06464,25.98033],[70.15807,26.53011],[69.81556,26.58029],[69.46509,26.80777],[69.57558,27.18842],[70.01689,27.60059],[70.09069,27.79355],[70.34194,28.01147],[70.63319,27.93163],[70.83157,27.70146],[71.31144,27.86171],[71.86086,27.95021],[71.89156,28.0971],[72.14994,28.35377],[72.38218,28.78401],[72.90152,29.02262],[73.23287,29.5366],[73.37033,29.92732],[73.73972,30.04845],[73.94435,30.18829],[73.85175,30.37267],[74.16367,30.6649],[74.32976,30.89961],[74.60096,31.05661],[74.50639,31.17541],[74.61191,31.4402],[74.48944,31.71119],[74.82864,32.02544],[75.29466,32.14889],[75.35905,32.26168],[75.02367,32.46626],[74.72498,32.46081],[74.64974,32.72315],[74.41895,32.78461],[74.32201,32.97205],[74.00234,33.17769],[74.14155,33.54937],[73.9767,33.64839],[74.03458,33.82861],[73.9983,34.1968],[73.77486,34.37095],[73.96223,34.66817],[74.28583,34.76889],[75.34809,34.55722],[75.77711,34.50381],[76.0234,34.67716],[76.55319,34.72584],[76.92112,34.92071],[77.04897,35.11044],[76.77735,35.64611]]]]}},{"type":"Feature","properties":{"ADMIN":"Panama","ISO_A3":"PAN"},"geometry":{"type":"MultiPolygon","coordinates":[[[[-77.37352,8.66474],[-77.57407,8.79275],[-78.02457,9.22647],[-78.43771,9.40435],[-79.05806,9.45793],[-79.55097,9.62929],[-79.90905,9.30842],[-80.63712,9.05167],[-80.82242,8.89069],[-81.30446,8.78188],[-81.53905,8.81293],[-81.76197,9.06375],[-82.10538,8.93521],[-82.24596,9.01415],[-82.3496,9.40204],[-82.57359,9.57619],[-82.82902,9.60272],[-82.94429,9.43715],[-82.93938,9.05958],[-82.74913,8.97408],[-82.92416,8.7412],[-82.8498,8.62986],[-82.94367,8.24857],[-82.89763,8.03475],[-82.87719,8.21906],[-82.65892,8.32278],[-82.28006,8.34321],[-82.10936,8.23334],[-81.71146,8.13032],[-81.52579,7.71145],[-80.94632,7.55569],[-80.87308,7.21255],[-80.47448,7.25332],[-80.35757,7.38203],[-79.99466,7.50344],[-80.14379,7.75275],[-80.45608,8.0362],[-80.47024,8.22065],[-80.22496,8.30105],[-79.7744,8.57955],[-79.75626,8.79629],[-79.482,8.99836],[-79.17601,9.01073],[-78.75764,8.82925],[-78.30333,8.45429],[-78.28645,8.08072],[-78.43082,8.07713],[-78.14415,7.49787],[-77.89584,7.2351],[-77.82018,7.47655],[-77.57999,7.52838],[-77.33974,7.70723],[-77.2012,7.98199],[-77.48036,8.5262],[-77.37352,8.66474]]]]}},{"type":"Feature","properties":{"ADMIN":"Pitcairn Islands","ISO_A3":"PCN"},"geometry":{"type":"MultiPolygon","coordinates":[]}},{"type":"Feature","properties":{"ADMIN":"Peru","ISO_A3":"PER"},"geometry":{"type":"MultiPolygon","coordinates":[[[[-69.96495,-4.23648],[-70.3111,-3.82927],[-70.54429,-3.86524],[-70.73413,-3.78204],[-70.05063,-2.71513],[-70.8742,-2.22958],[-70.99272,-2.19744],[-71.21986,-2.34151],[-71.76794,-2.14225],[-71.96627,-2.32849],[-72.39658,-2.44652],[-72.64432,-2.33407],[-72.94327,-2.41902],[-73.19529,-2.1872],[-73.11106,-2.07341],[-73.18625,-1.79963],[-73.53099,-1.67375],[-73.49716,-1.478],[-73.63656,-1.25517],[-74.28913,-0.94304],[-74.41266,-0.57314],[-74.82465,-0.17048],[-74.93346,-0.20944],[-75.14169,-0.04346],[-75.28349,-0.10702],[-75.45526,-0.16118],[-75.43423,-0.40302],[-75.27204,-0.5257],[-75.41258,-0.92392],[-75.56003,-1.50259],[-76.09124,-2.12891],[-76.68459,-2.57364],[-77.84902,-2.98064],[-78.36294,-3.48873],[-78.50177,-3.95371],[-78.68243,-4.32692],[-78.67266,-4.55099],[-78.85306,-4.65227],[-79.00928,-4.96011],[-79.30322,-4.96125],[-79.45057,-4.8102],[-79.50721,-4.53156],[-79.79574,-4.48474],[-80.07966,-4.30904],[-80.4085,-4.4775],[-80.48854,-4.39596],[-80.48108,-3.99877],[-80.16526,-3.89005],[-80.34073,-3.3935],[-80.77172,-3.71014],[-80.86779,-3.87274],[-81.2528,-4.2387],[-81.33756,-4.6783],[-81.06335,-5.02204],[-81.19848,-5.2081],[-80.93182,-5.46382],[-80.85621,-5.65046],[-80.93993,-5.85084],[-81.15022,-5.88307],[-81.10146,-6.07207],[-80.79053,-6.29969],[-80.2981,-6.54445],[-79.96468,-6.78736],[-79.61276,-7.26639],[-79.46594,-7.71593],[-79.29971,-7.93865],[-78.98574,-8.21742],[-78.94026,-8.43553],[-78.75933,-8.60833],[-78.7643,-8.77511],[-78.49741,-9.18954],[-78.3699,-9.61543],[-78.22942,-9.79378],[-78.23463,-9.95255],[-78.0558,-10.34752],[-77.67054,-10.92752],[-77.64726,-11.29232],[-77.32046,-11.49375],[-77.1459,-11.93206],[-77.17492,-12.07187],[-76.85365,-12.30264],[-76.81176,-12.48268],[-76.51623,-12.86992],[-76.48335,-13.0363],[-76.2211,-13.35756],[-76.18126,-13.53948],[-76.28206,-14.14092],[-75.98064,-14.4611],[-75.93065,-14.64935],[-75.55065,-14.88494],[-75.1608,-15.39332],[-74.46307,-15.72672],[-74.04662,-15.96014],[-73.70028,-16.2207],[-72.69235,-16.66065],[-72.36221,-16.76133],[-72.29337,-16.88063],[-71.80761,-17.19134],[-71.51452,-17.2846],[-71.35961,-17.63307],[-71.08658,-17.86907],[-70.3947,-18.33775],[-69.97034,-18.25063],[-69.7831,-17.9816],[-69.85756,-17.73417],[-69.51004,-17.50659],[-69.51139,-17.39868],[-69.6228,-17.18556],[-69.42744,-17.08686],[-69.19166,-16.74301],[-69.03707,-16.67025],[-69.00173,-16.42282],[-68.84365,-16.302],[-69.21965,-16.15276],[-69.42434,-15.65625],[-69.29117,-15.35084],[-69.1481,-15.23333],[-69.39067,-14.96441],[-69.2475,-14.59368],[-68.88372,-14.21148],[-69.01596,-13.75311],[-68.96279,-13.28358],[-68.98095,-12.86795],[-68.68425,-12.50249],[-69.57763,-10.9523],[-69.95611,-10.91933],[-70.2894,-11.06475],[-70.53411,-10.93814],[-70.64134,-11.0108],[-70.63845,-9.8518],[-70.54342,-9.72695],[-70.68085,-9.52769],[-71.1965,-9.93986],[-71.39143,-10.00683],[-72.19567,-10.00559],[-72.26166,-9.66742],[-72.43023,-9.48221],[-72.8133,-9.4109],[-73.21498,-9.40904],[-72.95939,-9.08565],[-73.17457,-8.72071],[-73.52654,-8.37241],[-73.71216,-7.78815],[-73.96938,-7.58465],[-73.97943,-7.37454],[-73.76076,-7.33743],[-73.76549,-6.90418],[-73.13178,-6.43526],[-73.23478,-6.07756],[-73.00135,-5.7088],[-72.89666,-5.27162],[-72.91795,-5.13209],[-72.62727,-5.02243],[-72.07113,-4.60514],[-71.77435,-4.48153],[-70.96869,-4.38531],[-70.83224,-4.17943],[-70.42993,-4.13417],[-70.23132,-4.30366],[-69.96495,-4.23648]]]]}},{"type":"Feature","properties":{"ADMIN":"Spratly Islands","ISO_A3":"-99"},"geometry":{"type":"MultiPolygon","coordinates":[]}},{"type":"Feature","properties":{"ADMIN":"Philippines","ISO_A3":"PHL"},"geometry":{"type":"MultiPolygon","coordinates":[[[[121.04225,6.09711],[120.93409,5.88569],[121.42123,5.98713],[121.04225,6.09711]]],[[[122.05763,6.41389],[122.23536,6.57119],[122.06666,6.74071],[121.8392,6.66893],[121.88006,6.50324],[122.05763,6.41389]]],[[[125.64357,9.61127],[125.39869,9.68106],[125.542,9.1892],[125.46217,8.98517],[124.91529,8.99413],[124.78077,8.94912],[124.75318,8.50023],[124.40577,8.6079],[124.23227,8.21288],[123.87371,8.10517],[123.86606,8.36433],[123.7588,8.60749],[123.47779,8.6953],[123.33107,8.54662],[123.05543,8.50495],[122.92457,8.15013],[122.29225,8.00991],[122.12892,7.81501],[122.04689,7.30109],[121.89894,7.0572],[122.15447,6.92813],[122.44386,7.60859],[122.59669,7.76142],[122.81471,7.74335],[122.83074,7.54979],[122.99562,7.46727],[123.22584,7.51561],[123.48569,7.66356],[123.58692,7.83934],[124.0652,7.60273],[124.24676,7.40412],[124.02947,7.11514],[123.96551,6.82128],[124.05494,6.43769],[124.24578,6.18651],[124.5962,5.99893],[125.18116,5.79833],[125.38754,5.5738],[125.66733,5.95014],[125.70655,6.14973],[125.57358,6.51691],[125.39747,6.59846],[125.38893,6.7683],[125.65691,7.23705],[125.8069,7.35114],[125.97682,6.9396],[126.07911,6.84252],[126.09506,6.51411],[126.34946,7.00007],[126.61232,7.25788],[126.58286,7.71943],[126.4061,7.83324],[126.46306,8.22993],[126.30006,8.7683],[126.31275,8.95624],[125.93409,9.49234],[125.64357,9.61127]]],[[[124.34962,10.15103],[124.18458,10.14448],[123.88608,9.91486],[123.80787,9.73998],[123.93751,9.6175],[124.41049,9.65843],[124.58863,10.02387],[124.34962,10.15103]]],[[[125.68483,10.39989],[125.55616,10.37075],[125.49708,10.10346],[125.68149,9.95808],[125.68483,10.39989]]],[[[123.26979,10.97736],[122.96632,10.87637],[122.97169,10.7211],[122.8239,10.53286],[122.87892,10.11807],[122.70777,9.9864],[122.47462,9.97435],[122.39519,9.83662],[122.59946,9.43268],[122.8694,9.32266],[123.03321,9.03531],[123.23015,9.10761],[123.32114,9.34317],[123.1976,9.48713],[123.15675,9.86762],[123.29038,10.09357],[123.38966,10.43716],[123.57553,10.82559],[123.26979,10.97736]]],[[[123.99952,11.07734],[123.7068,10.46198],[123.38331,9.94269],[123.3143,9.50764],[123.48829,9.56647],[123.64332,9.96011],[123.80812,10.23664],[124.04005,10.48436],[124.06691,10.88906],[123.99952,11.07734]]],[[[119.52296,11.33991],[119.4061,11.04955],[119.2234,10.85082],[119.34498,10.72358],[119.27809,10.50821],[118.82228,10.19453],[118.53053,9.77424],[118.34547,9.63618],[118.12696,9.33784],[117.90447,9.26122],[117.65553,9.05793],[117.29151,8.64081],[117.77369,8.70307],[118.01368,8.8876],[118.13209,9.12665],[118.49789,9.31367],[118.72535,9.63129],[118.7505,9.88752],[119.1963,10.05634],[119.35597,10.32884],[119.70997,10.49453],[119.50457,10.97089],[119.52296,11.33991]]],[[[124.44313,11.44693],[124.39682,10.9538],[124.62233,11.00202],[124.77882,10.82144],[124.73894,10.39545],[124.88282,10.13496],[125.26661,10.36839],[125.1941,10.60297],[125.00611,10.79735],[125.05307,10.96821],[124.98414,11.38133],[124.84571,11.43301],[124.62989,11.30443],[124.44313,11.44693]]],[[[122.30014,11.76195],[121.96372,11.93391],[121.86476,11.76264],[122.10719,11.65795],[122.0451,11.0174],[121.93702,10.7757],[122.03956,10.46662],[122.22657,10.64224],[122.58985,10.69872],[122.78004,10.95694],[123.0149,11.09162],[123.17482,11.46747],[122.90073,11.43793],[122.85499,11.59125],[122.62233,11.50873],[122.30014,11.76195]]],[[[119.93458,12.28514],[119.98406,12.0257],[120.19606,12.11201],[119.93458,12.28514]]],[[[124.91896,12.56224],[124.67921,12.51594],[124.27622,12.53327],[124.3908,12.22187],[124.67986,12.02973],[125.00017,11.62482],[125.00294,11.41975],[125.21412,11.13154],[125.4402,11.09756],[125.56617,11.26813],[125.47088,11.60261],[125.452,11.96406],[125.5005,12.2486],[125.16627,12.57811],[124.91896,12.56224]]],[[[123.35532,12.54767],[123.21778,12.26545],[123.53972,12.194],[123.71168,11.95441],[123.92408,11.85956],[124.04029,11.9881],[123.88233,12.2128],[123.76734,12.21406],[123.54713,12.46088],[123.35532,12.54767]]],[[[120.97869,13.52652],[120.56544,13.51313],[120.47999,13.3015],[120.75831,13.00239],[120.79786,12.72944],[121.13168,12.24177],[121.4253,12.38422],[121.5464,12.64411],[121.43051,13.22427],[120.97869,13.52652]]],[[[121.88754,13.55475],[121.81723,13.34195],[121.99317,13.20161],[122.11524,13.46499],[121.88754,13.55475]]],[[[124.23585,14.06806],[124.12452,14.04938],[124.17018,13.52977],[124.38998,13.71157],[124.41798,13.87295],[124.23585,14.06806]]],[[[120.90919,18.56721],[120.61109,18.53856],[120.33383,17.55638],[120.44174,17.36799],[120.42726,16.9619],[120.27613,16.61188],[120.40211,16.16547],[120.18531,16.03339],[119.90187,16.2508],[119.75571,16.20344],[119.75587,15.94457],[119.87892,15.91474],[120.0901,14.79434],[120.59791,14.5056],[120.53932,14.70283],[120.83009,14.76362],[120.97039,14.5019],[120.58725,14.20026],[120.74594,13.93378],[121.27882,13.59504],[121.46412,13.69477],[121.48463,13.85179],[121.72486,13.96914],[122.11842,13.7521],[122.50115,13.36807],[122.62176,13.55272],[122.49757,13.65204],[122.51588,13.93439],[122.73902,13.8183],[122.81471,13.65379],[123.16879,13.4492],[123.44125,13.03685],[123.8191,12.83185],[123.87859,12.64521],[124.09523,12.55707],[124.14308,12.79731],[124.08155,13.00951],[123.74952,13.15473],[123.79461,13.30842],[123.52849,13.62678],[123.93775,13.784],[123.47779,13.95051],[123.10825,13.72211],[123.01222,14.1057],[122.7527,14.33222],[122.47096,14.34589],[122.17018,14.13963],[122.23194,13.90644],[121.93629,13.99518],[121.73162,14.18822],[121.61069,14.61262],[121.59449,14.8592],[121.37916,15.30817],[121.63657,15.72248],[121.57781,15.93207],[121.75229,16.07689],[122.20387,16.26382],[122.52906,17.09052],[122.43539,17.29243],[122.25115,17.36017],[122.15659,17.61929],[122.18002,18.12075],[122.30698,18.25129],[122.22023,18.52241],[121.97462,18.28604],[121.61329,18.35932],[121.10678,18.64273],[120.90919,18.56721]]]]}},{"type":"Feature","properties":{"ADMIN":"Palau","ISO_A3":"PLW"},"geometry":{"type":"MultiPolygon","coordinates":[]}},{"type":"Feature","properties":{"ADMIN":"Papua New Guinea","ISO_A3":"PNG"},"geometry":{"type":"MultiPolygon","coordinates":[[[[151.04811,-9.93515],[150.95802,-10.10491],[151.21192,-10.1867],[151.30063,-9.96771],[151.04811,-9.93515]]],[[[150.6561,-9.43108],[150.54933,-9.62322],[150.84181,-9.69744],[150.88836,-9.52142],[150.6561,-9.43108]]],[[[152.47159,-8.94946],[152.81155,-9.25467],[152.79417,-9.0035],[152.47159,-8.94946]]],[[[147.82862,-5.48805],[147.76905,-5.61175],[148.02459,-5.84197],[148.04916,-5.60613],[147.82862,-5.48805]]],[[[154.8108,-5.48358],[154.70021,-5.76686],[154.75587,-5.94785],[154.97869,-6.19297],[155.23463,-6.36338],[155.18727,-6.55446],[155.36085,-6.74586],[155.71778,-6.87282],[155.96754,-6.72715],[155.91676,-6.51751],[155.71388,-6.27923],[155.45216,-6.13714],[155.40382,-6.00604],[155.06935,-5.55218],[154.8108,-5.48358]]],[[[152.23341,-4.19036],[151.96469,-4.33123],[151.81715,-4.21396],[151.54029,-4.17669],[151.69565,-4.81878],[151.61248,-4.96559],[151.38803,-4.91448],[151.08286,-5.16383],[151.02223,-5.39031],[150.719,-5.53411],[150.42335,-5.45664],[150.14234,-5.53411],[150.05812,-5.34287],[149.87281,-5.5276],[149.61492,-5.5136],[149.39047,-5.58733],[148.97804,-5.46526],[148.83277,-5.53387],[148.42994,-5.44476],[148.32472,-5.64642],[148.38624,-5.77508],[148.77198,-5.8733],[149.14186,-6.14422],[149.46404,-6.10263],[149.62941,-6.29925],[150.05405,-6.25775],[150.4651,-6.27402],[150.58806,-6.1784],[151.20851,-5.9428],[151.4651,-5.68499],[151.47901,-5.52988],[151.78598,-5.58489],[152.09889,-5.45574],[152.12306,-5.29079],[151.98797,-5.164],[151.99269,-4.97177],[152.29184,-4.93548],[152.41163,-4.68377],[152.41456,-4.36045],[152.23341,-4.19036]]],[[[140.97701,-9.10615],[141.115,-9.21844],[141.42172,-9.15032],[141.51002,-9.21502],[141.86842,-9.22039],[142.2234,-9.16123],[142.6526,-9.33025],[143.17335,-9.0429],[143.40553,-8.96217],[143.39991,-8.78216],[142.98048,-8.33563],[143.59205,-8.24196],[143.54802,-8.03167],[143.9568,-7.97226],[143.92433,-7.69427],[144.21485,-7.79599],[144.43133,-7.61224],[144.69947,-7.61679],[144.87957,-7.78167],[145.61329,-7.93255],[146.10279,-8.10027],[146.27719,-8.43524],[146.57586,-8.82195],[146.6268,-9.02304],[146.91489,-9.1242],[147.05274,-9.46022],[147.31007,-9.53883],[147.51759,-9.879],[147.76173,-10.05975],[148.23129,-10.10565],[148.97804,-10.27614],[149.06739,-10.23463],[149.46062,-10.35231],[149.74838,-10.33831],[149.94028,-10.44061],[150.06739,-10.63991],[150.4157,-10.6819],[150.69288,-10.55674],[150.19679,-10.09515],[149.93946,-10.06243],[149.73097,-9.80934],[150.01222,-9.64219],[149.4572,-9.59417],[149.18287,-9.3681],[149.30665,-9.11745],[149.24366,-8.99717],[148.75831,-9.10369],[148.55926,-9.03248],[148.43678,-8.66619],[148.23756,-8.56927],[148.11402,-8.05535],[147.68336,-7.81072],[147.16188,-7.39056],[147.14137,-7.21307],[146.95623,-6.95469],[146.97731,-6.74041],[147.85401,-6.69101],[147.82667,-6.33538],[147.44907,-5.9616],[147.04225,-5.93865],[146.46095,-5.5993],[145.72739,-5.42246],[145.81186,-4.86102],[145.34571,-4.39023],[145.05095,-4.34189],[144.86785,-4.09922],[144.55128,-3.96844],[144.51344,-3.81756],[143.99586,-3.79315],[143.81804,-3.62168],[143.47788,-3.42059],[143.02931,-3.35556],[142.1819,-3.08017],[141.27589,-2.64235],[140.97446,-2.60052],[140.97577,-4.59595],[140.9769,-6.33512],[140.84921,-6.70285],[140.97716,-6.89663],[140.9769,-7.9621],[140.97701,-9.10615]]],[[[151.04363,-2.71063],[151.09059,-2.8327],[151.61248,-3.16619],[151.80909,-3.3611],[152.28858,-3.56976],[152.51889,-3.85467],[152.68784,-4.16383],[152.67115,-4.45176],[152.87379,-4.78883],[153.07521,-4.60182],[153.13722,-4.26946],[152.95631,-3.99863],[152.57521,-3.81813],[152.49293,-3.64284],[152.21746,-3.45696],[152.0525,-3.24668],[151.82814,-3.19036],[151.43735,-2.90887],[151.21632,-2.86924],[151.04363,-2.71063]]],[[[150.23024,-2.38348],[149.99464,-2.46649],[150.18678,-2.67946],[150.45135,-2.65838],[150.44728,-2.48447],[150.23024,-2.38348]]],[[[146.89234,-1.95208],[146.65211,-1.96445],[146.64796,-2.16937],[147.21648,-2.18304],[147.33318,-2.03232],[146.89234,-1.95208]]]]}},{"type":"Feature","properties":{"ADMIN":"Poland","ISO_A3":"POL"},"geometry":{"type":"MultiPolygon","coordinates":[[[[23.48563,53.93929],[23.46289,53.97252],[23.4325,54.1693],[22.97331,54.37539],[22.76722,54.35627],[20.92961,54.39782],[19.68028,54.43668],[19.00213,54.34492],[18.58806,54.43366],[18.42921,54.78168],[17.88543,54.82412],[17.33741,54.74901],[16.56959,54.5572],[16.22006,54.2766],[15.85971,54.24999],[14.21008,53.93846],[14.19307,53.91149],[14.57586,53.8548],[14.26097,53.65621],[14.40938,53.27243],[14.21601,52.81799],[14.64482,52.57692],[14.53981,52.42187],[14.7614,52.07667],[14.58581,51.80389],[14.73215,51.51582],[15.01948,51.27168],[14.86021,50.91684],[14.81039,50.85845],[14.98206,50.85907],[14.99653,51.00784],[15.22711,50.97741],[15.34969,50.78372],[15.84816,50.67515],[16.33164,50.64404],[16.33423,50.37186],[16.70123,50.09493],[17.18544,50.37569],[17.83936,49.97364],[18.09164,50.01721],[18.55921,49.90719],[18.8332,49.51026],[19.1725,49.40226],[19.44339,49.60178],[19.7518,49.21906],[20.07002,49.1831],[20.32954,49.39177],[20.68952,49.4005],[20.94242,49.29586],[21.27439,49.44727],[21.81958,49.37725],[22.01243,49.21105],[22.53964,49.0722],[22.74448,49.04553],[22.64092,49.52876],[23.10146,49.95711],[23.74752,50.38938],[24.10647,50.53862],[23.87475,51.13613],[23.61482,51.49722],[23.60624,51.5174],[23.63745,52.08447],[23.16564,52.28939],[23.3923,52.50964],[23.86896,52.67004],[23.89366,53.15195],[23.59094,53.61125],[23.48563,53.93929]]]]}},{"type":"Feature","properties":{"ADMIN":"Puerto Rico","ISO_A3":"PRI"},"geometry":{"type":"MultiPolygon","coordinates":[[[[-67.01236,18.50576],[-67.27084,18.36183],[-67.15186,18.20339],[-67.21477,17.96634],[-66.76594,17.98436],[-66.16324,17.92914],[-65.83027,18.02691],[-65.6632,18.36641],[-65.98888,18.46308],[-67.01236,18.50576]]]]}},{"type":"Feature","properties":{"ADMIN":"Portugal","ISO_A3":"PRT"},"geometry":{"type":"MultiPolygon","coordinates":[[[[-7.41442,37.19282],[-7.52969,37.56717],[-7.26862,37.94924],[-7.02399,38.02256],[-7.35921,38.44636],[-7.27043,38.73751],[-6.97329,39.01395],[-7.16749,39.11348],[-7.31353,39.45744],[-7.55729,39.6798],[-7.03577,39.68926],[-6.8797,40.00919],[-7.04311,40.18137],[-6.85712,40.44213],[-6.818,41.05414],[-6.20595,41.57028],[-6.55528,41.6749],[-6.65677,41.93307],[-7.14537,41.98749],[-7.25146,41.8637],[-7.72203,41.89925],[-8.04857,41.81639],[-8.22236,42.15363],[-8.7508,41.96898],[-8.88031,41.73686],[-8.6551,40.9938],[-8.86539,40.27546],[-8.86815,40.12482],[-9.09043,39.57927],[-9.35292,39.36793],[-9.49169,38.70759],[-9.25267,38.66548],[-9.20036,38.41248],[-8.90583,38.5124],[-8.7744,38.18695],[-8.79786,37.4896],[-8.87892,37.04721],[-8.62678,37.12116],[-7.78661,37.02269],[-7.41442,37.19282]]]]}},{"type":"Feature","properties":{"ADMIN":"Paraguay","ISO_A3":"PRY"},"geometry":{"type":"MultiPolygon","coordinates":[[[[-58.1588,-20.16512],[-58.17528,-19.82137],[-59.08954,-19.28673],[-60.00638,-19.2981],[-61.76121,-19.65777],[-61.94425,-20.10415],[-62.27731,-20.57978],[-62.2757,-21.06657],[-62.65036,-22.23446],[-62.62483,-22.24727],[-62.28723,-22.48395],[-61.95645,-23.03441],[-61.49185,-23.4132],[-61.10986,-23.60698],[-61.00635,-23.80547],[-60.32802,-24.01796],[-60.03367,-24.00701],[-59.45973,-24.35851],[-59.34097,-24.4876],[-58.8092,-24.77678],[-58.22406,-24.94122],[-57.75407,-25.18089],[-57.55692,-25.45984],[-57.87535,-25.87615],[-57.87272,-26.0103],[-58.0865,-26.12719],[-58.20618,-26.40273],[-58.24794,-26.75816],[-58.65329,-27.15627],[-58.51076,-27.27844],[-58.02196,-27.25983],[-57.1801,-27.48731],[-56.90435,-27.41869],[-56.54644,-27.45507],[-56.36754,-27.58064],[-56.12455,-27.2989],[-55.75473,-27.4437],[-55.414,-26.97985],[-54.97527,-26.78782],[-54.70648,-26.4418],[-54.60222,-25.59244],[-54.59994,-25.5727],[-54.59416,-25.54862],[-54.60981,-25.43276],[-54.42972,-25.13056],[-54.46228,-25.03723],[-54.26105,-24.32947],[-54.24529,-24.05062],[-54.61255,-23.81116],[-54.94364,-23.96918],[-55.39804,-23.97683],[-55.53053,-23.60347],[-55.53524,-23.22912],[-55.63781,-23.00071],[-55.6312,-22.62678],[-55.89294,-22.3068],[-56.1968,-22.27931],[-56.4218,-22.07447],[-56.84286,-22.28903],[-57.21379,-22.18815],[-57.38499,-22.21327],[-57.84388,-22.14371],[-57.98682,-22.03529],[-57.85556,-21.33074],[-57.86021,-20.73026],[-58.1588,-20.16512]]]]}},{"type":"Feature","properties":{"ADMIN":"Palestine","ISO_A3":"PSE"},"geometry":{"type":"MultiPolygon","coordinates":[[[[34.24835,31.21145],[34.4812,31.58314],[34.20027,31.31427],[34.24835,31.21145]]],[[[35.56096,32.38472],[35.20863,32.54264],[35.06435,32.46314],[34.94611,32.17726],[34.97609,31.94823],[35.18145,31.80411],[34.97361,31.63037],[34.86715,31.39643],[35.22331,31.38103],[35.45812,31.49193],[35.46422,31.56857],[35.55941,31.76535],[35.55197,32.36795],[35.55941,32.37482],[35.56561,32.36795],[35.56096,32.38472]]]]}},{"type":"Feature","properties":{"ADMIN":"French Polynesia","ISO_A3":"PYF"},"geometry":{"type":"MultiPolygon","coordinates":[[[[-149.30394,-17.71209],[-149.35412,-17.54013],[-149.60432,-17.52581],[-149.58751,-17.73122],[-149.30394,-17.71209]]]]}},{"type":"Feature","properties":{"ADMIN":"Qatar","ISO_A3":"QAT"},"geometry":{"type":"MultiPolygon","coordinates":[[[[51.21526,24.62585],[51.44361,24.67975],[51.61655,25.13719],[51.47193,25.52139],[51.57748,25.88085],[51.38844,25.96703],[51.25123,26.1601],[51.04737,26.05305],[50.75099,25.41962],[50.80787,24.74665],[50.97888,24.56773],[51.21526,24.62585]]]]}},{"type":"Feature","properties":{"ADMIN":"Romania","ISO_A3":"ROU"},"geometry":{"type":"MultiPolygon","coordinates":[[[[28.57838,43.74128],[28.67123,44.00332],[28.64088,44.32856],[28.844,44.49372],[28.78883,44.70624],[29.61118,44.84931],[29.67228,45.27295],[29.32212,45.44384],[28.71006,45.22696],[28.28642,45.42172],[28.23764,45.45206],[28.21293,45.4502],[28.17294,45.48436],[28.16591,45.49459],[28.08612,46.00055],[28.24606,46.42786],[28.23412,46.66242],[28.03703,47.01646],[27.80655,47.14462],[27.56315,47.46834],[27.27201,47.71497],[27.04804,48.12223],[26.61789,48.25897],[26.30349,48.21205],[26.17306,47.99314],[25.26174,47.89858],[24.8966,47.71006],[24.56163,47.94054],[24.23101,47.89703],[23.97728,47.96229],[23.36005,47.99314],[22.91584,47.95919],[22.8776,47.94674],[22.74583,47.82499],[22.26172,47.71585],[21.63282,47.02269],[21.48358,46.68485],[21.31625,46.61664],[21.16453,46.31826],[20.81964,46.2717],[20.66399,46.13775],[20.24283,46.10809],[20.30566,46.05357],[20.71339,45.73333],[20.76073,45.49335],[20.98149,45.33279],[21.49329,45.1451],[21.36855,44.86486],[21.65628,44.68766],[22.3197,44.68534],[22.69164,44.22843],[22.91956,43.83422],[23.32515,43.88659],[24.15938,43.75294],[24.50014,43.7995],[25.35962,43.65429],[25.78114,43.73201],[26.15073,44.01241],[27.02748,44.17705],[27.38384,44.01509],[27.93584,43.9644],[28.22125,43.76198],[28.57838,43.74128]]]]}},{"type":"Feature","properties":{"ADMIN":"Rwanda","ISO_A3":"RWA"},"geometry":{"type":"MultiPolygon","coordinates":[[[[30.47179,-1.06684],[30.35275,-1.06076],[30.14718,-1.34508],[29.8979,-1.46962],[29.83609,-1.32948],[29.57792,-1.38839],[29.3585,-1.50993],[29.14931,-1.79932],[29.15055,-2.15041],[28.85884,-2.4182],[28.9364,-2.68505],[29.00012,-2.70366],[29.01537,-2.72071],[29.12973,-2.597],[29.30661,-2.66015],[29.33969,-2.82644],[29.69755,-2.80825],[29.90327,-2.64909],[29.93169,-2.31691],[30.13912,-2.43081],[30.37859,-2.30306],[30.5546,-2.40063],[30.57393,-2.38926],[30.83438,-2.34533],[30.83102,-1.59417],[30.51119,-1.17042],[30.453,-1.09735],[30.46386,-1.07513],[30.47179,-1.06684]]]]}},{"type":"Feature","properties":{"ADMIN":"Saudi Arabia","ISO_A3":"SAU"},"geometry":{"type":"MultiPolygon","coordinates":[[[[46.53244,29.09574],[46.35746,29.06314],[44.69182,29.20184],[43.89006,29.76738],[42.85871,30.49468],[42.0754,31.07986],[40.42413,31.92053],[39.14637,32.11814],[38.99806,32.00694],[36.95953,31.491],[37.98107,30.49948],[37.63453,30.31278],[37.4702,29.99455],[36.75624,29.86552],[36.47708,29.49461],[36.01644,29.18995],[34.94939,29.35169],[34.77847,28.6645],[34.80377,28.52713],[34.62672,28.16055],[35.05193,28.11957],[35.32276,27.87629],[35.55958,27.45563],[36.22983,26.62556],[36.66342,25.85566],[36.93629,25.64614],[37.23048,25.19367],[37.27996,24.9641],[37.14861,24.85102],[37.45667,24.44125],[38.07914,24.07039],[38.45265,23.784],[38.60018,23.56825],[38.81422,22.98273],[39.14275,22.39061],[39.04038,22.23579],[38.97855,21.86207],[39.17107,21.40412],[39.08074,21.31501],[39.29689,20.92796],[39.50603,20.74641],[39.64649,20.46157],[39.92319,20.26358],[40.06764,20.28653],[40.52263,19.97248],[40.9559,19.34333],[41.21022,18.69794],[41.71925,17.90925],[42.30152,17.4536],[42.33912,17.17357],[42.5442,17.00434],[42.54176,16.878],[42.73732,16.67113],[42.78949,16.37094],[43.03627,16.5363],[43.20861,16.7734],[43.10872,16.92698],[43.16504,17.32592],[43.39103,17.51196],[43.75064,17.34566],[44.10447,17.35197],[44.40414,17.41873],[45.16539,17.42839],[45.43038,17.31202],[46.32263,17.22407],[46.7101,17.27538],[46.97034,16.95685],[47.1909,16.95891],[47.42757,17.09183],[47.58901,17.46328],[48.16195,18.14892],[49.12881,18.6121],[51.01981,18.86658],[51.97861,18.99564],[53.63004,19.54599],[54.97838,19.99542],[55.63756,21.97897],[55.18684,22.70358],[55.1053,22.62095],[54.1343,22.74032],[52.58307,22.93111],[52.53848,22.95475],[51.59352,24.07832],[51.56935,24.25617],[51.30641,24.40599],[51.21526,24.62585],[50.97888,24.56773],[50.80787,24.74665],[50.56219,25.05484],[50.4629,25.44693],[50.23406,25.61518],[50.10133,25.98949],[50.21599,26.21507],[50.19158,26.40355],[50.03061,26.49461],[49.94215,26.85834],[49.69947,26.95824],[49.51645,27.18838],[49.08888,27.55109],[48.8733,27.61249],[48.87794,27.83682],[48.60646,28.12645],[48.43278,28.54048],[47.66813,28.5335],[47.43409,28.99459],[46.53244,29.09574]]]]}},{"type":"Feature","properties":{"ADMIN":"Scarborough Reef","ISO_A3":"-99"},"geometry":{"type":"MultiPolygon","coordinates":[]}},{"type":"Feature","properties":{"ADMIN":"Sudan","ISO_A3":"SDN"},"geometry":{"type":"MultiPolygon","coordinates":[[[[36.88364,21.99571],[35.48644,21.99556],[34.3231,21.99545],[33.18114,21.99541],[31.24841,21.99437],[29.45823,21.99463],[28.29035,21.99478],[26.3438,21.99509],[24.98124,21.99535],[24.98114,21.37244],[24.96802,19.99496],[23.98131,19.99542],[23.98172,19.03155],[23.98275,17.87023],[23.98368,16.7088],[23.98441,15.72116],[23.5927,15.74901],[23.09464,15.70426],[22.92566,15.56393],[22.96566,15.2239],[22.7389,14.97981],[22.66635,14.68174],[22.46543,14.62929],[22.44104,14.24985],[22.53147,14.12263],[22.24353,13.97543],[22.07372,13.77136],[22.26761,13.33456],[21.93513,13.05915],[21.80945,12.79366],[21.93595,12.63954],[22.20488,12.74336],[22.44569,12.61107],[22.37283,12.46312],[22.59286,11.98893],[22.53705,11.68089],[22.62811,11.50984],[22.91481,11.3961],[22.95646,11.2088],[22.86106,10.91915],[23.00555,10.68682],[23.29122,10.43973],[23.62401,9.90777],[23.67404,9.69034],[23.63218,9.27757],[23.45772,9.14616],[23.48232,8.78339],[23.72127,8.702],[24.11401,8.68164],[24.17033,8.68933],[24.55838,8.88675],[24.68018,9.37336],[24.79438,9.53218],[24.79268,9.79837],[24.97628,9.96735],[25.08408,10.29322],[25.84305,10.41781],[25.90093,10.19106],[26.17947,9.95898],[26.55686,9.52045],[26.69432,9.47694],[27.08039,9.60683],[27.89507,9.59541],[28.04511,9.33141],[28.84384,9.32454],[29.00947,9.60324],[29.48309,9.76168],[29.61543,10.05815],[30.01298,10.27049],[30.48458,9.97203],[30.74926,9.73576],[31.23482,9.79232],[31.66482,10.21424],[31.94289,10.65555],[32.41407,11.05085],[32.34524,11.70911],[32.08221,11.99981],[32.74666,12.00273],[32.73178,12.21615],[33.20922,12.21037],[33.08292,11.58457],[33.18209,10.84324],[33.9021,10.19204],[33.96912,9.83834],[33.90086,9.45529],[34.0707,9.45459],[34.06689,9.53118],[34.32486,10.26865],[34.27949,10.56551],[34.58707,10.87929],[34.83852,10.72914],[34.93382,10.84531],[34.94715,11.27487],[35.07314,11.54896],[35.04823,11.77138],[35.21556,11.89659],[35.61687,12.57515],[35.72839,12.67437],[36.12361,12.72145],[36.11442,12.93389],[36.23358,13.36164],[36.3821,13.57103],[36.43657,13.99121],[36.52638,14.26352],[36.42365,15.11151],[36.52493,15.24791],[36.67097,15.72312],[36.94403,16.25286],[36.87726,16.52731],[36.98496,16.7657],[37.00046,17.0726],[37.40343,17.02992],[37.50679,17.31848],[37.87203,17.43728],[38.34374,17.65593],[38.60157,18.00483],[38.54282,18.11839],[38.15167,18.24933],[37.9255,18.58504],[37.43434,18.86172],[37.23829,19.65526],[37.25945,19.82071],[37.17514,20.34919],[37.22804,20.56501],[37.14861,21.17097],[36.89682,21.67788],[36.88364,21.99571]]]]}},{"type":"Feature","properties":{"ADMIN":"South Sudan","ISO_A3":"SSD"},"geometry":{"type":"MultiPolygon","coordinates":[[[[34.0707,9.45459],[33.90086,9.45529],[33.96912,9.83834],[33.9021,10.19204],[33.18209,10.84324],[33.08292,11.58457],[33.20922,12.21037],[32.73178,12.21615],[32.74666,12.00273],[32.08221,11.99981],[32.34524,11.70911],[32.41407,11.05085],[31.94289,10.65555],[31.66482,10.21424],[31.23482,9.79232],[30.74926,9.73576],[30.48458,9.97203],[30.01298,10.27049],[29.61543,10.05815],[29.48309,9.76168],[29.00947,9.60324],[28.84384,9.32454],[28.04511,9.33141],[27.89507,9.59541],[27.08039,9.60683],[26.69432,9.47694],[26.55686,9.52045],[26.17947,9.95898],[25.90093,10.19106],[25.84305,10.41781],[25.08408,10.29322],[24.97628,9.96735],[24.79268,9.79837],[24.79438,9.53218],[24.68018,9.37336],[24.55838,8.88675],[24.17033,8.68933],[24.21767,8.69151],[24.13137,8.34306],[24.83211,8.16573],[25.27942,7.65948],[25.19043,7.5012],[25.36003,7.33557],[26.02609,6.99668],[26.08097,6.84235],[26.37801,6.65329],[26.28964,6.38721],[26.45201,6.28029],[26.52797,6.04317],[26.70502,6.00979],[27.17041,5.72035],[27.22013,5.44088],[27.3858,5.14385],[27.4413,5.07073],[27.76686,4.73545],[27.77244,4.59582],[28.17759,4.34723],[28.40414,4.27783],[28.75543,4.55399],[28.98622,4.49593],[29.1735,4.348],[29.30393,4.38715],[29.4941,4.66829],[29.7777,4.52386],[29.7762,4.40562],[30.12269,4.10246],[30.20589,3.95038],[30.53889,3.84155],[30.83954,3.4902],[30.84378,3.50591],[30.94445,3.67929],[31.14149,3.78512],[31.50545,3.65986],[31.78098,3.81581],[31.94366,3.59125],[32.18778,3.61916],[32.3718,3.73107],[32.75643,3.76902],[33.01724,3.87718],[33.19542,3.75706],[33.53261,3.77429],[33.97708,4.21969],[34.38119,4.62016],[34.66628,4.76498],[35.24573,4.98172],[35.57084,4.90431],[35.61064,4.62001],[35.92084,4.61933],[35.78451,4.76418],[35.75588,5.06344],[35.80415,5.31802],[35.43022,5.42722],[35.09866,5.62247],[34.98436,5.84101],[34.73352,6.63761],[34.52474,6.75287],[34.50366,6.89002],[34.29758,6.96857],[34.03113,7.25537],[34.00653,7.40994],[33.71606,7.65716],[33.46233,7.7495],[33.05129,7.80113],[32.9898,7.91724],[33.20689,8.24074],[33.17408,8.40448],[33.6001,8.46395],[33.69554,8.37288],[33.97077,8.44538],[34.11185,8.62655],[34.09747,8.91584],[34.0707,9.45459]]]]}},{"type":"Feature","properties":{"ADMIN":"Senegal","ISO_A3":"SEN"},"geometry":{"type":"MultiPolygon","coordinates":[[[[-12.26413,14.77494],[-12.47151,14.998],[-12.85678,15.22199],[-12.96432,15.50916],[-13.23784,15.62344],[-13.31373,15.92213],[-13.48493,16.15498],[-13.81132,16.12207],[-14.34325,16.63666],[-14.93094,16.64338],[-15.49091,16.56452],[-15.67219,16.48137],[-16.3274,16.47455],[-16.47044,16.10636],[-16.53893,15.77436],[-16.87824,15.2331],[-17.13866,14.92772],[-17.37096,14.80028],[-17.17821,14.65314],[-16.80256,14.10786],[-16.71019,13.77363],[-16.5614,13.58691],[-15.5182,13.5831],[-15.39407,13.77151],[-14.9158,13.79244],[-14.72858,13.61932],[-14.58554,13.66046],[-14.32995,13.45644],[-13.96749,13.57558],[-13.85104,13.33575],[-14.20169,13.22956],[-15.01507,13.49574],[-15.82267,13.31942],[-15.83332,13.15685],[-16.67353,13.16431],[-16.75365,13.06501],[-16.79874,12.43089],[-16.66887,12.35671],[-16.23288,12.45288],[-15.67705,12.43929],[-15.19511,12.67943],[-13.72828,12.67339],[-13.07646,12.63592],[-12.77327,12.43506],[-12.36092,12.30561],[-12.07918,12.40813],[-11.38842,12.4039],[-11.45028,13.07509],[-11.61311,13.36081],[-11.99681,13.54416],[-12.09763,13.70441],[-11.96291,13.90915],[-11.99758,14.16616],[-12.22173,14.39124],[-12.16595,14.62518],[-12.26413,14.77494]]]]}},{"type":"Feature","properties":{"ADMIN":"Serranilla Bank","ISO_A3":"-99"},"geometry":{"type":"MultiPolygon","coordinates":[]}},{"type":"Feature","properties":{"ADMIN":"Singapore","ISO_A3":"SGP"},"geometry":{"type":"MultiPolygon","coordinates":[]}},{"type":"Feature","properties":{"ADMIN":"South Georgia and South Sandwich Islands","ISO_A3":"SGS"},"geometry":{"type":"MultiPolygon","coordinates":[[[[-37.68716,-53.99375],[-36.81338,-54.445],[-36.46329,-54.53753],[-36.1018,-54.88747],[-35.88732,-54.78444],[-36.04198,-54.46396],[-36.62157,-54.11981],[-37.68716,-53.99375]]]]}},{"type":"Feature","properties":{"ADMIN":"Saint Helena","ISO_A3":"SHN"},"geometry":{"type":"MultiPolygon","coordinates":[]}},{"type":"Feature","properties":{"ADMIN":"Solomon Islands","ISO_A3":"SLB"},"geometry":{"type":"MultiPolygon","coordinates":[[[[161.3357,-10.20867],[161.511,-10.36492],[161.52467,-10.56422],[161.79217,-10.73496],[162.10108,-10.82147],[162.27752,-10.67962],[162.11362,-10.45648],[161.8357,-10.44695],[161.3357,-10.20867]]],[[[159.93971,-9.43288],[159.70899,-9.24774],[159.59913,-9.51238],[159.83562,-9.79388],[160.32032,-9.81512],[160.64479,-9.93711],[160.78541,-9.72747],[160.36638,-9.41277],[159.93971,-9.43288]]],[[[160.80047,-8.35882],[160.59352,-8.38494],[160.76433,-8.94671],[160.86793,-9.15211],[161.23715,-9.44752],[161.32814,-9.43857],[161.15113,-8.94964],[160.94663,-8.81373],[160.99684,-8.60377],[160.80047,-8.35882]]],[[[157.636,-8.18939],[157.57887,-8.00555],[157.38282,-8.03151],[157.2282,-8.31666],[157.56707,-8.2763],[157.67482,-8.50921],[157.83839,-8.33717],[157.636,-8.18939]]],[[[157.18434,-8.1067],[157.09108,-7.85052],[156.94703,-7.97967],[157.18434,-8.1067]]],[[[156.61118,-7.56943],[156.50416,-7.63006],[156.65968,-7.93922],[156.79949,-7.76653],[156.61118,-7.56943]]],[[[158.59596,-7.58587],[158.58009,-7.74082],[158.84571,-7.9734],[159.34539,-8.26141],[159.79664,-8.39178],[159.84205,-8.32562],[159.4026,-7.98235],[159.0857,-7.90358],[158.65398,-7.56129],[158.59596,-7.58587]]],[[[156.58155,-6.64967],[156.68702,-6.89715],[156.92774,-7.20875],[157.15252,-7.12428],[157.04265,-6.89715],[156.58155,-6.64967]]]]}},{"type":"Feature","properties":{"ADMIN":"Sierra Leone","ISO_A3":"SLE"},"geometry":{"type":"MultiPolygon","coordinates":[[[[-10.28224,8.48463],[-10.51928,8.33479],[-10.63885,8.51989],[-10.48186,8.67247],[-10.6002,8.81902],[-10.67513,9.30646],[-10.85486,9.45526],[-11.0101,9.74274],[-11.16027,9.87276],[-11.1996,9.98216],[-11.9101,9.99252],[-12.14135,9.87488],[-12.50833,9.86038],[-12.7016,9.42023],[-12.95791,9.27243],[-13.02886,9.09598],[-13.27738,9.0586],[-13.2412,8.67219],[-13.1444,8.43122],[-12.97875,8.24201],[-12.87588,7.82868],[-12.5314,7.68708],[-12.42833,7.5336],[-12.50658,7.38984],[-11.83959,7.14899],[-11.47619,6.91942],[-11.37323,7.13884],[-10.61519,7.76904],[-10.61767,8.01078],[-10.36492,8.14821],[-10.28224,8.48463]]]]}},{"type":"Feature","properties":{"ADMIN":"El Salvador","ISO_A3":"SLV"},"geometry":{"type":"MultiPolygon","coordinates":[[[[-89.36162,14.41548],[-89.53094,14.22557],[-89.88012,14.04268],[-90.09904,13.85851],[-90.09298,13.7289],[-89.80805,13.52686],[-89.25145,13.47232],[-88.78567,13.24527],[-88.20828,13.16043],[-87.92821,13.15864],[-87.81716,13.40656],[-87.71263,13.80045],[-88.08754,13.98054],[-88.488,13.86533],[-89.0266,14.3113],[-89.36162,14.41548]]]]}},{"type":"Feature","properties":{"ADMIN":"San Marino","ISO_A3":"SMR"},"geometry":{"type":"MultiPolygon","coordinates":[]}},{"type":"Feature","properties":{"ADMIN":"Somaliland","ISO_A3":"-99"},"geometry":{"type":"MultiPolygon","coordinates":[[[[47.97917,7.99657],[48.93911,9.45123],[48.93911,11.24913],[48.6548,11.33063],[48.34278,11.27546],[48.16082,11.14566],[47.67774,11.10798],[47.36687,11.1728],[46.65968,10.75434],[46.44776,10.6931],[45.80274,10.87531],[45.48707,10.68472],[45.33725,10.67084],[44.96201,10.4158],[44.58615,10.38358],[44.27426,10.45673],[43.8296,10.80296],[43.48813,11.23892],[43.24073,11.48786],[42.92372,10.99879],[42.69965,10.65855],[42.83628,10.20809],[43.41903,9.41302],[43.6215,9.3369],[44.02386,8.98553],[45.51441,8.49654],[46.97923,7.99657],[47.97917,7.99657]]]]}},{"type":"Feature","properties":{"ADMIN":"Somalia","ISO_A3":"SOM"},"geometry":{"type":"MultiPolygon","coordinates":[[[[41.5351,-1.69628],[41.65211,-1.56512],[42.0809,-0.86289],[42.6478,-0.22894],[42.77027,-0.12933],[43.46762,0.62055],[43.78191,0.92162],[44.55006,1.55907],[45.00148,1.86636],[45.23219,1.96768],[46.02703,2.43814],[46.62574,3.02391],[47.48927,3.93635],[47.9485,4.4571],[48.2024,4.90892],[48.64674,5.48005],[49.03614,6.14423],[49.07472,6.41527],[49.36704,7.0257],[49.5866,7.31476],[49.81935,7.73994],[49.84205,7.96271],[50.05828,8.13032],[50.29021,8.48676],[50.42205,8.85712],[50.64845,9.11042],[50.84034,9.45612],[50.80616,9.62446],[50.92739,10.32784],[51.24098,10.4256],[51.13819,10.67674],[51.08595,11.18797],[51.12086,11.50532],[51.2927,11.83311],[50.79786,11.98912],[50.57594,11.92097],[50.51271,11.77123],[50.26832,11.5893],[49.85125,11.46491],[49.57683,11.46003],[49.23959,11.30028],[48.93911,11.24913],[48.93911,9.45123],[47.97917,7.99657],[46.42392,6.49674],[45.93599,5.99669],[44.94153,4.91148],[43.96897,4.95396],[43.52848,4.84157],[43.11926,4.6477],[42.78977,4.28561],[42.13534,4.20008],[41.88502,3.97723],[41.34273,3.20115],[40.96539,2.81414],[40.96849,0.87225],[40.97975,-0.8708],[41.52287,-1.57277],[41.5351,-1.69628]]]]}},{"type":"Feature","properties":{"ADMIN":"Saint Pierre and Miquelon","ISO_A3":"SPM"},"geometry":{"type":"MultiPolygon","coordinates":[]}},{"type":"Feature","properties":{"ADMIN":"Republic of Serbia","ISO_A3":"SRB"},"geometry":{"type":"MultiPolygon","coordinates":[[[[19.19534,43.5328],[19.61868,43.16824],[19.92915,43.11391],[20.34535,42.82744],[20.83855,43.17047],[21.09259,43.09068],[21.37867,42.74414],[21.73865,42.68215],[21.56407,42.24629],[22.2334,42.34889],[22.30761,42.31933],[22.42398,42.32589],[22.50605,42.87012],[22.72702,42.88689],[22.93527,43.08556],[22.80453,43.32898],[22.51886,43.47425],[22.34947,43.80792],[22.39959,43.99334],[22.69164,44.22843],[22.3197,44.68534],[21.65628,44.68766],[21.36855,44.86486],[21.49329,45.1451],[20.98149,45.33279],[20.76073,45.49335],[20.71339,45.73333],[20.30566,46.05357],[20.18846,46.14039],[19.54995,46.16416],[19.26345,45.98143],[19.04858,45.96345],[18.98647,45.93125],[18.90131,45.9312],[18.91236,45.61923],[19.16207,45.28504],[19.01582,44.86563],[19.36867,44.88713],[19.12992,44.51832],[19.17715,44.28696],[19.61888,44.03571],[19.27544,43.93326],[19.46169,43.76214],[19.19534,43.5328]]]]}},{"type":"Feature","properties":{"ADMIN":"Sao Tome and Principe","ISO_A3":"STP"},"geometry":{"type":"MultiPolygon","coordinates":[[[[6.61622,0.07811],[6.76092,0.28417],[6.64186,0.41079],[6.46168,0.22215],[6.61622,0.07811]]]]}},{"type":"Feature","properties":{"ADMIN":"Suriname","ISO_A3":"SUR"},"geometry":{"type":"MultiPolygon","coordinates":[[[[-57.25694,5.46409],[-57.32412,5.33859],[-57.31523,5.0261],[-57.72048,4.9898],[-57.9185,4.82976],[-57.83742,4.65088],[-58.06769,4.15114],[-58.03214,3.98772],[-57.82977,3.66244],[-57.56514,3.34982],[-57.28355,3.3438],[-57.17462,2.81895],[-56.70519,2.02964],[-56.48182,1.94161],[-56.01965,1.83351],[-55.92581,2.06168],[-56.1168,2.33309],[-55.98924,2.52083],[-55.72429,2.39691],[-55.39959,2.43019],[-55.01775,2.59059],[-54.65338,2.3165],[-54.58475,2.34833],[-54.35944,2.50801],[-54.21253,2.77642],[-54.19046,3.1781],[-54.00303,3.4554],[-53.98882,3.611],[-54.35515,4.06652],[-54.45081,4.48422],[-54.48212,4.9128],[-54.19046,5.32575],[-53.98636,5.74566],[-54.03673,5.84235],[-54.77359,5.98526],[-55.84438,5.97596],[-55.99918,5.81071],[-56.65951,5.97972],[-56.95654,6.01157],[-57.12577,5.81815],[-57.16369,5.55707],[-57.25694,5.46409]]]]}},{"type":"Feature","properties":{"ADMIN":"Slovakia","ISO_A3":"SVK"},"geometry":{"type":"MultiPolygon","coordinates":[[[[22.53964,49.0722],[22.01243,49.21105],[21.81958,49.37725],[21.27439,49.44727],[20.94242,49.29586],[20.68952,49.4005],[20.32954,49.39177],[20.07002,49.1831],[19.7518,49.21906],[19.44339,49.60178],[19.1725,49.40226],[18.8332,49.51026],[18.53564,49.48168],[18.19003,49.27694],[18.1029,49.09225],[17.53508,48.81299],[17.16746,48.85976],[16.94504,48.60417],[16.84448,48.3656],[17.14834,48.00544],[17.82571,47.75001],[18.76767,47.8223],[18.83847,48.04001],[19.4282,48.08585],[19.62323,48.22701],[19.88429,48.12962],[20.27238,48.25246],[20.48167,48.52608],[20.78408,48.56905],[21.10934,48.48911],[21.42456,48.56127],[21.7277,48.3409],[22.13284,48.4048],[22.53964,49.0722]]]]}},{"type":"Feature","properties":{"ADMIN":"Slovenia","ISO_A3":"SVN"},"geometry":{"type":"MultiPolygon","coordinates":[[[[16.5153,46.50171],[16.27201,46.86396],[16.09404,46.86277],[15.97053,46.74301],[15.46265,46.61465],[15.06195,46.64956],[14.50219,46.41836],[13.70095,46.51975],[13.68845,46.46776],[13.36526,46.2903],[13.62282,45.96639],[13.58127,45.80925],[13.84776,45.58466],[13.58953,45.48884],[13.889,45.42364],[14.66849,45.53397],[15.31403,45.45051],[15.24892,45.71184],[15.66605,45.83167],[15.6613,46.21532],[16.19181,46.36978],[16.34415,46.54698],[16.5153,46.50171]]]]}},{"type":"Feature","properties":{"ADMIN":"Sweden","ISO_A3":"SWE"},"geometry":{"type":"MultiPolygon","coordinates":[[[[18.78435,57.83959],[18.46306,57.80317],[18.11199,57.51105],[18.09938,57.25898],[18.43116,57.15428],[18.71412,57.24291],[18.78435,57.83959]]],[[[24.1631,65.8227],[23.72416,66.20663],[23.64231,66.43626],[24.00125,66.81243],[23.58133,67.15314],[23.76519,67.42007],[23.49885,67.88216],[23.05216,68.29821],[22.07217,68.47701],[20.62316,69.03636],[20.34111,68.91006],[20.24593,68.47737],[19.93101,68.3502],[19.03814,68.50564],[18.17184,68.53592],[18.16667,68.15848],[17.89537,67.96965],[17.32145,68.1053],[16.808,67.91064],[16.48295,67.55784],[16.12711,67.42276],[16.41557,67.0527],[15.42627,66.49121],[15.48188,66.27487],[14.54054,66.12545],[14.64441,65.84291],[14.51429,65.31808],[14.31068,65.08414],[13.64276,64.58402],[14.11555,64.44124],[14.16144,64.20544],[13.93944,64.00953],[13.23411,64.09087],[12.68189,63.95636],[12.1703,63.59813],[11.99243,63.2889],[12.2227,63.00148],[12.09123,62.58631],[12.31747,62.23403],[12.16172,61.72484],[12.87713,61.37098],[12.68251,61.04033],[12.25608,60.98132],[12.59435,60.51494],[12.51095,60.11799],[11.90354,59.77],[11.67741,59.55905],[11.81166,59.24967],[11.43751,58.99172],[11.2317,58.79963],[11.22486,58.37067],[11.87574,58.19916],[11.69361,57.88117],[11.90333,57.52412],[12.05926,57.45881],[12.37501,56.91205],[12.93442,56.54706],[12.83351,56.26569],[12.60955,56.11652],[12.92262,55.74946],[13.00001,55.40009],[13.38136,55.34601],[14.36305,55.52363],[14.19581,55.72565],[14.34645,55.95331],[14.6858,56.14741],[15.49293,56.17634],[15.85174,56.08637],[16.35662,56.75845],[16.68898,57.47175],[16.67547,57.76447],[16.4603,57.89468],[16.8213,58.2071],[16.63592,58.62678],[17.09303,58.66083],[18.39259,59.17577],[18.27687,59.42255],[18.68653,59.60578],[18.86158,59.80305],[18.82447,60.0683],[18.41993,60.19351],[17.96746,60.51895],[17.23805,60.6977],[17.21274,61.2353],[17.09718,61.63614],[17.39918,61.72236],[17.34425,61.92414],[17.56951,62.20474],[17.34702,62.40331],[18.04249,62.59211],[17.92644,62.82225],[18.51254,62.90412],[18.61134,63.1789],[19.03248,63.18203],[19.27613,63.44269],[19.75318,63.52432],[20.50343,63.82201],[21.48976,64.48701],[21.18133,64.83584],[22.36061,65.76122],[22.83717,65.80768],[24.1631,65.8227]]]]}},{"type":"Feature","properties":{"ADMIN":"Swaziland","ISO_A3":"SWZ"},"geometry":{"type":"MultiPolygon","coordinates":[[[[31.94924,-25.9581],[31.89188,-25.98384],[31.83457,-25.98208],[31.4269,-25.74365],[31.11984,-25.91005],[30.80456,-26.39746],[30.7857,-26.71692],[30.97607,-27.03504],[31.15704,-27.20557],[31.52653,-27.31089],[31.96826,-27.31626],[31.99224,-26.83826],[32.11388,-26.84001],[32.03988,-26.28367],[32.05745,-26.0412],[31.94924,-25.9581]]]]}},{"type":"Feature","properties":{"ADMIN":"Sint Maarten","ISO_A3":"SXM"},"geometry":{"type":"MultiPolygon","coordinates":[]}},{"type":"Feature","properties":{"ADMIN":"Seychelles","ISO_A3":"SYC"},"geometry":{"type":"MultiPolygon","coordinates":[]}},{"type":"Feature","properties":{"ADMIN":"Syria","ISO_A3":"SYR"},"geometry":{"type":"MultiPolygon","coordinates":[[[[42.35724,37.10998],[42.17854,37.3063],[42.00925,37.17561],[41.47977,37.07557],[40.70897,37.10048],[39.76525,36.74215],[39.2396,36.66128],[38.66413,36.71952],[38.52936,36.83372],[38.19005,36.90553],[37.44612,36.6342],[37.01452,36.64226],[36.65857,36.82752],[36.53547,36.494],[36.58777,36.32481],[36.3605,36.18167],[36.35554,36.0224],[36.1385,35.81978],[35.91131,35.91775],[35.77809,35.54116],[35.96241,35.19794],[35.86687,34.92422],[36.03793,34.62843],[36.32381,34.67949],[36.38892,34.59624],[36.6041,34.1991],[36.26717,33.91039],[36.05044,33.81644],[36.01292,33.60803],[35.8211,33.40672],[35.88807,32.94494],[35.75743,32.74428],[36.06987,32.5166],[36.37311,32.38642],[36.81939,32.31679],[38.77451,33.37169],[40.69047,34.3315],[40.98802,34.42852],[41.19566,34.76847],[41.19152,35.18214],[41.3635,35.65524],[41.24061,36.04302],[41.27699,36.35478],[41.41487,36.52738],[41.84378,36.61787],[42.35724,37.10998]]]]}},{"type":"Feature","properties":{"ADMIN":"Turks and Caicos Islands","ISO_A3":"TCA"},"geometry":{"type":"MultiPolygon","coordinates":[]}},{"type":"Feature","properties":{"ADMIN":"Chad","ISO_A3":"TCD"},"geometry":{"type":"MultiPolygon","coordinates":[[[[23.98131,19.49612],[23.24016,19.8621],[21.63447,20.65497],[20.52281,21.20393],[19.16413,21.87489],[17.43483,22.72879],[15.9851,23.44472],[14.97991,22.99566],[15.17202,21.99339],[15.1804,21.50727],[15.60931,20.95066],[15.5442,20.79899],[15.95399,20.37457],[15.73602,19.90354],[15.59112,18.26509],[15.45242,16.87623],[14.36897,15.74963],[13.83391,15.0196],[13.76436,14.71908],[13.44918,14.38013],[13.60731,13.7041],[14.06491,13.07799],[14.41817,13.08114],[14.49062,12.88635],[14.83075,12.61825],[14.9031,12.14587],[15.04056,12.05565],[15.13564,11.53082],[15.02123,11.18255],[15.06588,10.79311],[15.30142,10.31175],[15.53614,10.08052],[15.38297,9.9302],[15.21492,9.98409],[14.73246,9.92381],[14.44049,9.99531],[14.1817,9.97818],[13.9476,9.63776],[14.34954,9.16836],[15.03126,8.65875],[15.1837,8.47915],[15.44074,7.83942],[15.5629,7.79245],[15.48105,7.52326],[15.7939,7.458],[16.37081,7.6725],[16.54868,7.87001],[16.76862,7.55024],[17.10193,7.67772],[17.25086,7.82283],[17.67978,7.9852],[18.58928,8.04788],[19.12413,8.67508],[18.89273,8.89793],[19.10057,9.01526],[19.88946,9.04637],[20.06868,9.13813],[20.35941,9.11642],[20.49614,9.27088],[20.82615,9.41808],[21.25692,9.97575],[21.65628,10.23367],[21.75105,10.41182],[21.72263,10.63672],[22.17635,10.81621],[22.46047,11.00083],[22.86106,10.91915],[22.95646,11.2088],[22.91481,11.3961],[22.62811,11.50984],[22.53705,11.68089],[22.59286,11.98893],[22.37283,12.46312],[22.44569,12.61107],[22.20488,12.74336],[21.93595,12.63954],[21.80945,12.79366],[21.93513,13.05915],[22.26761,13.33456],[22.07372,13.77136],[22.24353,13.97543],[22.53147,14.12263],[22.44104,14.24985],[22.46543,14.62929],[22.66635,14.68174],[22.7389,14.97981],[22.96566,15.2239],[22.92566,15.56393],[23.09464,15.70426],[23.5927,15.74901],[23.98441,15.72116],[23.98368,16.7088],[23.98275,17.87023],[23.98172,19.03155],[23.98131,19.49612]]]]}},{"type":"Feature","properties":{"ADMIN":"Togo","ISO_A3":"TGO"},"geometry":{"type":"MultiPolygon","coordinates":[[[[0.90147,10.99274],[0.48662,11.00321],[-0.16611,11.13498],[0.01621,11.06258],[-0.08813,10.63349],[0.3666,10.30449],[0.35461,9.5711],[0.53757,9.37765],[0.36587,8.77427],[0.61632,8.48876],[0.70521,8.28275],[0.57385,8.20394],[0.61229,7.69943],[0.50057,7.45505],[0.64568,7.32359],[0.51928,6.83225],[0.76681,6.41935],[1.1854,6.10049],[1.61966,6.2139],[1.78235,6.27727],[1.56603,6.67815],[1.62567,6.99678],[1.62133,7.99657],[1.60117,9.04953],[1.42527,9.2845],[1.35127,9.59507],[1.33101,9.99647],[0.76877,10.36709],[0.78127,10.69304],[0.90147,10.99274]]]]}},{"type":"Feature","properties":{"ADMIN":"Thailand","ISO_A3":"THA"},"geometry":{"type":"MultiPolygon","coordinates":[[[[98.28907,8.18968],[98.28663,7.79169],[98.43979,7.88662],[98.43849,8.06574],[98.28907,8.18968]]],[[[100.0993,20.3178],[99.94204,20.44402],[99.29568,20.0625],[99.01683,20.041],[99.00877,19.84592],[98.53262,19.67585],[98.21791,19.70797],[97.83985,19.55532],[97.76709,19.39753],[97.8108,19.11222],[97.71913,18.86464],[97.75179,18.58248],[97.43811,18.48812],[97.75406,17.96903],[97.76895,17.67918],[97.98278,17.50544],[98.31331,17.05204],[98.52456,16.85045],[98.45666,16.72322],[98.63163,16.46313],[98.65871,16.11628],[98.54306,15.73537],[98.55991,15.35532],[98.28302,15.28997],[98.16499,15.1258],[98.24334,14.80512],[98.54771,14.37768],[98.94531,14.06914],[99.15253,13.71487],[99.19015,13.2295],[99.1021,13.17134],[99.21413,12.73465],[99.39376,12.58978],[99.46631,12.12603],[99.63002,11.81577],[99.24328,11.19766],[98.76672,10.68875],[98.74741,10.35053],[98.32691,9.20368],[98.38201,9.07193],[98.22413,8.73534],[98.19947,8.53437],[98.2776,8.24071],[98.59889,8.3749],[99.29274,7.62067],[99.3659,7.33637],[99.52467,7.31135],[99.69288,7.11612],[99.79721,6.82168],[100.12729,6.44229],[100.16684,6.69512],[100.38739,6.52208],[100.80561,6.4148],[100.82215,6.25988],[101.08166,6.24647],[101.07112,5.91985],[100.9672,5.78102],[101.10544,5.63764],[101.24899,5.78699],[101.53466,5.90602],[101.80048,5.73991],[102.06,6.0948],[102.07311,6.2575],[101.77166,6.50072],[101.56625,6.83222],[101.38521,6.90522],[100.99757,6.85668],[100.76515,6.98314],[100.61109,7.19261],[100.39552,7.21133],[100.18539,7.51423],[100.3235,7.6164],[100.22047,8.44872],[100.10434,8.41767],[99.95924,8.63764],[99.85353,9.29466],[99.68946,9.31586],[99.47478,9.201],[99.18141,9.64326],[99.15162,10.35737],[99.51157,10.90241],[99.49415,11.11457],[99.85532,11.96841],[100.02003,12.19269],[99.96095,12.62539],[100.10434,13.05732],[99.96713,13.25902],[100.03883,13.40274],[100.28989,13.50503],[100.64967,13.52025],[100.95069,13.46825],[100.83741,12.70791],[101.44288,12.62482],[101.83025,12.6728],[102.07195,12.48851],[102.29591,12.19001],[102.74969,12.04027],[102.91359,11.64589],[102.9138,11.76554],[102.69996,12.13874],[102.76513,12.41635],[102.55863,12.63122],[102.47316,13.00613],[102.3282,13.27516],[102.33223,13.5646],[102.5132,13.56716],[103.085,14.29582],[103.55025,14.42186],[103.87033,14.34326],[104.24747,14.40109],[104.46197,14.35711],[104.77167,14.43987],[105.18431,14.34574],[105.41597,14.42816],[105.58356,14.97759],[105.44378,15.13381],[105.56397,15.27253],[105.651,15.6346],[105.44796,15.76488],[105.40491,16.01882],[105.04246,16.14144],[105.01548,16.27673],[104.75452,16.52891],[104.74532,17.0248],[104.81642,17.37279],[104.4812,17.64042],[104.11094,18.11455],[104.00004,18.31844],[103.39677,18.44141],[103.26076,18.4002],[103.03793,17.99069],[102.59558,17.85007],[102.56752,17.97084],[102.30671,18.05146],[102.0785,18.2138],[101.72907,17.91219],[101.57755,17.86811],[101.13231,17.46167],[100.90193,17.56193],[101.00828,17.89524],[101.16517,18.05342],[101.14554,18.33625],[101.0303,18.42779],[101.2401,18.67364],[101.19287,19.45279],[100.8746,19.61291],[100.74551,19.48501],[100.46196,19.5371],[100.38352,19.76386],[100.54335,20.06658],[100.3644,20.36896],[100.11661,20.24802],[100.0993,20.3178]]]]}},{"type":"Feature","properties":{"ADMIN":"Tajikistan","ISO_A3":"TJK"},"geometry":{"type":"MultiPolygon","coordinates":[[[[70.95896,40.23837],[70.58182,40.22173],[70.35382,40.45614],[70.75618,40.69514],[70.4457,41.02592],[70.28039,40.87771],[69.66012,40.63871],[69.43584,40.80268],[69.19803,40.54585],[69.28526,40.21863],[68.60199,40.17543],[68.87743,39.90056],[68.61584,39.82811],[68.51745,39.54844],[68.33756,39.52792],[67.76452,39.6226],[67.43648,39.4857],[67.37819,39.19949],[67.61983,39.15125],[67.69052,38.98961],[68.08564,38.99377],[68.17256,38.84528],[68.05515,38.53631],[68.36066,38.17405],[68.24873,37.94895],[67.82922,37.52794],[67.78054,37.18887],[68.01112,36.93087],[68.30728,37.11422],[69.00548,37.30553],[69.32391,37.12099],[69.4452,37.23641],[69.37838,37.43741],[69.52865,37.58603],[70.15787,37.54143],[70.28308,37.70483],[70.16521,37.88991],[70.4826,38.13736],[70.59577,38.33818],[70.97404,38.47367],[71.33438,38.28066],[71.25578,37.94988],[71.59773,37.89836],[71.49717,37.56655],[71.43112,37.06699],[71.61106,36.70484],[71.83658,36.69916],[72.25981,36.96731],[72.65771,37.02883],[72.76096,37.1875],[73.27607,37.45947],[73.75346,37.42839],[73.79821,37.22853],[74.22392,37.40335],[74.66038,37.39397],[74.86264,37.2446],[74.89231,37.23111],[75.16412,37.40064],[74.89189,37.5992],[74.96517,37.76746],[74.79071,38.08145],[74.77634,38.51067],[74.3342,38.66699],[73.79739,38.60284],[73.6837,38.85494],[73.81599,38.99377],[73.60226,39.23577],[73.63264,39.44834],[73.16786,39.35538],[72.65048,39.39377],[72.31634,39.32882],[71.74025,39.44834],[71.45954,39.61211],[71.00929,39.40762],[70.73974,39.38623],[70.62213,39.56353],[70.20603,39.5241],[69.66942,39.57779],[69.28619,39.53971],[69.2263,39.75101],[69.31399,39.98691],[69.96956,40.2116],[70.6274,39.99389],[70.95896,40.23837]]]]}},{"type":"Feature","properties":{"ADMIN":"Turkmenistan","ISO_A3":"TKM"},"geometry":{"type":"MultiPolygon","coordinates":[[[[66.51959,37.36418],[66.55416,38.02685],[65.87668,38.27296],[65.60414,38.23741],[64.97772,38.61227],[64.6349,38.74415],[64.33734,38.97096],[64.12061,38.96168],[63.70927,39.19089],[63.47755,39.40292],[62.59316,39.89023],[62.45281,40.00924],[62.35328,40.4304],[62.04477,40.71498],[61.87791,41.12498],[61.47008,41.29717],[61.28135,41.15728],[60.8603,41.25299],[60.41453,41.23526],[60.09424,41.38952],[60.15564,41.60333],[59.98366,41.94904],[60.0282,42.19952],[59.86635,42.30421],[59.47816,42.28564],[59.2452,42.36535],[59.122,42.538],[58.89442,42.54784],[58.61227,42.78085],[58.28267,42.68892],[57.99773,42.49343],[57.85045,42.19143],[57.38226,42.16363],[56.95015,41.86605],[57.01019,41.25412],[55.97842,41.32172],[55.42952,41.29081],[54.73829,42.04821],[54.04717,42.3454],[53.41227,42.25817],[52.97871,42.12663],[52.43767,41.74888],[52.56219,41.51948],[52.81568,41.38874],[52.82146,41.76488],[53.12192,42.08999],[53.68181,42.14395],[53.89666,42.07884],[54.04135,41.53457],[54.60043,41.19233],[54.76002,40.96503],[54.6399,40.83877],[54.01075,40.65786],[53.72104,40.62568],[53.54168,40.76162],[53.10743,40.77391],[52.95818,41.01626],[52.73658,40.48456],[52.73845,40.05362],[52.88413,39.94489],[53.43727,40.00267],[53.56707,39.94953],[53.36354,39.53807],[53.74781,39.05443],[53.97755,38.90176],[53.827,38.52546],[53.82488,37.74486],[53.91375,37.34275],[54.18659,37.32374],[54.78366,37.51745],[54.85663,37.76113],[55.42311,38.07589],[55.70867,38.11866],[56.29975,38.08023],[56.43648,38.25508],[56.739,38.2696],[57.03841,38.18728],[57.21835,38.26508],[57.3524,37.96753],[58.18118,37.77485],[58.37176,37.63037],[58.86104,37.66809],[59.35165,37.49384],[59.50947,37.18982],[60.01921,37.0258],[60.34229,36.63714],[61.07548,36.64779],[61.22275,36.11754],[61.26968,35.6185],[61.28332,35.62263],[61.5387,35.45231],[62.03382,35.42399],[62.21902,35.30627],[62.62107,35.22271],[63.08021,35.43706],[63.07665,35.6247],[63.34293,35.85626],[64.26613,36.15247],[64.60585,36.46108],[64.59201,36.62107],[64.77876,36.93847],[64.76016,37.09262],[65.06309,37.23323],[65.50141,37.24228],[65.66884,37.52055],[66.5029,37.35565],[66.51959,37.36418]]]]}},{"type":"Feature","properties":{"ADMIN":"East Timor","ISO_A3":"TLS"},"geometry":{"type":"MultiPolygon","coordinates":[[[[124.03004,-9.34197],[124.31007,-9.48872],[124.45053,-9.18019],[124.03004,-9.34197]]],[[[125.06163,-9.48577],[125.60939,-9.18621],[125.94711,-9.12575],[126.16586,-8.98838],[126.43019,-8.95469],[126.58326,-8.80584],[127.00929,-8.67669],[127.30323,-8.43231],[126.96705,-8.30901],[126.54884,-8.48675],[126.41163,-8.41912],[126.0691,-8.52158],[125.89772,-8.48113],[125.1443,-8.63144],[124.91951,-8.96202],[125.06163,-9.48577]]]]}},{"type":"Feature","properties":{"ADMIN":"Tonga","ISO_A3":"TON"},"geometry":{"type":"MultiPolygon","coordinates":[]}},{"type":"Feature","properties":{"ADMIN":"Trinidad and Tobago","ISO_A3":"TTO"},"geometry":{"type":"MultiPolygon","coordinates":[[[[-60.9073,10.83714],[-61.60212,10.74775],[-61.47228,10.59488],[-61.45836,10.30219],[-61.63703,10.05781],[-61.19164,10.0738],[-60.996,10.13825],[-61.0327,10.68354],[-60.9073,10.83714]]]]}},{"type":"Feature","properties":{"ADMIN":"Tunisia","ISO_A3":"TUN"},"geometry":{"type":"MultiPolygon","coordinates":[[[[11.50511,33.18123],[11.17954,33.21109],[11.10816,33.54963],[10.71713,33.48355],[10.71664,33.70694],[10.33025,33.70283],[10.04884,33.98347],[10.00522,34.17064],[10.12672,34.32563],[10.59702,34.54471],[10.91634,34.87357],[11.11158,35.20559],[11.01197,35.6579],[10.60857,35.85586],[10.47953,36.07933],[10.51909,36.33747],[10.79993,36.45189],[11.11677,36.83841],[11.01271,37.08478],[10.53823,36.77203],[10.22006,36.97663],[10.14625,37.23652],[9.66627,37.33544],[9.2107,37.23383],[8.80201,36.97309],[8.60251,36.93951],[8.44401,36.7962],[8.24144,35.82774],[8.32361,35.65219],[8.31368,35.10308],[8.23648,34.64765],[7.83154,34.41439],[7.77428,34.26096],[7.51745,34.09503],[7.47983,33.8939],[7.69315,33.45411],[7.75072,33.20766],[8.08682,33.09429],[8.28288,32.83637],[8.31957,32.5606],[9.04501,32.07184],[9.51971,30.22891],[9.87131,30.35515],[10.19222,30.73125],[10.27015,30.91563],[10.1081,31.41183],[10.26395,31.6805],[10.51355,31.75703],[10.60595,31.95361],[10.87322,32.1367],[11.44403,32.36849],[11.50511,33.18123]]]]}},{"type":"Feature","properties":{"ADMIN":"Turkey","ISO_A3":"TUR"},"geometry":{"type":"MultiPolygon","coordinates":[[[[26.04396,40.73847],[26.07691,40.6118],[26.79038,40.66059],[26.82895,40.602],[26.21909,40.33145],[26.37582,40.15351],[26.68336,40.45547],[27.17774,40.63264],[27.52418,40.9892],[27.94125,40.9711],[28.23666,41.08515],[28.62525,40.96841],[28.98194,41.00165],[29.10922,41.2353],[28.38429,41.44746],[28.11329,41.61156],[27.97202,41.82225],[28.01678,41.97253],[27.53318,41.90806],[27.27335,42.09175],[26.62357,41.96904],[26.31631,41.74376],[26.33336,41.71304],[26.59629,41.59754],[26.6366,41.37846],[26.3317,41.25412],[26.35909,40.96468],[26.04396,40.73847]]],[[[41.52076,41.51423],[41.39039,41.37934],[40.69825,41.09813],[40.14275,40.9228],[39.59205,41.02509],[38.9275,41.04263],[38.3309,40.91787],[37.89576,40.98212],[37.65504,41.11762],[37.50473,41.04291],[37.03972,41.18155],[36.98487,41.2945],[36.61988,41.37507],[36.45102,41.24042],[36.13445,41.4619],[36.12045,41.62775],[35.89381,41.70746],[35.53012,41.63426],[35.22478,41.76187],[35.1045,42.02188],[34.69418,41.94595],[33.32447,42.01903],[32.92612,41.88182],[32.26336,41.72016],[32.13413,41.59943],[31.40358,41.31647],[31.24887,41.10566],[30.83326,41.0799],[30.27125,41.21117],[29.88461,41.14899],[29.23178,41.24071],[29.02809,40.98212],[29.26393,40.86978],[29.28159,40.66592],[28.98634,40.64476],[28.63771,40.36518],[28.11199,40.39606],[27.45232,40.32201],[27.3034,40.45844],[26.73561,40.40355],[26.31105,40.01948],[26.1526,39.94261],[26.15284,39.45921],[26.8934,39.58438],[26.67026,39.30598],[27.01336,38.87116],[26.71909,38.72093],[26.93865,38.43423],[26.26539,38.28669],[26.60711,38.1083],[26.76026,38.21674],[26.94923,38.06737],[27.23911,37.98794],[27.19077,37.35733],[27.55323,37.27294],[27.30299,37.11957],[27.26319,36.96336],[27.98658,37.03514],[28.1115,36.60419],[28.42482,36.82909],[28.60353,36.73355],[29.09636,36.66523],[29.12428,36.41816],[29.32228,36.24689],[29.79526,36.14521],[30.25457,36.30829],[30.44077,36.23933],[30.56983,36.52802],[30.56983,36.78132],[30.68653,36.89118],[31.34083,36.80858],[32.02605,36.54344],[32.36549,36.17796],[32.67066,36.0467],[33.5442,36.14448],[34.07789,36.32884],[34.07732,36.41389],[34.5547,36.76765],[34.77076,36.81607],[35.34799,36.54438],[35.6067,36.74038],[36.02027,36.92634],[36.18898,36.80174],[36.18914,36.60399],[35.78875,36.32026],[35.97543,36.0185],[35.91131,35.91775],[36.1385,35.81978],[36.35554,36.0224],[36.3605,36.18167],[36.58777,36.32481],[36.53547,36.494],[36.65857,36.82752],[37.01452,36.64226],[37.44612,36.6342],[38.19005,36.90553],[38.52936,36.83372],[38.66413,36.71952],[39.2396,36.66128],[39.76525,36.74215],[40.70897,37.10048],[41.47977,37.07557],[42.00925,37.17561],[42.17854,37.3063],[42.35724,37.10998],[42.56126,37.14662],[42.77158,37.3749],[43.08371,37.36883],[43.4796,37.24336],[44.22317,37.25406],[44.23428,36.98366],[44.57824,37.16641],[44.76614,37.14192],[44.80159,37.29269],[44.56594,37.44717],[44.59612,37.71638],[44.21961,37.87531],[44.42466,38.37704],[44.28952,38.38226],[44.275,38.84357],[44.1392,38.99395],[44.06137,39.40028],[44.40481,39.43439],[44.45949,39.69846],[44.80699,39.6399],[44.77456,39.7028],[44.46434,39.97229],[44.03243,40.00862],[43.72139,40.16938],[43.59422,40.34545],[43.72935,40.6771],[43.60486,40.96334],[43.44043,41.10659],[43.23062,41.17263],[42.95772,41.43701],[42.56518,41.56713],[42.43785,41.43086],[41.94796,41.50558],[41.80079,41.42569],[41.52076,41.51423]]]]}},{"type":"Feature","properties":{"ADMIN":"Tuvalu","ISO_A3":"TUV"},"geometry":{"type":"MultiPolygon","coordinates":[]}},{"type":"Feature","properties":{"ADMIN":"United Republic of Tanzania","ISO_A3":"TZA"},"geometry":{"type":"MultiPolygon","coordinates":[[[[39.35743,-5.91204],[39.19044,-5.91424],[39.26417,-6.30242],[39.56951,-6.42083],[39.35743,-5.91204]]],[[[33.90421,-1.00257],[32.35764,-1.00257],[30.82838,-1.00257],[30.51166,-1.07337],[30.48101,-1.05911],[30.46386,-1.07513],[30.453,-1.09735],[30.51119,-1.17042],[30.83102,-1.59417],[30.83438,-2.34533],[30.57393,-2.38926],[30.50809,-2.46347],[30.4158,-2.85166],[30.71888,-2.98953],[30.83221,-3.17278],[30.46892,-3.51301],[30.00301,-4.27193],[29.72829,-4.46159],[29.40418,-4.4498],[29.32103,-4.83634],[29.37782,-5.08754],[29.59352,-5.62033],[29.60303,-5.78166],[29.47611,-6.00211],[29.52552,-6.2731],[29.73863,-6.65241],[30.09086,-6.89002],[30.3696,-7.31025],[30.44163,-7.59633],[30.65496,-7.92737],[30.75211,-8.19412],[30.95954,-8.55048],[31.35331,-8.58717],[31.53904,-8.70355],[31.67267,-8.91305],[31.91772,-9.0225],[32.38302,-9.13391],[32.51805,-9.25825],[32.92086,-9.4079],[33.40424,-9.60489],[33.73461,-9.58412],[33.86525,-9.66959],[34.01273,-9.47746],[34.4833,-9.94616],[34.58531,-10.30066],[34.58107,-10.53972],[34.67244,-10.7395],[34.59296,-11.01617],[34.75915,-11.3375],[34.96461,-11.57356],[35.65481,-11.57831],[35.82637,-11.41346],[36.16806,-11.57872],[36.19968,-11.70151],[36.74704,-11.66647],[37.04438,-11.59567],[37.42782,-11.72259],[37.78367,-11.55888],[37.87524,-11.3191],[38.25661,-11.27714],[38.49225,-11.41346],[38.89626,-11.16769],[39.28662,-11.15415],[39.48269,-10.99922],[39.7605,-10.9431],[40.00813,-10.81112],[40.43686,-10.47479],[40.23211,-10.20045],[39.98658,-10.13974],[39.77947,-9.93011],[39.65073,-9.44476],[39.64381,-9.18906],[39.49334,-9.07952],[39.28004,-8.30926],[39.45436,-8.01043],[39.44353,-7.83261],[39.29623,-7.68841],[39.30397,-7.4485],[39.54754,-7.11826],[39.46453,-6.85768],[39.29371,-6.8152],[39.21274,-6.64178],[38.85222,-6.34873],[38.77801,-6.03069],[38.83253,-5.81561],[39.13868,-5.1032],[39.1906,-4.6775],[37.77096,-3.65543],[37.59029,-3.40408],[37.70005,-3.31437],[37.64486,-3.04596],[36.70353,-2.52041],[35.41565,-1.80128],[34.05253,-1.0404],[33.90421,-1.00257]]]]}},{"type":"Feature","properties":{"ADMIN":"Uganda","ISO_A3":"UGA"},"geometry":{"type":"MultiPolygon","coordinates":[[[[30.47179,-1.06684],[30.48101,-1.05911],[30.51166,-1.07337],[30.82838,-1.00257],[32.35764,-1.00257],[33.90421,-1.00257],[33.89481,-0.66275],[33.95351,-0.15436],[33.89357,0.10981],[34.08798,0.36737],[34.13242,0.57283],[34.38801,0.81582],[34.50748,1.10252],[34.79791,1.23192],[34.77899,1.38855],[34.97867,1.67595],[34.96751,2.10191],[34.8656,2.34751],[34.92358,2.47732],[34.73011,2.85285],[34.57466,2.94613],[34.434,3.18203],[34.27887,3.70972],[34.0611,4.00777],[33.97708,4.21969],[33.53261,3.77429],[33.19542,3.75706],[33.01724,3.87718],[32.75643,3.76902],[32.3718,3.73107],[32.18778,3.61916],[31.94366,3.59125],[31.78098,3.81581],[31.50545,3.65986],[31.14149,3.78512],[30.94445,3.67929],[30.84378,3.50591],[30.86125,3.49821],[30.90931,3.49614],[30.91003,3.39341],[30.74508,3.0363],[30.85484,2.89321],[30.72493,2.44078],[30.87179,2.33206],[31.17756,2.30291],[31.24283,2.05117],[31.02584,1.77824],[30.68172,1.50035],[30.47827,1.23863],[30.23886,1.136],[30.14512,0.90315],[29.92828,0.78502],[29.94048,0.49832],[29.71181,0.09958],[29.556,-0.91948],[29.57792,-1.38839],[29.83609,-1.32948],[29.8979,-1.46962],[30.14718,-1.34508],[30.35275,-1.06076],[30.47179,-1.06684]]]]}},{"type":"Feature","properties":{"ADMIN":"Ukraine","ISO_A3":"UKR"},"geometry":{"type":"MultiPolygon","coordinates":[[[[38.21666,47.10327],[38.20101,47.29063],[38.35294,47.6071],[38.73451,47.67714],[38.87724,47.86124],[39.75905,47.83295],[39.99325,48.27323],[39.80918,48.58375],[39.75874,48.89541],[40.14166,49.24578],[40.04089,49.45548],[39.57043,49.7133],[38.34415,49.99209],[37.99533,49.92135],[37.72765,50.0787],[37.43526,50.42493],[36.68265,50.26065],[36.26903,50.28138],[36.10584,50.42111],[35.69687,50.34515],[35.42526,50.50048],[35.34175,50.91586],[34.96182,51.21532],[34.74809,51.16473],[34.28032,51.36126],[34.12797,51.68075],[34.38574,51.81767],[34.06824,52.03101],[33.80407,52.35461],[33.19651,52.36895],[32.92686,52.24692],[32.52843,52.31621],[32.09559,52.04073],[31.76434,52.10057],[31.47485,52.11778],[30.94052,52.02008],[30.66198,51.81942],[30.53414,51.55326],[30.63832,51.33586],[30.35513,51.30527],[30.14863,51.48443],[29.61802,51.48564],[29.297,51.37371],[29.16042,51.60331],[28.34688,51.52515],[27.47727,51.62367],[27.17785,51.74708],[26.85477,51.74935],[25.76792,51.92851],[25.1833,51.94975],[24.39079,51.88001],[23.98131,51.586],[23.62629,51.54089],[23.61482,51.49722],[23.87475,51.13613],[24.10647,50.53862],[23.74752,50.38938],[23.10146,49.95711],[22.64092,49.52876],[22.74448,49.04553],[22.53964,49.0722],[22.13284,48.4048],[22.84081,47.96679],[22.91584,47.95919],[23.36005,47.99314],[23.97728,47.96229],[24.23101,47.89703],[24.56163,47.94054],[24.8966,47.71006],[25.26174,47.89858],[26.17306,47.99314],[26.30349,48.21205],[26.61789,48.25897],[26.84278,48.39374],[27.17579,48.3618],[27.50383,48.47237],[27.75177,48.45198],[28.19991,48.21174],[28.79925,48.11179],[29.12399,47.97599],[29.23861,47.756],[29.11743,47.53333],[29.55657,47.32404],[29.55869,46.94574],[29.95262,46.72469],[29.72695,46.4558],[29.20068,46.35712],[28.93196,45.99316],[28.474,45.65794],[28.48093,45.50198],[28.2705,45.52151],[28.21727,45.49335],[28.1995,45.46177],[28.21293,45.4502],[28.23764,45.45206],[28.28642,45.42172],[28.71006,45.22696],[29.32212,45.44384],[29.67228,45.27295],[29.96852,45.83893],[30.13844,45.81977],[30.49415,46.08047],[30.99138,46.60126],[31.85841,46.62914],[32.11166,46.51244],[31.96827,46.35106],[32.26246,46.12824],[33.61345,46.14521],[33.70867,45.90974],[32.93678,45.6625],[32.52516,45.45816],[32.89926,45.35423],[33.25961,45.15607],[33.56251,45.09394],[33.61964,44.93146],[33.47739,44.60663],[33.72096,44.39964],[33.95786,44.383],[34.34116,44.5585],[34.469,44.7298],[35.00571,44.83519],[35.54737,45.1197],[35.84799,44.99242],[36.44011,45.06745],[36.41798,45.22993],[36.61354,45.40888],[36.29998,45.47333],[36.02231,45.36811],[35.79176,45.4123],[35.48072,45.2978],[35.04444,45.67007],[34.81129,46.16625],[35.29135,46.29336],[35.90162,46.65274],[36.88624,46.80402],[37.58074,47.0904],[38.21666,47.10327]]]]}},{"type":"Feature","properties":{"ADMIN":"United States Minor Outlying Islands","ISO_A3":"UMI"},"geometry":{"type":"MultiPolygon","coordinates":[]}},{"type":"Feature","properties":{"ADMIN":"Uruguay","ISO_A3":"URY"},"geometry":{"type":"MultiPolygon","coordinates":[[[[-53.41128,-33.74228],[-53.53965,-33.64926],[-53.51154,-33.09922],[-53.12686,-32.75485],[-53.64868,-32.33865],[-53.77183,-32.04709],[-54.13506,-31.90896],[-54.46373,-31.67186],[-54.59152,-31.47105],[-54.81978,-31.43529],[-55.25998,-31.22869],[-55.59187,-30.84835],[-55.86426,-31.07676],[-56.01136,-30.79822],[-56.83128,-30.10204],[-57.10227,-30.12116],[-57.2126,-30.28735],[-57.58684,-30.20405],[-57.64245,-30.19309],[-57.84962,-30.48527],[-57.80724,-30.90757],[-57.98682,-31.55415],[-58.16862,-31.84601],[-58.10691,-32.25183],[-58.16495,-32.38949],[-58.12047,-32.81927],[-58.04849,-32.91172],[-58.17443,-33.11045],[-58.36693,-33.15374],[-58.43464,-33.78493],[-58.38882,-33.94207],[-58.07698,-34.19199],[-57.82251,-34.47511],[-57.12003,-34.46299],[-56.79529,-34.69849],[-56.44843,-34.75827],[-56.31127,-34.90618],[-56.06963,-34.901],[-55.79205,-34.77413],[-55.37694,-34.80145],[-54.93932,-34.9699],[-54.1459,-34.66758],[-53.76488,-34.39039],[-53.53946,-34.06243],[-53.41128,-33.74228]]]]}},{"type":"Feature","properties":{"ADMIN":"United States of America","ISO_A3":"USA"},"geometry":{"type":"MultiPolygon","coordinates":[[[[-155.60652,20.13796],[-155.82408,20.02009],[-156.06016,19.73122],[-155.88553,19.33416],[-155.87813,19.02907],[-155.68293,18.93289],[-155.5028,19.13768],[-154.9823,19.33924],[-154.81721,19.47972],[-155.08537,19.72741],[-155.08714,19.86038],[-155.33231,20.04672],[-155.60652,20.13796]]],[[[-156.5896,21.02774],[-156.40765,20.58721],[-156.00313,20.6859],[-156.0017,20.80044],[-156.5896,21.02774]]],[[[-157.89376,21.59838],[-158.01445,21.7015],[-158.2276,21.48305],[-158.09431,21.29361],[-157.79497,21.25466],[-157.89376,21.59838]]],[[[-159.38818,22.22879],[-159.71653,22.15751],[-159.75979,21.97853],[-159.43732,21.86877],[-159.2928,22.14643],[-159.38818,22.22879]]],[[[-72.2469,41.13544],[-72.60611,40.98994],[-73.48569,40.94563],[-73.9086,40.78868],[-73.70734,40.58279],[-73.23332,40.7145],[-72.40666,40.86207],[-72.109,41.00141],[-72.2469,41.13544]]],[[[-74.71296,44.99925],[-75.27023,44.86377],[-76.45463,44.08424],[-76.84153,43.6255],[-78.68809,43.63181],[-79.17431,43.46453],[-79.05377,43.26036],[-79.01938,42.80269],[-80.2466,42.36548],[-81.27666,42.20867],[-82.42486,41.67681],[-82.71112,41.68025],[-83.06841,41.84773],[-83.12851,42.23996],[-82.51126,42.64667],[-82.41109,43.05128],[-82.15361,43.54959],[-82.53214,45.29352],[-82.58878,45.37181],[-83.59525,45.81643],[-83.46586,45.99311],[-83.61388,46.11564],[-83.9473,46.0606],[-84.15881,46.43334],[-84.58941,46.47512],[-84.77332,46.63343],[-84.87869,46.89791],[-86.63706,47.62412],[-88.34726,48.29866],[-88.64272,48.25659],[-89.34038,47.98415],[-89.98032,48.01009],[-90.17863,48.11644],[-90.78647,48.10045],[-90.92315,48.22711],[-91.42793,48.03645],[-91.69251,48.09787],[-92.04342,48.3346],[-92.3031,48.31093],[-92.6486,48.53626],[-93.25774,48.63031],[-93.75678,48.51655],[-93.87489,48.63621],[-94.59285,48.72643],[-94.82726,49.29286],[-95.16057,49.36949],[-95.17711,48.99267],[-96.27621,48.99267],[-98.03461,48.99267],[-99.35349,48.99267],[-101.33169,48.99267],[-102.87038,48.99262],[-104.84871,48.99262],[-107.26663,48.99262],[-109.24485,48.99262],[-111.66271,48.99262],[-113.64104,48.99251],[-116.27876,48.99251],[-117.81743,48.99251],[-119.35604,48.99251],[-121.11451,48.99251],[-122.75301,48.99251],[-122.4403,48.58072],[-122.32042,47.94208],[-122.41348,47.64167],[-122.3236,47.37254],[-122.58593,47.33637],[-122.46837,47.75654],[-122.79198,48.08291],[-124.05018,48.17726],[-124.57489,48.37041],[-124.73461,48.1704],[-124.63813,47.90786],[-124.42276,47.74189],[-124.17189,47.04195],[-124.01288,46.98373],[-123.89806,46.44164],[-123.98114,45.76029],[-123.92073,45.66266],[-123.9711,45.15371],[-124.15103,43.88174],[-124.27703,43.42145],[-124.3765,43.34023],[-124.54772,42.84545],[-124.41454,42.66242],[-124.43281,42.32931],[-124.06216,41.43588],[-124.11041,41.01525],[-124.21384,40.7014],[-124.4092,40.44382],[-124.36351,40.26148],[-123.85402,39.83351],[-123.76977,39.54465],[-123.82492,39.3473],[-123.64831,38.84953],[-122.97454,38.26619],[-122.92111,38.03487],[-122.52843,37.81637],[-122.48742,38.10483],[-122.14631,37.57897],[-122.52047,37.53142],[-122.40446,37.19453],[-122.15364,36.97708],[-121.93724,36.97831],[-121.78981,36.8062],[-121.94631,36.49189],[-121.89563,36.31393],[-121.48998,35.98225],[-121.26915,35.66421],[-120.8711,35.40531],[-120.89765,35.24977],[-120.64489,35.13939],[-120.64783,34.58568],[-120.47268,34.45027],[-120.13341,34.47272],[-119.61716,34.42053],[-118.93681,34.0432],[-118.54406,34.03889],[-118.39139,33.83594],[-118.09054,33.73098],[-117.50884,33.33521],[-117.32216,33.1085],[-117.25748,32.70173],[-117.12512,32.53167],[-115.79406,32.63196],[-114.72428,32.71284],[-114.82211,32.50024],[-113.9617,32.23413],[-112.32472,31.72799],[-111.06712,31.33364],[-109.96628,31.32724],[-108.21481,31.32744],[-108.21512,31.77775],[-106.51719,31.77382],[-106.35849,31.71755],[-106.16432,31.4478],[-106.00474,31.39695],[-105.36377,30.85037],[-105.0085,30.67699],[-104.68156,30.19294],[-104.68048,29.94231],[-104.53082,29.66791],[-104.05731,29.33904],[-103.79418,29.27759],[-103.30155,29.00237],[-103.14799,28.98511],[-102.88307,29.34377],[-102.68347,29.74372],[-102.4061,29.77728],[-102.30217,29.88939],[-101.40931,29.76578],[-101.16356,29.5013],[-100.66897,29.11621],[-100.62432,28.92472],[-100.3971,28.59273],[-100.28434,28.29652],[-100.07489,28.15441],[-99.70037,27.65919],[-99.5072,27.57377],[-99.46173,27.05695],[-99.24828,26.8271],[-99.0855,26.40764],[-98.79585,26.36831],[-98.64056,26.24181],[-98.36934,26.19401],[-98.22266,26.07541],[-97.67961,26.03464],[-97.42542,25.85486],[-97.13927,25.96583],[-97.31054,26.12328],[-97.5502,27.00918],[-97.18407,27.83662],[-97.02497,28.04145],[-96.65372,28.31948],[-96.2049,28.58666],[-95.60192,28.76386],[-95.15892,29.04572],[-95.15917,29.15241],[-94.88882,29.37596],[-95.02392,29.54218],[-94.87608,29.66584],[-94.65429,29.45189],[-94.06013,29.68183],[-93.19959,29.77281],[-92.68306,29.60413],[-92.27649,29.53384],[-91.98445,29.83198],[-91.68468,29.75312],[-91.53433,29.534],[-91.21984,29.40445],[-91.22859,29.23859],[-90.70592,29.11953],[-90.562,29.30073],[-90.08023,29.17471],[-89.9077,29.47704],[-89.18814,29.03046],[-89.02318,29.14741],[-89.20198,29.35293],[-89.34227,29.3461],[-89.66837,29.5218],[-89.45678,29.82925],[-89.83894,29.99535],[-90.3391,30.06607],[-90.40502,30.22016],[-90.2224,30.3876],[-89.7084,30.17528],[-89.44253,30.18976],[-89.33023,30.30288],[-88.92764,30.44221],[-88.47057,30.32388],[-88.12011,30.33832],[-88.05256,30.65436],[-87.78649,30.23676],[-87.32885,30.31973],[-87.15681,30.47451],[-86.36482,30.38076],[-85.67089,30.12295],[-85.35652,29.88874],[-85.30785,29.69343],[-84.88663,29.73005],[-84.26964,30.09268],[-84.02404,30.10659],[-83.68057,29.92129],[-83.40477,29.53168],[-83.02392,29.17475],[-82.84923,29.1822],[-82.6444,28.90038],[-82.66421,28.44794],[-82.78734,28.19375],[-82.8424,27.82852],[-82.63777,27.70112],[-82.66076,27.52033],[-82.31383,26.84935],[-81.85595,26.44888],[-81.80089,26.09862],[-81.32169,25.7827],[-81.08654,25.12141],[-80.42691,25.22175],[-80.31432,25.37116],[-80.30687,25.61823],[-80.12926,25.88788],[-80.03824,26.81118],[-80.07555,26.97321],[-80.38097,27.66608],[-80.73827,28.37348],[-80.60945,28.61017],[-80.92211,29.0683],[-81.25585,29.78946],[-81.49926,30.70433],[-81.49926,30.96821],[-81.26989,31.27485],[-81.3639,31.41583],[-81.19628,31.7176],[-80.83568,32.00292],[-80.88756,32.0694],[-80.44107,32.36612],[-80.40933,32.48111],[-80.00512,32.61156],[-79.20295,33.19294],[-79.13313,33.41743],[-78.93798,33.64208],[-78.55899,33.86905],[-77.91112,33.95816],[-77.83267,34.20702],[-77.53588,34.46857],[-77.20153,34.6507],[-76.89611,34.7392],[-76.65819,34.72187],[-76.33568,34.89948],[-76.54825,34.99934],[-76.44249,35.404],[-76.15038,35.34715],[-75.72183,35.82917],[-75.85285,35.97997],[-76.19542,35.99364],[-76.02042,36.19147],[-75.85969,36.16157],[-75.98893,36.91196],[-76.2689,36.96142],[-76.3785,37.27233],[-76.24791,37.90347],[-76.51198,38.52773],[-76.55167,38.77558],[-76.39855,39.01439],[-76.42447,39.32368],[-76.17496,39.31623],[-76.14538,38.66503],[-76.31896,38.47394],[-76.2211,38.3439],[-75.81444,38.1352],[-75.70812,37.83316],[-75.92174,37.61054],[-75.88731,37.35697],[-75.15429,38.24091],[-75.05773,38.55272],[-75.39379,39.05555],[-75.35936,39.33788],[-74.74572,39.05451],[-74.35879,39.5502],[-74.16755,39.69937],[-73.97239,40.32765],[-74.28269,40.49732],[-73.63458,41.00706],[-72.77945,41.27017],[-72.28795,41.28295],[-71.49771,41.36628],[-71.35562,41.74628],[-71.1859,41.46874],[-70.53311,41.81623],[-70.7838,42.25967],[-71.03844,42.30793],[-70.8614,42.54694],[-70.81534,42.87027],[-70.23913,43.70006],[-69.98583,43.86278],[-69.26342,43.92992],[-69.11876,44.04088],[-68.9866,44.42117],[-68.75621,44.33446],[-68.26981,44.48607],[-67.89961,44.42211],[-67.2244,44.64423],[-66.97732,44.81554],[-67.17601,45.17866],[-67.47502,45.28235],[-67.44996,45.61081],[-67.80012,45.69985],[-67.77284,45.82806],[-67.80518,47.03563],[-68.19705,47.3414],[-68.90623,47.19022],[-69.06966,47.43189],[-69.26763,47.43984],[-70.00776,46.70408],[-70.07432,46.41954],[-70.31136,46.07187],[-70.40735,45.73152],[-70.83384,45.3931],[-71.14173,45.25233],[-71.39489,45.24153],[-71.50408,45.01374],[-73.39916,45.00439],[-74.71296,44.99925]]],[[[-176.55989,51.96044],[-176.78181,51.93647],[-176.88215,51.72036],[-176.58812,51.68586],[-176.55989,51.96044]]],[[[172.90406,53.00117],[172.94435,52.74982],[173.30128,52.9256],[172.90406,53.00117]]],[[[-168.00829,53.5703],[-168.19982,53.54023],[-168.75951,53.18671],[-168.48994,53.04206],[-168.28759,53.24299],[-167.85005,53.3854],[-168.00829,53.5703]]],[[[-166.74645,53.975],[-167.1634,53.85737],[-166.94652,53.71577],[-167.15864,53.47712],[-167.4746,53.43403],[-167.66511,53.24193],[-166.27351,53.687],[-166.4558,53.89614],[-166.74645,53.975]]],[[[-163.75654,55.06037],[-164.54735,54.88276],[-164.84529,54.42349],[-164.40559,54.43598],[-164.13268,54.62324],[-163.62255,54.6118],[-163.3695,54.76455],[-163.57164,55.05703],[-163.75654,55.06037]]],[[[-131.20889,55.94489],[-131.57885,55.90717],[-131.81029,55.47663],[-131.66153,55.34321],[-131.19201,55.18574],[-130.96715,55.42377],[-130.96874,55.70112],[-131.20889,55.94489]]],[[[-133.58678,56.35285],[-133.28551,56.16739],[-133.23672,55.90034],[-133.38524,55.7093],[-133.0631,55.62348],[-133.21296,55.2792],[-132.60855,55.11921],[-132.57942,54.95441],[-131.9488,54.78998],[-131.99429,55.26813],[-132.40128,55.51679],[-132.34667,55.64313],[-132.73644,55.99657],[-133.06281,56.05231],[-133.18212,56.33234],[-133.58678,56.35285]]],[[[-132.88223,56.80117],[-132.93749,56.51756],[-132.53344,56.60033],[-132.88223,56.80117]]],[[[-133.98668,56.86563],[-134.40856,56.84292],[-134.35757,56.67658],[-133.8452,56.43439],[-133.80118,56.777],[-133.98668,56.86563]]],[[[-133.76464,57.07681],[-133.65941,56.46418],[-133.14794,56.4621],[-132.93395,56.64159],[-132.98038,56.93504],[-133.76464,57.07681]]],[[[-135.40978,57.44896],[-135.67321,57.34968],[-135.31029,57.04735],[-135.36754,56.82892],[-135.05285,56.53783],[-134.64879,56.33918],[-134.61612,56.72846],[-134.90949,57.33979],[-135.40978,57.44896]]],[[[-153.01277,57.9291],[-153.19188,57.80524],[-153.92463,57.81049],[-154.61474,57.52656],[-154.81001,57.34658],[-154.53502,57.17463],[-154.52855,56.99164],[-153.96251,56.74824],[-153.25329,57.23672],[-152.69221,57.28327],[-152.46776,57.65717],[-152.48632,57.91071],[-153.01277,57.9291]]],[[[-135.715,58.22972],[-136.40526,58.13394],[-136.39485,57.88569],[-135.94909,57.46186],[-134.81387,57.49746],[-134.92479,58.02749],[-135.715,58.22972]]],[[[-134.91706,58.37352],[-134.65355,57.59821],[-134.46386,57.39435],[-134.62149,57.22993],[-134.50182,57.02896],[-133.86498,57.35513],[-133.93786,57.61856],[-134.31225,57.97944],[-134.16934,58.07779],[-134.18639,58.1684],[-134.69319,58.1684],[-134.91706,58.37352]]],[[[-152.6068,58.46845],[-152.79328,58.28681],[-153.2296,58.16889],[-152.80492,57.99152],[-151.97224,58.23725],[-152.09508,58.36762],[-152.6068,58.46845]]],[[[-147.11417,60.35668],[-147.70311,59.9975],[-147.49031,59.9392],[-146.92227,60.31346],[-147.11417,60.35668]]],[[[-166.10273,60.39199],[-166.45922,60.38715],[-167.18981,60.02778],[-166.24401,59.80785],[-165.55492,59.93464],[-165.68444,60.29979],[-166.10273,60.39199]]],[[[-171.6726,63.79633],[-171.85289,63.52119],[-171.43932,63.31977],[-170.85615,63.46035],[-170.44433,63.3592],[-169.71618,63.02485],[-169.28734,63.1933],[-168.81184,63.17011],[-168.7152,63.31196],[-169.54951,63.36294],[-170.29735,63.69554],[-170.93696,63.57168],[-171.50434,63.65327],[-171.6726,63.79633]]],[[[-141.00555,69.65094],[-142.2709,69.85602],[-142.60082,70.01313],[-143.23567,70.11823],[-144.94156,69.97797],[-145.8802,70.17495],[-147.12369,70.16755],[-148.38142,70.31249],[-149.34447,70.51008],[-151.97969,70.44872],[-152.45617,70.55585],[-152.54585,70.88752],[-153.30244,70.92866],[-154.53881,70.82616],[-154.59712,71.00047],[-155.10932,71.15038],[-155.59374,71.06973],[-156.81721,71.30634],[-157.23119,71.07136],[-158.04304,70.83686],[-159.3568,70.7602],[-160.86067,70.34732],[-161.34215,70.25878],[-162.01496,70.27733],[-162.94978,69.79047],[-163.15575,69.35936],[-163.62255,69.11921],[-164.34642,68.92939],[-165.66474,68.86156],[-166.23677,68.87482],[-166.23998,68.56428],[-166.54817,68.35883],[-165.92809,68.13695],[-165.4372,68.06025],[-164.15148,67.61961],[-163.6883,67.10322],[-162.4355,66.99103],[-161.83515,67.055],[-161.86828,66.70628],[-161.31371,66.53531],[-160.88097,66.67243],[-160.21919,66.53205],[-160.78478,66.3745],[-161.06098,66.48615],[-161.60717,66.45392],[-162.08076,66.66621],[-162.32714,66.96039],[-162.63874,66.8996],[-161.57124,66.258],[-161.91564,66.04243],[-163.68049,66.0786],[-163.89049,66.16763],[-163.9864,66.61225],[-164.71809,66.55634],[-165.88996,66.24103],[-167.34594,65.89859],[-168.081,65.5915],[-167.39855,65.40108],[-166.31013,65.31219],[-166.74951,65.06201],[-166.39021,64.8985],[-166.48347,64.72964],[-166.18969,64.58519],[-165.03551,64.44831],[-164.34187,64.59003],[-162.60717,64.50678],[-162.08088,64.7211],[-161.42219,64.77436],[-161.18257,64.93952],[-160.80317,64.64338],[-161.03502,64.50776],[-160.79157,63.74653],[-161.18627,63.50556],[-162.08698,63.45234],[-163.09398,63.05736],[-163.35053,63.03083],[-163.76732,63.22476],[-164.14538,63.26215],[-164.57909,63.14057],[-164.88317,62.84154],[-164.81322,62.62018],[-165.13305,62.51569],[-165.70556,62.1166],[-165.60908,61.8513],[-166.19994,61.59455],[-165.62373,61.28046],[-165.62169,61.1435],[-165.05871,61.06289],[-165.12898,60.92349],[-164.56444,60.85468],[-163.76594,60.88947],[-163.42431,60.76472],[-163.79438,60.58417],[-163.95564,60.77985],[-164.66914,60.82575],[-165.31428,60.58088],[-164.98896,60.34138],[-164.20055,60.03433],[-164.09834,59.83369],[-163.61494,59.80085],[-163.08764,59.85912],[-162.52583,59.9975],[-162.37495,60.17634],[-161.71394,59.50137],[-161.9466,59.38776],[-161.97411,59.13142],[-161.71738,58.75484],[-161.35747,58.72625],[-160.35217,59.07066],[-159.91148,58.7758],[-159.72518,58.91044],[-159.38495,58.75582],[-159.05126,58.42471],[-158.77001,58.51846],[-158.79389,58.81635],[-158.40831,58.77009],[-158.15368,58.614],[-157.08446,58.88666],[-157.06188,58.72622],[-157.50267,58.46369],[-157.70967,57.56867],[-158.31245,57.31489],[-158.94502,56.84292],[-159.74572,56.57933],[-160.36872,56.27684],[-160.52074,55.93521],[-160.82038,55.73916],[-161.12422,55.96125],[-161.82628,55.87987],[-162.227,55.6979],[-163.04113,55.09935],[-162.87763,54.93895],[-162.41649,55.09789],[-161.95661,55.12572],[-161.6208,55.61298],[-161.38874,55.57217],[-161.27916,55.35489],[-160.47753,55.49461],[-159.83039,55.85273],[-159.62523,55.81269],[-158.85945,56.01293],[-158.48363,56.03238],[-158.31831,56.17471],[-158.35505,56.47114],[-157.91344,56.65388],[-157.1894,56.77627],[-156.34602,57.1778],[-156.33886,57.41543],[-155.3944,57.72573],[-155.02314,58.02558],[-154.58312,58.02497],[-154.16572,58.21678],[-153.8994,58.61669],[-153.43883,58.73359],[-153.33161,58.93378],[-153.71154,59.07075],[-154.19835,59.07697],[-154.07636,59.38117],[-153.72472,59.46605],[-153.57323,59.64216],[-153.05529,59.71015],[-152.7379,59.90839],[-152.34008,60.47614],[-151.84069,60.75113],[-151.74694,60.91682],[-151.15477,61.06444],[-150.63362,61.29865],[-149.61799,60.99461],[-150.04377,60.91682],[-150.4525,61.03425],[-151.07148,60.78535],[-151.41731,60.71817],[-151.28279,60.53705],[-151.46544,60.18769],[-151.88288,59.78653],[-151.2733,59.55996],[-151.89403,59.41283],[-151.74153,59.16714],[-150.32624,59.47598],[-149.7386,59.89086],[-149.34114,60.02241],[-148.40197,59.99136],[-147.94188,60.44306],[-148.30647,60.8957],[-147.36461,60.89126],[-146.81554,61.03181],[-146.51146,60.81859],[-145.69176,60.65668],[-145.93875,60.45607],[-144.91454,60.38117],[-143.91861,59.99702],[-142.79849,60.11237],[-141.73266,59.96312],[-141.27416,59.84919],[-140.32274,59.70124],[-139.62108,59.89029],[-139.47338,59.7176],[-139.857,59.54629],[-139.20588,59.31977],[-138.18489,59.02558],[-137.51854,58.56476],[-136.59838,58.22305],[-136.02672,58.38813],[-136.26911,58.76415],[-136.06029,58.82591],[-135.84114,58.52839],[-135.05285,58.30927],[-135.22619,58.61229],[-135.14363,58.83389],[-134.76732,58.40034],[-134.49795,58.35395],[-134.24161,58.2143],[-134.0677,58.27888],[-134.05972,58.07217],[-133.86115,57.95673],[-133.57287,57.71605],[-133.39147,57.33515],[-133.55199,57.18146],[-133.09301,57.08649],[-132.47948,56.74282],[-132.47688,56.60448],[-131.9713,56.35643],[-131.94351,56.0069],[-132.26155,55.73965],[-131.96142,55.50104],[-131.73591,55.8867],[-131.41438,56.0102],[-131.16519,55.94058],[-130.88988,55.71528],[-130.87316,55.34203],[-131.05761,55.19868],[-130.93423,54.82445],[-130.36539,54.90729],[-129.98925,55.284],[-130.17365,55.7495],[-130.01962,55.90795],[-130.07154,56.08412],[-131.10055,56.40767],[-132.10738,56.85875],[-132.03186,57.02841],[-132.55245,57.49908],[-133.46309,58.46222],[-133.87123,58.7359],[-134.22219,58.84271],[-134.39802,59.05195],[-135.09575,59.41885],[-135.0162,59.54345],[-135.48276,59.79248],[-136.2585,59.62158],[-136.46655,59.2878],[-137.42311,58.90772],[-137.61136,59.23933],[-138.59921,59.75382],[-138.6921,59.88689],[-139.18215,60.07339],[-139.10161,60.3466],[-139.62835,60.3341],[-140.01579,60.18739],[-141.00116,60.32107],[-141.00183,61.63309],[-141.0026,63.38249],[-141.00315,64.54867],[-141.00364,65.56918],[-141.00423,66.88114],[-141.0047,67.75581],[-141.00555,69.65094]]]]}},{"type":"Feature","properties":{"ADMIN":"US Naval Base Guantanamo Bay","ISO_A3":"-99"},"geometry":{"type":"MultiPolygon","coordinates":[]}},{"type":"Feature","properties":{"ADMIN":"Uzbekistan","ISO_A3":"UZB"},"geometry":{"type":"MultiPolygon","coordinates":[[[[70.97715,40.14458],[71.1747,39.99399],[71.10597,40.06495],[71.0312,40.1469],[70.97715,40.14458]]],[[[70.94779,42.24815],[70.61024,42.02741],[70.31507,42.03459],[69.87086,41.69957],[69.62457,41.66831],[69.04445,41.37918],[69.03918,41.22028],[68.74627,41.0638],[68.5497,40.83503],[68.46174,40.58466],[68.0675,40.788],[68.13132,41.02964],[67.93743,41.20038],[66.81528,41.14188],[66.68821,41.19919],[66.50414,41.99348],[66.01724,41.99762],[66.10127,42.99032],[65.79524,42.8772],[65.51691,43.29723],[65.27145,43.41702],[64.95653,43.69736],[64.42674,43.54703],[63.20801,43.62747],[62.02612,43.48063],[61.16167,44.16811],[61.0363,44.38282],[59.67577,45.02914],[58.53144,45.55872],[55.97584,44.99441],[55.97677,43.61638],[55.97739,42.69853],[55.97842,41.32172],[57.01019,41.25412],[56.95015,41.86605],[57.38226,42.16363],[57.85045,42.19143],[57.99773,42.49343],[58.28267,42.68892],[58.61227,42.78085],[58.89442,42.54784],[59.122,42.538],[59.2452,42.36535],[59.47816,42.28564],[59.86635,42.30421],[60.0282,42.19952],[59.98366,41.94904],[60.15564,41.60333],[60.09424,41.38952],[60.41453,41.23526],[60.8603,41.25299],[61.28135,41.15728],[61.47008,41.29717],[61.87791,41.12498],[62.04477,40.71498],[62.35328,40.4304],[62.45281,40.00924],[62.59316,39.89023],[63.47755,39.40292],[63.70927,39.19089],[64.12061,38.96168],[64.33734,38.97096],[64.6349,38.74415],[64.97772,38.61227],[65.60414,38.23741],[65.87668,38.27296],[66.55416,38.02685],[66.51959,37.36418],[66.53902,37.36909],[66.58858,37.36847],[67.00591,37.38439],[67.23675,37.19241],[67.48237,37.27736],[67.78054,37.18887],[67.82922,37.52794],[68.24873,37.94895],[68.36066,38.17405],[68.05515,38.53631],[68.17256,38.84528],[68.08564,38.99377],[67.69052,38.98961],[67.61983,39.15125],[67.37819,39.19949],[67.43648,39.4857],[67.76452,39.6226],[68.33756,39.52792],[68.51745,39.54844],[68.61584,39.82811],[68.87743,39.90056],[68.60199,40.17543],[69.28526,40.21863],[69.19803,40.54585],[69.43584,40.80268],[69.66012,40.63871],[70.28039,40.87771],[70.4457,41.02592],[70.75618,40.69514],[70.35382,40.45614],[70.58182,40.22173],[70.95896,40.23837],[71.36513,40.29413],[71.67307,40.14789],[72.0993,40.42637],[72.3705,40.38565],[73.00343,40.87017],[72.61947,40.88009],[72.16989,41.16865],[71.87161,41.19449],[71.58553,41.32353],[71.27615,41.11315],[70.75628,41.26963],[70.16929,41.57834],[70.82511,41.93633],[71.21785,42.20637],[70.94779,42.24815]]]]}},{"type":"Feature","properties":{"ADMIN":"Vatican","ISO_A3":"VAT"},"geometry":{"type":"MultiPolygon","coordinates":[]}},{"type":"Feature","properties":{"ADMIN":"Saint Vincent and the Grenadines","ISO_A3":"VCT"},"geometry":{"type":"MultiPolygon","coordinates":[]}},{"type":"Feature","properties":{"ADMIN":"Venezuela","ISO_A3":"VEN"},"geometry":{"type":"MultiPolygon","coordinates":[[[[-60.72808,8.87852],[-61.12644,8.75648],[-61.09387,8.63374],[-60.84658,8.63772],[-60.72808,8.87852]]],[[[-60.02099,8.55801],[-60.3719,8.6354],[-60.46158,8.53437],[-60.69245,8.60468],[-60.98477,8.57054],[-61.28405,8.3972],[-60.984,9.16739],[-60.7838,9.33861],[-61.43917,9.81841],[-61.87676,9.82368],[-62.19648,10.01968],[-62.40892,9.92402],[-62.51757,10.18415],[-62.83113,10.40681],[-62.66234,10.56704],[-62.33495,10.53022],[-62.1542,10.68635],[-62.71963,10.76],[-63.17129,10.73159],[-63.53156,10.63105],[-63.75695,10.66559],[-63.82038,10.44758],[-64.14346,10.48013],[-64.74812,10.10688],[-65.16955,10.09732],[-65.58043,10.18545],[-65.86848,10.30956],[-66.11828,10.49795],[-66.12458,10.60196],[-66.54157,10.63272],[-67.01236,10.61123],[-67.17003,10.55598],[-67.94123,10.46646],[-68.24234,10.57844],[-68.26268,10.90314],[-68.41759,11.17914],[-68.86319,11.45287],[-69.27042,11.53604],[-69.62361,11.46776],[-69.80858,11.80362],[-69.83532,12.0152],[-70.01773,12.19892],[-70.2058,12.11201],[-70.29678,11.87189],[-70.18651,11.60269],[-69.84952,11.69367],[-69.81408,11.4256],[-70.05053,11.52113],[-70.18,11.37637],[-70.51391,11.25316],[-70.8697,11.19628],[-71.29393,10.98664],[-71.45832,10.97492],[-71.52648,10.54475],[-71.36388,10.21996],[-71.04186,9.76089],[-71.05614,9.36359],[-71.27355,9.13508],[-71.5148,9.04898],[-71.75886,9.12006],[-71.73038,9.35541],[-71.96752,9.49824],[-72.12438,9.82608],[-71.98249,10.08828],[-71.62955,10.45401],[-71.57628,10.7211],[-71.69359,10.83714],[-71.76976,11.10635],[-71.93932,11.38076],[-71.96052,11.59125],[-71.37816,11.75845],[-71.32751,11.85],[-71.97108,11.66192],[-72.25659,11.16779],[-72.48149,11.13253],[-72.90756,10.45246],[-72.97763,9.83806],[-73.37782,9.16469],[-73.00972,9.29538],[-72.9364,9.09919],[-72.78307,9.05994],[-72.67543,8.65151],[-72.38677,8.33861],[-72.33576,8.1039],[-72.48779,7.94918],[-72.45131,7.44022],[-72.20621,7.38188],[-72.081,7.0666],[-71.83264,6.98645],[-71.6543,7.05337],[-71.18405,6.96257],[-70.7033,7.09993],[-70.31906,6.93829],[-70.09662,6.94444],[-69.44364,6.12224],[-69.2461,6.08066],[-69.06113,6.21784],[-68.63531,6.13588],[-67.57398,6.26623],[-67.42857,6.03847],[-67.60122,5.82058],[-67.647,5.48336],[-67.84368,5.29725],[-67.79309,5.06334],[-67.85371,4.57582],[-67.80493,4.26847],[-67.63176,3.76186],[-67.47141,3.68006],[-67.30465,3.42571],[-67.83862,2.88613],[-67.62659,2.81342],[-67.32542,2.47463],[-67.06683,1.89412],[-66.87506,1.22251],[-66.3462,0.75939],[-66.15634,0.73303],[-65.74544,0.97415],[-65.58294,0.97767],[-65.45122,0.69014],[-65.13677,1.12691],[-64.73088,1.24757],[-64.40901,1.50751],[-64.30152,1.44666],[-64.08086,1.64739],[-63.99503,1.95802],[-63.76264,1.98567],[-63.41176,2.14938],[-63.38483,2.42058],[-64.04797,2.47132],[-63.99787,2.70599],[-64.22292,3.124],[-64.20298,3.59472],[-64.6629,3.99704],[-64.58967,4.11887],[-64.36498,4.15187],[-64.1251,4.08849],[-64.06381,3.9116],[-63.4254,3.96836],[-63.28598,3.92082],[-62.99705,3.59914],[-62.74958,3.66037],[-62.76622,4.02071],[-62.56096,4.03779],[-62.38417,4.17347],[-62.19266,4.09474],[-61.5421,4.26302],[-61.29726,4.52373],[-61.01196,4.5183],[-60.90344,4.69959],[-60.61263,4.90058],[-60.73985,5.20214],[-61.37961,5.9053],[-61.12156,6.18665],[-61.20479,6.59583],[-60.42096,6.94221],[-60.29234,7.10525],[-60.64306,7.2209],[-60.73058,7.52543],[-60.50328,7.82087],[-60.37476,7.82361],[-60.01946,8.06031],[-59.81559,8.28776],[-60.02099,8.55801]]]]}},{"type":"Feature","properties":{"ADMIN":"British Virgin Islands","ISO_A3":"VGB"},"geometry":{"type":"MultiPolygon","coordinates":[]}},{"type":"Feature","properties":{"ADMIN":"United States Virgin Islands","ISO_A3":"VIR"},"geometry":{"type":"MultiPolygon","coordinates":[]}},{"type":"Feature","properties":{"ADMIN":"Vietnam","ISO_A3":"VNM"},"geometry":{"type":"MultiPolygon","coordinates":[[[[107.99122,21.48566],[107.74482,21.65754],[107.34816,21.59935],[107.02115,21.89226],[106.72235,22.00698],[106.52691,22.42778],[106.73553,22.69541],[106.66747,22.86752],[106.31566,22.8538],[105.99925,22.97537],[105.85388,22.90465],[105.33226,23.31796],[104.79792,23.08557],[104.72821,22.8391],[104.55355,22.83605],[104.34017,22.68637],[104.21326,22.82502],[103.86682,22.57542],[103.64693,22.79905],[103.47315,22.59165],[103.30964,22.78794],[102.98909,22.4376],[102.84517,22.58524],[102.44272,22.76517],[102.21803,22.41067],[102.11866,22.39755],[102.22625,22.22841],[102.59103,21.90135],[102.65066,21.6578],[102.9478,21.73712],[102.88786,21.22692],[103.11529,20.86839],[103.42659,20.82069],[103.66538,20.65828],[103.77556,20.83491],[104.05668,20.95883],[104.29527,20.87981],[104.60073,20.66055],[104.54264,20.5357],[104.90799,20.17533],[104.95321,20.00927],[104.805,19.79089],[104.50585,19.60281],[104.22897,19.70601],[104.08996,19.48367],[103.85674,19.31719],[104.14773,19.18289],[104.72196,18.79201],[105.11268,18.69834],[105.15666,18.31984],[105.47602,18.12732],[105.73528,17.66404],[106.18544,17.2574],[106.42025,16.98868],[106.65517,16.47083],[107.11685,16.25462],[107.39063,15.93582],[107.16026,15.75873],[107.36934,15.49606],[107.65759,15.28243],[107.52225,14.71869],[107.52039,14.70458],[107.31994,14.11984],[107.59693,13.53507],[107.60695,13.36975],[107.4604,13.02161],[107.56509,12.60642],[107.51429,12.34385],[107.15251,12.27703],[106.97769,12.09725],[106.70158,11.97079],[106.394,11.96981],[106.28734,11.67459],[106.01542,11.7705],[105.85321,11.54687],[105.84344,11.30409],[106.06307,11.09333],[106.15505,10.78485],[105.86101,10.83931],[105.7529,11.01561],[105.06623,10.74643],[104.85441,10.53132],[104.55401,10.51833],[104.45135,10.41966],[104.58888,10.26089],[104.80486,10.2071],[105.08766,9.99673],[104.89279,9.8511],[104.83562,9.55622],[104.77459,8.81787],[104.85621,8.56558],[105.10147,8.63428],[105.33398,8.8397],[105.53875,9.12934],[106.19337,9.36933],[106.19703,9.54116],[106.57553,9.64863],[106.7881,10.39313],[106.73341,10.52245],[107.32602,10.44245],[107.88233,10.71699],[108.10646,10.91816],[108.34498,10.9538],[108.5774,11.17914],[109.01808,11.3559],[109.02784,11.51748],[109.24293,11.73566],[109.19874,11.94815],[109.20493,12.64643],[109.46502,12.91332],[109.30738,13.13304],[109.23219,13.39313],[109.30397,13.75926],[109.08082,14.72948],[108.94264,14.97956],[108.88282,15.33617],[108.70395,15.44514],[108.30592,15.95523],[108.15122,16.21699],[107.7588,16.46308],[107.21648,16.90795],[107.11183,17.08828],[106.76393,17.33552],[106.47006,17.7482],[106.52475,17.94961],[106.40349,18.10619],[106.09816,18.29003],[105.82594,18.5939],[105.64829,18.89273],[105.73707,19.10847],[105.81056,19.5996],[105.95558,19.92548],[106.56961,20.23199],[106.56772,20.52489],[106.70411,20.69115],[106.75514,20.93854],[107.1609,20.93244],[107.33383,21.00585],[107.39161,21.28042],[107.59921,21.29877],[107.88193,21.53408],[107.99122,21.48566]]]]}},{"type":"Feature","properties":{"ADMIN":"Vanuatu","ISO_A3":"VUT"},"geometry":{"type":"MultiPolygon","coordinates":[[[[168.33172,-17.54925],[168.17897,-17.65618],[168.39601,-17.8235],[168.58546,-17.70127],[168.33172,-17.54925]]],[[[168.32228,-16.31829],[168.17164,-16.08025],[167.92091,-16.25888],[168.13998,-16.36191],[168.32228,-16.31829]]],[[[167.42449,-16.11159],[167.33611,-15.90895],[167.14747,-16.08294],[167.37713,-16.20062],[167.45875,-16.56797],[167.79957,-16.48699],[167.78614,-16.35858],[167.42449,-16.11159]]],[[[166.81316,-15.16041],[166.73732,-14.82952],[166.52263,-14.83213],[166.65008,-15.26474],[166.61606,-15.38502],[166.79314,-15.65635],[167.23341,-15.52361],[167.05681,-15.00205],[166.81316,-15.16041]]]]}},{"type":"Feature","properties":{"ADMIN":"Wallis and Futuna","ISO_A3":"WLF"},"geometry":{"type":"MultiPolygon","coordinates":[]}},{"type":"Feature","properties":{"ADMIN":"Akrotiri Sovereign Base Area","ISO_A3":"-99"},"geometry":{"type":"MultiPolygon","coordinates":[]}},{"type":"Feature","properties":{"ADMIN":"Samoa","ISO_A3":"WSM"},"geometry":{"type":"MultiPolygon","coordinates":[[[[-171.57002,-13.93816],[-171.8802,-13.80535],[-171.94099,-13.99041],[-171.74299,-14.05185],[-171.57002,-13.93816]]],[[[-172.28051,-13.49358],[-172.53063,-13.48398],[-172.74975,-13.5783],[-172.52318,-13.80535],[-172.18061,-13.70241],[-172.28051,-13.49358]]]]}},{"type":"Feature","properties":{"ADMIN":"Yemen","ISO_A3":"YEM"},"geometry":{"type":"MultiPolygon","coordinates":[[[[53.57376,12.70377],[53.33424,12.51553],[53.57215,12.33461],[54.1405,12.35134],[54.47066,12.54357],[54.1194,12.70112],[53.76289,12.6197],[53.57376,12.70377]]],[[[53.09035,16.64241],[52.80156,17.26742],[52.73015,17.29988],[51.97861,18.99564],[51.01981,18.86658],[49.12881,18.6121],[48.16195,18.14892],[47.58901,17.46328],[47.42757,17.09183],[47.1909,16.95891],[46.97034,16.95685],[46.7101,17.27538],[46.32263,17.22407],[45.43038,17.31202],[45.16539,17.42839],[44.40414,17.41873],[44.10447,17.35197],[43.75064,17.34566],[43.39103,17.51196],[43.16504,17.32592],[43.10872,16.92698],[43.20861,16.7734],[43.03627,16.5363],[42.78949,16.37094],[42.82,15.87495],[42.69923,15.71743],[42.80307,15.24518],[42.93727,14.94847],[43.09552,14.08396],[43.28094,13.72211],[43.24887,13.21271],[43.47316,12.84663],[43.90943,12.64533],[44.19117,12.61913],[44.54282,12.79731],[44.86834,12.73212],[45.19353,13.01268],[45.40301,13.07014],[45.66578,13.34199],[46.23455,13.43635],[46.70069,13.43032],[46.91188,13.53327],[47.3982,13.65485],[47.66725,13.88719],[48.01686,14.05728],[48.18873,13.96914],[48.68149,14.04361],[49.00367,14.32477],[49.07797,14.50609],[49.57814,14.73729],[49.94215,14.83877],[50.17954,14.84333],[50.55405,15.04857],[51.36785,15.22972],[52.04713,15.57001],[52.22836,15.61612],[52.15553,15.98387],[52.29274,16.26382],[52.59767,16.47671],[53.09035,16.64241]]]]}},{"type":"Feature","properties":{"ADMIN":"South Africa","ISO_A3":"ZAF"},"geometry":{"type":"MultiPolygon","coordinates":[[[[31.28892,-22.39734],[30.83789,-22.28231],[30.30077,-22.33698],[29.75889,-22.1309],[29.37803,-22.19291],[29.22207,-22.18216],[29.04782,-22.2203],[28.91253,-22.45367],[28.62386,-22.56281],[28.33856,-22.58462],[27.9375,-22.96382],[27.89554,-23.07947],[27.60801,-23.21672],[27.00417,-23.64584],[26.84971,-24.24813],[26.53118,-24.45866],[26.40436,-24.63281],[25.86837,-24.74815],[25.87675,-24.88603],[25.58725,-25.61952],[25.38649,-25.74354],[25.05173,-25.73786],[24.79862,-25.82922],[23.92477,-25.62924],[23.45927,-25.28218],[23.007,-25.31081],[22.84463,-25.48113],[22.71937,-25.98425],[22.54511,-26.20739],[22.25728,-26.34092],[22.0577,-26.6176],[21.76749,-26.70431],[21.68718,-26.85521],[21.12246,-26.86534],[20.6089,-26.68612],[20.62254,-26.42753],[20.84145,-26.13132],[20.79411,-25.89392],[20.36489,-25.0332],[20.0293,-24.81523],[19.98207,-25.43783],[19.98227,-25.94239],[19.98269,-26.89551],[19.983,-27.90465],[19.98165,-28.42235],[19.56876,-28.53118],[19.48287,-28.67825],[19.24857,-28.77158],[19.08166,-28.95937],[18.74566,-28.83989],[18.16647,-28.9019],[17.91325,-28.78129],[17.40362,-28.70429],[17.34574,-28.22763],[17.0978,-28.03116],[16.89295,-28.08263],[16.76934,-28.4426],[16.59736,-28.52622],[16.47185,-28.62542],[16.80877,-29.0783],[17.05633,-29.67645],[17.28199,-30.34775],[17.89373,-31.34482],[18.17286,-31.66326],[18.34938,-32.26035],[18.27312,-32.64756],[17.85239,-32.82969],[17.91277,-33.04746],[18.30738,-33.47926],[18.47535,-33.89983],[18.31479,-34.02907],[18.85816,-34.15032],[18.80828,-34.36468],[19.30437,-34.4179],[19.39869,-34.60182],[19.64243,-34.77207],[19.95346,-34.80869],[20.52442,-34.45428],[20.96127,-34.35605],[21.26246,-34.42156],[21.70265,-34.39056],[22.27516,-34.05771],[22.62989,-33.99578],[22.93605,-34.0827],[23.40838,-34.11004],[23.63551,-33.97967],[24.1631,-34.05478],[24.58399,-34.17832],[24.84108,-34.1325],[25.10108,-33.96054],[25.59816,-34.04852],[25.67905,-33.79518],[25.95525,-33.71087],[26.51515,-33.7553],[27.38022,-33.35735],[27.89715,-33.03997],[28.87037,-32.28704],[29.39186,-31.73553],[30.00994,-31.29225],[30.39234,-30.8471],[31.18686,-29.56032],[31.75213,-28.96624],[32.01205,-28.86647],[32.37941,-28.55283],[32.54396,-28.19012],[32.67652,-27.52068],[32.83937,-27.12363],[32.89308,-26.84612],[32.11388,-26.84001],[31.99224,-26.83826],[31.96826,-27.31626],[31.52653,-27.31089],[31.15704,-27.20557],[30.97607,-27.03504],[30.7857,-26.71692],[30.80456,-26.39746],[31.11984,-25.91005],[31.4269,-25.74365],[31.83457,-25.98208],[31.89188,-25.98384],[31.94924,-25.9581],[31.99162,-25.65022],[31.98655,-24.42311],[31.74119,-23.83679],[31.52147,-23.41557],[31.53635,-23.15698],[31.28892,-22.39734]],[[28.15495,-28.70233],[28.27391,-28.70956],[28.31722,-28.70006],[28.40341,-28.61892],[28.66655,-28.59722],[29.20843,-29.06892],[29.43591,-29.34239],[29.1613,-29.66692],[29.14425,-29.91972],[28.86003,-30.06638],[28.36409,-30.15929],[28.0547,-30.6497],[27.74361,-30.6003],[27.36616,-30.31102],[27.01487,-29.62558],[27.24183,-29.549],[27.66496,-29.06572],[27.74743,-28.90862],[28.01873,-28.85684],[28.15495,-28.70233]]]]}},{"type":"Feature","properties":{"ADMIN":"Zambia","ISO_A3":"ZMB"},"geometry":{"type":"MultiPolygon","coordinates":[[[[30.39626,-15.636],[30.39595,-15.59062],[30.21447,-14.98146],[30.81577,-14.76824],[31.41088,-14.63358],[31.65841,-14.51958],[33.20271,-14.01387],[33.04943,-13.99661],[32.72284,-13.57338],[32.87425,-13.44316],[32.99507,-13.19087],[33.02484,-12.61267],[33.37324,-12.51851],[33.2549,-12.07265],[33.30265,-11.60973],[33.2303,-11.41656],[33.39091,-11.1648],[33.31908,-10.81815],[33.50098,-10.76916],[33.6742,-10.57703],[33.53328,-10.23121],[33.30999,-10.01272],[33.21671,-9.72705],[32.97471,-9.60127],[32.92086,-9.4079],[32.51805,-9.25825],[32.38302,-9.13391],[31.91772,-9.0225],[31.67267,-8.91305],[31.53904,-8.70355],[31.35331,-8.58717],[30.95954,-8.55048],[30.75211,-8.19412],[28.91527,-8.47287],[28.93046,-8.67988],[28.76541,-8.93403],[28.3723,-9.23509],[28.51596,-9.37834],[28.66846,-9.82162],[28.62386,-9.95102],[28.63492,-10.51946],[28.69962,-10.64317],[28.56351,-10.81195],[28.43959,-11.34825],[28.35701,-11.44695],[28.49715,-11.85736],[28.83501,-12.09218],[29.03035,-12.37619],[29.44655,-12.33506],[29.47425,-12.24266],[29.7993,-12.15409],[29.79764,-13.42424],[29.60169,-13.37443],[29.5744,-13.22539],[29.16895,-13.43386],[28.99397,-13.39593],[28.90343,-13.1623],[28.66789,-12.84934],[28.58397,-12.88872],[28.42274,-12.5213],[27.93388,-12.30333],[27.63819,-12.29362],[27.42073,-11.92196],[27.23418,-11.8091],[27.18013,-11.56963],[27.01027,-11.60983],[26.96733,-11.87039],[26.64352,-11.98552],[26.41459,-11.91183],[25.99405,-11.9048],[25.8507,-11.7938],[25.35197,-11.64611],[25.2788,-11.19994],[24.67408,-11.34163],[24.56473,-11.44467],[24.31007,-11.40664],[24.3818,-11.12056],[24.12424,-11.04325],[23.96746,-10.87231],[24.06109,-11.39496],[23.95991,-11.61717],[23.9596,-12.19667],[24.03081,-12.38508],[23.86565,-12.78971],[24.00063,-13.00148],[22.477,-13.00148],[21.97988,-13.00148],[21.98081,-14.35762],[21.9838,-16.16589],[22.15165,-16.59769],[22.33365,-16.67366],[22.75585,-17.15487],[23.38165,-17.64114],[24.22046,-17.4795],[24.68442,-17.49242],[24.95799,-17.55174],[25.25978,-17.79411],[25.68141,-17.81147],[25.97855,-17.99895],[26.20303,-17.88723],[26.71194,-18.06582],[27.04846,-17.94428],[27.15708,-17.7693],[27.57731,-17.36313],[27.7773,-17.00118],[28.28011,-16.70652],[28.82251,-16.47078],[28.87098,-16.08723],[29.18631,-15.81283],[29.83733,-15.61481],[30.39626,-15.636]]]]}},{"type":"Feature","properties":{"ADMIN":"Zimbabwe","ISO_A3":"ZWE"},"geometry":{"type":"MultiPolygon","coordinates":[[[[30.39626,-15.636],[29.83733,-15.61481],[29.18631,-15.81283],[28.87098,-16.08723],[28.82251,-16.47078],[28.28011,-16.70652],[27.7773,-17.00118],[27.57731,-17.36313],[27.15708,-17.7693],[27.04846,-17.94428],[26.71194,-18.06582],[26.20303,-17.88723],[25.97855,-17.99895],[25.68141,-17.81147],[25.25978,-17.79411],[25.22609,-17.93188],[25.5085,-18.39913],[25.76192,-18.63033],[25.94072,-18.92127],[25.95653,-19.12209],[26.13027,-19.50108],[26.73096,-19.93589],[27.21491,-20.11045],[27.34074,-20.47301],[27.69813,-20.50908],[27.67478,-21.09013],[27.885,-21.31017],[27.99042,-21.55191],[28.6297,-21.65134],[29.03872,-21.79789],[29.02157,-21.98279],[29.35007,-22.18671],[29.37803,-22.19291],[29.75889,-22.1309],[30.30077,-22.33698],[30.83789,-22.28231],[31.28892,-22.39734],[31.43382,-22.30205],[32.40854,-21.29033],[32.33981,-21.13406],[32.49722,-20.8981],[32.46911,-20.68685],[32.84521,-20.28667],[33.03279,-19.78417],[32.81627,-19.65208],[32.76883,-19.36362],[32.86226,-19.11806],[32.69106,-19.01429],[32.69142,-18.83425],[32.88521,-18.78784],[32.87074,-18.53577],[32.99641,-18.46714],[32.93709,-18.04711],[33.02246,-17.36147],[32.82878,-16.93514],[32.89337,-16.71242],[32.29046,-16.45176],[31.91028,-16.42892],[31.68611,-16.20723],[31.40457,-16.16227],[31.25998,-16.02347],[30.40257,-16.00124],[30.39626,-15.636]]]]}},{"type":"Feature","properties":{"ADMIN":"Russia","ISO_A3":"RUS"},"geometry":{"type":"MultiPolygon","coordinates":[[[[111.33845,49.36474],[111.61449,49.38355],[111.61453,49.38182],[111.66102,49.39637],[112.03019,49.41187],[112.43224,49.52917],[112.58427,49.52633],[112.6714,49.49595],[112.73372,49.49279],[112.86808,49.53165],[112.94735,49.5761],[113.04367,49.5886],[113.07716,49.66901],[113.15674,49.77738],[113.21245,49.82202],[113.41554,49.92238],[113.45853,49.95726],[113.57966,50.01995],[113.75226,50.0786],[113.84983,50.08072],[113.97313,50.16051],[114.05529,50.18381],[114.11823,50.22438],[114.28628,50.27688],[114.47304,50.23404],[114.6597,50.2514],[114.75375,50.23621],[114.99735,50.14433],[115.06339,50.07751],[115.21016,49.97168],[115.3687,49.89541],[115.50854,49.88678],[115.5782,49.89365],[115.68341,49.87768],[115.7509,49.88497],[116.05362,49.99845],[116.21764,50.01385],[116.57545,49.92176],[116.6172,49.89732],[116.68428,49.82326],[116.72231,49.80166],[117.05759,49.67289],[117.25293,49.62245],[117.47286,49.61429],[117.75884,49.51274],[117.87377,49.51321],[117.89382,49.54664],[118.01712,49.59579],[118.10641,49.6518],[118.16863,49.67149],[118.30516,49.76709],[118.37296,49.78632],[118.39373,49.82001],[118.47704,49.83598],[118.52127,49.89406],[118.64436,49.95457],[118.71294,49.94946],[118.89138,49.97933],[119.09168,49.98656],[119.20852,50.01514],[119.31621,50.09265],[119.3483,50.18459],[119.33156,50.21735],[119.3529,50.34551],[119.25079,50.34251],[119.14123,50.37662],[119.24366,50.4455],[119.29358,50.59924],[119.44282,50.68507],[119.49666,50.73706],[119.51485,50.79194],[119.49749,50.83592],[119.51795,50.9048],[119.60425,50.97818],[119.68322,51.01606],[119.74828,51.08339],[119.78543,51.17166],[119.75815,51.19902],[119.81964,51.27473],[119.91566,51.33074],[119.8953,51.38397],[119.94305,51.39082],[119.98273,51.44216],[119.9772,51.48701],[120.05291,51.5522],[120.05673,51.59639],[120.1082,51.66519],[120.15378,51.66398],[120.3193,51.77604],[120.40834,51.82609],[120.46482,51.8402],[120.49314,51.87572],[120.56631,51.90533],[120.6476,51.91102],[120.70579,51.97995],[120.70563,52.06104],[120.77917,52.1176],[120.75809,52.23741],[120.65494,52.29911],[120.62616,52.34681],[120.69039,52.43913],[120.72398,52.54217],[120.60874,52.574],[120.42994,52.63609],[120.36762,52.61725],[120.26111,52.61105],[120.17595,52.58374],[120.05642,52.60051],[120.0326,52.65888],[120.05291,52.69301],[120.03296,52.76066],[120.28018,52.86592],[120.4503,53.00834],[120.6522,53.12283],[120.71406,53.18505],[120.82387,53.23523],[120.87425,53.28016],[121.05486,53.29],[121.20349,53.27675],[121.35764,53.32406],[121.51215,53.32982],[121.64103,53.38491],[121.88897,53.43059],[122.08162,53.4295],[122.1687,53.46914],[122.33783,53.49131],[122.4016,53.45095],[122.47121,53.46475],[122.85966,53.47395],[123.00255,53.50733],[123.1536,53.51312],[123.25256,53.56779],[123.48552,53.52598],[123.49477,53.56009],[123.63956,53.55125],[123.73217,53.50376],[123.8502,53.49498],[123.97055,53.45519],[124.01737,53.40703],[124.12181,53.35269],[124.23271,53.38165],[124.29343,53.35129],[124.34252,53.27249],[124.4082,53.23569],[124.52819,53.21034],[124.67867,53.19934],[124.72017,53.14882],[124.80135,53.15515],[124.84812,53.11368],[124.89623,53.11766],[124.88042,53.17252],[125.01943,53.21073],[125.12743,53.20655],[125.42809,53.09469],[125.52131,53.04242],[125.62136,53.06214],[125.65019,53.02338],[125.73354,52.98165],[125.72429,52.95276],[125.64709,52.90091],[125.66869,52.87796],[125.83736,52.90672],[125.86744,52.84936],[125.97694,52.765],[126.0667,52.78319],[126.10406,52.75446],[126.03513,52.72712],[126.05265,52.6725],[125.97317,52.63157],[126.00924,52.56839],[126.08277,52.59335],[126.21233,52.53305],[126.20034,52.46708],[126.27599,52.46328],[126.34369,52.39138],[126.31573,52.31621],[126.4212,52.2873],[126.31222,52.22795],[126.31671,52.19976],[126.53117,52.15266],[126.55597,52.13064],[126.51443,52.04254],[126.44735,52.01879],[126.44606,51.98254],[126.64791,51.74126],[126.71359,51.72317],[126.72372,51.63589],[126.67514,51.58838],[126.70057,51.56272],[126.80743,51.53422],[126.8003,51.41896],[126.90195,51.401],[126.8975,51.36196],[126.81415,51.32493],[126.82371,51.26555],[126.95461,51.32958],[126.98117,51.30886],[126.91631,51.23277],[126.90541,51.16427],[126.93177,51.06378],[127.03233,50.97245],[127.14426,50.90351],[127.22074,50.78817],[127.28735,50.75101],[127.29495,50.66642],[127.34399,50.62776],[127.36481,50.55474],[127.28895,50.46602],[127.35851,50.41512],[127.33066,50.3282],[127.40481,50.27595],[127.57839,50.22055],[127.57018,50.13022],[127.48667,50.02563],[127.49442,49.97318],[127.534,49.92248],[127.50811,49.82233],[127.53865,49.78993],[127.64428,49.76714],[127.67999,49.73919],[127.68996,49.68146],[127.722,49.6486],[127.83088,49.59387],[127.90731,49.58023],[127.9916,49.59873],[128.09247,49.54158],[128.1983,49.53899],[128.26786,49.55878],[128.34475,49.54798],[128.38351,49.57935],[128.55125,49.58845],[128.62866,49.57532],[128.66618,49.60948],[128.79692,49.57248],[128.79951,49.53186],[128.75021,49.48453],[128.78659,49.46546],[128.87919,49.47972],[129.01458,49.43109],[129.05055,49.37668],[129.13602,49.35415],[129.1939,49.3897],[129.24558,49.38593],[129.31606,49.34412],[129.36206,49.34981],[129.37146,49.41058],[129.4034,49.43068],[129.50241,49.41078],[129.52773,49.38484],[129.539,49.30371],[129.57176,49.27984],[129.71118,49.27415],[129.75562,49.18429],[129.82466,49.17416],[129.84151,49.1092],[129.92068,49.08186],[129.91344,49.03954],[130.2018,48.8826],[130.24934,48.86451],[130.3868,48.89629],[130.46535,48.89133],[130.48664,48.86369],[130.56488,48.85588],[130.67433,48.87082],[130.53325,48.63579],[130.5408,48.59835],[130.60767,48.57673],[130.63929,48.47725],[130.71588,48.49906],[130.75959,48.46792],[130.7383,48.42981],[130.77964,48.35638],[130.82212,48.33377],[130.81944,48.28189],[130.77386,48.24419],[130.75277,48.18962],[130.66337,48.11644],[130.68239,48.05035],[130.85737,47.92777],[130.90698,47.88426],[130.9417,47.8206],[130.94181,47.71797],[131.02335,47.68228],[131.12918,47.68123],[131.21011,47.70921],[131.41837,47.74262],[131.475,47.73448],[131.57743,47.66856],[131.63065,47.66686],[131.703,47.69616],[131.89431,47.67001],[132.02536,47.69786],[132.16168,47.69001],[132.25077,47.72536],[132.33242,47.73652],[132.45324,47.71053],[132.52465,47.70753],[132.58036,47.74799],[132.57364,47.78223],[132.65881,47.86982],[132.67462,47.95061],[132.77487,47.93377],[132.82066,47.94237],[132.86479,47.98565],[132.94075,48.02671],[133.02468,48.05244],[133.09196,48.10678],[133.18518,48.12482],[133.32368,48.10011],[133.37949,48.10632],[133.46372,48.08952],[133.55994,48.11329],[133.60552,48.17163],[133.68551,48.20207],[133.72127,48.24476],[133.79662,48.2506],[133.87754,48.2753],[133.98245,48.28517],[134.05717,48.32718],[134.20621,48.35966],[134.38635,48.38134],[134.45312,48.34418],[134.54262,48.35731],[134.61135,48.28543],[134.70085,48.26153],[134.68297,48.13551],[134.56722,48.04038],[134.56691,47.9855],[134.59905,47.91069],[134.64577,47.8963],[134.69651,47.79507],[134.76979,47.74101],[134.77258,47.71073],[134.69289,47.6489],[134.68266,47.58785],[134.62427,47.54963],[134.5606,47.48181],[134.48464,47.43018],[134.41498,47.43922],[134.29282,47.40972],[134.24507,47.3551],[134.18357,47.3275],[134.15412,47.25789],[134.19721,47.20534],[134.18977,47.17294],[134.22729,47.11775],[134.19711,47.08516],[134.12425,47.07051],[134.06916,46.98124],[134.06275,46.90685],[134.02048,46.83404],[134.04467,46.772],[134.0148,46.66503],[133.98803,46.62517],[133.90245,46.57364],[133.89191,46.52897],[133.84933,46.48029],[133.85439,46.44466],[133.92147,46.41014],[133.92602,46.37131],[133.86338,46.33929],[133.90245,46.25899],[133.79352,46.21429],[133.74101,46.15904],[133.68737,46.14184],[133.71931,46.07931],[133.65813,45.93451],[133.60304,45.89865],[133.51436,45.87927],[133.47726,45.8201],[133.48491,45.76847],[133.44305,45.70967],[133.4878,45.68667],[133.42765,45.61525],[133.41349,45.57334],[133.20213,45.51128],[133.14022,45.43542],[133.09754,45.24354],[133.1272,45.15538],[133.11542,45.12303],[133.02385,45.05834],[132.95336,45.02438],[132.83978,45.05916],[131.96965,45.23383],[131.9004,45.2729],[131.87074,45.32633],[131.81803,45.33279],[131.72315,45.21533],[131.62776,45.19848],[131.60523,45.16463],[131.60905,45.0897],[131.4195,44.95896],[131.32948,44.96764],[131.259,44.92816],[131.15802,44.9017],[131.11006,44.91953],[131.05157,44.90904],[131.00826,44.85628],[130.93343,44.84171],[130.97157,44.77561],[131.02139,44.74688],[131.06583,44.68203],[131.26447,44.05421],[131.21776,44.01607],[131.21734,43.90848],[131.17032,43.7811],[131.19202,43.58863],[131.16691,43.52107],[131.26168,43.46383],[131.28091,43.38022],[131.24794,43.3442],[131.24205,43.28377],[131.16722,43.18155],[131.18985,43.13915],[131.16939,43.10781],[131.08547,43.0421],[131.0743,42.9934],[131.10304,42.91043],[131.02387,42.89627],[130.99245,42.84873],[130.85623,42.84976],[130.76952,42.86581],[130.73097,42.82589],[130.58648,42.81726],[130.49098,42.78083],[130.40716,42.73538],[130.40375,42.67755],[130.5039,42.67781],[130.57191,42.62182],[130.58451,42.5689],[130.53077,42.53048],[130.57563,42.44573],[130.65665,42.38325],[130.66275,42.32057],[130.69996,42.29511],[130.73481,42.3376],[130.78663,42.46186],[130.82325,42.46503],[130.85849,42.52456],[130.84213,42.55854],[130.78354,42.57917],[130.65667,42.66408],[130.72076,42.70002],[130.80179,42.69685],[130.84783,42.66132],[131.03443,42.64521],[131.12741,42.64681],[131.18535,42.55955],[131.27313,42.77733],[131.35202,42.77433],[131.36573,42.81875],[131.47169,42.87324],[131.38624,42.91429],[131.39389,42.94501],[131.49195,42.94489],[131.51767,43.00934],[131.56495,42.99628],[131.58676,43.04995],[131.68336,43.1485],[131.64698,43.16885],[131.7505,43.22529],[131.76425,43.29169],[131.80763,43.33096],[131.84604,43.30537],[131.89527,43.31863],[131.9568,43.30585],[131.99204,43.2731],[131.90016,43.18183],[131.84986,43.10049],[131.95224,43.07197],[132.0442,43.12726],[132.09596,43.18098],[132.22665,43.2298],[132.30543,43.31904],[132.35621,43.28596],[132.31715,43.23135],[132.38168,43.19123],[132.32911,43.17499],[132.30494,43.06403],[132.28932,42.88272],[132.31153,42.84545],[132.36012,42.85969],[132.35426,42.91083],[132.40439,42.94229],[132.5027,42.9243],[132.51783,42.86595],[132.57789,42.8404],[132.6832,42.8557],[132.73976,42.90717],[132.77369,42.87507],[132.81593,42.75642],[132.88771,42.7635],[132.91163,42.81875],[132.99635,42.80443],[133.07887,42.74982],[132.99635,42.72256],[133.03769,42.69139],[133.15773,42.68842],[133.22291,42.73623],[133.29859,42.7635],[133.37745,42.7635],[133.44435,42.77912],[133.52442,42.82624],[133.60499,42.84626],[133.72999,42.84545],[133.83961,42.89761],[133.92677,42.88272],[134.04957,42.97329],[134.10849,42.99567],[134.1937,43.07978],[134.3379,43.12043],[134.47731,43.18183],[134.56007,43.23481],[134.58717,43.22899],[134.70289,43.30419],[134.77027,43.31525],[134.8357,43.37971],[134.95639,43.43635],[134.9747,43.45954],[135.1399,43.50837],[135.22682,43.6822],[135.35499,43.71947],[135.48788,43.83271],[135.51881,43.88076],[135.51197,43.9217],[135.54127,44.00397],[135.62403,44.03848],[135.65968,44.11644],[135.65585,44.16869],[135.70484,44.19839],[135.72096,44.23656],[135.78622,44.25812],[135.84083,44.32949],[135.8379,44.3627],[135.88868,44.40152],[136.12257,44.47553],[136.18409,44.51508],[136.22812,44.56973],[136.22731,44.63105],[136.27451,44.69294],[136.33375,44.71369],[136.36476,44.79255],[136.42612,44.77265],[136.45029,44.82665],[136.4983,44.84577],[136.55348,44.89496],[136.57765,44.95295],[136.6565,45.03339],[136.76075,45.08788],[136.82553,45.20409],[136.92636,45.25438],[137.08277,45.35521],[137.14454,45.37466],[137.21949,45.461],[137.26621,45.48591],[137.33595,45.57062],[137.39674,45.62393],[137.52442,45.68936],[137.67148,45.79462],[137.70468,45.85448],[137.78207,45.94599],[137.93824,46.07364],[137.95289,46.11441],[138.00961,46.13646],[138.10035,46.22797],[138.11305,46.2895],[138.2024,46.45433],[138.23243,46.48456],[138.34457,46.54873],[138.34913,46.66425],[138.40976,46.78095],[138.48439,46.85798],[138.53476,46.98664],[138.59482,47.06733],[138.66098,47.1048],[138.89072,47.30516],[138.95899,47.31342],[139.04542,47.41743],[139.05331,47.47871],[139.14357,47.5987],[139.20566,47.6638],[139.21192,47.70417],[139.26173,47.78791],[139.39047,47.90424],[139.4957,47.95441],[139.68409,48.09553],[139.7339,48.16348],[139.95126,48.30488],[140.04347,48.33625],[140.07211,48.39863],[140.16505,48.44941],[140.19264,48.53034],[140.1858,48.65009],[140.21298,48.7674],[140.26694,48.86237],[140.35231,48.91022],[140.39796,48.99274],[140.35914,49.02131],[140.29664,48.98041],[140.2422,49.02147],[140.33717,49.03978],[140.3768,49.14354],[140.34376,49.21841],[140.43287,49.30614],[140.45427,49.42084],[140.51832,49.4914],[140.5608,49.57538],[140.5075,49.69164],[140.54225,49.75678],[140.47332,49.79462],[140.41578,49.8627],[140.49464,49.98355],[140.66066,50.05801],[140.58676,50.08124],[140.52296,50.15107],[140.53696,50.23607],[140.5149,50.29491],[140.54542,50.34406],[140.50636,50.46068],[140.44288,50.54438],[140.4839,50.60716],[140.5149,50.61709],[140.46608,50.68952],[140.48072,50.74738],[140.53443,50.78913],[140.54225,50.87714],[140.59986,50.92845],[140.65675,50.93781],[140.66456,50.9975],[140.70672,51.03168],[140.70818,51.07355],[140.66733,51.13142],[140.70387,51.24531],[140.68629,51.31281],[140.70574,51.33478],[140.8296,51.34325],[140.87379,51.37177],[140.89601,51.42878],[140.80844,51.42211],[140.80307,51.46711],[140.90138,51.49409],[140.90561,51.61542],[140.98797,51.65925],[141.10922,51.67878],[141.16912,51.75104],[141.20021,51.82368],[141.28012,51.88032],[141.40773,51.9173],[141.42954,51.94196],[141.31365,52.0041],[141.30893,52.0371],[141.4026,52.1402],[141.51482,52.17194],[141.52076,52.21988],[141.41432,52.22175],[141.34978,52.26813],[141.27898,52.29344],[141.25831,52.32372],[141.16717,52.36489],[141.11769,52.44896],[141.21339,52.50788],[141.28061,52.57876],[141.30006,52.64142],[141.28199,52.72126],[141.20102,52.77741],[141.25929,52.84663],[141.19776,52.84882],[141.08253,52.88398],[141.04493,52.92426],[140.96608,52.94465],[140.93344,53.03156],[140.87623,53.03848],[140.77345,53.08991],[140.86069,53.11848],[140.89479,53.07685],[140.96656,53.06196],[141.13185,52.98749],[141.18881,52.98749],[141.26157,53.03587],[141.18637,53.0502],[141.25367,53.08784],[141.33318,53.07274],[141.38502,53.13207],[141.43295,53.14887],[141.3777,53.30964],[141.25123,53.31098],[141.03541,53.40974],[140.94972,53.48896],[141.02622,53.49213],[140.71315,53.58161],[140.53981,53.6717],[140.51092,53.73379],[140.3567,53.79003],[140.25733,53.86856],[140.25196,53.89057],[140.33082,53.97028],[140.22633,54.01227],[140.24057,54.05695],[140.00172,54.12299],[139.92042,54.17569],[139.81593,54.21516],[139.79705,54.29743],[139.7317,54.30414],[139.64479,54.26606],[139.37184,54.19587],[139.30226,54.19062],[139.16188,54.20474],[138.93442,54.25308],[138.73854,54.31599],[138.73211,54.17438],[138.67547,54.09781],[138.7671,54.10468],[138.76059,53.97525],[138.68247,53.87543],[138.69679,53.81867],[138.65577,53.73176],[138.5503,53.5869],[138.50213,53.54352],[138.40577,53.51057],[138.24684,53.53278],[138.2461,53.56635],[138.34506,53.60712],[138.37875,53.68415],[138.53663,53.78608],[138.57993,53.82831],[138.58888,53.87938],[138.55893,53.98957],[138.39568,53.92841],[138.33888,53.86961],[138.29819,53.75617],[138.27052,53.73041],[138.15008,53.67276],[138.04721,53.65046],[137.91822,53.58662],[137.67807,53.55012],[137.438,53.54003],[137.33513,53.52936],[137.26596,53.54902],[137.21168,53.58771],[137.31471,53.65282],[137.38071,53.6684],[137.47722,53.66584],[137.55421,53.7143],[137.59693,53.82416],[137.67897,53.87783],[137.77394,53.89932],[137.77133,53.94355],[137.63624,53.9676],[137.54623,53.97207],[137.43816,54.03701],[137.32008,54.04947],[137.30787,54.11835],[137.40512,54.14667],[137.48536,54.11213],[137.52565,54.1564],[137.68458,54.2766],[137.64332,54.29719],[137.54672,54.29719],[137.45143,54.31761],[137.30014,54.27192],[137.26051,54.22744],[137.1775,54.20775],[137.06137,54.1457],[137.13819,54.08344],[137.15699,54.04401],[137.29086,54.03571],[137.18572,53.85106],[137.10792,53.80793],[137.01979,53.85151],[136.95777,53.85765],[136.84205,53.82876],[136.77516,53.7731],[136.68474,53.8085],[136.65919,53.92617],[136.68914,54.01227],[136.78028,54.06379],[136.80649,54.17377],[136.76344,54.2165],[136.81446,54.24872],[136.76205,54.27265],[136.82065,54.31611],[136.75229,54.36542],[136.73862,54.4138],[136.84083,54.43232],[136.81088,54.508],[136.88331,54.59138],[136.76124,54.64492],[136.68141,54.61469],[136.5984,54.62271],[136.53492,54.59553],[136.24928,54.62043],[136.12924,54.61225],[135.97999,54.5808],[135.88071,54.58515],[135.75017,54.57095],[135.68824,54.61416],[135.65414,54.66596],[135.34083,54.71483],[135.26515,54.72167],[135.17335,54.82128],[135.21957,54.89412],[135.33922,54.98071],[135.45542,55.02883],[135.53426,55.08656],[135.67047,55.12131],[135.70635,55.11541],[135.81085,55.17136],[135.86894,55.17389],[135.98108,55.24481],[136.05436,55.26884],[136.21978,55.35459],[136.26871,55.41494],[136.30767,55.42462],[136.31902,55.48656],[136.43016,55.56525],[136.52948,55.5804],[136.56551,55.6232],[136.62307,55.61604],[136.67096,55.6464],[136.77329,55.66055],[136.82488,55.71369],[136.95623,55.78779],[137.0467,55.81909],[137.15568,55.88755],[137.23753,55.91561],[137.29563,55.96132],[137.39083,55.94561],[137.42599,56.03115],[137.50025,56.06281],[137.57195,56.11652],[137.69803,56.1262],[137.79167,56.22103],[137.83443,56.22548],[137.91407,56.35953],[138.05368,56.38785],[138.06943,56.43775],[138.22348,56.42416],[138.25777,56.46605],[138.1747,56.47176],[138.11484,56.5281],[138.14845,56.60358],[138.26783,56.62663],[138.29021,56.69213],[138.39601,56.73127],[138.46661,56.81661],[138.54983,56.85952],[138.58596,56.92168],[138.66162,56.97794],[138.71807,56.98003],[138.78885,57.02344],[138.85914,57.01316],[138.92248,57.05812],[138.93296,57.13502],[139.02562,57.14],[139.06873,57.20702],[139.19654,57.27265],[139.31707,57.27761],[139.41846,57.29719],[139.49789,57.33954],[139.56307,57.43006],[139.62057,57.46734],[139.71209,57.49177],[139.78968,57.48273],[139.87744,57.59411],[139.98154,57.68774],[140.11608,57.73998],[140.28028,57.7626],[140.40004,57.80033],[140.49573,57.84477],[140.51873,57.93252],[140.66676,58.19111],[140.74,58.27131],[140.90431,58.38276],[141.10542,58.45922],[141.18563,58.45636],[141.58373,58.61775],[141.78191,58.76472],[141.94679,58.94302],[142.05584,59.02171],[142.1443,59.05687],[142.26238,59.12458],[142.5818,59.2261],[142.89226,59.30207],[143.15968,59.35391],[143.31087,59.36074],[143.40798,59.32432],[143.49362,59.31852],[143.84051,59.40248],[144.13004,59.39986],[144.2811,59.38764],[144.41969,59.39785],[144.45484,59.37495],[144.62973,59.38394],[145.00076,59.36958],[145.22872,59.40798],[145.35369,59.39273],[145.5923,59.42308],[145.6753,59.42349],[145.7691,59.37491],[145.81813,59.41596],[145.9758,59.39875],[145.9465,59.35532],[145.84391,59.29274],[145.82496,59.24128],[145.91529,59.22114],[146.05029,59.13887],[146.09913,59.17438],[146.20462,59.20462],[146.32296,59.17995],[146.36311,59.21281],[146.31219,59.27875],[146.31914,59.40169],[146.43964,59.46041],[146.52508,59.46198],[146.69348,59.42362],[146.71957,59.3819],[146.86052,59.36131],[147.05584,59.36298],[147.19894,59.31292],[147.27149,59.3321],[147.36069,59.30756],[147.43767,59.26089],[147.546,59.23755],[147.59108,59.30414],[147.6561,59.30195],[147.70289,59.26911],[147.8255,59.2696],[147.84657,59.29692],[147.78875,59.34394],[147.91385,59.39047],[148.00944,59.3857],[148.21944,59.40887],[148.39373,59.3793],[148.43747,59.26232],[148.58978,59.24158],[148.68572,59.26568],[148.78794,59.23648],[148.84156,59.27656],[148.93452,59.23327],[148.96419,59.27327],[148.93374,59.31727],[148.99249,59.3561],[148.95265,59.3913],[148.87501,59.39887],[148.81401,59.36354],[148.73571,59.36839],[148.72704,59.45033],[148.8152,59.53449],[148.86915,59.47492],[148.96844,59.45222],[149.20135,59.52489],[149.08107,59.55996],[149.13291,59.64074],[149.37859,59.72465],[149.59772,59.7582],[149.75821,59.74066],[150.00449,59.70036],[150.16774,59.65278],[150.27442,59.65034],[150.45681,59.61259],[150.51637,59.55703],[150.6013,59.54096],[150.77435,59.56191],[150.77156,59.53696],[150.67452,59.4947],[150.84314,59.44838],[150.92584,59.44764],[150.93711,59.55587],[151.06307,59.57933],[151.18873,59.57661],[151.3221,59.55589],[151.37098,59.60099],[151.42463,59.59772],[151.51588,59.5091],[151.63758,59.48248],[151.69477,59.43112],[151.70524,59.38954],[151.77028,59.34966],[151.76026,59.29926],[151.90135,59.30302],[151.96217,59.26708],[152.13673,59.29621],[152.31183,59.22665],[152.10936,59.1558],[151.99315,59.15435],[151.92434,59.13778],[151.838,59.1527],[151.76604,59.13363],[151.65748,59.16144],[151.5705,59.1567],[151.43773,59.17032],[151.34337,59.11955],[151.21653,59.09168],[151.08805,59.10202],[151.1836,59.01675],[151.23603,58.99827],[151.25847,58.94021],[151.35909,58.85599],[151.54961,58.86387],[151.71728,58.84896],[151.81189,58.87051],[152.0203,58.87504],[152.11026,58.89529],[152.15665,58.9265],[152.16613,58.98406],[152.4048,59.02342],[152.52263,58.98257],[152.55674,58.94998],[152.74055,58.91787],[152.91605,58.91655],[152.94332,59.00702],[153.00671,59.06057],[153.0901,59.08309],[153.33728,59.08989],[153.36915,59.24128],[153.49524,59.23372],[153.60361,59.19972],[153.80201,59.17231],[153.90504,59.08698],[154.04868,59.0528],[154.19239,59.10126],[154.27894,59.08593],[154.35771,59.11059],[154.34263,59.17952],[154.43802,59.21552],[154.50157,59.21789],[154.67752,59.14564],[154.78514,59.15606],[154.8133,59.19417],[155.05567,59.19165],[155.1941,59.17577],[155.14961,59.22157],[155.19718,59.23723],[155.15763,59.29636],[155.20971,59.34388],[155.16676,59.37934],[155.02335,59.43666],[154.9629,59.49608],[154.8776,59.46081],[154.78295,59.47129],[154.64429,59.54343],[154.55412,59.5134],[154.42876,59.54703],[154.43605,59.4842],[154.53271,59.43604],[154.42685,59.42088],[154.35388,59.48988],[154.26378,59.43688],[154.13844,59.45698],[154.07504,59.50918],[154.1966,59.58317],[154.19858,59.63569],[154.27616,59.65007],[154.21546,59.78396],[154.22077,59.86962],[154.28072,59.89168],[154.4878,59.89631],[154.45872,59.98368],[154.40784,60.06293],[154.5637,60.0937],[154.69212,60.20131],[154.76108,60.22818],[154.83251,60.29029],[154.9524,60.36742],[155.13759,60.41141],[155.2406,60.48428],[155.34028,60.52458],[155.47977,60.53392],[155.49207,60.58198],[155.57096,60.62555],[155.72482,60.6551],[155.82984,60.72899],[155.92074,60.75479],[155.91678,60.85938],[156.00763,60.94957],[156.09117,61.00157],[156.26434,61.08115],[156.3739,61.14877],[156.54689,61.20923],[156.65497,61.19676],[156.61988,61.27533],[156.64854,61.32798],[156.63168,61.4239],[156.67946,61.52402],[156.79785,61.516],[156.92383,61.55181],[157.0276,61.65058],[157.35654,61.71475],[157.46451,61.78211],[157.53734,61.79195],[157.79366,61.78118],[158.08016,61.734],[158.16912,61.76732],[158.26023,61.82593],[158.40291,61.82222],[158.5206,61.79828],[158.54849,61.83042],[158.85304,61.82632],[158.84498,61.85871],[158.92075,61.90302],[159.01791,61.91535],[159.21229,61.91185],[159.35987,61.89301],[159.40249,61.85309],[159.38061,61.8149],[159.45253,61.77757],[159.52607,61.79612],[159.53985,61.73503],[159.51942,61.67465],[159.57721,61.65277],[159.65265,61.6829],[159.81113,61.71535],[159.88074,61.70521],[159.96672,61.75883],[160.03901,61.84625],[160.18162,61.88042],[160.29516,61.93993],[160.34181,61.93708],[160.39129,61.88138],[160.36198,61.81354],[160.41396,61.76478],[160.32754,61.71462],[160.31295,61.64486],[160.25983,61.62507],[160.28514,61.55411],[160.21748,61.51188],[160.11323,61.49968],[160.10685,61.42996],[160.05092,61.39541],[159.96523,61.37804],[159.97247,61.33891],[159.78972,61.26572],[159.90773,61.25943],[159.95623,61.22725],[160.00014,61.10612],[159.96811,61.05878],[159.85309,60.98277],[159.8285,60.94152],[159.95063,60.94091],[160.07186,61.00539],[160.20197,61.03822],[160.44421,61.03622],[160.42488,60.98368],[160.28154,60.90556],[160.1701,60.8249],[160.25169,60.77242],[160.15969,60.64083],[160.15439,60.57634],[160.28182,60.60923],[160.35759,60.65862],[160.38179,60.70161],[160.47018,60.69905],[160.54319,60.73902],[160.63588,60.71558],[160.82849,60.75466],[160.84719,60.8136],[160.91515,60.89965],[161.18357,60.99261],[161.21224,61.05419],[161.29757,61.05596],[161.45441,61.13641],[161.48748,61.20234],[161.57997,61.19127],[161.59563,61.25518],[161.77162,61.29822],[161.93939,61.37656],[161.98639,61.37262],[162.09532,61.43638],[162.13617,61.48406],[162.22842,61.52451],[162.32782,61.59045],[162.41725,61.67585],[162.53866,61.6525],[162.62267,61.65907],[162.76558,61.70511],[162.83882,61.70757],[162.93067,61.67548],[162.89756,61.63427],[162.90792,61.57991],[163.0447,61.51713],[163.11207,61.5481],[163.07594,61.58515],[163.1121,61.61593],[163.32655,61.65786],[163.34339,61.70569],[163.14517,61.74424],[162.99084,61.78801],[162.9784,61.80951],[163.05838,61.8982],[163.0671,61.93602],[163.14779,62.03764],[163.10108,62.09208],[163.11362,62.14541],[163.09149,62.22664],[163.23152,62.3114],[163.37021,62.34],[163.22859,62.38489],[163.26881,62.46564],[163.26705,62.52199],[163.38758,62.54845],[163.47554,62.54507],[163.62574,62.58871],[163.85936,62.6045],[163.90841,62.58437],[164.05513,62.6561],[164.30827,62.66101],[164.37463,62.69087],[164.59794,62.67307],[164.76566,62.55832],[164.92826,62.53638],[165.17013,62.4592],[165.10435,62.40312],[164.98842,62.40304],[164.73903,62.46037],[164.53831,62.45111],[164.45545,62.40469],[164.41806,62.35348],[164.24358,62.32798],[164.12719,62.26238],[164.10538,62.16785],[164.12678,62.12866],[164.0796,62.09051],[164.1064,62.02329],[164.07271,61.9957],[164.09488,61.92434],[164.04249,61.84296],[164.06756,61.80744],[164.04482,61.68343],[163.98673,61.65926],[163.86606,61.64652],[163.8462,61.57978],[163.75949,61.479],[163.75148,61.4433],[163.87184,61.45209],[163.95232,61.43452],[164.02882,61.34663],[163.95086,61.30097],[163.93279,61.2353],[163.76257,61.18695],[163.61573,61.10489],[163.61821,61.05916],[163.4873,61.00166],[163.68588,60.95478],[163.77426,60.91852],[163.69981,60.85559],[163.61541,60.86916],[163.53886,60.85833],[163.34566,60.79929],[163.19366,60.80521],[163.17085,60.78179],[163.05267,60.7602],[163.0214,60.77951],[162.88898,60.75248],[162.86913,60.71009],[162.75367,60.64594],[162.6255,60.61058],[162.5018,60.62079],[162.40252,60.56061],[162.20623,60.53803],[162.16521,60.50186],[161.93856,60.41679],[161.90697,60.32727],[161.94463,60.29452],[161.93633,60.23647],[161.89721,60.20296],[161.65419,60.08946],[161.53285,60.06762],[161.41772,59.9822],[161.3379,59.9453],[161.2839,59.87053],[161.19174,59.83039],[161.09832,59.76288],[161.03858,59.75178],[160.92612,59.66718],[160.80494,59.60537],[160.66798,59.59467],[160.61232,59.57038],[160.49733,59.55248],[160.44646,59.45527],[160.31031,59.34614],[160.21461,59.33246],[160.16212,59.29377],[159.86443,59.14057],[159.80348,59.09638],[159.72967,59.0113],[159.75074,58.9256],[159.72779,58.88304],[159.63461,58.83796],[159.60914,58.79865],[159.49684,58.71646],[159.40162,58.67805],[159.1937,58.54198],[159.18751,58.50804],[159.10939,58.4746],[159.02377,58.41478],[158.78354,58.31297],[158.6548,58.26944],[158.54412,58.19969],[158.41782,58.14912],[158.33448,58.08918],[158.16798,58.02074],[158.0569,57.99022],[157.94703,57.9831],[157.78932,57.99653],[157.72316,58.0246],[157.65333,58.00389],[157.58668,57.95112],[157.56463,57.88784],[157.4699,57.80394],[157.39186,57.7812],[157.24187,57.77049],[157.05104,57.80508],[156.98146,57.85712],[156.80104,57.77338],[156.78305,57.73989],[156.85499,57.72134],[156.93067,57.65843],[156.97771,57.54609],[157.00129,57.42551],[156.83162,57.21345],[156.72969,57.11525],[156.65626,57.07591],[156.53582,57.08845],[156.53036,57.02116],[156.46127,56.94841],[156.38558,56.91175],[156.12525,56.83202],[156.04762,56.76509],[155.92433,56.58454],[155.81056,56.29076],[155.78004,56.2475],[155.75603,56.10668],[155.68621,56.03913],[155.65309,55.92133],[155.62281,55.63923],[155.58629,55.52093],[155.55393,55.3646],[155.55118,55.2842],[155.61004,54.89492],[155.64454,54.83153],[155.63852,54.76948],[155.72804,54.42683],[155.8073,54.20344],[155.87135,54.07123],[155.88445,53.98184],[155.9358,53.86518],[155.96721,53.73181],[155.98669,53.57688],[156.03922,53.37063],[156.05641,53.21467],[156.09791,53.04267],[156.1112,52.93542],[156.16479,52.79866],[156.26573,52.59817],[156.33131,52.5362],[156.4319,52.5246],[156.41969,52.47175],[156.3034,52.48094],[156.37278,52.40462],[156.43919,52.21603],[156.48601,51.95767],[156.50123,51.77505],[156.48024,51.51655],[156.52149,51.41128],[156.53549,51.28925],[156.6421,51.25837],[156.72187,51.19548],[156.70021,51.11839],[156.76155,51.07797],[156.76194,50.98443],[156.69369,50.9092],[156.7197,50.88645],[156.83725,50.97771],[157.04591,51.1236],[157.1423,51.16732],[157.26303,51.23774],[157.30698,51.29523],[157.3885,51.35132],[157.44654,51.3479],[157.47311,51.41111],[157.53688,51.48607],[157.60646,51.52607],[157.71285,51.55003],[157.75919,51.54398],[157.80104,51.58911],[157.94142,51.67227],[158.02711,51.77611],[158.11891,51.81623],[158.13111,51.85146],[158.21713,51.92487],[158.28688,51.96752],[158.28639,52.03425],[158.32732,52.06712],[158.31674,52.1197],[158.37208,52.12958],[158.42701,52.18427],[158.39015,52.22622],[158.5477,52.29605],[158.52076,52.36221],[158.5713,52.39167],[158.54347,52.42072],[158.46209,52.43256],[158.51905,52.47687],[158.52361,52.57038],[158.4608,52.5747],[158.4485,52.61758],[158.54493,52.63154],[158.59783,52.69245],[158.57081,52.73379],[158.51564,52.74632],[158.62843,52.85688],[158.62257,52.92731],[158.5062,52.94746],[158.46453,52.90721],[158.41505,52.99274],[158.45338,53.03461],[158.55795,53.07001],[158.59156,53.06216],[158.67368,52.99494],[158.65903,52.97297],[158.70867,52.89179],[159.00327,53.07685],[159.29078,53.17373],[159.38152,53.16177],[159.47771,53.22944],[159.6325,53.25715],[159.75685,53.22089],[159.79957,53.19038],[160.01564,53.11542],[160.0503,53.15843],[160.01759,53.2652],[159.96217,53.24437],[159.92237,53.28364],[159.93556,53.39277],[159.88722,53.39277],[159.85939,53.47476],[159.79103,53.5163],[159.82504,53.5362],[159.92018,53.47557],[159.96046,53.49677],[159.96925,53.5703],[159.93067,53.64509],[159.86671,53.69448],[159.84409,53.79694],[159.90154,53.98188],[160.05299,54.17573],[160.1609,54.23505],[160.21892,54.24201],[160.42042,54.37836],[160.52735,54.4374],[160.74122,54.53522],[160.89186,54.57079],[161.06642,54.59683],[161.15089,54.59732],[161.20997,54.57079],[161.23756,54.51789],[161.31186,54.49014],[161.47023,54.51557],[161.63697,54.5257],[161.75318,54.51976],[161.80258,54.58145],[161.9486,54.64726],[162.0451,54.72578],[162.13015,54.77241],[162.10743,54.82469],[162.15317,54.84992],[162.04949,54.92428],[162.0469,54.95649],[161.96013,55.03461],[161.87477,55.0786],[161.81298,55.17918],[161.74769,55.37595],[161.74987,55.46523],[161.77708,55.60833],[161.84063,55.70264],[161.92534,55.79402],[161.92096,55.82549],[161.96889,55.89518],[162.01933,55.93125],[162.01808,55.97614],[162.07693,56.02247],[162.04021,56.04548],[162.1421,56.12906],[162.48822,56.21686],[162.49586,56.24206],[162.59254,56.26849],[162.40119,56.36976],[162.49969,56.43545],[162.62812,56.43956],[162.68294,56.48387],[162.74019,56.47978],[162.9099,56.42569],[162.94261,56.44903],[162.98995,56.53343],[163.11605,56.5005],[163.0582,56.44585],[163.00019,56.43835],[162.93992,56.38169],[162.87251,56.35876],[162.75363,56.34704],[162.70688,56.27115],[162.63802,56.22079],[162.73827,56.14952],[162.75425,56.10831],[162.82162,56.0562],[162.93078,56.0179],[163.05121,56.0054],[163.11118,56.10151],[163.17628,56.13312],[163.29364,56.14951],[163.36607,56.18066],[163.3369,56.27752],[163.33855,56.35529],[163.25025,56.45112],[163.27889,56.46218],[163.24699,56.53154],[163.27847,56.56352],[163.24098,56.59317],[163.28057,56.68801],[163.22584,56.72093],[163.06852,56.74131],[162.96719,56.70356],[162.83463,56.72235],[162.7835,56.76303],[162.78956,56.92186],[162.85985,57.05144],[162.7859,57.14545],[162.77638,57.25515],[162.78902,57.32652],[162.83312,57.38331],[162.96231,57.43644],[163.07483,57.461],[163.16391,57.56223],[163.24288,57.59499],[163.24247,57.67035],[163.32951,57.70894],[163.21894,57.81346],[163.00387,57.83753],[162.85825,57.91401],[162.75514,57.93525],[162.7116,57.96674],[162.5298,57.93651],[162.49115,57.88732],[162.52179,57.75416],[162.45554,57.78435],[162.37006,57.78483],[162.21461,57.82172],[162.08204,57.88247],[162.02556,57.92878],[161.99323,58.08739],[162.04693,58.2062],[162.16987,58.40592],[162.33924,58.57752],[162.40529,58.65444],[162.5134,58.7212],[162.73758,58.82045],[162.67661,58.87409],[162.8162,58.88722],[162.86997,58.96532],[162.92099,58.92392],[163.06855,58.96805],[163.07776,59.00759],[162.96852,59.05231],[162.88657,59.11351],[163.01246,59.16144],[163.06691,59.12055],[163.16505,59.09667],[163.16432,59.03368],[163.26187,59.08083],[163.21862,59.15068],[163.07472,59.1931],[163.08058,59.27131],[163.18312,59.29926],[163.31251,59.28754],[163.32838,59.39224],[163.30307,59.43305],[163.16871,59.51057],[163.24741,59.58739],[163.3213,59.5871],[163.39015,59.63154],[163.36183,59.74152],[163.37818,59.81436],[163.50408,59.89789],[163.69801,59.90404],[163.75164,59.96255],[163.68312,59.97427],[163.62338,60.02546],[163.65154,60.05166],[163.77996,60.04548],[163.83383,60.05915],[164.01734,60.03579],[164.10914,59.99136],[164.20484,59.9975],[164.04168,59.90754],[164.10914,59.90253],[164.16432,59.96345],[164.33912,59.99152],[164.32057,60.08861],[164.48854,60.11103],[164.55055,60.08291],[164.72332,59.95677],[164.80714,59.78962],[164.93035,59.83369],[165.01352,59.84797],[165.12965,59.93732],[165.19858,60.00519],[165.15008,60.03229],[165.12965,60.08417],[165.16,60.1291],[165.24578,60.10334],[165.29859,60.14053],[165.4017,60.17015],[165.46127,60.21947],[165.51612,60.21894],[165.72145,60.26972],[165.94606,60.38935],[166.05226,60.45384],[166.25367,60.48542],[166.39283,60.48041],[166.31267,60.39273],[166.24969,60.38353],[166.27605,60.33128],[166.25807,60.28596],[166.28777,60.22468],[166.26677,60.17829],[166.1753,60.12031],[166.14576,60.04214],[166.14405,59.96646],[166.10279,59.90941],[166.10955,59.82746],[166.28777,59.84455],[166.36118,59.88386],[166.72633,60.13227],[166.83766,60.2202],[166.93881,60.26911],[166.90707,60.29206],[167.04811,60.32844],[167.02394,60.41991],[167.19215,60.35505],[167.4336,60.4204],[167.49138,60.46564],[167.549,60.44379],[167.63494,60.45527],[167.71315,60.48884],[167.83766,60.51057],[168.09636,60.57148],[168.28012,60.59642],[168.48471,60.59858],[168.62477,60.55561],[168.7483,60.56973],[168.97576,60.57416],[169.16651,60.56733],[169.23536,60.62116],[169.28549,60.62059],[169.37135,60.56733],[169.35027,60.53319],[169.60548,60.4433],[169.70777,60.39948],[169.70777,60.3476],[169.74676,60.28303],[169.86248,60.21918],[169.84881,60.18163],[169.95582,60.05923],[170.05665,60.04658],[170.11866,60.01927],[170.11891,59.968],[170.26515,59.92036],[170.40065,59.96564],[170.4402,60.08076],[170.45729,60.18244],[170.50229,60.27253],[170.61891,60.30244],[170.66586,60.34113],[170.58074,60.43391],[170.7173,60.42817],[170.79021,60.45063],[170.81072,60.51211],[170.95981,60.52131],[171.05567,60.55585],[171.17945,60.55891],[171.37241,60.64305],[171.4065,60.75047],[171.46795,60.73115],[171.59986,60.73762],[171.66334,60.81672],[171.74594,60.85358],[171.82504,60.83222],[172.00685,60.85521],[172.08416,60.88719],[172.12843,60.9466],[172.20086,60.97578],[172.24269,61.01984],[172.37257,61.01288],[172.47608,61.05573],[172.33676,61.1223],[172.43442,61.14273],[172.33823,61.211],[172.38608,61.22744],[172.57374,61.1872],[172.64674,61.19111],[172.76881,61.28559],[172.89454,61.2779],[172.93133,61.35155],[172.71559,61.43073],[172.82643,61.46882],[172.89715,61.47232],[173.00213,61.41523],[173.12843,61.39696],[173.2859,61.46507],[173.29103,61.51948],[173.38006,61.56102],[173.49708,61.57128],[173.47389,61.64281],[173.54461,61.74909],[173.80193,61.6918],[173.99098,61.71454],[174.06088,61.76996],[174.03273,61.82632],[174.13803,61.84463],[174.26498,61.81143],[174.33953,61.84406],[174.48976,61.81464],[174.69011,61.86127],[174.72967,61.89606],[174.61793,61.96003],[174.75636,61.96125],[174.81511,61.94701],[175.17449,62.02192],[175.23032,62.04393],[175.29884,62.1166],[175.38087,62.10627],[175.63347,62.19131],[176.27931,62.31708],[176.3934,62.39509],[176.55958,62.44888],[176.59425,62.48583],[176.86052,62.51935],[177.0149,62.55048],[177.23927,62.56977],[177.17595,62.59577],[177.03468,62.58967],[176.95802,62.64354],[176.931,62.6944],[177.04225,62.7687],[176.97527,62.86201],[177.14796,62.79584],[177.12818,62.74592],[177.18898,62.70966],[177.25164,62.7329],[177.30055,62.78653],[177.36524,62.81485],[177.41798,62.77314],[177.32374,62.75145],[177.33416,62.68818],[177.26588,62.61563],[177.30681,62.5821],[177.68035,62.57526],[178.06105,62.54108],[178.30209,62.47455],[178.37574,62.47224],[178.48943,62.43684],[178.73797,62.40355],[178.93816,62.36603],[179.08953,62.28974],[179.1504,62.34186],[179.14959,62.41779],[179.11264,62.44831],[179.14877,62.49604],[179.31105,62.50068],[179.38364,62.52082],[179.43344,62.61612],[179.5547,62.62303],[179.60906,62.70563],[179.5407,62.84894],[179.47088,62.88471],[179.34571,62.89387],[179.24952,62.98469],[179.24871,63.02582],[179.31121,63.06078],[179.41782,63.06806],[179.41782,63.11652],[179.33481,63.19648],[179.23276,63.23941],[179.13201,63.23835],[179.0547,63.28099],[178.93116,63.29401],[178.9183,63.32518],[178.80934,63.35049],[178.80714,63.3902],[178.69899,63.38569],[178.59547,63.41132],[178.72023,63.47647],[178.73512,63.51301],[178.67547,63.56371],[178.50953,63.57852],[178.37233,63.52237],[178.25961,63.58198],[178.37192,63.63068],[178.62615,63.59252],[178.70533,63.59565],[178.58863,63.67137],[178.76287,63.64277],[178.69467,63.84634],[178.69386,63.91047],[178.61606,63.94888],[178.46827,63.99262],[178.39991,64.0351],[178.48406,64.07087],[178.56471,64.06061],[178.44077,64.16519],[178.39991,64.24335],[178.28256,64.35399],[178.19752,64.29523],[178.07455,64.25422],[178.18385,64.2058],[178.00001,64.21035],[177.81332,64.25422],[177.66993,64.30512],[177.55388,64.37775],[177.45362,64.42064],[177.3694,64.52167],[177.36427,64.56322],[177.45525,64.65217],[177.49187,64.76752],[177.33839,64.78148],[177.12818,64.71971],[176.98585,64.71113],[176.72739,64.57917],[176.68995,64.62759],[176.58229,64.67373],[176.45753,64.69245],[176.36842,64.63426],[176.20997,64.62006],[176.18238,64.64716],[176.32667,64.66572],[176.42368,64.70962],[176.31674,64.76748],[176.21013,64.87397],[176.12672,64.90827],[175.95484,64.92495],[176.02866,64.95881],[176.11109,64.9252],[176.39715,64.85993],[176.4358,64.81094],[176.53566,64.82274],[176.62615,64.86791],[176.84816,64.85008],[177.02565,64.77436],[177.20379,64.79487],[177.2977,64.83845],[177.16969,64.94562],[176.91472,65.0493],[176.99269,65.0598],[177.15113,65.03368],[177.21941,64.95637],[177.43979,64.92512],[177.49187,64.85008],[177.49187,64.78864],[177.55388,64.78156],[177.67449,64.72175],[177.74415,64.70637],[177.92677,64.70734],[177.97836,64.67194],[178.08432,64.68891],[178.24057,64.68879],[178.27345,64.66934],[178.56804,64.67878],[178.66774,64.69929],[178.75017,64.69172],[178.70191,64.64399],[178.53972,64.62372],[178.56153,64.59154],[178.75799,64.64094],[178.91179,64.7154],[179.25001,64.81122],[179.47869,64.82274],[179.71266,64.95311],[179.77955,65.01822],[179.89633,65.05549],[179.9988,65.06383],[180.32722,65.13592],[180.72373,65.63005],[180.27716,65.77073],[180.24512,66.10717],[181.01411,66.15523],[181.12625,65.88288],[181.60687,65.67461],[181.71901,65.45032],[182.58412,65.45032],[183.04872,65.61053],[184.10608,65.40226],[184.25026,64.93766],[184.57067,64.79348],[185.33966,64.69736],[185.93242,64.53715],[186.04456,64.39296],[186.86161,64.23276],[187.61458,64.39296],[187.18203,64.58521],[187.29417,64.8896],[187.88693,65.06583],[187.85489,65.41828],[189.3448,65.59451],[189.48899,65.88288],[190.29002,66.12319],[189.40888,66.37952],[188.70398,66.65186],[188.12724,66.97228],[187.34223,66.89217],[186.4611,67.08442],[185.98048,66.95626],[186.18875,66.50768],[185.57997,66.50768],[184.85904,67.32473],[184.71486,67.66116],[184.15414,67.80535],[183.72158,67.74126],[183.28903,68.04565],[182.74433,68.22188],[182.4079,68.20586],[181.95932,68.43015],[181.30248,68.52627],[181.14227,68.75056],[180.00077,68.98268],[179.7741,68.98884],[179.69215,69.0161],[179.67628,69.08128],[179.84799,69.01016],[179.95851,68.99567],[179.36061,69.22313],[179.26149,69.27216],[179.06772,69.29792],[178.98634,69.28315],[178.86166,69.29792],[178.74562,69.28368],[178.65398,69.31745],[178.67107,69.35712],[178.75587,69.37299],[178.77263,69.41523],[178.36492,69.4868],[178.21217,69.44343],[178.15602,69.46182],[177.89812,69.49917],[177.64283,69.57001],[177.35792,69.61717],[177.16228,69.61636],[176.9769,69.63443],[176.73455,69.67475],[176.50392,69.7541],[176.31316,69.77709],[176.25408,69.83031],[176.12761,69.89378],[176.14348,69.78209],[175.9262,69.77569],[175.77066,69.82038],[175.52974,69.8563],[175.50011,69.8735],[175.08838,69.84575],[174.78549,69.85468],[174.07081,69.88691],[173.92848,69.8454],[173.78785,69.88447],[173.70191,69.88695],[173.46079,69.94855],[173.27858,69.94184],[173.25367,69.91869],[173.40268,69.87653],[173.47926,69.83576],[173.36842,69.78998],[173.17937,69.84516],[172.86069,69.90347],[172.79078,69.96271],[171.99448,69.99307],[171.94646,70.00556],[171.54754,70.03856],[171.31625,70.07319],[171.0381,70.08076],[170.61085,70.11628],[170.55681,70.09243],[170.52272,69.93846],[170.55649,69.89785],[170.55006,69.80439],[170.59178,69.76472],[170.23155,69.68859],[170.16073,69.61337],[170.28635,69.57912],[170.58416,69.59955],[170.66765,69.54043],[170.67774,69.48876],[170.74244,69.44135],[170.74855,69.39118],[170.9131,69.30414],[170.92986,69.23404],[170.8921,69.18439],[170.99562,69.12653],[171.0276,69.05475],[170.96095,69.05028],[170.89438,68.99323],[170.44923,68.86347],[170.35108,68.82807],[169.6255,68.77725],[169.45387,68.84545],[169.41977,69.02363],[169.30421,69.09772],[169.15235,69.10554],[168.8506,69.18806],[168.65805,69.21357],[168.37184,69.22114],[168.28826,69.24266],[168.19207,69.37987],[168.24041,69.46182],[168.24098,69.55829],[167.92644,69.6542],[167.97788,69.68325],[167.93824,69.72224],[167.80201,69.77521],[167.67408,69.77188],[167.50953,69.69526],[166.93873,69.5021],[166.67823,69.49592],[166.62965,69.53368],[166.07521,69.52326],[165.94606,69.55781],[165.67473,69.59598],[165.26947,69.59795],[164.83426,69.5674],[164.43914,69.62075],[164.23707,69.6826],[164.02703,69.77383],[163.77303,69.6944],[163.47788,69.68773],[163.41635,69.70881],[163.16505,69.72089],[163.02312,69.68549],[162.76881,69.6542],[162.62135,69.68155],[162.40797,69.67658],[162.20973,69.65591],[162.02556,69.55117],[161.84409,69.53535],[161.70265,69.49592],[161.60035,69.42829],[161.4358,69.37987],[161.41538,69.33145],[161.46315,69.28705],[161.39926,69.22126],[161.4992,69.07193],[161.56568,69.01488],[161.57586,68.9326],[161.32765,68.79706],[161.29029,68.75373],[161.34702,68.7014],[161.2566,68.66608],[161.14991,68.57087],[161.03175,68.56049],[161.20965,68.69208],[161.21941,68.79218],[161.39405,68.94343],[161.39015,69.00552],[161.28728,69.04389],[161.05909,69.06957],[160.9629,69.10554],[161.03598,69.16267],[161.00392,69.24608],[161.02491,69.28368],[160.92123,69.46182],[161.00636,69.57734],[160.92555,69.64208],[160.8484,69.63508],[160.71949,69.66519],[160.51596,69.6872],[160.38396,69.67487],[160.25587,69.7187],[160.13722,69.71809],[159.80112,69.80703],[159.68898,69.89077],[159.78696,69.9726],[159.86931,70.00503],[159.85133,70.05492],[159.99366,70.19208],[160.10629,70.26374],[160.02491,70.41942],[159.84311,70.58153],[159.68946,70.67097],[159.2378,70.82929],[158.52361,70.96882],[158.3694,70.98054],[157.98911,71.04751],[157.77345,71.05427],[157.58579,71.07486],[157.28688,71.07453],[156.68458,71.09272],[156.28736,71.08613],[155.93637,71.09935],[155.62957,71.07241],[155.02947,71.03315],[154.73805,71.00385],[154.23878,70.96499],[154.17872,70.94212],[153.93043,70.89411],[153.66375,70.86103],[153.61785,70.88325],[152.99024,70.83462],[152.61305,70.83462],[152.21095,70.88056],[151.96909,70.94481],[151.68149,70.9759],[152.06088,70.9831],[152.13396,70.99811],[152.10353,71.05012],[151.98854,71.08731],[151.79916,71.18138],[151.76734,71.22333],[151.62257,71.29804],[151.49244,71.33316],[151.1447,71.36555],[151.03305,71.39399],[150.85873,71.37417],[150.62599,71.29841],[150.51515,71.34642],[150.55405,71.40266],[150.67018,71.46638],[150.63502,71.51496],[150.3506,71.50023],[150.27711,71.52123],[150.1172,71.51569],[149.89373,71.47114],[149.86801,71.49702],[149.96803,71.53474],[149.93881,71.57412],[150.08579,71.58149],[150.06886,71.61506],[149.9533,71.66987],[149.77247,71.64789],[149.18287,71.68879],[149.0031,71.66767],[149.0394,71.76459],[149.14869,71.77139],[149.2107,71.826],[149.40797,71.89671],[149.63136,71.78144],[149.70948,71.77289],[150.02003,71.84858],[150.06691,71.92194],[149.95135,71.99995],[149.74464,72.10033],[149.61134,72.14838],[148.96485,72.25137],[148.40203,72.31094],[147.74676,72.33881],[147.66505,72.32559],[147.43393,72.33991],[147.19557,72.3299],[147.10467,72.30557],[146.67042,72.08714],[146.36541,71.90595],[146.25856,71.87946],[146.1565,71.82071],[145.72999,71.7298],[145.57,71.74095],[145.34376,71.66328],[145.25074,71.68671],[144.90626,71.69888],[144.92677,71.78254],[145.02906,71.77066],[145.19646,71.81306],[145.21599,71.84333],[144.97438,71.91372],[144.96217,71.96662],[145.16188,71.93403],[145.32936,71.871],[145.56674,71.90607],[145.74757,71.9099],[145.81813,71.9632],[145.79127,72.02831],[145.674,72.03286],[145.6211,72.08027],[145.75034,72.20962],[145.90748,72.20336],[145.84938,72.16218],[146.0656,72.12271],[146.07895,72.1704],[146.23471,72.17243],[146.32439,72.1413],[146.26173,72.08845],[146.12989,72.0456],[145.99301,72.02973],[145.9725,71.85627],[146.24383,71.98656],[146.49537,72.06599],[146.77573,72.22846],[146.89283,72.27147],[146.92921,72.31265],[145.0687,72.26435],[144.95053,72.24225],[144.75164,72.2331],[144.59913,72.17544],[144.41554,72.17503],[144.19386,72.22801],[144.17213,72.24787],[144.29916,72.29629],[144.54786,72.25739],[144.70826,72.37409],[144.94321,72.43818],[145.0923,72.40021],[145.27687,72.39517],[145.33204,72.35419],[145.68767,72.36396],[146.06023,72.34382],[146.10865,72.35261],[146.792,72.33072],[146.80201,72.35448],[146.48373,72.40168],[146.41049,72.42695],[146.12469,72.46988],[145.95924,72.47191],[145.71412,72.49632],[145.40952,72.55589],[144.56861,72.60887],[144.30388,72.64199],[143.7072,72.66665],[143.48683,72.7001],[143.09067,72.6894],[143.03639,72.69986],[142.54282,72.71784],[142.2317,72.70156],[141.7317,72.74763],[141.55063,72.77432],[141.3899,72.84333],[141.27272,72.86636],[141.06568,72.8697],[140.72584,72.89863],[140.59425,72.89289],[140.66424,72.80903],[140.84938,72.76048],[141.01295,72.69082],[140.93409,72.56778],[140.87778,72.53775],[140.57651,72.49632],[140.07276,72.47923],[139.84474,72.503],[139.54176,72.49763],[139.32879,72.42251],[139.13575,72.3041],[139.09636,72.22655],[139.19158,72.16267],[139.38697,72.16218],[139.56072,72.232],[140.14552,72.22492],[140.21949,72.18635],[140.0276,72.14875],[139.8742,72.17817],[139.71567,72.08295],[139.71225,71.99795],[139.5739,71.93293],[139.7103,71.87092],[139.69191,71.79182],[139.73455,71.67219],[139.83619,71.58954],[140.00099,71.52497],[139.95444,71.48526],[139.83627,71.49225],[139.71778,71.45734],[139.58766,71.4951],[139.44337,71.4951],[139.36297,71.42878],[139.19223,71.41511],[139.10532,71.47736],[139.0451,71.56904],[138.87696,71.60004],[138.75603,71.64301],[138.55486,71.60688],[138.57716,71.55195],[138.43816,71.53864],[138.4214,71.59422],[138.219,71.60004],[138.03858,71.55874],[138.02654,71.48404],[137.90512,71.41177],[137.82862,71.39399],[138.00953,71.33934],[137.99244,71.29218],[138.21217,71.28644],[138.21502,71.25764],[138.06723,71.22492],[137.83139,71.25389],[137.73927,71.22948],[137.85524,71.19636],[138.01979,71.18232],[138.07439,71.13398],[137.76645,71.16804],[137.62566,71.19961],[137.55983,71.2412],[137.43336,71.27464],[137.45143,71.32233],[137.35564,71.37417],[137.21095,71.40738],[137.06609,71.41999],[136.88941,71.46223],[136.77459,71.52342],[136.51954,71.51752],[136.51637,71.5585],[136.30348,71.58299],[135.98512,71.63483],[135.62159,71.62311],[135.42189,71.59296],[135.31967,71.5312],[135.18605,71.54975],[135.03297,71.53913],[134.81023,71.48184],[134.77849,71.42878],[134.48911,71.37686],[134.16765,71.37079],[133.65008,71.43651],[133.42612,71.48998],[133.15162,71.57917],[132.98522,71.71972],[132.72967,71.76923],[132.7151,71.8107],[132.81313,71.83147],[132.77428,71.89011],[132.91386,71.94757],[132.71778,71.94623],[132.53932,71.88361],[132.26417,71.68203],[132.10646,71.51752],[132.03077,71.37592],[131.94923,71.29295],[131.98951,71.22948],[131.85092,71.2082],[131.8659,71.14887],[131.7614,71.1352],[131.77076,71.0998],[131.54615,70.88711],[131.3943,70.80732],[131.22633,70.75023],[131.042,70.73876],[130.87941,70.77391],[130.8908,70.84528],[130.78907,70.97114],[130.71551,70.90803],[130.61988,70.8664],[130.49635,70.88691],[130.46778,70.9267],[130.30063,70.94013],[130.21583,70.97944],[130.16049,71.05199],[129.86573,71.11042],[129.76271,71.14761],[129.6526,71.26089],[129.50538,71.29385],[129.3921,71.34683],[129.3143,71.46601],[129.24789,71.48627],[129.24871,71.54987],[129.11695,71.61506],[128.87525,71.59675],[128.83033,71.67914],[128.9673,71.71646],[129.09498,71.71214],[129.30543,71.76089],[129.28688,71.88349],[129.18051,71.93244],[129.09693,71.9079],[129.1893,71.83275],[129.1395,71.78392],[128.92661,71.73876],[128.7837,71.82705],[128.66391,71.86298],[128.62355,71.96259],[128.54151,71.97626],[128.44321,72.04173],[128.45338,72.09292],[128.30983,72.15143],[128.19215,72.22834],[128.10271,72.23379],[127.91212,72.29149],[127.76905,72.38646],[127.8589,72.42914],[128.14975,72.31664],[128.52882,72.25934],[128.49431,72.20279],[128.81625,72.13589],[128.93409,72.07298],[129.14576,72.10033],[129.33326,72.09105],[129.48902,72.13447],[129.32789,72.15868],[129.52166,72.24942],[129.38575,72.2569],[129.36671,72.31493],[129.48902,72.35419],[129.3685,72.39737],[129.24195,72.41568],[129.25831,72.46393],[129.11736,72.48151],[128.83937,72.46507],[128.61134,72.48273],[128.18832,72.56782],[127.99383,72.62458],[127.96062,72.66205],[128.39601,72.67316],[128.51979,72.70441],[128.66261,72.70991],[128.86883,72.67821],[129.19842,72.65518],[129.30787,72.71747],[128.35564,72.79393],[128.22804,72.81948],[128.21355,72.86066],[128.29078,72.90864],[128.67408,72.94522],[128.77125,72.97175],[128.92752,72.98016],[129.23854,72.96122],[129.35962,72.94001],[129.47893,72.97924],[129.44351,73.02894],[129.22601,73.09775],[129.06617,73.12767],[128.86427,73.11616],[128.85092,73.1555],[128.96925,73.17739],[128.89259,73.21699],[128.57032,73.26537],[128.4393,73.23627],[128.30974,73.2989],[128.36492,73.35415],[128.18336,73.36099],[128.05177,73.41633],[127.89942,73.4361],[127.98756,73.47085],[127.51108,73.496],[127.45086,73.49071],[127.18116,73.53905],[126.89666,73.53929],[126.90504,73.45718],[126.69353,73.4372],[126.6587,73.3889],[126.563,73.3815],[126.38885,73.41181],[126.28199,73.38593],[126.20777,73.42927],[126.36256,73.4431],[126.4048,73.5124],[126.22657,73.55459],[126.10377,73.51862],[125.97283,73.53229],[125.76108,73.4704],[125.53826,73.47451],[125.65187,73.52546],[125.4756,73.54084],[125.36557,73.56879],[125.17937,73.55854],[125.21241,73.64891],[125.04802,73.68309],[124.72592,73.7084],[124.7033,73.73241],[124.52036,73.75886],[124.33619,73.80484],[124.219,73.72427],[123.9026,73.7082],[123.97381,73.62702],[123.69125,73.60419],[123.5617,73.64338],[123.62908,73.69672],[123.36964,73.66267],[123.41603,73.59683],[123.2461,73.54588],[123.28191,73.46418],[123.37582,73.39509],[123.3318,73.35073],[123.41383,73.28632],[123.55348,73.2176],[123.67066,73.20331],[123.5451,73.16083],[123.37582,73.1555],[123.4004,73.09321],[123.3226,73.03457],[123.33815,72.98111],[123.13795,72.91804],[122.88998,72.95869],[122.85914,72.99848],[122.61378,73.03095],[122.46469,73.01899],[122.4367,72.97736],[122.95338,72.89155],[122.84311,72.8725],[122.35987,72.95018],[122.31324,72.93439],[122.73219,72.82656],[122.53419,72.83902],[122.42311,72.87499],[122.0433,72.89155],[121.93385,72.92414],[121.96372,72.96369],[121.79135,72.97687],[121.38819,72.97606],[121.0547,72.93179],[120.82496,72.94746],[120.65602,72.97736],[120.23121,72.98627],[119.78338,73.01801],[119.84156,72.95685],[120.54038,72.90131],[120.5337,72.87421],[119.7225,72.95893],[119.58326,73.00902],[119.53452,73.05524],[119.36671,73.07909],[119.25245,73.07319],[119.08823,73.10639],[118.91765,73.11953],[118.46241,73.20942],[118.35328,73.28242],[118.4284,73.37466],[118.34645,73.40253],[118.48951,73.48444],[118.57618,73.48627],[118.70655,73.44392],[118.94776,73.46589],[118.99757,73.49136],[118.79054,73.55598],[118.45021,73.58877],[117.91358,73.59601],[117.73512,73.5821],[117.44386,73.58877],[117.05983,73.61522],[116.60288,73.67479],[116.17286,73.67573],[115.4131,73.71039],[115.11158,73.67512],[114.85353,73.60887],[114.67465,73.5926],[114.10914,73.59955],[113.91505,73.53583],[113.49366,73.51065],[113.53541,73.43985],[113.64226,73.39435],[113.8436,73.34732],[113.72413,73.32062],[113.56235,73.2534],[113.52931,73.18268],[113.6006,73.10399],[113.53094,73.04841],[113.51686,72.95295],[113.35353,72.89126],[113.15968,72.83796],[113.23805,72.73542],[113.39096,72.68061],[114.04217,72.62067],[113.49724,72.64525],[113.26368,72.68903],[113.17726,72.73298],[113.1045,72.82197],[113.11769,72.86066],[113.31153,72.8937],[113.48707,72.96369],[113.45525,72.99311],[113.52117,73.10399],[113.48707,73.16983],[113.49464,73.33991],[113.27231,73.37519],[113.13136,73.44969],[113.31284,73.57388],[113.4227,73.59064],[113.39552,73.68578],[113.2767,73.75397],[113.1115,73.89216],[112.94606,73.94009],[112.95948,73.80659],[112.82146,73.74681],[112.60857,73.71979],[112.37184,73.70531],[112.14723,73.70795],[111.80372,73.74421],[111.43556,73.81257],[111.29518,73.86913],[111.1985,73.97793],[111.56129,74.00886],[111.53647,74.05117],[111.15903,74.03734],[111.0962,74.01789],[111.10304,73.95002],[111.00782,73.91267],[110.99692,73.91467],[110.99652,73.91186],[110.99673,73.90733],[110.58082,73.9914],[110.02149,74.01447],[109.5311,73.7753],[110.89861,73.68586],[109.71388,73.45258],[108.39332,73.31733],[107.72234,73.16852],[106.35987,73.19428],[107.13356,73.53018],[108.49171,73.77253],[108.9961,74.01557],[109.89015,74.19701],[109.99952,74.37372],[110.98542,74.54206],[111.11035,74.61609],[111.46281,74.69219],[111.75518,74.66415],[111.95544,74.72823],[112.14768,74.88444],[112.50014,74.91648],[112.88864,74.98857],[113.0128,75.06467],[113.35323,75.17681],[113.60556,75.28094],[113.7137,75.46118],[113.54147,75.50523],[113.33721,75.52926],[113.26512,75.57332],[113.29716,75.61337],[113.20504,75.64541],[113.02081,75.61738],[113.03683,75.54528],[112.88864,75.54929],[112.79251,75.58534],[112.87262,75.64141],[112.81654,75.73353],[112.66835,75.76557],[112.51616,75.77358],[112.37197,75.85768],[112.55621,75.84967],[113.26111,75.69347],[113.62158,75.65342],[113.84587,75.77758],[113.89393,75.85368],[113.70569,75.92577],[113.53747,75.93378],[113.54548,76.0219],[113.45737,76.04192],[113.46538,76.14606],[113.26512,76.2622],[112.98876,76.21815],[113.28515,76.16608],[113.05685,76.15807],[112.95672,76.06996],[112.76848,76.07797],[112.8566,76.14205],[112.77649,76.19412],[112.6243,76.22616],[112.73644,76.27021],[112.66835,76.31027],[112.67236,76.35833],[111.85531,76.56659],[111.66707,76.61866],[111.49284,76.61265],[111.55292,76.68475],[111.0663,76.71679],[110.95015,76.76685],[110.92612,76.71278],[109.33253,76.75849],[107.98463,76.62271],[107.59156,76.50503],[106.61232,76.55964],[107.2505,77.00703],[106.50001,77.02163],[105.45582,77.24046],[105.98357,77.4383],[104.67823,77.70954],[104.02329,77.7331],[102.15773,77.40229],[100.91928,76.9759],[101.23463,76.76728],[101.03598,76.52021],[99.50856,76.46874],[99.26149,76.12922],[98.57618,76.23163],[96.83058,75.91543],[96.11052,76.11066],[95.38982,76.16401],[93.6858,76.13227],[93.54982,75.85301],[91.29127,75.62897],[90.86354,75.66828],[89.13233,75.45283],[88.31446,75.18085],[87.35426,75.04389],[87.08172,74.77302],[86.63917,74.69733],[86.02003,74.26252],[86.80299,74.18403],[86.78321,73.90225],[83.48365,73.65546],[81.95688,73.66267],[80.8322,73.57176],[80.27272,73.30976],[80.84197,72.92211],[80.70411,72.54536],[81.20818,72.35493],[82.19809,72.28156],[82.18507,72.09349],[82.78696,71.90546],[83.36052,71.84064],[83.62818,71.61091],[83.14763,71.24482],[83.77467,70.47663],[82.95167,70.32514],[83.1338,70.88239],[82.20314,71.01626],[82.29656,71.2873],[82.82008,71.3913],[83.32049,71.68329],[82.86736,71.78644],[81.73666,71.6999],[79.39145,72.38557],[78.49757,72.40819],[77.74138,72.21621],[78.20362,72.00104],[77.58465,71.83112],[76.94614,72.04426],[76.0267,71.92381],[76.32545,71.55952],[77.67091,71.28612],[78.27898,71.25894],[78.61378,70.96259],[78.00172,70.96361],[77.78273,71.14248],[76.01734,71.23701],[75.34262,71.33495],[75.53289,71.5423],[75.28679,71.95991],[75.7212,72.24958],[75.702,72.54702],[74.99952,72.6739],[75.11109,72.34642],[74.9284,72.09813],[73.52589,71.82221],[73.03745,71.44099],[73.55616,71.25511],[74.31617,70.52033],[73.73455,70.18089],[73.51596,69.74641],[73.89959,69.41401],[73.7518,69.18354],[74.7151,69.08503],[75.50856,69.26142],[76.75489,69.1247],[76.92905,69.00934],[77.68263,68.88581],[77.7151,68.62104],[78.10328,68.24836],[77.53696,68.12861],[77.45948,67.78628],[77.12029,67.76854],[77.35662,68.2329],[77.31593,68.53059],[76.66261,68.76264],[76.37574,68.99396],[75.19068,68.87482],[74.45436,68.694],[74.33155,68.38557],[74.70143,68.18073],[74.73032,67.68627],[73.89959,67.29621],[73.87135,67.00633],[73.49236,66.82343],[72.49366,66.6188],[72.34734,66.30638],[71.99008,66.23078],[71.14552,66.36563],[70.36264,66.33442],[69.38649,66.51337],[69.11264,66.61884],[69.13071,66.83072],[69.93621,66.86302],[70.41326,66.56318],[70.98032,66.53587],[71.57691,66.65876],[71.72202,66.91527],[72.23129,67.16918],[72.40594,67.47997],[73.2046,67.86587],[73.09083,68.21426],[73.64438,68.5019],[72.5774,68.94038],[72.64772,69.29222],[72.50172,69.64671],[72.69166,69.83686],[72.45948,70.30443],[72.77133,70.42524],[72.8274,70.88764],[72.67075,71.10895],[72.10572,71.29035],[71.83815,71.53242],[72.20932,71.61473],[72.35084,71.8642],[72.86492,72.27167],[72.4961,72.78767],[71.56324,72.91596],[69.27662,72.84077],[68.98911,72.70588],[68.47885,71.83617],[67.94728,71.52757],[66.92701,71.29841],[66.60825,70.88068],[67.31788,70.78408],[67.09425,70.22089],[66.77101,69.74067],[67.96909,69.49128],[68.12534,69.22236],[68.48715,68.97016],[69.10906,68.87897],[68.92351,68.63727],[68.38282,68.22846],[67.05551,68.78144],[65.81723,69.14265],[64.8558,69.2954],[64.54802,69.45173],[63.41049,69.67129],[60.77027,69.84911],[60.65358,69.67276],[60.13885,69.57787],[60.84376,69.15754],[60.93832,68.96328],[60.46664,68.72232],[59.77361,68.6682],[59.96388,68.46601],[59.67482,68.33617],[59.10955,68.40473],[59.05641,68.61953],[59.41554,68.76667],[58.87875,69.00312],[57.97788,68.85297],[57.32984,68.56476],[56.62965,68.64204],[55.39291,68.56428],[54.23976,68.21133],[53.72047,68.65693],[54.10377,69.00068],[53.43702,68.91816],[52.49879,68.61953],[51.56056,68.48306],[49.13331,67.86262],[48.92498,67.68769],[48.25571,67.68268],[47.69508,67.20474],[47.7256,67.00092],[46.92693,66.84496],[45.8532,66.88703],[45.59389,67.15824],[44.95169,67.32072],[45.35043,67.73041],[46.72202,67.84492],[46.53492,68.13255],[45.94386,68.44623],[45.30637,68.54529],[43.98455,68.55134],[44.2444,68.25568],[44.00302,67.57603],[43.7614,67.22114],[44.20631,67.1247],[44.49928,66.92145],[44.4878,66.67617],[44.12387,66.31513],[44.04566,66.08104],[43.25221,66.43675],[42.7492,66.39509],[42.20094,66.53217],[41.34254,66.06289],[40.79591,65.99169],[40.2798,65.72997],[39.82691,65.607],[39.71209,65.40184],[40.3781,64.92251],[40.52849,64.57795],[40.06275,64.62189],[39.56652,64.54527],[39.30307,64.64623],[38.04643,64.85367],[37.70597,65.01738],[37.00768,65.17298],[36.5686,64.90245],[37.1215,64.39474],[37.68706,64.43087],[38.00294,64.31696],[38.0018,63.95551],[37.29103,63.81818],[37.16944,63.89509],[36.29217,64.00971],[35.8108,64.34203],[35.4105,64.28676],[34.95558,64.45222],[34.79802,64.75633],[34.81609,65.0434],[34.36899,65.39179],[34.77662,65.59658],[34.86622,65.87792],[34.49684,66.11616],[33.61988,66.30931],[33.7046,66.44383],[33.03484,66.59162],[32.89096,66.78156],[32.47828,66.90998],[32.38258,67.15965],[33.48325,66.73041],[34.88771,66.59976],[35.38063,66.41787],[36.40626,66.29475],[36.88738,66.28522],[37.92709,66.08877],[38.55437,66.055],[39.3436,66.13471],[40.44435,66.4055],[41.17807,66.80956],[41.36004,67.01362],[41.1089,67.25381],[41.01661,67.6979],[39.85939,68.05756],[39.52076,68.076],[38.66293,68.3793],[38.43458,68.35586],[37.68051,68.71345],[36.24952,69.11099],[35.33033,69.27607],[34.66179,69.2495],[32.68702,69.50275],[33.11899,69.66108],[32.05445,69.96377],[31.40903,69.71581],[30.84095,69.80584],[30.51166,69.53633],[29.33452,69.27737],[28.95408,69.02726],[28.44744,68.51489],[28.66376,68.204],[29.29866,68.08179],[30.00941,67.68584],[29.91624,67.50813],[29.09991,66.99113],[29.08916,66.83755],[29.90017,66.10806],[30.11173,65.71201],[29.70287,65.62938],[29.82048,65.09365],[29.58815,64.99143],[30.09313,64.36124],[30.55848,64.2197],[30.50933,63.99139],[29.98078,63.74154],[30.48866,63.46212],[31.22567,63.19604],[31.56952,62.90593],[31.22216,62.49172],[30.63501,62.18401],[29.77914,61.59311],[29.20316,61.2459],[28.7976,61.09684],[27.80787,60.55305],[28.21583,60.54755],[28.72193,60.72118],[28.6067,60.38947],[29.0923,60.17796],[29.70102,60.20051],[29.80421,59.94009],[29.16139,60.00263],[28.84596,59.79023],[28.4275,59.81342],[27.99342,59.70331],[28.01905,59.48176],[27.69441,58.97594],[27.41061,58.75486],[27.55489,58.39525],[27.49535,58.22146],[27.67312,57.91282],[27.35293,57.5276],[27.8403,57.29064],[27.64873,56.87927],[27.91889,56.80589],[28.12612,56.54776],[28.14891,56.14241],[29.37741,55.95403],[29.46102,55.6873],[29.86947,55.83055],[30.21777,55.85514],[30.91282,55.5716],[30.79427,55.28552],[31.00641,55.04243],[30.77061,54.78601],[31.16795,54.62158],[31.32468,54.22925],[31.74812,54.08631],[31.7538,53.81961],[32.0836,53.80964],[32.48058,53.66241],[32.71953,53.43948],[32.20592,53.10035],[31.73856,53.19254],[31.37853,53.18203],[31.24706,53.01439],[31.50514,52.84889],[31.60808,52.37246],[31.76434,52.10057],[32.09559,52.04073],[32.52843,52.31621],[32.92686,52.24692],[33.19651,52.36895],[33.80407,52.35461],[34.06824,52.03101],[34.38574,51.81767],[34.12797,51.68075],[34.28032,51.36126],[34.74809,51.16473],[34.96182,51.21532],[35.34175,50.91586],[35.42526,50.50048],[35.69687,50.34515],[36.10584,50.42111],[36.26903,50.28138],[36.68265,50.26065],[37.43526,50.42493],[37.72765,50.0787],[37.99533,49.92135],[38.34415,49.99209],[39.57043,49.7133],[40.04089,49.45548],[40.14166,49.24578],[39.75874,48.89541],[39.80918,48.58375],[39.99325,48.27323],[39.75905,47.83295],[38.87724,47.86124],[38.73451,47.67714],[38.35294,47.6071],[38.20101,47.29063],[38.21666,47.10327],[39.26401,47.26081],[39.07521,47.03266],[38.80372,46.89354],[38.40301,46.82095],[37.82732,46.47651],[38.30006,46.21865],[37.94011,46.02033],[37.82944,45.75316],[37.59506,45.63532],[37.73756,45.37474],[37.15895,45.32608],[36.78159,45.38764],[36.8401,45.10936],[37.19191,44.99103],[37.47828,44.67719],[37.92262,44.61376],[38.17774,44.40599],[38.59506,44.33194],[38.97828,44.14826],[39.98598,43.38899],[40.23313,43.57577],[40.65192,43.53897],[41.01179,43.37542],[41.38066,43.33477],[41.55057,43.22628],[42.07529,43.18527],[42.42287,43.22899],[42.75153,43.17695],[43.19434,42.92676],[43.80061,42.74646],[43.93973,42.55221],[44.27201,42.70238],[44.85936,42.75951],[45.1842,42.67484],[45.35597,42.51996],[45.69869,42.50759],[45.62138,42.22448],[45.94756,42.02291],[46.43089,41.89044],[46.74503,41.84013],[47.26841,41.3028],[47.87111,41.20818],[48.05353,41.46129],[48.37015,41.58015],[48.57895,41.84528],[47.86769,42.58466],[47.69809,42.86713],[47.46192,43.02082],[47.4909,43.46284],[47.37989,43.55972],[47.50278,43.78099],[47.24594,44.21198],[46.70094,44.44619],[46.72202,44.65534],[47.07146,44.7851],[47.60873,45.63882],[48.26979,45.77949],[48.46559,45.94017],[48.74106,45.923],[48.88705,46.12226],[49.22713,46.32788],[48.45511,46.6608],[49.00629,46.76911],[48.69726,47.10098],[48.52508,47.41023],[48.04449,47.7697],[47.43533,47.83439],[47.17446,47.77052],[47.05116,47.97464],[47.07829,48.27535],[46.47931,48.41022],[46.75382,48.91407],[47.02088,49.09685],[46.77511,49.33255],[46.89991,49.82032],[47.30872,50.0448],[47.29477,50.27543],[47.62467,50.4408],[47.99323,50.1818],[48.23931,49.86476],[48.41759,49.81169],[48.88568,50.01989],[48.7013,50.3346],[48.67339,50.57955],[49.36942,50.82677],[49.42311,51.102],[49.77906,51.10218],[50.32538,51.30346],[50.5817,51.6353],[50.92545,51.67969],[51.37193,51.62959],[51.6205,51.51869],[51.86916,51.67307],[52.33487,51.76371],[52.50582,51.47887],[53.15327,51.51267],[53.6103,51.38841],[54.17657,50.9679],[54.47857,50.85349],[54.37976,50.61944],[54.67628,50.60255],[54.63825,51.02769],[55.30539,50.66497],[55.65999,50.53004],[56.07888,50.72476],[56.508,51.06626],[57.16822,51.09378],[57.35271,50.88599],[57.73728,50.93824],[57.7688,51.11967],[58.59501,51.02337],[58.66436,50.78992],[58.92594,50.67815],[59.43764,50.63112],[59.77468,50.53371],[60.02128,50.85405],[60.30043,50.68466],[60.71849,50.65267],[61.3721,50.78248],[61.59317,51.27783],[61.4738,51.4258],[61.02328,51.48551],[60.9374,51.61117],[60.5151,51.61791],[60.45205,51.80547],[60.13807,51.88888],[60.50652,52.15165],[61.03992,52.335],[60.69617,52.73492],[61.1903,53.01315],[61.57426,52.95584],[62.09417,52.99248],[62.05066,53.12477],[61.20291,53.27644],[61.28073,53.54242],[61.00757,53.63575],[61.20198,53.81961],[61.1935,54.01825],[62.55058,54.02683],[63.08466,54.08564],[63.70865,54.25044],[64.57852,54.38557],[65.21295,54.34304],[65.21429,54.52789],[65.47738,54.63269],[65.97745,54.61171],[66.44652,54.71093],[67.62272,54.85386],[68.16605,54.95613],[68.26238,55.19405],[68.6053,55.1956],[68.7225,55.3528],[69.67387,55.33404],[70.19704,55.13348],[70.66574,55.30918],[70.97715,55.07798],[71.00598,54.77423],[71.18034,54.72736],[71.1823,54.10156],[71.70873,54.1322],[72.06674,54.22238],[72.1518,54.36826],[72.65616,54.04254],[73.48526,53.87485],[73.22967,53.66241],[73.39121,53.52025],[73.87273,53.63213],[74.2139,53.59704],[75.02791,53.80793],[75.64037,54.09887],[76.76609,54.36459],[76.5257,53.96131],[77.61276,53.44279],[77.8668,53.27233],[78.47648,52.63793],[79.46981,51.49259],[79.99008,50.78812],[80.43905,50.95813],[80.47615,51.20964],[80.68275,51.30201],[81.14717,51.13595],[81.4008,50.95911],[81.46023,50.73034],[81.76346,50.78434],[82.07311,50.71567],[83.43396,50.99265],[83.8205,50.86801],[84.10172,50.62859],[84.24998,50.25993],[84.97577,50.07519],[85.26309,49.58152],[85.38402,49.61568],[86.11152,49.52018],[86.6102,49.79551],[86.77587,49.695],[86.90506,49.35192],[87.3238,49.08527],[87.81632,49.16584],[87.95678,49.16889],[88.19997,49.45435],[88.87063,49.436],[89.25221,49.62943],[89.68231,49.70834],[89.62386,49.90269],[90.05123,50.08418],[90.6839,50.21621],[91.01205,50.4253],[91.41574,50.46137],[91.74978,50.68409],[92.15885,50.6891],[92.30168,50.84336],[92.64978,50.67407],[93.01141,50.62332],[94.23759,50.56524],[94.34435,50.24918],[94.62454,50.01519],[95.48061,49.8922],[95.86705,50.01498],[96.37286,49.88605],[96.9692,49.88667],[97.30169,49.72554],[97.56658,49.9168],[98.10557,50.06387],[98.29346,50.51862],[98.0233,50.64203],[97.80636,51.00113],[98.05089,51.46642],[98.33222,51.71832],[98.71111,51.84511],[98.8556,52.10669],[99.32389,51.93422],[99.67932,51.88867],[100.00597,51.73173],[100.5109,51.7269],[101.3878,51.45056],[102.05122,51.38361],[102.32763,50.54555],[102.58659,50.41527],[103.60141,50.13353],[104.12169,50.14826],[104.4058,50.30055],[105.32864,50.47645],[105.98488,50.39977],[106.24486,50.29026],[106.65652,50.32701],[107.22491,49.99705],[107.94652,49.93349],[108.03266,49.58933],[108.53806,49.32743],[109.28669,49.33854],[110.18142,49.16196],[110.37117,49.24175],[110.73136,49.13767],[111.33845,49.36474]]],[[[131.87574,43.05101],[131.79884,43.05264],[131.75701,42.99006],[131.83725,42.96113],[131.91505,42.98428],[131.92091,43.02416],[131.87574,43.05101]]],[[[150.56935,46.23176],[150.47823,46.20998],[150.39741,46.2311],[150.21106,46.17922],[150.21144,46.13475],[150.14975,46.09471],[150.02017,46.07302],[149.92335,45.99795],[149.81105,45.87983],[149.66733,45.85322],[149.5534,45.70991],[149.48231,45.66938],[149.45297,45.5998],[149.52906,45.58356],[149.57374,45.60847],[149.63777,45.61095],[149.75465,45.68415],[149.84213,45.7602],[149.9214,45.79377],[149.94764,45.82237],[150.02295,45.8238],[150.14234,45.89802],[150.18997,45.98383],[150.24537,46.03703],[150.36329,46.08153],[150.56935,46.23176]]],[[[152.20045,47.14232],[152.15895,47.13386],[152.04965,47.01496],[151.95021,46.95209],[151.8733,46.87181],[151.83766,46.85627],[151.74545,46.86176],[151.70533,46.84829],[151.71217,46.80663],[151.80141,46.76603],[152.02003,46.9029],[152.08644,46.97675],[152.15707,47.01895],[152.18442,47.07148],[152.29493,47.14248],[152.20045,47.14232]]],[[[152.54029,47.32514],[152.50343,47.38325],[152.42628,47.38349],[152.42973,47.31919],[152.52444,47.29865],[152.54029,47.32514]]],[[[153.04711,47.70702],[153.06161,47.79356],[153.02127,47.7996],[152.97019,47.75157],[152.96611,47.69529],[153.04711,47.70702]]],[[[153.29363,48.04218],[153.28842,48.07746],[153.21473,48.12572],[153.15907,48.09218],[153.20094,48.05265],[153.29363,48.04218]]],[[[154.06023,48.74872],[154.08741,48.79426],[154.17872,48.83568],[154.22136,48.87287],[154.2129,48.91767],[154.14698,48.91498],[154.10035,48.87299],[154.06593,48.80785],[153.99366,48.77936],[154.06023,48.74872]]],[[[154.5315,49.08625],[154.60133,49.11107],[154.563,49.15717],[154.45704,49.17145],[154.47234,49.10444],[154.5315,49.08625]]],[[[154.86817,49.63239],[154.82309,49.64521],[154.74733,49.58552],[154.761,49.5585],[154.68653,49.45889],[154.60825,49.37499],[154.60279,49.30341],[154.71998,49.26704],[154.81511,49.31021],[154.83465,49.35273],[154.79713,49.45698],[154.83204,49.51708],[154.87599,49.54352],[154.90187,49.61225],[154.86817,49.63239]]],[[[154.46085,49.74432],[154.49134,49.78325],[154.42237,49.81602],[154.3739,49.77847],[154.41192,49.7331],[154.46085,49.74432]]],[[[156.11948,50.49799],[156.15252,50.51903],[156.15943,50.59663],[156.12037,50.65034],[156.12322,50.72818],[156.07325,50.78156],[155.97779,50.74738],[155.8895,50.69086],[155.86207,50.61457],[155.78956,50.52025],[155.7671,50.46841],[155.71778,50.42308],[155.63185,50.38369],[155.41017,50.36017],[155.32016,50.28889],[155.26783,50.30671],[155.20191,50.29352],[155.19288,50.25349],[155.24985,50.21577],[155.25506,50.15469],[155.22088,50.10993],[155.22779,50.05475],[155.29461,50.06452],[155.38453,50.0375],[155.48032,50.11909],[155.56153,50.16657],[155.62281,50.17939],[155.7732,50.18659],[155.83692,50.24348],[155.88494,50.25373],[155.99757,50.3874],[156.03761,50.4099],[156.0569,50.48627],[156.11948,50.49799]]],[[[156.40577,50.6542],[156.51099,50.76585],[156.48357,50.85692],[156.39552,50.86848],[156.25441,50.7932],[156.19939,50.7805],[156.16847,50.73664],[156.18002,50.68842],[156.25823,50.65096],[156.40577,50.63011],[156.40577,50.6542]]],[[[155.66994,50.81195],[155.67286,50.87031],[155.63126,50.91228],[155.54379,50.92982],[155.47413,50.92182],[155.44679,50.88459],[155.52329,50.81342],[155.66994,50.81195]]],[[[142.84278,54.28071],[142.73357,54.42145],[142.68149,54.41596],[142.68678,54.36913],[142.6255,54.3273],[142.6491,54.28339],[142.52019,54.28563],[142.44337,54.26919],[142.40952,54.23163],[142.46754,54.1457],[142.70826,53.94823],[142.71852,53.90729],[142.67994,53.81733],[142.60743,53.70905],[142.67311,53.7143],[142.71315,53.80915],[142.77613,53.82416],[142.80006,53.69758],[142.71852,53.6402],[142.64137,53.68179],[142.53338,53.67621],[142.49269,53.63809],[142.50856,53.55976],[142.58619,53.57583],[142.66627,53.55264],[142.57667,53.50007],[142.52117,53.42036],[142.45533,53.38028],[142.30738,53.3664],[142.23707,53.41999],[142.25538,53.48835],[142.22975,53.52082],[142.094,53.49429],[141.95704,53.45628],[141.88543,53.41267],[141.76881,53.37165],[141.80974,53.33759],[141.8034,53.27139],[141.83375,53.16913],[141.91334,53.07343],[141.9284,53.02066],[141.89243,52.95539],[141.86573,52.86026],[141.86793,52.79475],[141.84376,52.74103],[141.84303,52.66877],[141.80974,52.59772],[141.84376,52.59081],[141.78297,52.46735],[141.66098,52.38247],[141.64186,52.31818],[141.67311,52.27558],[141.65895,52.21662],[141.69988,52.16572],[141.64503,52.08478],[141.67555,51.91242],[141.63901,51.88451],[141.80958,51.80622],[141.81715,51.67227],[141.86671,51.61245],[141.94174,51.60521],[141.94272,51.55927],[142.07895,51.47138],[142.07716,51.41901],[142.17856,51.31415],[142.17302,51.25849],[142.25514,51.15913],[142.26686,51.07429],[142.20069,50.95966],[142.12843,50.89452],[142.09702,50.82193],[142.09278,50.7141],[142.06284,50.65803],[142.04518,50.52827],[142.15008,50.34569],[142.13526,50.29121],[142.15553,50.23965],[142.17384,50.08641],[142.15968,49.97651],[142.12501,49.89765],[142.15187,49.82551],[142.15968,49.67796],[142.12501,49.46231],[142.06284,49.31489],[142.07716,49.19819],[142.02394,49.09931],[142.03614,49.06167],[141.99155,48.93439],[141.96046,48.904],[141.9673,48.86237],[141.85743,48.77424],[141.87306,48.68854],[141.91961,48.60912],[142.09702,48.39688],[142.13868,48.31806],[142.174,48.15131],[142.19109,47.96674],[142.17742,47.93041],[142.10572,47.87482],[142.06284,47.77993],[142.00538,47.69741],[141.96583,47.61249],[141.95167,47.48115],[141.99122,47.36957],[141.97511,47.29759],[142.02858,47.23249],[142.05665,47.16975],[142.05665,47.0537],[141.88543,46.73159],[141.8659,46.67048],[141.82228,46.60228],[141.81422,46.5384],[141.83758,46.41559],[141.8991,46.27912],[141.93605,46.09955],[141.93263,46.03579],[142.00148,45.97801],[142.03981,45.9243],[142.09425,45.90278],[142.11997,45.99217],[142.20167,46.03067],[142.20387,46.07966],[142.24635,46.16836],[142.28191,46.32746],[142.32423,46.38898],[142.4065,46.55366],[142.4572,46.6308],[142.52906,46.68378],[142.61842,46.71857],[142.72462,46.74079],[142.77223,46.60977],[142.82781,46.59296],[142.93377,46.61489],[143.06715,46.58759],[143.15952,46.59829],[143.23536,46.56647],[143.34278,46.56281],[143.39308,46.53295],[143.33107,46.48823],[143.3379,46.40941],[143.37941,46.33739],[143.4214,46.22313],[143.42897,46.12743],[143.52329,46.2381],[143.57732,46.33503],[143.62574,46.3747],[143.57993,46.4182],[143.52589,46.58552],[143.51149,46.77021],[143.4546,46.84829],[143.41871,46.79971],[143.29689,46.80048],[143.22023,46.83564],[143.1937,46.77997],[143.32374,46.75629],[143.38559,46.72476],[143.34132,46.68378],[143.25473,46.71503],[143.17286,46.70783],[143.13746,46.7735],[143.08383,46.81346],[143.11964,46.8749],[143.10206,46.94758],[143.03248,47.07075],[143.04298,47.14924],[143.01637,47.25361],[142.9109,47.36522],[142.8143,47.4195],[142.75953,47.43122],[142.63209,47.58124],[142.59213,47.64208],[142.54526,47.76667],[142.53452,47.88996],[142.54957,48.02009],[142.61402,48.19017],[142.65854,48.2696],[142.79274,48.56257],[142.9201,48.80781],[142.98845,48.91669],[142.97462,49.04588],[143.0088,49.12303],[143.07032,49.18488],[143.17416,49.246],[143.3711,49.29922],[143.63917,49.30561],[143.6194,49.32404],[143.36606,49.32233],[143.26393,49.36017],[143.30201,49.40518],[143.40349,49.40046],[143.49903,49.34919],[143.72828,49.33535],[143.70216,49.3061],[144.00603,49.26935],[144.10108,49.23127],[144.24594,49.13174],[144.28004,49.07844],[144.36573,49.0207],[144.43385,49.00019],[144.50367,48.94872],[144.63258,48.80829],[144.66334,48.70067],[144.7068,48.80305],[144.66684,48.88963],[144.44142,49.01386],[144.38502,49.0727],[144.28273,49.25019],[144.22169,49.43838],[144.22218,49.53262],[144.13722,49.63959],[144.12615,49.74689],[144.0442,49.89765],[144.0027,50.01284],[143.91098,50.15086],[143.79029,50.30923],[143.70151,50.60537],[143.67897,50.73652],[143.58668,51.01073],[143.53793,51.23973],[143.48308,51.25454],[143.46608,51.29686],[143.37941,51.35008],[143.44239,51.36725],[143.46176,51.46955],[143.39422,51.56464],[143.32521,51.59284],[143.3379,51.50837],[143.2212,51.53164],[143.26108,51.67821],[143.31039,51.75434],[143.25506,51.8371],[143.1631,51.87397],[143.16481,51.91364],[143.1255,51.96703],[143.15935,51.99567],[143.13347,52.07982],[143.09767,52.10423],[143.15577,52.20368],[143.1775,52.31379],[143.11866,52.3378],[143.2295,52.51948],[143.27231,52.46332],[143.19776,52.42585],[143.22446,52.36176],[143.3047,52.47138],[143.3379,52.7038],[143.32488,52.80931],[143.36052,52.87141],[143.327,52.93635],[143.29005,53.15192],[143.25441,53.21552],[143.21062,53.36323],[143.18287,53.39899],[143.10816,53.42512],[143.1211,53.51805],[143.09067,53.55976],[143.03028,53.53998],[142.96778,53.66649],[142.93971,53.74974],[142.89015,53.81314],[142.92677,53.82978],[142.90594,53.91185],[142.92709,53.97533],[142.98845,54.04719],[143.00392,54.13548],[142.89584,54.24559],[142.84278,54.28071]]],[[[137.8357,54.39912],[137.84832,54.43773],[137.9275,54.47451],[137.91798,54.50943],[137.83229,54.49103],[137.81642,54.44432],[137.8357,54.39912]]],[[[137.63445,54.41132],[137.6089,54.44111],[137.6504,54.48212],[137.62257,54.57079],[137.55104,54.52204],[137.56813,54.39663],[137.63445,54.41132]]],[[[168.11036,54.50349],[168.1019,54.52497],[167.84523,54.68732],[167.78403,54.70173],[167.73406,54.76264],[167.56267,54.80732],[167.55779,54.83918],[167.43914,54.86628],[167.4489,54.82046],[167.50115,54.7851],[167.69899,54.68968],[167.73487,54.6634],[167.82008,54.64737],[167.93735,54.59418],[168.04249,54.52155],[168.11036,54.50349]]],[[[137.18067,55.09321],[137.14633,55.12617],[136.97901,55.08686],[136.79379,55.00971],[136.69077,54.95441],[136.67042,54.90729],[136.81275,54.94302],[136.92335,54.95783],[136.94304,54.92284],[137.01791,54.92036],[137.08815,54.95441],[137.06511,55.00023],[137.11362,55.02538],[137.18067,55.09321]]],[[[137.78639,55.1376],[137.60613,55.2001],[137.54396,55.17862],[137.4922,55.11953],[137.46144,55.0268],[137.39015,55.00629],[137.27491,54.89826],[137.2492,54.80915],[137.29274,54.79584],[137.3947,54.85139],[137.48536,54.87934],[137.54412,54.78474],[137.58522,54.75104],[137.64625,54.66132],[137.70607,54.62499],[137.74269,54.66022],[137.85694,54.72578],[137.87908,54.75971],[137.98618,54.79743],[137.98618,54.88276],[138.1128,55.00629],[138.18824,55.02106],[138.1836,55.0576],[138.02491,55.05573],[137.96616,55.07197],[137.97202,55.10643],[137.92905,55.15314],[137.85597,55.13321],[137.78639,55.1376]]],[[[165.95558,55.36424],[165.80055,55.27192],[165.89845,55.25727],[165.99293,55.22191],[166.08058,55.12043],[166.08286,55.06061],[166.16261,54.9997],[166.1893,54.95368],[166.28191,54.90827],[166.35646,54.83954],[166.47478,54.83234],[166.50196,54.78046],[166.65211,54.68732],[166.6644,54.75642],[166.63722,54.8111],[166.64975,54.84455],[166.57325,54.91242],[166.47901,54.94355],[166.39536,55.00625],[166.38673,55.03172],[166.25025,55.15229],[166.22633,55.25007],[166.28777,55.3039],[166.25367,55.33185],[166.17994,55.3194],[165.95558,55.36424]]],[[[150.6107,59.00572],[150.7828,59.09086],[150.69853,59.14045],[150.66309,59.09502],[150.54828,59.0619],[150.48139,58.99969],[150.6107,59.00572]]],[[[164.58082,59.18317],[164.55812,59.23969],[164.39519,59.18391],[164.28305,59.11371],[163.9667,59.02856],[163.85985,58.96147],[163.76633,58.87212],[163.77955,58.8104],[163.65438,58.69051],[163.61054,58.60746],[163.55529,58.57303],[163.445,58.56139],[163.41285,58.53537],[163.44565,58.47557],[163.515,58.49715],[163.58546,58.55789],[163.78994,58.64287],[163.84603,58.69051],[163.95485,58.70753],[164.12125,58.78072],[164.1797,58.82567],[164.25601,58.7986],[164.40773,58.86489],[164.63187,58.86537],[164.68084,58.90518],[164.70954,59.00618],[164.73407,59.02325],[164.63722,59.09935],[164.58082,59.18317]]],[[[161.82553,69.55035],[161.89864,69.57404],[161.89377,69.65384],[161.66724,69.63668],[161.75156,69.55324],[161.82553,69.55035]]],[[[170.27528,69.77337],[170.12487,69.77338],[169.97479,69.74181],[170.10148,69.68721],[170.27528,69.77337]]],[[[169.41228,69.77025],[169.45265,69.82624],[169.42384,69.87299],[169.22771,69.90729],[168.82984,69.93989],[168.63787,69.98603],[168.26466,70.02412],[167.99106,69.9571],[167.82252,69.88101],[167.75375,69.83234],[167.79086,69.80834],[168.05991,69.76366],[168.17254,69.69522],[168.87452,69.56786],[169.18946,69.57518],[169.30991,69.66446],[169.27849,69.71996],[169.30592,69.77025],[169.41228,69.77025]]],[[[161.58668,70.81802],[161.47869,70.80341],[161.69459,70.75043],[161.65626,70.81338],[161.58668,70.81802]]],[[[160.69377,70.8963],[160.51783,70.93529],[160.40797,70.91425],[160.45075,70.87219],[160.55281,70.88479],[160.50407,70.80501],[160.59725,70.79297],[160.76397,70.80404],[160.69377,70.8963]]],[[[137.87013,71.57954],[137.70607,71.59642],[137.58009,71.57685],[137.4725,71.58674],[137.21827,71.57624],[137.04314,71.51105],[137.34409,71.42756],[137.39503,71.48115],[137.52198,71.47541],[137.58619,71.4374],[137.76743,71.43073],[137.96583,71.51069],[137.87013,71.57954]]],[[[128.91017,72.64008],[128.65252,72.67577],[128.13453,72.6435],[128.33937,72.56102],[128.65333,72.52749],[128.78273,72.54536],[128.91017,72.64008]]],[[[129.33406,72.7737],[129.41714,72.8126],[129.39861,72.86602],[129.21966,72.92641],[128.99408,72.93247],[128.73566,72.88415],[128.41901,72.86926],[128.31715,72.81232],[129.20704,72.76189],[129.33406,72.7737]]],[[[119.80226,73.0395],[120.23024,73.0395],[120.27858,73.1009],[120.02198,73.16812],[119.792,73.16234],[119.65854,73.10859],[119.80226,73.0395]]],[[[127.69093,73.54287],[127.61769,73.50031],[127.98129,73.49409],[127.69093,73.54287]]],[[[142.27377,73.86571],[142.04518,73.91657],[141.59474,73.90607],[141.36801,73.86384],[141.12721,73.88166],[140.93474,73.81928],[140.86638,73.77977],[140.65992,73.57998],[140.4933,73.48504],[140.23487,73.4523],[139.90652,73.47103],[139.76709,73.41834],[139.8167,73.33907],[139.9651,73.32657],[140.15961,73.34718],[140.2887,73.38317],[140.50265,73.40544],[140.78862,73.41001],[141.51243,73.29935],[142.53828,73.21383],[142.75718,73.22087],[143.17495,73.17658],[143.40656,73.18839],[143.56511,73.23115],[143.47495,73.32062],[143.44093,73.40876],[143.53696,73.44355],[143.40724,73.54279],[143.15333,73.6424],[143.03028,73.65888],[142.58277,73.82534],[142.27377,73.86571]]],[[[124.58595,73.91584],[124.45883,73.92329],[124.29444,73.89541],[124.39047,73.84663],[124.51417,73.84138],[124.62957,73.87226],[124.58595,73.91584]]],[[[135.74513,74.1704],[135.58953,74.23505],[135.39129,74.23456],[135.4393,74.16112],[135.55299,74.15103],[135.66017,74.11017],[135.73268,74.04121],[136.04168,73.93806],[136.13526,73.87922],[136.2483,73.9121],[136.26271,73.989],[136.02613,74.09772],[135.74513,74.1704]]],[[[140.5451,73.91584],[140.62477,73.94318],[141.03777,74.00385],[141.11264,74.16608],[141.05836,74.23444],[140.89145,74.27652],[140.3499,74.25422],[140.22189,74.22008],[140.16472,74.07064],[140.32667,73.93863],[140.43775,73.90843],[140.5451,73.91584]]],[[[116.05299,74.28522],[116.12485,74.32323],[116.0228,74.37836],[115.94125,74.36896],[115.88998,74.3037],[116.05299,74.28522]]],[[[113.36638,74.35122],[113.42945,74.39419],[113.40577,74.44404],[113.31446,74.4798],[113.0477,74.49567],[112.74977,74.49579],[112.41139,74.53339],[112.11012,74.55121],[112.00733,74.53815],[111.97316,74.47822],[111.98683,74.3957],[111.90268,74.35586],[111.64772,74.37995],[111.46852,74.34479],[111.48455,74.29247],[111.58131,74.26016],[111.93873,74.21711],[112.16285,74.13858],[112.47706,74.12263],[112.77491,74.08808],[112.84571,74.10834],[112.96656,74.19359],[113.1574,74.225],[113.28159,74.27961],[113.24122,74.30003],[113.36638,74.35122]]],[[[146.7295,75.48823],[146.6631,75.55561],[146.48634,75.59439],[146.38917,75.58515],[146.28492,75.40302],[146.18238,75.36205],[146.17286,75.29072],[146.07179,75.2403],[146.21803,75.17634],[146.64845,75.1284],[146.95582,75.05419],[147.0879,75.00519],[147.31511,74.97346],[147.66383,74.95344],[147.74879,74.91608],[148.17213,74.80353],[149.20899,74.758],[149.29371,74.77204],[149.71754,74.76557],[149.79591,74.80512],[150.60922,74.8935],[150.69068,74.95978],[150.64649,75.00239],[150.77003,75.05296],[150.81227,75.10301],[150.92677,75.15209],[150.70965,75.1669],[150.63282,75.11652],[150.41749,75.13459],[150.26645,75.16572],[150.12941,75.22553],[149.1268,75.26862],[148.89991,75.22272],[148.61036,75.21552],[148.44451,75.2873],[148.58009,75.38251],[148.40773,75.42109],[147.83855,75.41909],[147.68621,75.44208],[147.37387,75.44038],[147.27166,75.40632],[147.32545,75.34984],[147.15504,75.33637],[146.79672,75.36636],[146.6421,75.4477],[146.7295,75.48823]]],[[[135.84449,75.38264],[136.03297,75.44404],[135.96713,75.47948],[135.99138,75.52717],[136.1683,75.6009],[136.16017,75.62962],[135.93279,75.67593],[135.85401,75.71141],[135.81642,75.78059],[135.73601,75.82583],[135.60271,75.76435],[135.5394,75.67796],[135.59409,75.56818],[135.45118,75.44746],[135.45004,75.37568],[135.84449,75.38264]]],[[[152.82504,76.08881],[152.88429,76.11612],[152.82927,76.19619],[152.62045,76.16942],[152.55486,76.13935],[152.70411,76.09398],[152.82504,76.08881]]],[[[139.10963,76.09687],[138.99513,76.14452],[138.96079,76.20694],[138.53273,76.1861],[138.39161,76.07388],[138.3283,76.13605],[138.13803,76.11884],[138.02752,76.03193],[137.71192,76.01313],[137.43295,75.95319],[137.43198,75.88727],[137.60141,75.80931],[137.58839,75.77359],[137.1985,75.78962],[137.06764,75.72578],[137.15699,75.69107],[137.14015,75.65282],[137.27955,75.59138],[137.18385,75.5395],[137.30104,75.47134],[137.14869,75.46483],[137.43067,75.38935],[137.37623,75.35041],[137.11769,75.34321],[137.03932,75.38801],[136.86215,75.36205],[136.94166,75.2635],[137.1491,75.13422],[137.43279,75.05044],[137.65138,75.02277],[137.79379,74.97541],[137.89527,74.84618],[138.1657,74.77619],[138.8156,74.71406],[139.01596,74.65754],[139.12721,74.65229],[139.34344,74.6874],[139.49627,74.76756],[139.56202,74.84553],[139.48024,74.8686],[139.49513,74.94693],[139.62428,74.97846],[139.84962,74.96483],[139.86997,74.92381],[139.97364,74.90339],[140.0687,74.82795],[140.35133,74.84007],[140.54916,74.87763],[140.63754,74.87543],[141.11402,74.91665],[141.3711,74.9195],[141.84376,74.99897],[142.19874,75.00422],[142.36451,74.93065],[142.29542,74.9228],[142.08058,74.96483],[141.97413,74.93378],[142.35564,74.82453],[142.51401,74.81737],[142.6797,74.88988],[142.8213,74.87641],[143.46453,74.90005],[143.70777,74.94746],[143.61451,75.01114],[143.44801,75.0058],[143.01295,75.06513],[142.83302,75.07062],[142.62818,75.09699],[142.58033,75.15974],[142.43946,75.20311],[142.41017,75.26675],[142.19988,75.34882],[142.15602,75.39936],[142.18702,75.47134],[142.08318,75.52595],[142.18336,75.62824],[142.06039,75.6682],[142.38136,75.66181],[142.32399,75.7119],[142.66017,75.73298],[143.00115,75.70795],[143.04298,75.64667],[143.01352,75.60244],[142.72438,75.55069],[142.53452,75.47655],[142.49431,75.37568],[142.65952,75.30878],[142.74,75.23017],[142.83758,75.22553],[142.87224,75.15664],[143.08253,75.11083],[143.41481,75.06708],[143.51588,75.08731],[143.75074,75.08177],[143.99855,75.02497],[144.15284,75.04645],[144.33123,75.04678],[144.49635,75.11197],[144.68816,75.15998],[144.72136,75.24604],[144.88917,75.25804],[144.89381,75.2923],[144.66725,75.34154],[144.72934,75.43159],[145.07195,75.50064],[145.36622,75.54023],[145.17416,75.60822],[144.80983,75.64423],[144.72413,75.69501],[144.60963,75.69847],[144.19142,75.76699],[143.94711,75.83478],[143.58481,75.86982],[143.27752,75.81599],[143.05885,75.80683],[142.92872,75.83222],[142.54689,75.86298],[142.14568,76.01191],[141.9131,76.06074],[141.70216,76.121],[141.39137,76.1435],[141.58522,76.00751],[141.23097,76.05707],[141.03858,76.05288],[140.90895,75.98412],[140.87875,75.89692],[140.90496,75.84837],[140.86443,75.73884],[141.06227,75.65009],[140.9865,75.62067],[140.67677,75.62328],[140.43832,75.65021],[140.45631,75.70466],[140.54591,75.75552],[140.48072,75.80093],[140.25994,75.83112],[140.1504,75.80052],[139.95607,75.83584],[139.79135,75.89448],[139.91163,75.93745],[139.79493,75.97842],[139.55397,76.01138],[139.10963,76.09687]]],[[[112.51857,76.61579],[112.32936,76.65742],[111.96632,76.63007],[112.1194,76.54922],[112.31007,76.534],[112.4629,76.45502],[112.61801,76.45881],[112.54762,76.52749],[112.51857,76.61579]]],[[[149.2558,76.63377],[149.26322,76.71058],[149.40035,76.77021],[148.86674,76.734],[148.46876,76.65694],[148.4522,76.62334],[149.2558,76.63377]]],[[[22.76722,54.35627],[22.6804,54.45321],[22.80887,54.89376],[22.58067,55.05762],[22.09987,55.02992],[21.2676,55.24867],[21.23015,54.93891],[20.53094,54.96467],[20.98943,55.27312],[20.92457,55.28266],[20.63404,55.04877],[20.0337,54.94819],[19.68028,54.43668],[20.92961,54.39782],[22.76722,54.35627]]],[[[50.27589,69.19196],[49.27174,69.50796],[48.80633,69.49323],[48.30421,69.2768],[48.21876,68.90925],[48.59205,68.73086],[49.71974,68.88996],[50.27589,69.19196]]],[[[59.35182,70.35309],[59.02361,70.4798],[58.52231,70.33112],[58.69557,70.00283],[59.43149,69.88947],[59.56349,69.71503],[60.47592,69.72248],[60.47592,69.92048],[59.78289,70.1315],[59.35182,70.35309]]],[[[181.28318,71.64295],[180.01789,71.60926],[180.01789,71.1252],[180.01789,71.06458],[180.67578,70.9806],[182.0874,71.11402],[182.57446,71.30958],[181.62305,71.61329],[181.28318,71.64295]]],[[[77.77076,72.305],[78.39454,72.4914],[77.6102,72.63471],[76.91798,72.29304],[77.77076,72.305]]],[[[79.54135,72.92552],[79.14039,73.0954],[78.5923,72.86213],[79.57203,72.74055],[79.54135,72.92552]]],[[[55.30421,73.33934],[54.93483,73.42536],[54.19077,73.2722],[53.15561,73.15058],[53.14194,72.96247],[52.39763,72.71792],[52.91424,72.59699],[52.33229,72.07062],[51.61004,72.0917],[51.40138,71.87051],[51.5324,71.5659],[51.86199,71.45624],[52.5739,71.57587],[53.25172,71.45604],[53.49187,71.07246],[54.00652,70.7578],[55.81756,70.61335],[57.17189,70.61319],[57.06324,70.86245],[56.10572,71.25898],[55.67213,71.61103],[55.34278,72.06558],[55.73854,72.78425],[56.2199,72.82656],[56.43523,73.23013],[55.30421,73.33934]]],[[[70.94874,73.51748],[69.98268,73.40811],[69.93426,73.13174],[70.2566,73.03828],[71.66912,73.22748],[70.94874,73.51748]]],[[[68.15854,76.9676],[66.94353,76.94896],[65.16896,76.47529],[62.9568,76.20694],[61.63697,76.31196],[60.83839,76.12299],[60.26808,76.11009],[58.25913,75.69286],[58.1867,75.58877],[57.04623,75.39814],[56.88087,75.22329],[55.80836,75.15664],[55.89601,74.66063],[55.52735,74.3461],[54.72584,73.97793],[53.86866,73.77871],[54.47389,73.39081],[55.02068,73.44355],[56.57879,73.26081],[57.25392,73.45718],[57.94597,73.80659],[57.87843,73.93431],[58.50831,74.21747],[58.57049,74.38886],[59.22145,74.61542],[59.87477,74.62849],[60.56056,74.86628],[60.83253,75.1529],[62.04819,75.45034],[63.30437,75.58861],[66.17856,75.96198],[68.28793,76.28132],[68.93067,76.71939],[68.15854,76.9676]]],[[[102.92994,79.2757],[101.30991,79.23876],[100.25465,78.66535],[100.04965,78.34321],[99.26832,78.04157],[100.03728,77.96162],[101.20981,78.19351],[102.86573,78.21914],[104.78736,78.33637],[105.40789,78.56623],[105.17506,78.80927],[104.4992,78.86376],[103.98911,79.13085],[102.92994,79.2757]]],[[[90.90211,80.07364],[91.26238,79.90302],[92.62477,79.6728],[93.72389,79.92731],[90.90211,80.07364]]],[[[97.77426,80.13142],[94.93556,80.07128],[94.28834,79.89859],[93.74887,79.54385],[95.01824,79.03852],[96.79851,78.9892],[97.76075,78.80878],[99.40561,78.82246],[99.94663,78.97012],[99.57057,79.27216],[100.02247,79.82355],[99.19899,80.04999],[97.77426,80.13142]]],[[[57.09767,80.34516],[55.98927,80.33666],[55.94858,80.07844],[56.9568,80.06631],[57.09767,80.34516]]],[[[59.26433,80.34321],[58.4524,80.46809],[57.27442,80.39155],[57.21974,80.24128],[59.26433,80.34321]]],[[[47.86549,80.81208],[45.09474,80.64916],[46.08399,80.43989],[46.99244,80.55272],[47.86549,80.81208]]],[[[62.25563,80.7923],[62.06772,80.87987],[59.69386,80.83714],[59.22926,80.64411],[59.6364,80.43122],[61.04461,80.40518],[62.25563,80.7923]]],[[[49.99733,80.86506],[49.63103,80.63959],[47.42799,80.3227],[47.63315,80.11782],[49.10719,80.18952],[49.72779,80.49433],[50.94955,80.53677],[51.70094,80.67695],[50.72429,80.89545],[49.99733,80.86506]]],[[[64.70484,81.20527],[64.03647,80.98688],[62.5298,80.84382],[63.13071,80.68309],[64.42563,80.74087],[65.44581,80.91962],[64.70484,81.20527]]],[[[95.96754,81.20502],[93.05274,80.99543],[92.74049,80.51301],[91.91847,80.46841],[92.50489,80.15766],[93.6941,79.99811],[95.03395,80.13825],[97.188,80.23359],[96.97299,80.90607],[95.96754,81.20502]]]]}},{"type":"Feature","properties":{"ADMIN":"China","ISO_A3":"CHN"},"geometry":{"type":"MultiPolygon","coordinates":[[[[111.51943,44.18857],[111.74982,44.00807],[111.74995,44.00297],[111.7807,43.98621],[111.83879,43.93879],[111.93023,43.8209],[111.94407,43.7869],[111.93335,43.69664],[111.84581,43.66692],[111.75849,43.66339],[111.75984,43.60997],[111.59725,43.52339],[110.93372,43.28777],[110.40673,42.76861],[109.66734,42.54898],[109.48513,42.4493],[108.79685,42.39837],[108.17736,42.45431],[106.76783,42.28662],[105.86861,41.99348],[105.27448,41.75546],[105.01481,41.59614],[104.49799,41.66578],[104.50078,41.8706],[103.72099,41.75557],[103.07348,42.00452],[102.03416,42.18461],[101.6376,42.51544],[101.21871,42.52983],[100.01697,42.67652],[99.47448,42.5642],[97.19327,42.78726],[96.35064,42.74091],[96.29431,42.93327],[95.90849,43.21455],[95.51027,43.97913],[95.32755,44.00667],[95.37943,44.28712],[95.03681,44.25497],[94.69823,44.3435],[93.97507,44.65996],[93.52528,44.95126],[92.75272,45.03798],[92.47511,44.99746],[92.0094,45.07622],[91.66296,45.05952],[91.13504,45.19786],[90.90549,45.18598],[90.65114,45.49314],[90.71077,45.7522],[91.00243,46.02184],[90.89619,46.30203],[91.0475,46.56641],[90.82818,46.9823],[90.46872,47.30892],[90.44123,47.49305],[90.08285,47.7561],[89.7513,47.82432],[89.5418,48.03102],[89.04555,47.99299],[88.58077,48.21199],[88.56512,48.34299],[87.94283,48.59949],[87.80589,48.80059],[87.82191,49.02874],[87.81632,49.16584],[87.3238,49.08527],[86.88734,49.10682],[86.7275,48.99034],[86.7445,48.70354],[86.56508,48.52732],[86.19203,48.41823],[85.78368,48.40759],[85.51538,47.92028],[85.67036,47.38434],[85.49864,47.05183],[85.20511,47.03372],[84.91604,46.85055],[84.66354,46.98385],[83.90535,46.97396],[83.15036,47.21154],[82.83895,46.73245],[82.48895,45.9017],[82.29149,45.53319],[82.61571,45.43542],[82.58522,45.17683],[82.29459,45.2282],[81.95012,45.14448],[81.73928,45.33806],[80.85386,45.1265],[80.06171,45.01896],[80.37631,44.67128],[80.3451,44.1031],[80.71273,43.45887],[80.77339,43.11293],[80.36815,43.02846],[80.14005,42.62296],[80.21033,42.18952],[80.18191,42.02098],[79.84291,42.00183],[79.74751,41.87974],[79.30413,41.78755],[78.3599,41.37753],[78.07495,41.03951],[77.47489,40.98205],[76.86097,41.01321],[76.44911,40.41552],[76.24416,40.4412],[75.68182,40.2917],[75.55986,40.63287],[75.19389,40.44125],[74.83536,40.51164],[74.70575,40.33129],[74.36986,40.10582],[74.00399,40.06081],[73.82302,39.80569],[73.92678,39.59288],[73.63264,39.44834],[73.60226,39.23577],[73.81599,38.99377],[73.6837,38.85494],[73.79739,38.60284],[74.3342,38.66699],[74.77634,38.51067],[74.79071,38.08145],[74.96517,37.76746],[74.89189,37.5992],[75.16412,37.40064],[74.89231,37.23111],[74.78327,37.21967],[74.47662,37.08314],[74.54235,37.02167],[75.3513,36.91578],[75.41052,36.74732],[75.79055,36.68784],[75.97658,36.46263],[76.01441,36.2304],[75.89431,36.09738],[76.16603,35.80624],[76.56528,35.86546],[76.77735,35.64611],[76.9358,35.57964],[77.03905,35.58501],[77.41277,35.46941],[77.80035,35.49541],[78.05563,35.45288],[78.00116,35.26891],[78.27319,34.65887],[78.60733,34.54647],[78.98539,34.28636],[78.73011,34.07926],[78.78137,33.55279],[78.9733,33.30957],[79.38185,33.12733],[79.33421,32.95683],[79.49998,32.74684],[79.27602,32.49019],[78.94343,32.34637],[78.63017,32.57801],[78.44754,32.56626],[78.45798,32.22966],[78.74458,31.9642],[78.67089,31.77052],[78.81889,31.60737],[78.73848,31.33499],[79.1984,31.32491],[79.29566,31.12415],[79.52965,30.95356],[79.8335,30.96152],[80.25281,30.56501],[80.72306,30.39205],[80.99602,30.19697],[81.00651,30.18891],[81.0309,30.15273],[81.0742,30.07191],[81.19451,30.00447],[81.59159,30.41427],[82.08877,30.33009],[82.14453,30.06943],[82.54181,29.92324],[82.83658,29.65979],[83.16209,29.62517],[83.51705,29.19171],[83.94555,29.29183],[84.09913,29.247],[84.23515,28.90002],[84.67776,28.60441],[84.91872,28.53568],[85.16801,28.58319],[85.08021,28.31879],[85.25958,28.26693],[85.67506,28.30639],[85.84828,28.15893],[85.98026,27.88517],[86.20304,28.00258],[86.43884,27.91086],[86.66198,28.10684],[87.1558,27.8258],[87.75638,27.82037],[88.02995,27.89334],[88.11822,27.86088],[88.0975,27.90401],[88.12669,27.95044],[88.37877,27.98263],[88.61049,28.10583],[88.81771,27.99473],[88.85388,27.84368],[88.74102,27.54571],[88.89233,27.31554],[89.05095,27.60828],[89.56149,28.13464],[89.86292,28.29579],[90.2618,28.33535],[90.58773,28.2333],[90.6839,28.08707],[91.09256,27.97168],[91.26971,28.07286],[91.62172,27.95072],[91.63289,27.75944],[91.97509,27.72658],[92.30385,27.78616],[92.62849,27.91576],[92.65484,28.10583],[93.09316,28.36664],[93.15538,28.49485],[93.44621,28.67189],[93.62553,28.67236],[94.25018,28.93311],[94.27079,29.09793],[94.63043,29.31945],[94.77657,29.1667],[95.19153,29.09683],[95.51131,29.13179],[95.74478,29.34043],[96.14197,29.36847],[96.45761,28.99459],[96.59801,28.70991],[96.96579,28.33047],[97.11555,28.36656],[97.3235,28.21748],[97.52772,28.52953],[97.6996,28.48803],[98.11869,28.14079],[98.10712,27.97307],[98.2947,27.53661],[98.40002,27.67573],[98.67928,27.57734],[98.67256,27.1756],[98.74925,26.77144],[98.70553,26.17494],[98.54554,26.10564],[98.6924,25.87899],[98.46131,25.79465],[98.33263,25.56697],[98.15022,25.61306],[98.10836,25.38889],[97.73753,25.09051],[97.66394,24.82978],[97.53609,24.74503],[97.70766,24.1253],[97.88997,24.02262],[98.18153,24.11866],[98.50327,24.12127],[98.66326,23.96955],[98.85736,23.60435],[98.91069,23.2976],[99.21661,23.05738],[99.35097,23.11926],[99.53463,22.94932],[99.30787,22.7196],[99.35779,22.49548],[99.16638,22.20464],[99.94241,22.04553],[99.95026,21.72116],[100.32652,21.52427],[100.62174,21.46908],[101.06869,21.76203],[101.15902,21.55269],[101.18657,21.53533],[101.2753,21.17411],[101.7225,21.30423],[101.75155,21.80637],[101.6068,21.9676],[101.51823,22.22821],[101.65455,22.44612],[102.11866,22.39755],[102.21803,22.41067],[102.44272,22.76517],[102.84517,22.58524],[102.98909,22.4376],[103.30964,22.78794],[103.47315,22.59165],[103.64693,22.79905],[103.86682,22.57542],[104.21326,22.82502],[104.34017,22.68637],[104.55355,22.83605],[104.72821,22.8391],[104.79792,23.08557],[105.33226,23.31796],[105.85388,22.90465],[105.99925,22.97537],[106.31566,22.8538],[106.66747,22.86752],[106.73553,22.69541],[106.52691,22.42778],[106.72235,22.00698],[107.02115,21.89226],[107.34816,21.59935],[107.74482,21.65754],[107.99122,21.48566],[108.44809,21.65811],[108.57138,21.81281],[108.75156,21.65013],[109.13575,21.60297],[109.21461,21.41743],[109.53077,21.49164],[109.91798,21.48941],[109.67018,21.12324],[109.7732,20.82152],[109.74586,20.62979],[110.12753,20.24799],[110.39999,20.30077],[110.53419,20.47826],[110.15675,20.84886],[110.15675,20.98603],[110.48146,21.21719],[110.63649,21.23017],[111.20631,21.53205],[111.63046,21.52985],[111.99195,21.76382],[112.24488,21.70653],[112.31024,21.74683],[112.31088,21.72147],[112.36329,21.73334],[112.38795,21.75609],[112.40431,21.81151],[112.39064,21.90119],[112.35654,21.97972],[112.37631,21.98656],[112.42416,21.91779],[112.41505,21.86848],[112.44321,21.82844],[112.55087,21.77285],[112.608,21.77509],[112.64755,21.82266],[112.64511,21.84935],[112.74374,21.93195],[112.82602,21.96613],[112.85898,21.93252],[112.87941,21.87519],[112.91159,21.85629],[112.95708,21.87565],[112.98935,21.93732],[113.02862,21.96115],[113.01611,22.05771],[113.02661,22.14321],[113.12745,22.16096],[113.11061,22.09919],[113.15747,22.0247],[113.23056,22.04316],[113.24659,22.10346],[113.30274,22.18329],[113.35084,22.17154],[113.40197,22.17957],[113.32851,22.26848],[113.22731,22.42528],[113.16562,22.47875],[113.17758,22.56411],[113.24269,22.45746],[113.25563,22.40388],[113.30323,22.34365],[113.35157,22.30834],[113.36451,22.26777],[113.41188,22.22553],[113.42563,22.18622],[113.48375,22.15514],[113.53858,22.22175],[113.58765,22.23788],[113.57358,22.30073],[113.61036,22.37018],[113.55812,22.38076],[113.54635,22.43759],[113.59474,22.52339],[113.59917,22.57518],[113.55304,22.63847],[113.43955,22.73945],[113.49423,22.77485],[113.42587,22.81582],[113.36793,22.88068],[113.42994,22.93134],[113.47372,22.9182],[113.50384,22.98983],[113.48121,23.0515],[113.53639,23.06314],[113.53273,22.99575],[113.58302,23.02123],[113.61207,22.9947],[113.6172,22.89029],[113.66261,22.79808],[113.65358,22.75873],[113.7444,22.76118],[113.76466,22.73481],[113.77293,22.67245],[113.84376,22.56196],[113.89034,22.45271],[113.95194,22.52384],[113.99928,22.53063],[114.05527,22.50694],[114.08237,22.52936],[114.14872,22.53811],[114.16195,22.56054],[114.22983,22.55581],[114.27622,22.58796],[114.3956,22.61351],[114.47958,22.54621],[114.48512,22.46833],[114.51582,22.45264],[114.61769,22.51415],[114.53712,22.56721],[114.56088,22.60879],[114.52378,22.68721],[114.5711,22.70235],[114.56332,22.73273],[114.71673,22.7908],[114.75489,22.78168],[114.78476,22.81586],[114.81324,22.77485],[114.75255,22.74966],[114.73888,22.71065],[114.74378,22.6094],[114.80642,22.59251],[114.86582,22.60174],[114.88021,22.55911],[114.95984,22.69613],[115.0289,22.70838],[115.01783,22.73704],[115.06548,22.79598],[115.24562,22.83535],[115.29225,22.89533],[115.30304,22.83861],[115.23339,22.78821],[115.33057,22.78854],[115.36399,22.76364],[115.33847,22.7331],[115.37351,22.69418],[115.46482,22.70103],[115.53616,22.66812],[115.56251,22.70563],[115.52394,22.74177],[115.58399,22.88032],[115.65333,22.89374],[115.69199,22.92902],[115.72128,22.90453],[115.70358,22.86932],[115.80991,22.80834],[115.79781,22.75445],[115.82596,22.74664],[115.8835,22.79462],[115.95801,22.80474],[115.99672,22.83668],[116.07618,22.86787],[116.09569,22.8259],[116.17099,22.86447],[116.22101,22.91901],[116.29849,22.96325],[116.37961,22.92898],[116.45851,22.94742],[116.49469,22.93935],[116.52194,22.99841],[116.56325,23.01877],[116.53365,23.10913],[116.56992,23.17769],[116.52699,23.20062],[116.50888,23.23412],[116.56998,23.24697],[116.61151,23.23873],[116.61522,23.17835],[116.64675,23.16299],[116.67117,23.21464],[116.73129,23.25772],[116.78395,23.21239],[116.74863,23.32629],[116.69124,23.33898],[116.58798,23.31611],[116.5232,23.37751],[116.52174,23.4112],[116.65784,23.35445],[116.77322,23.34943],[116.86663,23.45023],[116.85499,23.52489],[116.88624,23.57307],[116.87208,23.60688],[116.91757,23.63793],[116.95071,23.61088],[117.02345,23.65868],[117.07788,23.63883],[117.07841,23.56461],[117.12846,23.57235],[117.15083,23.60687],[117.26365,23.65542],[117.27192,23.72131],[117.29233,23.76215],[117.34555,23.76854],[117.38242,23.79523],[117.43433,23.77592],[117.46348,23.78829],[117.4996,23.87407],[117.47462,23.92097],[117.53736,23.91938],[117.58237,23.88931],[117.60201,23.79895],[117.64863,23.90923],[117.69508,23.95356],[117.68849,23.9975],[117.70875,24.03547],[117.77613,24.0373],[117.79135,24.00153],[117.83912,24.02363],[117.89365,24.02802],[117.90138,24.09862],[117.93051,24.1411],[117.94361,24.21259],[117.98927,24.1931],[118.05934,24.24551],[118.12648,24.26203],[118.09059,24.34146],[118.04078,24.36563],[118.03012,24.41283],[117.98935,24.39476],[117.90732,24.38491],[117.8746,24.39631],[117.79127,24.46064],[117.81568,24.47163],[117.90113,24.45319],[117.91188,24.47895],[117.9961,24.44697],[118.02076,24.53657],[118.04477,24.576],[118.13095,24.62006],[118.14145,24.65697],[118.20509,24.5987],[118.18116,24.57612],[118.219,24.54145],[118.28403,24.59781],[118.35165,24.58234],[118.42807,24.63133],[118.50123,24.60814],[118.57114,24.569],[118.59083,24.52806],[118.64658,24.56843],[118.66415,24.61225],[118.63356,24.62788],[118.65406,24.69343],[118.68539,24.66649],[118.74684,24.72069],[118.69752,24.80166],[118.63258,24.77725],[118.61988,24.84357],[118.67343,24.88662],[118.64039,24.91559],[118.66774,24.95344],[118.72047,24.9169],[118.71608,24.84357],[118.90992,24.90717],[118.91163,24.95344],[118.99733,24.95344],[118.97999,25.01179],[118.87794,25.04072],[118.85768,25.09805],[118.9214,25.10139],[118.97462,25.18256],[118.91114,25.21723],[118.89649,25.25751],[118.98365,25.28303],[118.98732,25.22224],[119.05738,25.225],[119.06471,25.16254],[119.09327,25.13565],[119.1338,25.13841],[119.10179,25.19663],[119.14197,25.22098],[119.17563,25.1765],[119.22938,25.19322],[119.28883,25.18911],[119.28126,25.24144],[119.34425,25.24238],[119.28867,25.32543],[119.23471,25.29487],[119.20338,25.35814],[119.15699,25.36262],[119.10963,25.40681],[119.18336,25.46499],[119.2378,25.48176],[119.30519,25.60456],[119.36476,25.58218],[119.36598,25.5207],[119.44907,25.50528],[119.50489,25.47492],[119.48325,25.37116],[119.54444,25.37718],[119.55209,25.45376],[119.59986,25.37116],[119.64601,25.39256],[119.62802,25.46137],[119.55844,25.56379],[119.49244,25.56476],[119.45973,25.63288],[119.47706,25.67967],[119.53541,25.70588],[119.59303,25.69318],[119.60792,25.80516],[119.58302,25.82022],[119.61647,25.89265],[119.67506,25.92609],[119.69899,25.97256],[119.64845,26.01545],[119.56642,26.05024],[119.50424,26.03596],[119.49,25.99421],[119.44093,25.96381],[119.34669,25.94038],[119.24684,25.96723],[119.19516,26.08759],[119.21583,26.10008],[119.27711,26.05292],[119.32691,26.04804],[119.45851,25.98249],[119.59181,26.16641],[119.66822,26.24201],[119.67359,26.2805],[119.78492,26.29662],[119.85475,26.32754],[119.88014,26.3631],[119.82578,26.42695],[119.74708,26.32762],[119.6819,26.31712],[119.65553,26.35562],[119.65431,26.42902],[119.57309,26.43781],[119.65366,26.49803],[119.68979,26.45946],[119.79176,26.41332],[119.81886,26.45319],[119.76173,26.55073],[119.78492,26.57783],[119.67506,26.6188],[119.61891,26.58784],[119.55421,26.61518],[119.54111,26.65632],[119.60825,26.68354],[119.55893,26.7082],[119.55209,26.74909],[119.58456,26.79462],[119.67506,26.77643],[119.71201,26.80793],[119.73268,26.76341],[119.78199,26.82852],[119.81577,26.79759],[119.79151,26.70478],[119.82919,26.71499],[119.88803,26.68724],[119.93564,26.75902],[119.9463,26.79694],[120.07765,26.78559],[120.01149,26.72118],[119.98414,26.65351],[119.8685,26.61005],[119.83261,26.55048],[119.88429,26.52318],[119.93564,26.56045],[119.95997,26.61127],[120.0149,26.61127],[120.07968,26.64606],[120.10768,26.70132],[120.09775,26.75849],[120.12818,26.79694],[120.02451,26.83788],[120.06568,26.89785],[120.1207,26.89989],[120.12574,26.92731],[120.20078,26.91543],[120.2374,26.92723],[120.25522,26.99706],[120.24155,27.034],[120.28273,27.11229],[120.35792,27.09837],[120.42172,27.15314],[120.36988,27.18749],[120.34726,27.24258],[120.30641,27.21528],[120.22568,27.26862],[120.27613,27.31672],[120.31935,27.29035],[120.34726,27.24942],[120.45973,27.22045],[120.46835,27.1822],[120.51783,27.20161],[120.52149,27.2683],[120.54396,27.28596],[120.54591,27.40327],[120.62257,27.38036],[120.64894,27.40021],[120.64649,27.44448],[120.67685,27.49461],[120.61846,27.51642],[120.59657,27.57028],[120.66648,27.62536],[120.68018,27.68638],[120.74096,27.7332],[120.80749,27.83483],[120.85227,27.85819],[120.86376,27.91811],[120.8353,27.95596],[120.75058,27.97557],[120.73105,28.03583],[120.81959,27.98924],[120.87997,27.99872],[120.96523,27.98714],[120.99351,28.02578],[121.00938,28.10313],[121.08584,28.1665],[121.11947,28.21894],[121.1218,28.28436],[121.1443,28.34357],[121.18409,28.38215],[121.20314,28.33185],[121.23683,28.3061],[121.28785,28.18089],[121.35141,28.14655],[121.36484,28.22582],[121.40805,28.24628],[121.40895,28.30492],[121.47309,28.3306],[121.54149,28.32179],[121.60792,28.27045],[121.65634,28.3393],[121.58378,28.44295],[121.60774,28.4772],[121.53843,28.57145],[121.51013,28.65706],[121.45484,28.68952],[121.60556,28.72468],[121.63575,28.79804],[121.66993,28.82534],[121.61085,28.89118],[121.58058,28.88679],[121.51181,28.91694],[121.54648,28.95222],[121.68417,28.9147],[121.68466,28.96752],[121.65382,28.98859],[121.68173,29.02676],[121.61476,29.05805],[121.62143,29.11327],[121.52866,29.11506],[121.49684,29.10444],[121.45639,29.14061],[121.4712,29.19135],[121.50489,29.20893],[121.55055,29.27143],[121.58872,29.29149],[121.61476,29.206],[121.70446,29.17418],[121.7457,29.20161],[121.80182,29.29267],[121.78535,29.16809],[121.84059,29.16112],[121.93971,29.21011],[121.95322,29.24966],[121.90585,29.28461],[121.91573,29.3907],[121.97096,29.44912],[121.9441,29.49771],[121.97096,29.56892],[121.96632,29.60248],[121.91578,29.64086],[121.79612,29.60059],[121.74842,29.56257],[121.83058,29.52806],[121.77838,29.46942],[121.71095,29.53864],[121.64267,29.49522],[121.56964,29.47457],[121.5488,29.4386],[121.46507,29.42089],[121.42784,29.46795],[121.45834,29.52521],[121.51684,29.54609],[121.53082,29.51001],[121.59254,29.54361],[121.70411,29.57201],[121.77647,29.65262],[121.86245,29.708],[121.98304,29.82318],[122.13641,29.88454],[122.10589,29.90695],[122.05624,29.88736],[121.93556,29.88736],[121.91488,29.9187],[121.67776,30.00064],[121.62332,30.05987],[121.50685,30.22003],[121.42959,30.29298],[121.37738,30.32506],[121.2541,30.34839],[121.1497,30.32575],[121.10914,30.28278],[120.9944,30.21109],[120.89281,30.1698],[120.82862,30.18499],[120.81349,30.21325],[120.75143,30.22563],[120.64625,30.12694],[120.63011,30.13497],[120.7344,30.23221],[120.68494,30.27178],[120.65167,30.35927],[120.61919,30.4061],[120.69815,30.39395],[120.74496,30.35961],[120.78743,30.29363],[120.83179,30.30525],[120.93955,30.42194],[120.9288,30.45307],[120.97776,30.54332],[121.0474,30.58276],[121.13087,30.59976],[121.20289,30.66511],[121.33351,30.70307],[121.4106,30.76739],[121.54294,30.81649],[121.63113,30.83656],[121.9074,30.85709],[121.96008,30.87426],[121.97738,30.91492],[121.95082,30.98208],[121.87702,31.09914],[121.72516,31.28157],[121.6316,31.33576],[121.54623,31.36612],[121.41774,31.45279],[121.32032,31.50483],[121.24472,31.60041],[121.1444,31.68466],[121.01376,31.74303],[120.89536,31.76332],[120.80775,31.80974],[120.8248,31.8287],[120.75035,31.97834],[120.68995,31.99824],[120.60426,31.99144],[120.51783,32.01874],[120.45541,32.02143],[120.45578,31.98252],[120.34117,31.95632],[120.22999,31.90888],[120.13095,31.9123],[120.0064,31.9503],[119.85556,32.08698],[119.78492,32.11433],[119.76376,32.1625],[119.78858,32.19864],[119.69044,32.23534],[119.64902,32.21955],[119.69239,32.31977],[119.75807,32.32697],[119.81837,32.31371],[119.87428,32.26512],[119.88754,32.21385],[119.92115,32.19648],[119.90846,32.13886],[119.99204,32.01586],[120.05234,31.97093],[120.13136,31.94318],[120.22372,31.93684],[120.2671,31.94868],[120.36158,32.02558],[120.49076,32.08245],[120.63438,32.07701],[120.74364,32.03604],[120.8108,32.02261],[120.94483,31.88459],[120.94056,31.84465],[120.97782,31.81437],[121.03993,31.81933],[121.11509,31.79633],[121.22786,31.8659],[121.28642,31.89059],[121.3174,31.88325],[121.49488,31.80646],[121.51743,31.78343],[121.67555,31.72357],[121.81731,31.69095],[121.91484,31.70643],[121.92206,31.75438],[121.87469,31.8259],[121.87496,31.86372],[121.82195,31.95249],[121.65537,32.06293],[121.55424,32.1025],[121.44337,32.11433],[121.39869,32.16893],[121.36671,32.23896],[121.41928,32.25031],[121.38941,32.38495],[121.35414,32.41482],[121.12021,32.50739],[120.9112,32.63012],[120.90661,32.65971],[120.83033,32.69766],[120.86142,32.71967],[120.90781,32.8439],[120.88868,32.96271],[120.89576,33.01358],[120.83375,33.02562],[120.80698,33.13776],[120.73024,33.2049],[120.73788,33.27928],[120.69508,33.29316],[120.66196,33.33804],[120.65577,33.41315],[120.62778,33.47801],[120.57325,33.53327],[120.51173,33.65672],[120.4983,33.75332],[120.44972,33.78644],[120.43141,33.84601],[120.40707,33.85977],[120.40797,33.91682],[120.37135,34.03604],[120.32522,34.1113],[120.32497,34.13645],[120.27418,34.24453],[120.25709,34.31184],[120.11817,34.35961],[120.02296,34.41938],[119.93995,34.45791],[119.82618,34.4704],[119.75123,34.51423],[119.64096,34.55052],[119.53175,34.61571],[119.45655,34.68456],[119.46323,34.73237],[119.38771,34.75349],[119.34669,34.78083],[119.29135,34.75349],[119.20191,34.78498],[119.1887,34.85627],[119.20338,34.93163],[119.19288,35.00043],[119.20729,35.04841],[119.358,35.09711],[119.42392,35.31346],[119.50766,35.33234],[119.55152,35.38003],[119.59596,35.46198],[119.64796,35.58393],[119.73251,35.62084],[119.77101,35.59333],[119.81162,35.64789],[119.8602,35.60611],[119.90455,35.62458],[119.90016,35.73627],[119.93775,35.76114],[120.00294,35.72777],[120.03883,35.84284],[120.09718,35.90082],[120.13575,35.90412],[120.24277,35.97358],[120.1753,35.99364],[120.16847,36.06196],[120.10019,36.0961],[120.08937,36.14769],[120.10532,36.20087],[120.21909,36.22191],[120.21632,36.19912],[120.28452,36.17597],[120.27353,36.23428],[120.32276,36.22639],[120.36158,36.19164],[120.292,36.0681],[120.35353,36.04084],[120.47364,36.08926],[120.53622,36.09146],[120.55161,36.11371],[120.62778,36.11652],[120.69679,36.14399],[120.67563,36.25064],[120.64772,36.33088],[120.72218,36.33055],[120.68653,36.38715],[120.75058,36.45917],[120.83204,36.45527],[120.8497,36.38614],[120.94996,36.45917],[120.92026,36.55329],[120.86459,36.59772],[120.82643,36.59634],[120.79379,36.55097],[120.74228,36.55585],[120.77084,36.61717],[120.8506,36.65095],[120.93336,36.62027],[120.9288,36.59634],[121.02353,36.58393],[121.08017,36.61001],[121.15773,36.66861],[121.31422,36.71182],[121.38526,36.70649],[121.40895,36.75397],[121.56007,36.76765],[121.62525,36.74038],[121.62452,36.81476],[121.65821,36.84016],[121.73715,36.83918],[121.78598,36.89118],[121.91513,36.92023],[121.9498,36.93891],[121.92628,36.9936],[122.03964,36.98461],[122.03305,36.89802],[122.0809,36.91657],[122.09433,36.95091],[122.16269,36.94579],[122.21119,36.91844],[122.18483,36.88496],[122.20029,36.84276],[122.31983,36.82294],[122.43637,36.87067],[122.40219,36.9145],[122.5254,36.94448],[122.51303,37.02049],[122.4485,37.0572],[122.4476,37.14745],[122.54347,37.15664],[122.60288,37.20991],[122.54908,37.31086],[122.57081,37.34479],[122.6561,37.38459],[122.6124,37.41861],[122.57057,37.40156],[122.45704,37.41816],[122.29648,37.41816],[122.22421,37.45799],[122.1832,37.41816],[122.12989,37.48347],[122.15187,37.53286],[122.12184,37.56273],[122.02565,37.52802],[121.97779,37.47167],[121.93784,37.46426],[121.73243,37.46174],[121.65943,37.47272],[121.65162,37.43708],[121.59164,37.42447],[121.53712,37.45624],[121.4769,37.468],[121.44679,37.5196],[121.38168,37.56611],[121.30812,37.58124],[121.1915,37.57518],[121.13437,37.61054],[121.13795,37.70116],[121.03256,37.71039],[121.00538,37.74429],[120.95688,37.76089],[120.92579,37.81928],[120.8777,37.82966],[120.82163,37.81733],[120.73805,37.83397],[120.67433,37.80199],[120.55616,37.76138],[120.46339,37.74775],[120.41098,37.7121],[120.30641,37.66519],[120.32252,37.63239],[120.29762,37.59789],[120.18759,37.51179],[120.05983,37.44042],[119.8589,37.36017],[119.84628,37.3437],[119.89731,37.24942],[119.79184,37.18057],[119.7706,37.15184],[119.66074,37.1376],[119.56349,37.14179],[119.44117,37.12055],[119.28712,37.13727],[119.14552,37.17886],[119.0586,37.22761],[119.01474,37.26984],[118.97242,37.28067],[118.94459,37.37812],[118.95786,37.5314],[118.97665,37.61091],[119.01075,37.65375],[119.03713,37.72209],[119.12014,37.73751],[119.21774,37.67525],[119.25566,37.67187],[119.24308,37.76948],[119.20684,37.80284],[119.11694,37.85327],[119.09249,37.91277],[119.0484,37.94798],[118.99659,37.96312],[118.95615,38.0336],[118.92482,38.05777],[118.95004,38.09726],[118.8401,38.15257],[118.65487,38.14569],[118.54298,38.06835],[118.44893,38.10779],[118.21583,38.14496],[118.08481,38.13874],[118.05373,38.17325],[117.97754,38.19484],[117.9417,38.23395],[117.83717,38.2709],[117.71608,38.37851],[117.56597,38.61251],[117.54355,38.62132],[117.57322,38.71375],[117.58399,38.81159],[117.70875,38.98102],[117.77526,38.98106],[117.75148,39.06791],[117.71827,39.093],[117.88559,39.20112],[118.04538,39.21897],[118.14053,39.17284],[118.23528,39.0531],[118.34427,39.03071],[118.52915,39.12465],[118.52711,39.14924],[118.61936,39.16104],[118.72778,39.14725],[118.79599,39.15178],[118.85898,39.20751],[118.9402,39.13886],[119.01564,39.18976],[119.1848,39.35481],[119.25566,39.36552],[119.30508,39.43298],[119.26198,39.53508],[119.22324,39.58466],[119.28492,39.59545],[119.33961,39.71556],[119.36787,39.74835],[119.4668,39.81485],[119.5307,39.8147],[119.53559,39.89083],[119.6609,39.93268],[119.77442,39.95051],[119.81105,39.97305],[119.912,39.99809],[119.95028,40.0565],[120.11843,40.10004],[120.26132,40.14671],[120.30903,40.17967],[120.43605,40.19448],[120.50489,40.24909],[120.50176,40.32691],[120.59738,40.42242],[120.62094,40.47443],[120.67879,40.52192],[120.79843,40.59968],[120.82532,40.67403],[120.94019,40.69125],[120.93955,40.74055],[120.99098,40.83128],[121.08027,40.8284],[121.07993,40.86298],[121.17579,40.92231],[121.29933,40.8996],[121.36134,40.93964],[121.42978,40.9138],[121.45021,40.88593],[121.51043,40.87936],[121.57504,40.8415],[121.73955,40.84908],[121.82594,40.94819],[121.85108,40.83226],[122.04908,40.74608],[122.10865,40.69953],[122.15943,40.70161],[122.16798,40.65351],[122.13759,40.62402],[122.1765,40.58658],[122.22486,40.57852],[122.30185,40.50235],[122.25009,40.43061],[122.20362,40.42723],[122.21103,40.3806],[122.10612,40.31012],[122.09165,40.22721],[121.99147,40.187],[121.99567,40.1239],[121.93312,40.10139],[121.92947,40.07729],[121.86476,40.01944],[121.87379,39.9914],[121.80966,39.96503],[121.77442,39.92084],[121.70712,39.92695],[121.61609,39.8717],[121.5359,39.86176],[121.47071,39.81025],[121.45729,39.74848],[121.50685,39.69432],[121.49817,39.65292],[121.44981,39.6151],[121.30616,39.59797],[121.2234,39.52863],[121.30616,39.50178],[121.35401,39.5222],[121.43605,39.50861],[121.49195,39.38898],[121.54892,39.36188],[121.7798,39.37149],[121.73609,39.31175],[121.64698,39.26488],[121.60165,39.22126],[121.62989,39.17324],[121.681,39.13642],[121.67408,39.08804],[121.54648,39.04926],[121.48634,39.0196],[121.42807,39.01472],[121.37485,39.04418],[121.33424,39.0266],[121.33432,38.96857],[121.21949,38.9405],[121.17954,38.95433],[121.11793,38.94343],[121.09042,38.89907],[121.13486,38.80976],[121.15309,38.72761],[121.1985,38.72785],[121.24472,38.77558],[121.34474,38.81464],[121.48496,38.80988],[121.55274,38.85814],[121.6548,38.85786],[121.70362,38.89191],[121.65919,38.92626],[121.64926,38.99445],[121.77247,39.02196],[121.81153,38.97285],[121.88754,38.96239],[121.87941,39.02741],[121.94296,39.03628],[122.12745,39.14199],[122.115,39.20075],[122.24024,39.28563],[122.29005,39.35098],[122.39633,39.41104],[122.44703,39.41242],[122.5879,39.46699],[122.63657,39.50845],[122.76913,39.55817],[122.84864,39.61787],[122.87159,39.60578],[122.99244,39.6367],[123.00913,39.68049],[123.108,39.69013],[123.17433,39.66576],[123.26588,39.70108],[123.24903,39.74824],[123.2732,39.81025],[123.31406,39.77611],[123.41041,39.79662],[123.41041,39.73517],[123.44565,39.73705],[123.48154,39.77969],[123.53321,39.79662],[123.5914,39.78433],[123.62257,39.87173],[123.64308,39.87857],[123.72006,39.83055],[123.77304,39.81835],[123.80763,39.83759],[123.91066,39.82453],[123.94215,39.84056],[123.98569,39.81025],[124.08815,39.85187],[124.11817,39.83316],[124.20216,39.87861],[124.35231,39.99897],[124.36997,40.09829],[124.6426,40.29429],[124.71247,40.31031],[124.7412,40.37035],[124.80084,40.39407],[124.89551,40.48363],[124.91794,40.4611],[125.0263,40.45738],[125.02511,40.53437],[125.25611,40.61504],[125.27719,40.64362],[125.36359,40.64672],[125.4563,40.67969],[125.46906,40.71292],[125.53309,40.7218],[125.56007,40.77834],[125.66869,40.76216],[125.64482,40.81059],[125.68321,40.8479],[125.76093,40.88567],[125.82196,40.86975],[125.90154,40.89931],[125.93617,40.8774],[126.00784,40.89931],[126.06929,40.98939],[126.13817,41.05698],[126.14742,41.09227],[126.2607,41.14312],[126.38059,41.29081],[126.44089,41.34838],[126.52213,41.37763],[126.5013,41.43437],[126.54223,41.48899],[126.58088,41.57524],[126.56703,41.61415],[126.61788,41.66593],[126.6693,41.66712],[126.72795,41.70125],[126.78862,41.69591],[126.80888,41.72983],[126.86479,41.74727],[126.88712,41.78492],[127.03316,41.73159],[127.07662,41.68079],[127.04545,41.668],[127.11398,41.61036],[127.16607,41.59496],[127.10468,41.53741],[127.20033,41.54206],[127.26906,41.50496],[127.42734,41.4831],[127.47411,41.49881],[127.63834,41.42988],[127.69027,41.43897],[127.84887,41.43132],[127.94421,41.47085],[128.06415,41.38843],[128.14611,41.37634],[128.18569,41.40445],[128.2876,41.5447],[128.303,41.58341],[128.25091,41.66012],[128.15913,41.71182],[128.09702,41.82262],[128.03997,41.87959],[128.02043,41.96506],[128.03459,41.99374],[128.10053,41.99909],[128.26197,42.03286],[128.36377,42.02648],[128.50237,41.99609],[128.56438,42.0008],[128.60789,42.03017],[128.68251,42.02573],[128.72096,42.04759],[128.81708,42.04387],[128.90348,42.02627],[128.94007,42.03537],[128.96384,42.08852],[129.02657,42.10188],[129.06347,42.13609],[129.1198,42.14937],[129.21116,42.21996],[129.21116,42.26701],[129.2431,42.37871],[129.30377,42.38958],[129.36309,42.44501],[129.43409,42.44111],[129.51709,42.39095],[129.5945,42.42222],[129.59171,42.44795],[129.70333,42.44237],[129.72886,42.47586],[129.74157,42.629],[129.78653,42.68473],[129.76131,42.74605],[129.79903,42.83666],[129.87975,42.99603],[129.93412,43.00841],[129.98135,42.96673],[130.04729,42.9619],[130.12149,42.98185],[130.14041,42.90712],[130.23901,42.90224],[130.25647,42.86689],[130.24304,42.74336],[130.32479,42.65029],[130.393,42.60624],[130.43124,42.56151],[130.48416,42.61001],[130.51651,42.59936],[130.53077,42.53048],[130.58451,42.5689],[130.57191,42.62182],[130.5039,42.67781],[130.40375,42.67755],[130.40716,42.73538],[130.49098,42.78083],[130.58648,42.81726],[130.73097,42.82589],[130.76952,42.86581],[130.85623,42.84976],[130.99245,42.84873],[131.02387,42.89627],[131.10304,42.91043],[131.0743,42.9934],[131.08547,43.0421],[131.16939,43.10781],[131.18985,43.13915],[131.16722,43.18155],[131.24205,43.28377],[131.24794,43.3442],[131.28091,43.38022],[131.26168,43.46383],[131.16691,43.52107],[131.19202,43.58863],[131.17032,43.7811],[131.21734,43.90848],[131.21776,44.01607],[131.26447,44.05421],[131.06583,44.68203],[131.02139,44.74688],[130.97157,44.77561],[130.93343,44.84171],[131.00826,44.85628],[131.05157,44.90904],[131.11006,44.91953],[131.15802,44.9017],[131.259,44.92816],[131.32948,44.96764],[131.4195,44.95896],[131.60905,45.0897],[131.60523,45.16463],[131.62776,45.19848],[131.72315,45.21533],[131.81803,45.33279],[131.87074,45.32633],[131.9004,45.2729],[131.96965,45.23383],[132.83978,45.05916],[132.95336,45.02438],[133.02385,45.05834],[133.11542,45.12303],[133.1272,45.15538],[133.09754,45.24354],[133.14022,45.43542],[133.20213,45.51128],[133.41349,45.57334],[133.42765,45.61525],[133.4878,45.68667],[133.44305,45.70967],[133.48491,45.76847],[133.47726,45.8201],[133.51436,45.87927],[133.60304,45.89865],[133.65813,45.93451],[133.71931,46.07931],[133.68737,46.14184],[133.74101,46.15904],[133.79352,46.21429],[133.90245,46.25899],[133.86338,46.33929],[133.92602,46.37131],[133.92147,46.41014],[133.85439,46.44466],[133.84933,46.48029],[133.89191,46.52897],[133.90245,46.57364],[133.98803,46.62517],[134.0148,46.66503],[134.04467,46.772],[134.02048,46.83404],[134.06275,46.90685],[134.06916,46.98124],[134.12425,47.07051],[134.19711,47.08516],[134.22729,47.11775],[134.18977,47.17294],[134.19721,47.20534],[134.15412,47.25789],[134.18357,47.3275],[134.24507,47.3551],[134.29282,47.40972],[134.41498,47.43922],[134.48464,47.43018],[134.5606,47.48181],[134.62427,47.54963],[134.68266,47.58785],[134.69289,47.6489],[134.77258,47.71073],[134.76979,47.74101],[134.69651,47.79507],[134.64577,47.8963],[134.59905,47.91069],[134.56691,47.9855],[134.56722,48.04038],[134.68297,48.13551],[134.70085,48.26153],[134.61135,48.28543],[134.54262,48.35731],[134.45312,48.34418],[134.38635,48.38134],[134.20621,48.35966],[134.05717,48.32718],[133.98245,48.28517],[133.87754,48.2753],[133.79662,48.2506],[133.72127,48.24476],[133.68551,48.20207],[133.60552,48.17163],[133.55994,48.11329],[133.46372,48.08952],[133.37949,48.10632],[133.32368,48.10011],[133.18518,48.12482],[133.09196,48.10678],[133.02468,48.05244],[132.94075,48.02671],[132.86479,47.98565],[132.82066,47.94237],[132.77487,47.93377],[132.67462,47.95061],[132.65881,47.86982],[132.57364,47.78223],[132.58036,47.74799],[132.52465,47.70753],[132.45324,47.71053],[132.33242,47.73652],[132.25077,47.72536],[132.16168,47.69001],[132.02536,47.69786],[131.89431,47.67001],[131.703,47.69616],[131.63065,47.66686],[131.57743,47.66856],[131.475,47.73448],[131.41837,47.74262],[131.21011,47.70921],[131.12918,47.68123],[131.02335,47.68228],[130.94181,47.71797],[130.9417,47.8206],[130.90698,47.88426],[130.85737,47.92777],[130.68239,48.05035],[130.66337,48.11644],[130.75277,48.18962],[130.77386,48.24419],[130.81944,48.28189],[130.82212,48.33377],[130.77964,48.35638],[130.7383,48.42981],[130.75959,48.46792],[130.71588,48.49906],[130.63929,48.47725],[130.60767,48.57673],[130.5408,48.59835],[130.53325,48.63579],[130.67433,48.87082],[130.56488,48.85588],[130.48664,48.86369],[130.46535,48.89133],[130.3868,48.89629],[130.24934,48.86451],[130.2018,48.8826],[129.91344,49.03954],[129.92068,49.08186],[129.84151,49.1092],[129.82466,49.17416],[129.75562,49.18429],[129.71118,49.27415],[129.57176,49.27984],[129.539,49.30371],[129.52773,49.38484],[129.50241,49.41078],[129.4034,49.43068],[129.37146,49.41058],[129.36206,49.34981],[129.31606,49.34412],[129.24558,49.38593],[129.1939,49.3897],[129.13602,49.35415],[129.05055,49.37668],[129.01458,49.43109],[128.87919,49.47972],[128.78659,49.46546],[128.75021,49.48453],[128.79951,49.53186],[128.79692,49.57248],[128.66618,49.60948],[128.62866,49.57532],[128.55125,49.58845],[128.38351,49.57935],[128.34475,49.54798],[128.26786,49.55878],[128.1983,49.53899],[128.09247,49.54158],[127.9916,49.59873],[127.90731,49.58023],[127.83088,49.59387],[127.722,49.6486],[127.68996,49.68146],[127.67999,49.73919],[127.64428,49.76714],[127.53865,49.78993],[127.50811,49.82233],[127.534,49.92248],[127.49442,49.97318],[127.48667,50.02563],[127.57018,50.13022],[127.57839,50.22055],[127.40481,50.27595],[127.33066,50.3282],[127.35851,50.41512],[127.28895,50.46602],[127.36481,50.55474],[127.34399,50.62776],[127.29495,50.66642],[127.28735,50.75101],[127.22074,50.78817],[127.14426,50.90351],[127.03233,50.97245],[126.93177,51.06378],[126.90541,51.16427],[126.91631,51.23277],[126.98117,51.30886],[126.95461,51.32958],[126.82371,51.26555],[126.81415,51.32493],[126.8975,51.36196],[126.90195,51.401],[126.8003,51.41896],[126.80743,51.53422],[126.70057,51.56272],[126.67514,51.58838],[126.72372,51.63589],[126.71359,51.72317],[126.64791,51.74126],[126.44606,51.98254],[126.44735,52.01879],[126.51443,52.04254],[126.55597,52.13064],[126.53117,52.15266],[126.31671,52.19976],[126.31222,52.22795],[126.4212,52.2873],[126.31573,52.31621],[126.34369,52.39138],[126.27599,52.46328],[126.20034,52.46708],[126.21233,52.53305],[126.08277,52.59335],[126.00924,52.56839],[125.97317,52.63157],[126.05265,52.6725],[126.03513,52.72712],[126.10406,52.75446],[126.0667,52.78319],[125.97694,52.765],[125.86744,52.84936],[125.83736,52.90672],[125.66869,52.87796],[125.64709,52.90091],[125.72429,52.95276],[125.73354,52.98165],[125.65019,53.02338],[125.62136,53.06214],[125.52131,53.04242],[125.42809,53.09469],[125.12743,53.20655],[125.01943,53.21073],[124.88042,53.17252],[124.89623,53.11766],[124.84812,53.11368],[124.80135,53.15515],[124.72017,53.14882],[124.67867,53.19934],[124.52819,53.21034],[124.4082,53.23569],[124.34252,53.27249],[124.29343,53.35129],[124.23271,53.38165],[124.12181,53.35269],[124.01737,53.40703],[123.97055,53.45519],[123.8502,53.49498],[123.73217,53.50376],[123.63956,53.55125],[123.49477,53.56009],[123.48552,53.52598],[123.25256,53.56779],[123.1536,53.51312],[123.00255,53.50733],[122.85966,53.47395],[122.47121,53.46475],[122.4016,53.45095],[122.33783,53.49131],[122.1687,53.46914],[122.08162,53.4295],[121.88897,53.43059],[121.64103,53.38491],[121.51215,53.32982],[121.35764,53.32406],[121.20349,53.27675],[121.05486,53.29],[120.87425,53.28016],[120.82387,53.23523],[120.71406,53.18505],[120.6522,53.12283],[120.4503,53.00834],[120.28018,52.86592],[120.03296,52.76066],[120.05291,52.69301],[120.0326,52.65888],[120.05642,52.60051],[120.17595,52.58374],[120.26111,52.61105],[120.36762,52.61725],[120.42994,52.63609],[120.60874,52.574],[120.72398,52.54217],[120.69039,52.43913],[120.62616,52.34681],[120.65494,52.29911],[120.75809,52.23741],[120.77917,52.1176],[120.70563,52.06104],[120.70579,51.97995],[120.6476,51.91102],[120.56631,51.90533],[120.49314,51.87572],[120.46482,51.8402],[120.40834,51.82609],[120.3193,51.77604],[120.15378,51.66398],[120.1082,51.66519],[120.05673,51.59639],[120.05291,51.5522],[119.9772,51.48701],[119.98273,51.44216],[119.94305,51.39082],[119.8953,51.38397],[119.91566,51.33074],[119.81964,51.27473],[119.75815,51.19902],[119.78543,51.17166],[119.74828,51.08339],[119.68322,51.01606],[119.60425,50.97818],[119.51795,50.9048],[119.49749,50.83592],[119.51485,50.79194],[119.49666,50.73706],[119.44282,50.68507],[119.29358,50.59924],[119.24366,50.4455],[119.14123,50.37662],[119.25079,50.34251],[119.3529,50.34551],[119.33156,50.21735],[119.3483,50.18459],[119.31621,50.09265],[119.20852,50.01514],[119.09168,49.98656],[118.89138,49.97933],[118.71294,49.94946],[118.64436,49.95457],[118.52127,49.89406],[118.47704,49.83598],[118.39373,49.82001],[118.37296,49.78632],[118.30516,49.76709],[118.16863,49.67149],[118.10641,49.6518],[118.01712,49.59579],[117.89382,49.54664],[117.87377,49.51321],[117.75884,49.51274],[117.47286,49.61429],[117.25293,49.62245],[117.05759,49.67289],[116.72231,49.80166],[116.68428,49.82326],[116.47292,49.51646],[116.24777,49.18147],[116.03781,48.87014],[116.04804,48.79976],[116.02819,48.76746],[115.8004,48.53037],[115.78655,48.47301],[115.80929,48.27395],[115.77085,48.22409],[115.53644,48.14916],[115.51453,48.1221],[115.56187,47.9332],[115.5999,47.88741],[115.8527,47.70556],[115.91451,47.68391],[115.9729,47.70905],[116.08431,47.80693],[116.18157,47.84959],[116.24389,47.86289],[116.42889,47.83514],[116.49969,47.83636],[116.75166,47.87413],[116.85326,47.87212],[117.06968,47.81016],[117.31711,47.65407],[117.36083,47.65087],[117.43648,47.7305],[117.52722,47.78649],[117.74168,47.97759],[117.81516,48.00482],[117.97278,47.9979],[118.06404,48.01958],[118.18248,48.02821],[118.28005,47.99813],[118.4728,47.98945],[118.54225,47.96625],[118.60525,47.91467],[118.7133,47.79362],[118.76741,47.75616],[119.08346,47.66156],[119.11653,47.55604],[119.15756,47.51767],[119.31011,47.4761],[119.2819,47.41486],[119.32065,47.40703],[119.47599,47.30921],[119.52509,47.25081],[119.58736,47.23836],[119.69996,47.15953],[119.75396,47.09444],[119.77014,46.993],[119.83168,46.94215],[119.90289,46.84241],[119.8831,46.75301],[119.90418,46.70893],[119.83442,46.65095],[119.78223,46.65563],[119.75443,46.62439],[119.68012,46.59163],[119.62348,46.61633],[119.45295,46.62749],[119.31693,46.61168],[119.06238,46.66095],[119.01406,46.6833],[118.96724,46.74046],[118.89055,46.71353],[118.86745,46.75834],[118.81624,46.75818],[118.75382,46.69116],[118.72007,46.67674],[118.60938,46.70578],[118.55197,46.68576],[118.43518,46.69116],[118.33555,46.72216],[118.23829,46.71539],[118.15551,46.67457],[118.08388,46.66826],[118.00554,46.62697],[117.87831,46.59638],[117.79759,46.52026],[117.69621,46.51225],[117.6252,46.53566],[117.582,46.59199],[117.3938,46.57137],[117.40547,46.51081],[117.35752,46.44841],[117.35307,46.3795],[117.30171,46.35014],[116.95785,46.36642],[116.80458,46.38291],[116.722,46.3287],[116.60356,46.30932],[116.56832,46.29087],[116.52511,46.22679],[116.35717,46.10556],[116.2132,45.90816],[116.2071,45.88087],[116.25164,45.80325],[116.16989,45.7091],[116.09486,45.67654],[116.01197,45.67856],[115.76733,45.53014],[115.6924,45.46896],[115.63783,45.44436],[115.47298,45.41278],[115.33728,45.3947],[115.12634,45.39444],[114.93885,45.37377],[114.73732,45.42503],[114.66931,45.42281],[114.53371,45.3855],[114.47304,45.2592],[114.41889,45.20148],[114.21177,45.06216],[114.1636,45.04015],[114.05529,44.94057],[113.88931,44.90827],[113.83763,44.86791],[113.73562,44.81592],[113.63506,44.74626],[113.53243,44.74528],[113.47321,44.77071],[113.10486,44.79437],[112.7485,44.86527],[112.61424,44.90884],[112.52391,44.99328],[112.44104,45.05239],[112.37963,45.07074],[112.10744,45.0674],[112.0112,45.08748],[111.84333,45.03953],[111.73853,44.9663],[111.72615,44.94823],[111.72626,44.94365],[111.40636,44.41646],[111.51943,44.18857]]]]}}]}